datetime,open,high,low,close,volume,date
2023-09-11 16:25:00,43.155,43.155,43.135,43.135,892,2023-09-11
2023-09-11 16:30:00,43.215,43.215,43.07,43.085,101842,2023-09-11
2023-09-11 16:35:00,43.1,43.1375,43.07,43.075,27150,2023-09-11
2023-09-11 16:40:00,43.08,43.085,43,43.005,33374,2023-09-11
2023-09-11 16:45:00,43.005,43.005,42.93,42.955,27876,2023-09-11
2023-09-11 16:50:00,42.955,42.955,42.8725,42.91,41678,2023-09-11
2023-09-11 16:55:00,42.9125,42.95,42.83,42.86,17564,2023-09-11
2023-09-11 17:00:00,42.86,42.8625,42.78,42.78,26804,2023-09-11
2023-09-11 17:05:00,42.775,42.775,42.725,42.75,34254,2023-09-11
2023-09-11 17:10:00,42.755,42.81,42.725,42.73,26588,2023-09-11
2023-09-11 17:15:00,42.725,42.76,42.715,42.7225,17982,2023-09-11
2023-09-11 17:20:00,42.715,42.75,42.715,42.7425,21016,2023-09-11
2023-09-11 17:25:00,42.76,42.78,42.75,42.775,18382,2023-09-11
2023-09-11 17:30:00,42.765,42.775,42.715,42.74,39606,2023-09-11
2023-09-11 17:35:00,42.74,42.765,42.7,42.705,24886,2023-09-11
2023-09-11 17:40:00,42.71,42.7425,42.7,42.725,16570,2023-09-11
2023-09-11 17:45:00,42.72,42.73,42.7,42.7,14586,2023-09-11
2023-09-11 17:50:00,42.71,42.73,42.68,42.68,21184,2023-09-11
2023-09-11 17:55:00,42.675,42.75,42.67,42.6975,87850,2023-09-11
2023-09-11 18:00:00,42.68,42.68,42.6,42.64,33242,2023-09-11
2023-09-11 18:05:00,42.625,42.67,42.625,42.64,13644,2023-09-11
2023-09-11 18:10:00,42.6275,42.665,42.6275,42.665,11306,2023-09-11
2023-09-11 18:15:00,42.655,42.67,42.64,42.64,17052,2023-09-11
2023-09-11 18:20:00,42.635,42.65,42.615,42.645,30958,2023-09-11
2023-09-11 18:25:00,42.635,42.69,42.635,42.67,21474,2023-09-11
2023-09-11 18:30:00,42.66,42.675,42.645,42.6475,21186,2023-09-11
2023-09-11 18:35:00,42.65,42.66,42.63,42.645,20690,2023-09-11
2023-09-11 18:40:00,42.645,42.66,42.6075,42.6225,24980,2023-09-11
2023-09-11 18:45:00,42.625,42.705,42.625,42.705,22106,2023-09-11
2023-09-11 18:50:00,42.7225,42.745,42.71,42.745,9690,2023-09-11
2023-09-11 18:55:00,42.76,42.76,42.735,42.735,11030,2023-09-11
2023-09-11 19:00:00,42.725,42.76,42.725,42.73,8638,2023-09-11
2023-09-11 19:05:00,42.725,42.78,42.72,42.775,16586,2023-09-11
2023-09-11 19:10:00,42.775,42.79,42.76,42.785,10872,2023-09-11
2023-09-11 19:15:00,42.78,42.8,42.77,42.7725,10722,2023-09-11
2023-09-11 19:20:00,42.77,42.805,42.765,42.7725,18812,2023-09-11
2023-09-11 19:25:00,42.775,42.825,42.775,42.8225,16026,2023-09-11
2023-09-11 19:30:00,42.8225,42.8225,42.8,42.805,10862,2023-09-11
2023-09-11 19:35:00,42.81,42.815,42.795,42.8,8814,2023-09-11
2023-09-11 19:40:00,42.8075,42.875,42.8,42.855,22224,2023-09-11
2023-09-11 19:45:00,42.86,42.8949,42.855,42.89,13294,2023-09-11
2023-09-11 19:50:00,42.885,42.895,42.855,42.885,9974,2023-09-11
2023-09-11 19:55:00,42.895,42.9135,42.875,42.91,35002,2023-09-11
2023-09-11 20:00:00,42.91,42.925,42.89,42.925,13508,2023-09-11
2023-09-11 20:05:00,42.93,42.945,42.92,42.9425,10904,2023-09-11
2023-09-11 20:10:00,42.945,42.945,42.89,42.895,17028,2023-09-11
2023-09-11 20:15:00,42.91,42.95,42.91,42.9439,11876,2023-09-11
2023-09-11 20:20:00,42.945,42.99,42.945,42.98,13084,2023-09-11
2023-09-11 20:25:00,42.98,42.9875,42.975,42.98,14938,2023-09-11
2023-09-11 20:30:00,42.985,43.025,42.985,43.0235,18310,2023-09-11
2023-09-11 20:35:00,43.03,43.0825,43.03,43.075,21650,2023-09-11
2023-09-11 20:40:00,43.0775,43.09,43.045,43.05,11930,2023-09-11
2023-09-11 20:45:00,43.035,43.04,43.015,43.025,10228,2023-09-11
2023-09-11 20:50:00,43.0205,43.03,43.02,43.025,9382,2023-09-11
2023-09-11 20:55:00,43.025,43.045,43.015,43.04,17214,2023-09-11
2023-09-11 21:00:00,43.04,43.04,43,43,22506,2023-09-11
2023-09-11 21:05:00,43,43.0425,42.995,43.0425,23472,2023-09-11
2023-09-11 21:10:00,43.0375,43.045,43.01,43.01,14944,2023-09-11
2023-09-11 21:15:00,43.01,43.025,43.005,43.025,12502,2023-09-11
2023-09-11 21:20:00,43.02,43.025,42.9925,43.025,42384,2023-09-11
2023-09-11 21:25:00,43.02,43.06,43.0025,43.0525,81658,2023-09-11
2023-09-11 21:30:00,43.0525,43.1,43.05,43.055,25146,2023-09-11
2023-09-11 21:35:00,43.055,43.085,43.05,43.085,19948,2023-09-11
2023-09-11 21:40:00,43.08,43.095,43.0775,43.09,25818,2023-09-11
2023-09-11 21:45:00,43.09,43.12,43.09,43.1,18552,2023-09-11
2023-09-11 21:50:00,43.1,43.115,43.09,43.11,19826,2023-09-11
2023-09-11 21:55:00,43.105,43.105,43.085,43.105,21098,2023-09-11
2023-09-11 22:00:00,43.105,43.12,43.105,43.11,24476,2023-09-11
2023-09-11 22:05:00,43.1175,43.175,43.1175,43.175,54522,2023-09-11
2023-09-11 22:10:00,43.175,43.21,43.16,43.21,96096,2023-09-11
2023-09-11 22:15:00,43.215,43.215,43.16,43.185,70510,2023-09-11
2023-09-11 22:20:00,43.185,43.2,43.1575,43.2,78752,2023-09-11
2023-09-11 22:25:00,43.195,43.21,43.18,43.1975,99314,2023-09-11
2023-09-11 22:30:00,43.195,43.22,43.1725,43.2,85568,2023-09-11
2023-09-11 22:35:00,43.195,43.215,43.185,43.205,64738,2023-09-11
2023-09-11 22:40:00,43.2,43.2075,43.17,43.175,62796,2023-09-11
2023-09-11 22:45:00,43.175,43.1775,43.12,43.12,92468,2023-09-11
2023-09-11 22:50:00,43.12,43.165,43.1,43.15,171132,2023-09-11
2023-09-11 22:55:00,43.1475,43.23,43.145,43.23,371690,2023-09-11
2023-09-11 23:00:00,43.225,43.225,43.225,43.225,310700,2023-09-11
2023-09-12 16:25:00,43.215,43.37,43.215,43.22,1680,2023-09-12
2023-09-12 16:30:00,43.105,43.29,43.075,43.265,85666,2023-09-12
2023-09-12 16:35:00,43.2975,43.41,43.2975,43.41,26982,2023-09-12
2023-09-12 16:40:00,43.405,43.415,43.295,43.345,46294,2023-09-12
2023-09-12 16:45:00,43.345,43.39,43.335,43.35,18246,2023-09-12
2023-09-12 16:50:00,43.365,43.39,43.341,43.37,19342,2023-09-12
2023-09-12 16:55:00,43.365,43.415,43.365,43.405,42150,2023-09-12
2023-09-12 17:00:00,43.41,43.495,43.405,43.49,35686,2023-09-12
2023-09-12 17:05:00,43.485,43.49,43.42,43.44,34986,2023-09-12
2023-09-12 17:10:00,43.4375,43.475,43.435,43.455,36176,2023-09-12
2023-09-12 17:15:00,43.46,43.46,43.405,43.415,28316,2023-09-12
2023-09-12 17:20:00,43.415,43.42,43.375,43.3805,22386,2023-09-12
2023-09-12 17:25:00,43.38,43.39,43.32,43.36,30346,2023-09-12
2023-09-12 17:30:00,43.35,43.35,43.305,43.315,25510,2023-09-12
2023-09-12 17:35:00,43.31,43.325,43.28,43.31,31140,2023-09-12
2023-09-12 17:40:00,43.31,43.36,43.305,43.35,73444,2023-09-12
2023-09-12 17:45:00,43.35,43.39,43.325,43.325,37630,2023-09-12
2023-09-12 17:50:00,43.325,43.325,43.28,43.28,15404,2023-09-12
2023-09-12 17:55:00,43.275,43.3,43.245,43.26,35524,2023-09-12
2023-09-12 18:00:00,43.26,43.3,43.26,43.3,28076,2023-09-12
2023-09-12 18:05:00,43.305,43.31,43.25,43.26,27426,2023-09-12
2023-09-12 18:10:00,43.265,43.265,43.235,43.255,19980,2023-09-12
2023-09-12 18:15:00,43.25,43.2575,43.24,43.2535,19976,2023-09-12
2023-09-12 18:20:00,43.255,43.2925,43.25,43.29,36350,2023-09-12
2023-09-12 18:25:00,43.29,43.335,43.2775,43.3325,37778,2023-09-12
2023-09-12 18:30:00,43.335,43.385,43.335,43.38,42776,2023-09-12
2023-09-12 18:35:00,43.38,43.3925,43.345,43.35,42528,2023-09-12
2023-09-12 18:40:00,43.355,43.3625,43.3375,43.355,28174,2023-09-12
2023-09-12 18:45:00,43.36,43.385,43.345,43.345,56704,2023-09-12
2023-09-12 18:50:00,43.345,43.355,43.3225,43.3425,17064,2023-09-12
2023-09-12 18:55:00,43.34,43.355,43.34,43.345,18872,2023-09-12
2023-09-12 19:00:00,43.345,43.37,43.3375,43.3675,27490,2023-09-12
2023-09-12 19:05:00,43.365,43.39,43.3575,43.385,20968,2023-09-12
2023-09-12 19:10:00,43.38,43.3925,43.375,43.375,27832,2023-09-12
2023-09-12 19:15:00,43.375,43.4,43.375,43.395,23766,2023-09-12
2023-09-12 19:20:00,43.3975,43.4025,43.385,43.385,32722,2023-09-12
2023-09-12 19:25:00,43.39,43.395,43.3625,43.375,35382,2023-09-12
2023-09-12 19:30:00,43.375,43.375,43.345,43.35,15968,2023-09-12
2023-09-12 19:35:00,43.3475,43.3675,43.3475,43.36,23308,2023-09-12
2023-09-12 19:40:00,43.36,43.395,43.36,43.385,23414,2023-09-12
2023-09-12 19:45:00,43.3825,43.4025,43.36,43.4,34732,2023-09-12
2023-09-12 19:50:00,43.4,43.4025,43.35,43.3575,16012,2023-09-12
2023-09-12 19:55:00,43.3575,43.3575,43.305,43.335,70230,2023-09-12
2023-09-12 20:00:00,43.3375,43.375,43.32,43.365,19630,2023-09-12
2023-09-12 20:05:00,43.365,43.368,43.34,43.34,25052,2023-09-12
2023-09-12 20:10:00,43.345,43.375,43.345,43.365,24070,2023-09-12
2023-09-12 20:15:00,43.365,43.375,43.36,43.37,15774,2023-09-12
2023-09-12 20:20:00,43.38,43.44,43.38,43.44,39966,2023-09-12
2023-09-12 20:25:00,43.435,43.445,43.415,43.435,16118,2023-09-12
2023-09-12 20:30:00,43.4425,43.455,43.43,43.4325,24090,2023-09-12
2023-09-12 20:35:00,43.4375,43.4575,43.405,43.415,33124,2023-09-12
2023-09-12 20:40:00,43.42,43.4225,43.38,43.395,37386,2023-09-12
2023-09-12 20:45:00,43.39,43.405,43.355,43.3752,40086,2023-09-12
2023-09-12 20:50:00,43.375,43.395,43.3625,43.39,68654,2023-09-12
2023-09-12 20:55:00,43.39,43.39,43.365,43.375,27478,2023-09-12
2023-09-12 21:00:00,43.37,43.3975,43.3575,43.37,30306,2023-09-12
2023-09-12 21:05:00,43.375,43.385,43.365,43.3725,18006,2023-09-12
2023-09-12 21:10:00,43.3675,43.4196,43.3675,43.41,32118,2023-09-12
2023-09-12 21:15:00,43.4075,43.43,43.385,43.405,46646,2023-09-12
2023-09-12 21:20:00,43.405,43.4087,43.37,43.375,21202,2023-09-12
2023-09-12 21:25:00,43.37,43.405,43.365,43.385,64186,2023-09-12
2023-09-12 21:30:00,43.395,43.395,43.35,43.35,27636,2023-09-12
2023-09-12 21:35:00,43.35,43.3525,43.32,43.3425,25076,2023-09-12
2023-09-12 21:40:00,43.345,43.3475,43.325,43.335,12356,2023-09-12
2023-09-12 21:45:00,43.33,43.345,43.305,43.31,30998,2023-09-12
2023-09-12 21:50:00,43.315,43.33,43.275,43.33,26272,2023-09-12
2023-09-12 21:55:00,43.33,43.385,43.325,43.38,44354,2023-09-12
2023-09-12 22:00:00,43.38,43.39,43.3382,43.345,31734,2023-09-12
2023-09-12 22:05:00,43.345,43.37,43.34,43.34,24924,2023-09-12
2023-09-12 22:10:00,43.335,43.35,43.335,43.35,29844,2023-09-12
2023-09-12 22:15:00,43.36,43.3613,43.305,43.325,32072,2023-09-12
2023-09-12 22:20:00,43.33,43.3575,43.3125,43.315,43816,2023-09-12
2023-09-12 22:25:00,43.3125,43.3375,43.31,43.33,38962,2023-09-12
2023-09-12 22:30:00,43.33,43.3425,43.3175,43.32,35326,2023-09-12
2023-09-12 22:35:00,43.315,43.3525,43.315,43.345,49236,2023-09-12
2023-09-12 22:40:00,43.35,43.3625,43.3375,43.34,49792,2023-09-12
2023-09-12 22:45:00,43.3425,43.355,43.3,43.3275,87214,2023-09-12
2023-09-12 22:50:00,43.33,43.3575,43.31,43.3575,182544,2023-09-12
2023-09-12 22:55:00,43.355,43.38,43.28,43.31,658144,2023-09-12
2023-09-12 23:00:00,43.3,43.3,43.3,43.3,19488,2023-09-12
2023-09-13 16:30:00,43.255,43.32,43.18,43.265,63874,2023-09-13
2023-09-13 16:35:00,43.27,43.28,43.175,43.28,24264,2023-09-13
2023-09-13 16:40:00,43.275,43.295,43.2025,43.215,22204,2023-09-13
2023-09-13 16:45:00,43.225,43.265,43.21,43.26,18256,2023-09-13
2023-09-13 16:50:00,43.26,43.28,43.23,43.25,20132,2023-09-13
2023-09-13 16:55:00,43.245,43.285,43.245,43.28,17494,2023-09-13
2023-09-13 17:00:00,43.275,43.275,43.15,43.15,34262,2023-09-13
2023-09-13 17:05:00,43.145,43.145,43.095,43.1109,22900,2023-09-13
2023-09-13 17:10:00,43.115,43.145,43.1,43.11,23770,2023-09-13
2023-09-13 17:15:00,43.12,43.12,43.09,43.095,32770,2023-09-13
2023-09-13 17:20:00,43.105,43.155,43.0919,43.14,26068,2023-09-13
2023-09-13 17:25:00,43.145,43.175,43.135,43.17,20858,2023-09-13
2023-09-13 17:30:00,43.16,43.195,43.13,43.135,21138,2023-09-13
2023-09-13 17:35:00,43.145,43.165,43.12,43.14,26970,2023-09-13
2023-09-13 17:40:00,43.145,43.17,43.1125,43.125,32822,2023-09-13
2023-09-13 17:45:00,43.135,43.175,43.135,43.15,26920,2023-09-13
2023-09-13 17:50:00,43.15,43.215,43.145,43.205,39100,2023-09-13
2023-09-13 17:55:00,43.21,43.225,43.185,43.2,22130,2023-09-13
2023-09-13 18:00:00,43.215,43.235,43.1825,43.23,29054,2023-09-13
2023-09-13 18:05:00,43.24,43.25,43.22,43.245,23190,2023-09-13
2023-09-13 18:10:00,43.245,43.275,43.24,43.26,19586,2023-09-13
2023-09-13 18:15:00,43.28,43.305,43.27,43.29,25294,2023-09-13
2023-09-13 18:20:00,43.2775,43.32,43.275,43.32,12990,2023-09-13
2023-09-13 18:25:00,43.32,43.37,43.315,43.3425,28972,2023-09-13
2023-09-13 18:30:00,43.34,43.34,43.265,43.305,39940,2023-09-13
2023-09-13 18:35:00,43.305,43.315,43.2975,43.2975,33318,2023-09-13
2023-09-13 18:40:00,43.295,43.305,43.265,43.3,63550,2023-09-13
2023-09-13 18:45:00,43.295,43.33,43.28,43.32,21052,2023-09-13
2023-09-13 18:50:00,43.3,43.3125,43.275,43.295,15142,2023-09-13
2023-09-13 18:55:00,43.295,43.335,43.2775,43.33,16354,2023-09-13
2023-09-13 19:00:00,43.335,43.355,43.3175,43.35,25924,2023-09-13
2023-09-13 19:05:00,43.35,43.4,43.345,43.3775,38398,2023-09-13
2023-09-13 19:10:00,43.3775,43.3775,43.3,43.305,43580,2023-09-13
2023-09-13 19:15:00,43.28,43.33,43.28,43.325,22036,2023-09-13
2023-09-13 19:20:00,43.3225,43.38,43.32,43.375,31176,2023-09-13
2023-09-13 19:25:00,43.37,43.39,43.365,43.365,16344,2023-09-13
2023-09-13 19:30:00,43.375,43.395,43.355,43.375,29724,2023-09-13
2023-09-13 19:35:00,43.365,43.45,43.335,43.4325,45746,2023-09-13
2023-09-13 19:40:00,43.43,43.4375,43.4,43.405,15462,2023-09-13
2023-09-13 19:45:00,43.3925,43.43,43.385,43.43,20814,2023-09-13
2023-09-13 19:50:00,43.4175,43.42,43.385,43.41,18288,2023-09-13
2023-09-13 19:55:00,43.4125,43.4275,43.3775,43.4,16330,2023-09-13
2023-09-13 20:00:00,43.4,43.4,43.325,43.325,12452,2023-09-13
2023-09-13 20:05:00,43.325,43.325,43.2825,43.285,13044,2023-09-13
2023-09-13 20:10:00,43.2925,43.308,43.2725,43.284,17376,2023-09-13
2023-09-13 20:15:00,43.285,43.305,43.27,43.27,10802,2023-09-13
2023-09-13 20:20:00,43.275,43.3025,43.275,43.295,13064,2023-09-13
2023-09-13 20:25:00,43.2967,43.2967,43.2625,43.28,9264,2023-09-13
2023-09-13 20:30:00,43.2775,43.32,43.265,43.32,26634,2023-09-13
2023-09-13 20:35:00,43.325,43.325,43.275,43.28,13198,2023-09-13
2023-09-13 20:40:00,43.2825,43.295,43.27,43.285,15994,2023-09-13
2023-09-13 20:45:00,43.295,43.3,43.275,43.275,12510,2023-09-13
2023-09-13 20:50:00,43.26,43.29,43.255,43.2825,17018,2023-09-13
2023-09-13 20:55:00,43.27,43.28,43.26,43.26,16428,2023-09-13
2023-09-13 21:00:00,43.27,43.285,43.22,43.225,16920,2023-09-13
2023-09-13 21:05:00,43.1975,43.21,43.19,43.21,18602,2023-09-13
2023-09-13 21:10:00,43.205,43.23,43.145,43.145,27112,2023-09-13
2023-09-13 21:15:00,43.16,43.185,43.125,43.185,28798,2023-09-13
2023-09-13 21:20:00,43.185,43.1925,43.16,43.165,25384,2023-09-13
2023-09-13 21:25:00,43.16,43.165,43.15,43.16,20780,2023-09-13
2023-09-13 21:30:00,43.165,43.17,43.125,43.13,19860,2023-09-13
2023-09-13 21:35:00,43.13,43.16,43.125,43.1425,14420,2023-09-13
2023-09-13 21:40:00,43.14,43.155,43.12,43.12,17158,2023-09-13
2023-09-13 21:45:00,43.115,43.1482,43.0905,43.0905,18826,2023-09-13
2023-09-13 21:50:00,43.09,43.105,43.05,43.05,14572,2023-09-13
2023-09-13 21:55:00,43.025,43.095,42.995,43.08,32252,2023-09-13
2023-09-13 22:00:00,43.08,43.1025,43.07,43.075,28608,2023-09-13
2023-09-13 22:05:00,43.065,43.085,43.04,43.05,23672,2023-09-13
2023-09-13 22:10:00,43.045,43.075,43.0448,43.0448,23480,2023-09-13
2023-09-13 22:15:00,43.04,43.08,43.04,43.08,18578,2023-09-13
2023-09-13 22:20:00,43.08,43.095,43.07,43.08,31888,2023-09-13
2023-09-13 22:25:00,43.085,43.1125,43.085,43.1125,26628,2023-09-13
2023-09-13 22:30:00,43.12,43.1825,43.115,43.1715,51446,2023-09-13
2023-09-13 22:35:00,43.175,43.215,43.175,43.2,39862,2023-09-13
2023-09-13 22:40:00,43.2,43.255,43.2,43.24,43244,2023-09-13
2023-09-13 22:45:00,43.24,43.26,43.23,43.24,62408,2023-09-13
2023-09-13 22:50:00,43.235,43.275,43.21,43.265,153068,2023-09-13
2023-09-13 22:55:00,43.265,43.3,43.245,43.25,289372,2023-09-13
2023-09-13 23:00:00,43.255,43.255,43.255,43.255,22628,2023-09-13
2023-09-14 16:30:00,43.45,43.45,43.2025,43.39,86672,2023-09-14
2023-09-14 16:35:00,43.395,43.48,43.305,43.305,42080,2023-09-14
2023-09-14 16:40:00,43.3075,43.355,43.2375,43.2375,27690,2023-09-14
2023-09-14 16:45:00,43.245,43.25,43.085,43.12,21052,2023-09-14
2023-09-14 16:50:00,43.125,43.1475,43.075,43.115,20592,2023-09-14
2023-09-14 16:55:00,43.095,43.165,43.0675,43.1365,31838,2023-09-14
2023-09-14 17:00:00,43.15,43.18,43.05,43.155,85608,2023-09-14
2023-09-14 17:05:00,43.1525,43.165,43.0875,43.1,42726,2023-09-14
2023-09-14 17:10:00,43.105,43.115,43.06,43.065,18836,2023-09-14
2023-09-14 17:15:00,43.055,43.095,43.0525,43.09,22222,2023-09-14
2023-09-14 17:20:00,43.08,43.1443,43.075,43.14,23172,2023-09-14
2023-09-14 17:25:00,43.125,43.145,43.085,43.145,29158,2023-09-14
2023-09-14 17:30:00,43.145,43.25,43.135,43.25,30334,2023-09-14
2023-09-14 17:35:00,43.25,43.26,43.21,43.235,57732,2023-09-14
2023-09-14 17:40:00,43.23,43.28,43.2275,43.27,33152,2023-09-14
2023-09-14 17:45:00,43.29,43.33,43.2875,43.3025,18322,2023-09-14
2023-09-14 17:50:00,43.305,43.33,43.295,43.295,22938,2023-09-14
2023-09-14 17:55:00,43.3,43.345,43.3,43.33,22468,2023-09-14
2023-09-14 18:00:00,43.335,43.365,43.335,43.35,25144,2023-09-14
2023-09-14 18:05:00,43.355,43.36,43.325,43.325,21704,2023-09-14
2023-09-14 18:10:00,43.335,43.34,43.2905,43.295,25200,2023-09-14
2023-09-14 18:15:00,43.2925,43.3,43.25,43.275,25548,2023-09-14
2023-09-14 18:20:00,43.2825,43.2825,43.26,43.27,18362,2023-09-14
2023-09-14 18:25:00,43.26,43.2625,43.21,43.215,21374,2023-09-14
2023-09-14 18:30:00,43.22,43.2525,43.165,43.165,26748,2023-09-14
2023-09-14 18:35:00,43.16,43.165,43.085,43.09,35828,2023-09-14
2023-09-14 18:40:00,43.0925,43.12,43.08,43.115,30692,2023-09-14
2023-09-14 18:45:00,43.115,43.13,43.07,43.11,46312,2023-09-14
2023-09-14 18:50:00,43.11,43.15,43.11,43.12,31484,2023-09-14
2023-09-14 18:55:00,43.12,43.125,43.0975,43.11,21892,2023-09-14
2023-09-14 19:00:00,43.11,43.125,43.0975,43.12,23582,2023-09-14
2023-09-14 19:05:00,43.1125,43.1625,43.105,43.1575,30466,2023-09-14
2023-09-14 19:10:00,43.16,43.165,43.14,43.165,22224,2023-09-14
2023-09-14 19:15:00,43.16,43.205,43.16,43.19,25082,2023-09-14
2023-09-14 19:20:00,43.19,43.2,43.1725,43.1775,40534,2023-09-14
2023-09-14 19:25:00,43.1775,43.22,43.1775,43.2175,21928,2023-09-14
2023-09-14 19:30:00,43.22,43.25,43.205,43.25,23310,2023-09-14
2023-09-14 19:35:00,43.255,43.255,43.235,43.245,25646,2023-09-14
2023-09-14 19:40:00,43.255,43.28,43.24,43.28,19938,2023-09-14
2023-09-14 19:45:00,43.28,43.3175,43.2725,43.31,22938,2023-09-14
2023-09-14 19:50:00,43.31,43.335,43.2975,43.325,20666,2023-09-14
2023-09-14 19:55:00,43.3253,43.355,43.3225,43.3425,30026,2023-09-14
2023-09-14 20:00:00,43.3375,43.355,43.335,43.3475,21384,2023-09-14
2023-09-14 20:05:00,43.35,43.35,43.32,43.3375,26690,2023-09-14
2023-09-14 20:10:00,43.34,43.3545,43.3275,43.35,24016,2023-09-14
2023-09-14 20:15:00,43.35,43.35,43.33,43.3325,12900,2023-09-14
2023-09-14 20:20:00,43.33,43.3375,43.295,43.295,14224,2023-09-14
2023-09-14 20:25:00,43.2975,43.31,43.29,43.3075,23508,2023-09-14
2023-09-14 20:30:00,43.31,43.35,43.31,43.35,22376,2023-09-14
2023-09-14 20:35:00,43.355,43.3675,43.315,43.335,17120,2023-09-14
2023-09-14 20:40:00,43.3325,43.34,43.3075,43.31,19338,2023-09-14
2023-09-14 20:45:00,43.3125,43.32,43.275,43.275,14060,2023-09-14
2023-09-14 20:50:00,43.275,43.32,43.275,43.3095,19388,2023-09-14
2023-09-14 20:55:00,43.3075,43.3075,43.29,43.295,16538,2023-09-14
2023-09-14 21:00:00,43.3,43.315,43.2768,43.2836,14012,2023-09-14
2023-09-14 21:05:00,43.2761,43.285,43.2525,43.2675,39492,2023-09-14
2023-09-14 21:10:00,43.27,43.2825,43.245,43.2586,22878,2023-09-14
2023-09-14 21:15:00,43.26,43.305,43.255,43.285,29836,2023-09-14
2023-09-14 21:20:00,43.285,43.3175,43.285,43.305,21556,2023-09-14
2023-09-14 21:25:00,43.31,43.33,43.28,43.295,28604,2023-09-14
2023-09-14 21:30:00,43.29,43.3054,43.2825,43.305,16578,2023-09-14
2023-09-14 21:35:00,43.305,43.325,43.285,43.285,20670,2023-09-14
2023-09-14 21:40:00,43.2896,43.305,43.275,43.29,19360,2023-09-14
2023-09-14 21:45:00,43.29,43.33,43.28,43.33,28846,2023-09-14
2023-09-14 21:50:00,43.3325,43.335,43.3075,43.315,20036,2023-09-14
2023-09-14 21:55:00,43.305,43.31,43.2825,43.2875,20314,2023-09-14
2023-09-14 22:00:00,43.2875,43.31,43.2788,43.31,25722,2023-09-14
2023-09-14 22:05:00,43.315,43.345,43.3025,43.34,33636,2023-09-14
2023-09-14 22:10:00,43.34,43.36,43.3225,43.325,30598,2023-09-14
2023-09-14 22:15:00,43.315,43.325,43.31,43.32,23932,2023-09-14
2023-09-14 22:20:00,43.3175,43.3175,43.28,43.28,37402,2023-09-14
2023-09-14 22:25:00,43.28,43.285,43.26,43.265,27264,2023-09-14
2023-09-14 22:30:00,43.265,43.275,43.2351,43.25,43426,2023-09-14
2023-09-14 22:35:00,43.25,43.27,43.245,43.26,35440,2023-09-14
2023-09-14 22:40:00,43.2575,43.275,43.2425,43.255,59414,2023-09-14
2023-09-14 22:45:00,43.2536,43.2625,43.235,43.26,79702,2023-09-14
2023-09-14 22:50:00,43.265,43.285,43.2375,43.2375,147484,2023-09-14
2023-09-14 22:55:00,43.24,43.255,43.215,43.245,353418,2023-09-14
2023-09-14 23:00:00,43.255,43.255,43.255,43.255,11890,2023-09-14
2023-09-14 23:05:00,43.255,43.255,43.255,43.255,1580,2023-09-14
2023-09-15 16:30:00,43.1,43.2525,43.045,43.1425,662240,2023-09-15
2023-09-15 16:35:00,43.1475,43.1475,42.9975,42.9975,14698,2023-09-15
2023-09-15 16:40:00,42.995,43.14,42.9525,43.14,20606,2023-09-15
2023-09-15 16:45:00,43.145,43.29,43.14,43.28,30912,2023-09-15
2023-09-15 16:50:00,43.29,43.3425,43.265,43.3425,29234,2023-09-15
2023-09-15 16:55:00,43.3475,43.3775,43.3157,43.3216,49488,2023-09-15
2023-09-15 17:00:00,43.3525,43.3525,43.285,43.295,22942,2023-09-15
2023-09-15 17:05:00,43.32,43.33,43.23,43.235,19048,2023-09-15
2023-09-15 17:10:00,43.23,43.27,43.2,43.215,75064,2023-09-15
2023-09-15 17:15:00,43.2124,43.25,43.2,43.245,21232,2023-09-15
2023-09-15 17:20:00,43.23,43.25,43.2125,43.22,28062,2023-09-15
2023-09-15 17:25:00,43.2,43.215,43.185,43.195,15310,2023-09-15
2023-09-15 17:30:00,43.19,43.19,43.135,43.17,31288,2023-09-15
2023-09-15 17:35:00,43.165,43.165,43.135,43.135,16176,2023-09-15
2023-09-15 17:40:00,43.15,43.1675,43.05,43.055,28646,2023-09-15
2023-09-15 17:45:00,43.06,43.125,43.06,43.125,42400,2023-09-15
2023-09-15 17:50:00,43.115,43.1175,43.065,43.075,13526,2023-09-15
2023-09-15 17:55:00,43.065,43.075,43.03,43.0375,21544,2023-09-15
2023-09-15 18:00:00,43.0375,43.0475,42.93,42.93,29624,2023-09-15
2023-09-15 18:05:00,42.93,42.97,42.9275,42.97,16214,2023-09-15
2023-09-15 18:10:00,42.975,42.99,42.925,42.925,27194,2023-09-15
2023-09-15 18:15:00,42.92,42.95,42.91,42.925,20168,2023-09-15
2023-09-15 18:20:00,42.9275,42.935,42.89,42.935,15290,2023-09-15
2023-09-15 18:25:00,42.935,42.94,42.8885,42.935,20254,2023-09-15
2023-09-15 18:30:00,42.94,42.95,42.925,42.94,24406,2023-09-15
2023-09-15 18:35:00,42.9375,42.955,42.925,42.94,16372,2023-09-15
2023-09-15 18:40:00,42.94,42.9525,42.915,42.915,13618,2023-09-15
2023-09-15 18:45:00,42.91,42.94,42.8701,42.94,14410,2023-09-15
2023-09-15 18:50:00,42.94,42.94,42.905,42.915,21898,2023-09-15
2023-09-15 18:55:00,42.915,42.92,42.89,42.9,25472,2023-09-15
2023-09-15 19:00:00,42.8992,42.915,42.87,42.89,17336,2023-09-15
2023-09-15 19:05:00,42.89,42.8925,42.8725,42.885,14646,2023-09-15
2023-09-15 19:10:00,42.89,42.895,42.8532,42.87,18278,2023-09-15
2023-09-15 19:15:00,42.87,42.905,42.865,42.905,10956,2023-09-15
2023-09-15 19:20:00,42.9143,42.9275,42.8983,42.92,14330,2023-09-15
2023-09-15 19:25:00,42.92,42.92,42.89,42.895,13560,2023-09-15
2023-09-15 19:30:00,42.89,42.91,42.87,42.87,20376,2023-09-15
2023-09-15 19:35:00,42.875,42.89,42.865,42.885,8156,2023-09-15
2023-09-15 19:40:00,42.885,42.885,42.862,42.875,15232,2023-09-15
2023-09-15 19:45:00,42.865,42.875,42.85,42.85,16168,2023-09-15
2023-09-15 19:50:00,42.86,42.87,42.85,42.865,8782,2023-09-15
2023-09-15 19:55:00,42.86,42.86,42.83,42.86,14036,2023-09-15
2023-09-15 20:00:00,42.855,42.855,42.785,42.8,10450,2023-09-15
2023-09-15 20:05:00,42.795,42.795,42.7537,42.755,9050,2023-09-15
2023-09-15 20:10:00,42.755,42.755,42.715,42.745,16560,2023-09-15
2023-09-15 20:15:00,42.755,42.755,42.725,42.725,11706,2023-09-15
2023-09-15 20:20:00,42.72,42.72,42.695,42.705,17936,2023-09-15
2023-09-15 20:25:00,42.705,42.715,42.68,42.69,9272,2023-09-15
2023-09-15 20:30:00,42.685,42.705,42.655,42.705,23056,2023-09-15
2023-09-15 20:35:00,42.7,42.775,42.69,42.775,19942,2023-09-15
2023-09-15 20:40:00,42.78,42.79,42.745,42.79,33168,2023-09-15
2023-09-15 20:45:00,42.785,42.825,42.785,42.825,26732,2023-09-15
2023-09-15 20:50:00,42.825,42.84,42.815,42.82,23038,2023-09-15
2023-09-15 20:55:00,42.8125,42.825,42.76,42.785,34698,2023-09-15
2023-09-15 21:00:00,42.78,42.78,42.725,42.76,21016,2023-09-15
2023-09-15 21:05:00,42.75,42.7574,42.715,42.72,23296,2023-09-15
2023-09-15 21:10:00,42.715,42.745,42.705,42.705,22890,2023-09-15
2023-09-15 21:15:00,42.695,42.7275,42.695,42.705,22192,2023-09-15
2023-09-15 21:20:00,42.705,42.72,42.68,42.68,15692,2023-09-15
2023-09-15 21:25:00,42.6775,42.685,42.675,42.68,16228,2023-09-15
2023-09-15 21:30:00,42.685,42.685,42.6525,42.67,21612,2023-09-15
2023-09-15 21:35:00,42.67,42.71,42.6625,42.69,53040,2023-09-15
2023-09-15 21:40:00,42.7,42.7,42.67,42.68,18390,2023-09-15
2023-09-15 21:45:00,42.6725,42.75,42.6725,42.75,30720,2023-09-15
2023-09-15 21:50:00,42.75,42.75,42.7,42.715,22436,2023-09-15
2023-09-15 21:55:00,42.72,42.75,42.715,42.74,22732,2023-09-15
2023-09-15 22:00:00,42.74,42.75,42.695,42.7,29290,2023-09-15
2023-09-15 22:05:00,42.7,42.7225,42.685,42.715,29926,2023-09-15
2023-09-15 22:10:00,42.73,42.75,42.72,42.75,31822,2023-09-15
2023-09-15 22:15:00,42.745,42.7575,42.74,42.75,35834,2023-09-15
2023-09-15 22:20:00,42.745,42.745,42.7225,42.7225,44048,2023-09-15
2023-09-15 22:25:00,42.725,42.745,42.71,42.7397,41446,2023-09-15
2023-09-15 22:30:00,42.74,42.7875,42.74,42.7675,358112,2023-09-15
2023-09-15 22:35:00,42.775,42.85,42.77,42.805,71872,2023-09-15
2023-09-15 22:40:00,42.8075,42.835,42.7875,42.79,70638,2023-09-15
2023-09-15 22:45:00,42.785,42.845,42.765,42.8375,106462,2023-09-15
2023-09-15 22:50:00,42.835,42.8725,42.82,42.855,196654,2023-09-15
2023-09-15 22:55:00,42.85,42.885,42.78,42.85,354430,2023-09-15
2023-09-15 23:00:00,42.86,42.86,42.86,42.86,146030,2023-09-15
2023-09-15 23:30:00,42.86,42.86,42.86,42.86,5338,2023-09-15
2023-09-15 23:35:00,42.86,42.86,42.86,42.86,750,2023-09-15
2023-09-15 23:40:00,42.86,42.86,42.86,42.86,240,2023-09-15
2023-09-16 00:05:00,42.86,42.86,42.86,42.86,1376,2023-09-15
2023-09-16 00:40:00,42.825,42.825,42.825,42.825,400,2023-09-15
2023-09-16 01:05:00,42.86,42.86,42.86,42.86,3800,2023-09-15
2023-09-18 16:30:00,42.725,42.945,42.675,42.935,66116,2023-09-18
2023-09-18 16:35:00,42.935,43.115,42.905,43.115,37602,2023-09-18
2023-09-18 16:40:00,43.1025,43.14,42.9475,43.0385,27144,2023-09-18
2023-09-18 16:45:00,43.05,43.095,43.0325,43.085,10904,2023-09-18
2023-09-18 16:50:00,43.085,43.14,43.07,43.13,34380,2023-09-18
2023-09-18 16:55:00,43.115,43.16,43.08,43.155,42920,2023-09-18
2023-09-18 17:00:00,43.165,43.23,43.14,43.1423,28488,2023-09-18
2023-09-18 17:05:00,43.135,43.1382,43.0677,43.09,30670,2023-09-18
2023-09-18 17:10:00,43.1119,43.13,43.095,43.11,15606,2023-09-18
2023-09-18 17:15:00,43.115,43.165,43.115,43.15,16650,2023-09-18
2023-09-18 17:20:00,43.15,43.1675,43.15,43.155,16934,2023-09-18
2023-09-18 17:25:00,43.17,43.185,43.14,43.145,18484,2023-09-18
2023-09-18 17:30:00,43.1425,43.2,43.135,43.175,26036,2023-09-18
2023-09-18 17:35:00,43.18,43.195,43.12,43.1475,42206,2023-09-18
2023-09-18 17:40:00,43.1415,43.1596,43.105,43.145,14720,2023-09-18
2023-09-18 17:45:00,43.1525,43.1705,43.135,43.135,53740,2023-09-18
2023-09-18 17:50:00,43.13,43.135,43.085,43.125,31922,2023-09-18
2023-09-18 17:55:00,43.12,43.1675,43.12,43.1675,24828,2023-09-18
2023-09-18 18:00:00,43.1675,43.22,43.165,43.175,43138,2023-09-18
2023-09-18 18:05:00,43.17,43.175,43.13,43.135,16762,2023-09-18
2023-09-18 18:10:00,43.145,43.1625,43.13,43.1525,25496,2023-09-18
2023-09-18 18:15:00,43.15,43.19,43.15,43.18,16846,2023-09-18
2023-09-18 18:20:00,43.18,43.21,43.1675,43.18,37398,2023-09-18
2023-09-18 18:25:00,43.185,43.195,43.17,43.18,16592,2023-09-18
2023-09-18 18:30:00,43.185,43.235,43.185,43.2325,33852,2023-09-18
2023-09-18 18:35:00,43.24,43.24,43.205,43.225,23200,2023-09-18
2023-09-18 18:40:00,43.235,43.27,43.23,43.26,23272,2023-09-18
2023-09-18 18:45:00,43.27,43.2775,43.2475,43.255,19570,2023-09-18
2023-09-18 18:50:00,43.2591,43.3,43.255,43.255,24036,2023-09-18
2023-09-18 18:55:00,43.255,43.285,43.255,43.255,28444,2023-09-18
2023-09-18 19:00:00,43.255,43.2775,43.2375,43.245,37768,2023-09-18
2023-09-18 19:05:00,43.24,43.24,43.2075,43.24,47734,2023-09-18
2023-09-18 19:10:00,43.24,43.2625,43.22,43.24,20880,2023-09-18
2023-09-18 19:15:00,43.24,43.275,43.235,43.26,20684,2023-09-18
2023-09-18 19:20:00,43.26,43.27,43.235,43.2575,21036,2023-09-18
2023-09-18 19:25:00,43.26,43.275,43.255,43.265,25246,2023-09-18
2023-09-18 19:30:00,43.265,43.29,43.245,43.25,22304,2023-09-18
2023-09-18 19:35:00,43.25,43.26,43.225,43.225,11230,2023-09-18
2023-09-18 19:40:00,43.2275,43.245,43.2175,43.2395,17956,2023-09-18
2023-09-18 19:45:00,43.2325,43.255,43.23,43.2525,14264,2023-09-18
2023-09-18 19:50:00,43.2525,43.2563,43.23,43.245,63722,2023-09-18
2023-09-18 19:55:00,43.245,43.27,43.24,43.2562,18722,2023-09-18
2023-09-18 20:00:00,43.265,43.305,43.265,43.265,26776,2023-09-18
2023-09-18 20:05:00,43.2625,43.275,43.26,43.275,20270,2023-09-18
2023-09-18 20:10:00,43.28,43.29,43.26,43.27,23322,2023-09-18
2023-09-18 20:15:00,43.27,43.27,43.24,43.245,16108,2023-09-18
2023-09-18 20:20:00,43.25,43.2863,43.25,43.28,34812,2023-09-18
2023-09-18 20:25:00,43.285,43.32,43.28,43.28,27668,2023-09-18
2023-09-18 20:30:00,43.28,43.305,43.275,43.3,19762,2023-09-18
2023-09-18 20:35:00,43.31,43.33,43.305,43.32,45196,2023-09-18
2023-09-18 20:40:00,43.315,43.33,43.29,43.31,35658,2023-09-18
2023-09-18 20:45:00,43.315,43.3166,43.275,43.2875,20114,2023-09-18
2023-09-18 20:50:00,43.285,43.285,43.2713,43.285,30112,2023-09-18
2023-09-18 20:55:00,43.2825,43.295,43.265,43.2825,15102,2023-09-18
2023-09-18 21:00:00,43.285,43.2925,43.265,43.28,30336,2023-09-18
2023-09-18 21:05:00,43.2813,43.285,43.265,43.285,37816,2023-09-18
2023-09-18 21:10:00,43.28,43.305,43.27,43.3,18572,2023-09-18
2023-09-18 21:15:00,43.305,43.31,43.295,43.3025,11654,2023-09-18
2023-09-18 21:20:00,43.305,43.3075,43.2875,43.2875,19866,2023-09-18
2023-09-18 21:25:00,43.285,43.305,43.2825,43.285,18620,2023-09-18
2023-09-18 21:30:00,43.28,43.28,43.24,43.26,19592,2023-09-18
2023-09-18 21:35:00,43.2575,43.2575,43.2375,43.2375,14380,2023-09-18
2023-09-18 21:40:00,43.24,43.255,43.23,43.235,16940,2023-09-18
2023-09-18 21:45:00,43.23,43.245,43.225,43.225,19180,2023-09-18
2023-09-18 21:50:00,43.225,43.235,43.19,43.2,25548,2023-09-18
2023-09-18 21:55:00,43.19,43.21,43.19,43.2075,16542,2023-09-18
2023-09-18 22:00:00,43.2025,43.2025,43.1825,43.1875,26564,2023-09-18
2023-09-18 22:05:00,43.185,43.2,43.18,43.1925,22668,2023-09-18
2023-09-18 22:10:00,43.19,43.195,43.165,43.175,31618,2023-09-18
2023-09-18 22:15:00,43.18,43.185,43.15,43.1538,22598,2023-09-18
2023-09-18 22:20:00,43.1475,43.15,43.1175,43.1175,67736,2023-09-18
2023-09-18 22:25:00,43.1245,43.1625,43.12,43.16,24808,2023-09-18
2023-09-18 22:30:00,43.16,43.1625,43.13,43.1425,29428,2023-09-18
2023-09-18 22:35:00,43.145,43.1775,43.135,43.165,48452,2023-09-18
2023-09-18 22:40:00,43.165,43.1775,43.15,43.1525,33304,2023-09-18
2023-09-18 22:45:00,43.155,43.1675,43.145,43.145,80376,2023-09-18
2023-09-18 22:50:00,43.145,43.1575,43.125,43.135,87614,2023-09-18
2023-09-18 22:55:00,43.14,43.16,43.11,43.11,243526,2023-09-18
2023-09-18 23:00:00,43.115,43.115,43.115,43.115,33950,2023-09-18
2023-09-19 16:30:00,43.03,43.055,42.895,42.91,66108,2023-09-19
2023-09-19 16:35:00,42.905,43,42.89,42.9975,32198,2023-09-19
2023-09-19 16:40:00,43,43,42.9325,42.975,41262,2023-09-19
2023-09-19 16:45:00,42.98,43.0112,42.97,42.99,23512,2023-09-19
2023-09-19 16:50:00,43,43.04,42.99,43.01,15426,2023-09-19
2023-09-19 16:55:00,43,43,42.945,42.9576,16314,2023-09-19
2023-09-19 17:00:00,42.9675,42.995,42.905,42.905,33612,2023-09-19
2023-09-19 17:05:00,42.9,42.915,42.88,42.89,16798,2023-09-19
2023-09-19 17:10:00,42.905,42.9175,42.88,42.88,51528,2023-09-19
2023-09-19 17:15:00,42.88,42.88,42.855,42.875,10670,2023-09-19
2023-09-19 17:20:00,42.88,42.98,42.88,42.94,23658,2023-09-19
2023-09-19 17:25:00,42.95,42.9875,42.95,42.9875,14398,2023-09-19
2023-09-19 17:30:00,42.985,42.99,42.9585,42.965,26428,2023-09-19
2023-09-19 17:35:00,42.975,42.975,42.9,42.915,73410,2023-09-19
2023-09-19 17:40:00,42.92,42.9425,42.905,42.94,24974,2023-09-19
2023-09-19 17:45:00,42.94,42.945,42.87,42.87,20010,2023-09-19
2023-09-19 17:50:00,42.8625,42.87,42.8425,42.86,21736,2023-09-19
2023-09-19 17:55:00,42.865,42.905,42.86,42.9,47868,2023-09-19
2023-09-19 18:00:00,42.895,42.955,42.895,42.94,31634,2023-09-19
2023-09-19 18:05:00,42.94,42.94,42.92,42.9342,16576,2023-09-19
2023-09-19 18:10:00,42.93,42.97,42.93,42.96,29200,2023-09-19
2023-09-19 18:15:00,42.96,42.9623,42.925,42.95,16578,2023-09-19
2023-09-19 18:20:00,42.95,42.965,42.94,42.96,18372,2023-09-19
2023-09-19 18:25:00,42.96,43,42.96,42.98,27382,2023-09-19
2023-09-19 18:30:00,42.985,42.9875,42.96,42.96,17318,2023-09-19
2023-09-19 18:35:00,42.96,42.965,42.955,42.96,11766,2023-09-19
2023-09-19 18:40:00,42.955,42.975,42.955,42.975,27806,2023-09-19
2023-09-19 18:45:00,42.9675,42.985,42.945,42.985,12358,2023-09-19
2023-09-19 18:50:00,42.985,43.005,42.97,42.97,26984,2023-09-19
2023-09-19 18:55:00,42.975,43,42.975,42.985,14802,2023-09-19
2023-09-19 19:00:00,42.9813,42.9813,42.95,42.955,15846,2023-09-19
2023-09-19 19:05:00,42.955,42.955,42.875,42.89,15378,2023-09-19
2023-09-19 19:10:00,42.89,42.895,42.875,42.885,21970,2023-09-19
2023-09-19 19:15:00,42.88,42.8875,42.87,42.8775,22298,2023-09-19
2023-09-19 19:20:00,42.865,42.865,42.82,42.825,8182,2023-09-19
2023-09-19 19:25:00,42.82,42.8325,42.805,42.805,23982,2023-09-19
2023-09-19 19:30:00,42.805,42.805,42.78,42.79,36582,2023-09-19
2023-09-19 19:35:00,42.79,42.7925,42.765,42.765,31618,2023-09-19
2023-09-19 19:40:00,42.7625,42.765,42.72,42.72,15006,2023-09-19
2023-09-19 19:45:00,42.7125,42.72,42.695,42.705,28250,2023-09-19
2023-09-19 19:50:00,42.705,42.755,42.705,42.755,30606,2023-09-19
2023-09-19 19:55:00,42.76,42.805,42.76,42.805,22210,2023-09-19
2023-09-19 20:00:00,42.8099,42.84,42.805,42.825,25542,2023-09-19
2023-09-19 20:05:00,42.835,42.84,42.815,42.823,23484,2023-09-19
2023-09-19 20:10:00,42.82,42.85,42.81,42.85,17884,2023-09-19
2023-09-19 20:15:00,42.845,42.8625,42.845,42.85,15676,2023-09-19
2023-09-19 20:20:00,42.855,42.875,42.85,42.87,18906,2023-09-19
2023-09-19 20:25:00,42.8725,42.875,42.85,42.8725,18920,2023-09-19
2023-09-19 20:30:00,42.875,42.92,42.875,42.92,14110,2023-09-19
2023-09-19 20:35:00,42.9225,42.945,42.9225,42.94,24114,2023-09-19
2023-09-19 20:40:00,42.9425,42.9425,42.925,42.9325,8798,2023-09-19
2023-09-19 20:45:00,42.94,43.005,42.94,43,29666,2023-09-19
2023-09-19 20:50:00,43.01,43.015,43.005,43.015,8508,2023-09-19
2023-09-19 20:55:00,43.0125,43.015,42.99,43,24816,2023-09-19
2023-09-19 21:00:00,43.005,43.02,42.985,43.02,26248,2023-09-19
2023-09-19 21:05:00,43.02,43.025,42.995,43.01,24636,2023-09-19
2023-09-19 21:10:00,43.01,43.035,43.01,43.02,20006,2023-09-19
2023-09-19 21:15:00,43.02,43.02,42.9925,43.01,18050,2023-09-19
2023-09-19 21:20:00,43.015,43.015,42.985,42.985,30420,2023-09-19
2023-09-19 21:25:00,42.99,43.01,42.99,43.01,17024,2023-09-19
2023-09-19 21:30:00,43.01,43.05,43.01,43.04,19560,2023-09-19
2023-09-19 21:35:00,43.045,43.13,43.045,43.105,30480,2023-09-19
2023-09-19 21:40:00,43.1,43.125,43.1,43.11,18508,2023-09-19
2023-09-19 21:45:00,43.11,43.115,43.095,43.095,23104,2023-09-19
2023-09-19 21:50:00,43.085,43.0975,43.07,43.09,28754,2023-09-19
2023-09-19 21:55:00,43.0875,43.1025,43.08,43.08,27738,2023-09-19
2023-09-19 22:00:00,43.065,43.08,43.055,43.07,24672,2023-09-19
2023-09-19 22:05:00,43.07,43.075,43.055,43.07,26314,2023-09-19
2023-09-19 22:10:00,43.075,43.085,43.05,43.06,29478,2023-09-19
2023-09-19 22:15:00,43.06,43.0675,43.03,43.06,33470,2023-09-19
2023-09-19 22:20:00,43.06,43.0745,43.03,43.0745,28014,2023-09-19
2023-09-19 22:25:00,43.075,43.115,43.07,43.11,28050,2023-09-19
2023-09-19 22:30:00,43.1145,43.115,43.08,43.095,39112,2023-09-19
2023-09-19 22:35:00,43.0985,43.105,43.075,43.1037,36596,2023-09-19
2023-09-19 22:40:00,43.1025,43.1725,43.09,43.165,69364,2023-09-19
2023-09-19 22:45:00,43.17,43.19,43.155,43.155,79408,2023-09-19
2023-09-19 22:50:00,43.16,43.165,43.135,43.15,117564,2023-09-19
2023-09-19 22:55:00,43.1475,43.185,43.1175,43.155,365384,2023-09-19
2023-09-19 23:00:00,43.145,43.145,43.145,43.145,401410,2023-09-19
2023-09-20 16:30:00,43.32,43.345,43.095,43.16,92584,2023-09-20
2023-09-20 16:35:00,43.2,43.2,43.14,43.175,35094,2023-09-20
2023-09-20 16:40:00,43.185,43.26,43.175,43.195,58376,2023-09-20
2023-09-20 16:45:00,43.2,43.2375,43.185,43.215,53998,2023-09-20
2023-09-20 16:50:00,43.205,43.225,43.17,43.1965,55584,2023-09-20
2023-09-20 16:55:00,43.21,43.22,43.155,43.1625,24462,2023-09-20
2023-09-20 17:00:00,43.1625,43.1675,43.13,43.1465,24872,2023-09-20
2023-09-20 17:05:00,43.145,43.1775,43.13,43.13,26446,2023-09-20
2023-09-20 17:10:00,43.1325,43.155,43.1025,43.105,23946,2023-09-20
2023-09-20 17:15:00,43.11,43.15,43.11,43.1425,22524,2023-09-20
2023-09-20 17:20:00,43.155,43.17,43.125,43.13,12204,2023-09-20
2023-09-20 17:25:00,43.125,43.14,43.115,43.13,23676,2023-09-20
2023-09-20 17:30:00,43.135,43.1425,43.095,43.135,33698,2023-09-20
2023-09-20 17:35:00,43.14,43.17,43.1325,43.16,26850,2023-09-20
2023-09-20 17:40:00,43.155,43.155,43.145,43.15,16306,2023-09-20
2023-09-20 17:45:00,43.15,43.175,43.1359,43.145,14112,2023-09-20
2023-09-20 17:50:00,43.145,43.155,43.14,43.1475,23938,2023-09-20
2023-09-20 17:55:00,43.15,43.17,43.12,43.13,92814,2023-09-20
2023-09-20 18:00:00,43.125,43.155,43.1152,43.12,17582,2023-09-20
2023-09-20 18:05:00,43.13,43.17,43.125,43.16,10974,2023-09-20
2023-09-20 18:10:00,43.16,43.18,43.155,43.1775,13294,2023-09-20
2023-09-20 18:15:00,43.1775,43.185,43.16,43.17,17502,2023-09-20
2023-09-20 18:20:00,43.17,43.195,43.05,43.19,1228732.0,2023-09-20
2023-09-20 18:25:00,43.185,43.21,43.18,43.1975,45534,2023-09-20
2023-09-20 18:30:00,43.195,43.22,43.195,43.21,27132,2023-09-20
2023-09-20 18:35:00,43.215,43.245,43.195,43.2,19696,2023-09-20
2023-09-20 18:40:00,43.2,43.2025,43.175,43.175,16350,2023-09-20
2023-09-20 18:45:00,43.18,43.18,43.16,43.1737,11346,2023-09-20
2023-09-20 18:50:00,43.1831,43.2,43.17,43.1975,13438,2023-09-20
2023-09-20 18:55:00,43.1925,43.1925,43.165,43.1675,13762,2023-09-20
2023-09-20 19:00:00,43.1675,43.175,43.155,43.165,19482,2023-09-20
2023-09-20 19:05:00,43.16,43.16,43.145,43.15,8116,2023-09-20
2023-09-20 19:10:00,43.155,43.17,43.15,43.16,7638,2023-09-20
2023-09-20 19:15:00,43.1625,43.185,43.1625,43.175,9814,2023-09-20
2023-09-20 19:20:00,43.175,43.18,43.155,43.16,12808,2023-09-20
2023-09-20 19:25:00,43.165,43.2025,43.165,43.2025,16356,2023-09-20
2023-09-20 19:30:00,43.2,43.21,43.195,43.195,15096,2023-09-20
2023-09-20 19:35:00,43.195,43.215,43.1941,43.21,10216,2023-09-20
2023-09-20 19:40:00,43.205,43.21,43.185,43.195,14586,2023-09-20
2023-09-20 19:45:00,43.19,43.19,43.16,43.175,13158,2023-09-20
2023-09-20 19:50:00,43.17,43.1875,43.16,43.18,14788,2023-09-20
2023-09-20 19:55:00,43.175,43.18,43.17,43.175,10600,2023-09-20
2023-09-20 20:00:00,43.175,43.175,43.165,43.165,9210,2023-09-20
2023-09-20 20:05:00,43.1638,43.17,43.14,43.14,13600,2023-09-20
2023-09-20 20:10:00,43.1365,43.1365,43.11,43.11,8448,2023-09-20
2023-09-20 20:15:00,43.105,43.11,43.1,43.11,7810,2023-09-20
2023-09-20 20:20:00,43.11,43.12,43.0725,43.095,18934,2023-09-20
2023-09-20 20:25:00,43.095,43.095,43.07,43.075,18174,2023-09-20
2023-09-20 20:30:00,43.065,43.065,43.0525,43.06,9552,2023-09-20
2023-09-20 20:35:00,43.055,43.055,43,43,19924,2023-09-20
2023-09-20 20:40:00,42.995,42.995,42.9675,42.9775,26128,2023-09-20
2023-09-20 20:45:00,42.975,42.98,42.93,42.93,16898,2023-09-20
2023-09-20 20:50:00,42.935,42.985,42.925,42.965,43374,2023-09-20
2023-09-20 20:55:00,42.96,42.97,42.925,42.925,16530,2023-09-20
2023-09-20 21:00:00,42.925,42.925,42.765,42.7838,38676,2023-09-20
2023-09-20 21:05:00,42.79,42.81,42.71,42.745,58852,2023-09-20
2023-09-20 21:10:00,42.735,42.79,42.73,42.74,32240,2023-09-20
2023-09-20 21:15:00,42.73,42.785,42.7245,42.763,34678,2023-09-20
2023-09-20 21:20:00,42.77,42.835,42.755,42.835,26148,2023-09-20
2023-09-20 21:25:00,42.8375,42.8451,42.8175,42.8175,15028,2023-09-20
2023-09-20 21:30:00,42.8175,42.875,42.7925,42.82,41382,2023-09-20
2023-09-20 21:35:00,42.82,42.875,42.8175,42.8225,23590,2023-09-20
2023-09-20 21:40:00,42.8225,42.84,42.775,42.825,29050,2023-09-20
2023-09-20 21:45:00,42.825,42.84,42.7375,42.745,58640,2023-09-20
2023-09-20 21:50:00,42.7225,42.7825,42.685,42.735,56584,2023-09-20
2023-09-20 21:55:00,42.75,42.78,42.7125,42.7125,46640,2023-09-20
2023-09-20 22:00:00,42.695,42.785,42.695,42.7699,53678,2023-09-20
2023-09-20 22:05:00,42.77,42.785,42.69,42.7,21556,2023-09-20
2023-09-20 22:10:00,42.705,42.715,42.6304,42.635,18708,2023-09-20
2023-09-20 22:15:00,42.625,42.65,42.585,42.605,21018,2023-09-20
2023-09-20 22:20:00,42.61,42.63,42.565,42.63,35050,2023-09-20
2023-09-20 22:25:00,42.63,42.65,42.605,42.615,41328,2023-09-20
2023-09-20 22:30:00,42.62,42.62,42.475,42.475,75126,2023-09-20
2023-09-20 22:35:00,42.475,42.495,42.45,42.46,50586,2023-09-20
2023-09-20 22:40:00,42.455,42.455,42.405,42.425,63956,2023-09-20
2023-09-20 22:45:00,42.425,42.49,42.395,42.475,86076,2023-09-20
2023-09-20 22:50:00,42.465,42.5,42.455,42.47,101066,2023-09-20
2023-09-20 22:55:00,42.475,42.48,42.365,42.41,334868,2023-09-20
2023-09-20 23:00:00,42.405,42.475,42.405,42.475,76540,2023-09-20
2023-09-21 16:30:00,42.175,42.2725,41.91,42.0325,129648,2023-09-21
2023-09-21 16:35:00,42.03,42.06,41.96,41.96,56114,2023-09-21
2023-09-21 16:40:00,41.96,41.965,41.87,41.89,35582,2023-09-21
2023-09-21 16:45:00,41.8825,41.91,41.82,41.825,33390,2023-09-21
2023-09-21 16:50:00,41.8375,41.85,41.78,41.81,38420,2023-09-21
2023-09-21 16:55:00,41.81,41.8225,41.77,41.7975,74176,2023-09-21
2023-09-21 17:00:00,41.7975,41.8075,41.745,41.76,38236,2023-09-21
2023-09-21 17:05:00,41.7675,41.81,41.765,41.81,46984,2023-09-21
2023-09-21 17:10:00,41.82,41.835,41.79,41.795,32862,2023-09-21
2023-09-21 17:15:00,41.8,41.845,41.7925,41.815,33868,2023-09-21
2023-09-21 17:20:00,41.81,41.8675,41.805,41.86,23644,2023-09-21
2023-09-21 17:25:00,41.855,41.8775,41.835,41.84,74500,2023-09-21
2023-09-21 17:30:00,41.84,41.87,41.835,41.86,63196,2023-09-21
2023-09-21 17:35:00,41.86,41.935,41.86,41.935,14646,2023-09-21
2023-09-21 17:40:00,41.935,41.945,41.91,41.91,26506,2023-09-21
2023-09-21 17:45:00,41.915,41.915,41.86,41.87,26764,2023-09-21
2023-09-21 17:50:00,41.8675,41.885,41.8475,41.8475,31946,2023-09-21
2023-09-21 17:55:00,41.84,41.8525,41.82,41.845,38542,2023-09-21
2023-09-21 18:00:00,41.86,41.875,41.85,41.855,29558,2023-09-21
2023-09-21 18:05:00,41.86,41.875,41.8,41.8,140314,2023-09-21
2023-09-21 18:10:00,41.805,41.805,41.73,41.75,68098,2023-09-21
2023-09-21 18:15:00,41.75,41.815,41.735,41.805,67256,2023-09-21
2023-09-21 18:20:00,41.81,41.85,41.81,41.82,18886,2023-09-21
2023-09-21 18:25:00,41.825,41.83,41.795,41.8175,28294,2023-09-21
2023-09-21 18:30:00,41.815,41.875,41.815,41.855,31062,2023-09-21
2023-09-21 18:35:00,41.855,41.9045,41.855,41.9,35170,2023-09-21
2023-09-21 18:40:00,41.89,41.915,41.855,41.915,21586,2023-09-21
2023-09-21 18:45:00,41.93,41.97,41.93,41.965,24334,2023-09-21
2023-09-21 18:50:00,41.97,41.97,41.93,41.955,20986,2023-09-21
2023-09-21 18:55:00,41.965,41.98,41.92,41.93,18990,2023-09-21
2023-09-21 19:00:00,41.93,41.93,41.8875,41.8975,19936,2023-09-21
2023-09-21 19:05:00,41.875,41.875,41.865,41.87,12250,2023-09-21
2023-09-21 19:10:00,41.865,41.88,41.82,41.82,18694,2023-09-21
2023-09-21 19:15:00,41.82,41.84,41.79,41.795,31658,2023-09-21
2023-09-21 19:20:00,41.79,41.8,41.765,41.7805,25700,2023-09-21
2023-09-21 19:25:00,41.78,41.825,41.77,41.7725,128196,2023-09-21
2023-09-21 19:30:00,41.765,41.8375,41.75,41.8375,37086,2023-09-21
2023-09-21 19:35:00,41.84,41.84,41.7725,41.78,20052,2023-09-21
2023-09-21 19:40:00,41.78,41.805,41.78,41.8,21736,2023-09-21
2023-09-21 19:45:00,41.8,41.81,41.785,41.81,18096,2023-09-21
2023-09-21 19:50:00,41.805,41.86,41.805,41.82,198590,2023-09-21
2023-09-21 19:55:00,41.82,41.825,41.795,41.82,24880,2023-09-21
2023-09-21 20:00:00,41.82,41.835,41.8075,41.83,47092,2023-09-21
2023-09-21 20:05:00,41.825,41.87,41.8175,41.87,21688,2023-09-21
2023-09-21 20:10:00,41.88,41.945,41.88,41.945,26834,2023-09-21
2023-09-21 20:15:00,41.9525,41.985,41.9525,41.985,25384,2023-09-21
2023-09-21 20:20:00,41.985,41.9875,41.955,41.9875,11278,2023-09-21
2023-09-21 20:25:00,41.99,42.025,41.98,42,24934,2023-09-21
2023-09-21 20:30:00,42,42.015,41.93,41.9475,171268,2023-09-21
2023-09-21 20:35:00,41.965,42.005,41.955,41.96,49636,2023-09-21
2023-09-21 20:40:00,41.95,41.965,41.93,41.93,21508,2023-09-21
2023-09-21 20:45:00,41.93,41.95,41.91,41.925,18962,2023-09-21
2023-09-21 20:50:00,41.93,41.945,41.92,41.945,18066,2023-09-21
2023-09-21 20:55:00,41.94,41.965,41.925,41.945,19910,2023-09-21
2023-09-21 21:00:00,41.95,41.955,41.92,41.95,27466,2023-09-21
2023-09-21 21:05:00,41.95,41.9825,41.945,41.945,26222,2023-09-21
2023-09-21 21:10:00,41.9425,42,41.9425,41.995,34736,2023-09-21
2023-09-21 21:15:00,41.99,42.015,41.97,42.015,30192,2023-09-21
2023-09-21 21:20:00,42.02,42.04,42,42.0025,29108,2023-09-21
2023-09-21 21:25:00,42.005,42.015,41.97,41.97,22822,2023-09-21
2023-09-21 21:30:00,41.965,41.9748,41.92,41.93,29412,2023-09-21
2023-09-21 21:35:00,41.925,41.965,41.665,41.91,164166,2023-09-21
2023-09-21 21:40:00,41.915,41.935,41.91,41.925,30822,2023-09-21
2023-09-21 21:45:00,41.925,41.965,41.92,41.955,35830,2023-09-21
2023-09-21 21:50:00,41.955,41.98,41.93,41.975,40090,2023-09-21
2023-09-21 21:55:00,41.97,41.995,41.95,41.95,38346,2023-09-21
2023-09-21 22:00:00,41.95,41.9775,41.935,41.955,34560,2023-09-21
2023-09-21 22:05:00,41.955,41.955,41.915,41.9475,37622,2023-09-21
2023-09-21 22:10:00,41.945,41.955,41.925,41.93,45220,2023-09-21
2023-09-21 22:15:00,41.92,41.93,41.8925,41.9,40670,2023-09-21
2023-09-21 22:20:00,41.895,41.9275,41.885,41.89,65786,2023-09-21
2023-09-21 22:25:00,41.885,41.9,41.84,41.87,71318,2023-09-21
2023-09-21 22:30:00,41.86,41.865,41.805,41.81,69130,2023-09-21
2023-09-21 22:35:00,41.805,41.82,41.7925,41.7925,43966,2023-09-21
2023-09-21 22:40:00,41.79,41.81,41.75,41.7725,92156,2023-09-21
2023-09-21 22:45:00,41.77,41.8025,41.755,41.755,82356,2023-09-21
2023-09-21 22:50:00,41.75,41.76,41.7225,41.745,173664,2023-09-21
2023-09-21 22:55:00,41.745,41.75,41.67,41.68,336684,2023-09-21
2023-09-21 23:00:00,41.67,41.67,41.67,41.67,44554,2023-09-21
2023-09-22 16:30:00,41.705,41.7925,41.635,41.635,80352,2023-09-22
2023-09-22 16:35:00,41.665,41.83,41.665,41.78,35062,2023-09-22
2023-09-22 16:40:00,41.7825,41.7825,41.67,41.695,34030,2023-09-22
2023-09-22 16:45:00,41.68,41.74,41.68,41.71,38642,2023-09-22
2023-09-22 16:50:00,41.72,41.7395,41.6,41.6,21296,2023-09-22
2023-09-22 16:55:00,41.615,41.67,41.6,41.655,25424,2023-09-22
2023-09-22 17:00:00,41.655,41.725,41.62,41.725,14488,2023-09-22
2023-09-22 17:05:00,41.73,41.8175,41.73,41.8175,14500,2023-09-22
2023-09-22 17:10:00,41.8175,41.8475,41.8,41.8075,20402,2023-09-22
2023-09-22 17:15:00,41.8,41.865,41.785,41.865,20958,2023-09-22
2023-09-22 17:20:00,41.8625,41.93,41.845,41.915,30958,2023-09-22
2023-09-22 17:25:00,41.92,41.92,41.885,41.89,21330,2023-09-22
2023-09-22 17:30:00,41.885,41.9725,41.885,41.9725,29440,2023-09-22
2023-09-22 17:35:00,41.97,41.985,41.93,41.945,40566,2023-09-22
2023-09-22 17:40:00,41.95,41.975,41.915,41.94,26694,2023-09-22
2023-09-22 17:45:00,41.945,41.955,41.89,41.94,30282,2023-09-22
2023-09-22 17:50:00,41.945,41.95,41.89,41.92,26778,2023-09-22
2023-09-22 17:55:00,41.9275,41.98,41.9275,41.965,31252,2023-09-22
2023-09-22 18:00:00,41.965,41.98,41.925,41.9425,28144,2023-09-22
2023-09-22 18:05:00,41.935,42.005,41.935,41.99,23024,2023-09-22
2023-09-22 18:10:00,41.98,41.9825,41.945,41.965,14924,2023-09-22
2023-09-22 18:15:00,41.965,42.0025,41.965,41.97,22636,2023-09-22
2023-09-22 18:20:00,41.975,42.02,41.97,42.02,16274,2023-09-22
2023-09-22 18:25:00,42.02,42.02,41.98,42,20872,2023-09-22
2023-09-22 18:30:00,41.995,41.995,41.965,41.975,15542,2023-09-22
2023-09-22 18:35:00,41.98,42,41.96,41.975,13276,2023-09-22
2023-09-22 18:40:00,41.975,41.975,41.925,41.93,10952,2023-09-22
2023-09-22 18:45:00,41.925,41.9675,41.925,41.938,16728,2023-09-22
2023-09-22 18:50:00,41.935,41.95,41.9112,41.9299,13082,2023-09-22
2023-09-22 18:55:00,41.9375,41.9549,41.8875,41.895,14504,2023-09-22
2023-09-22 19:00:00,41.89,41.9025,41.875,41.89,16336,2023-09-22
2023-09-22 19:05:00,41.885,41.915,41.8775,41.9,13710,2023-09-22
2023-09-22 19:10:00,41.9,41.915,41.89,41.91,15158,2023-09-22
2023-09-22 19:15:00,41.905,41.96,41.9,41.96,16202,2023-09-22
2023-09-22 19:20:00,41.96,41.96,41.94,41.94,22522,2023-09-22
2023-09-22 19:25:00,41.94,41.96,41.92,41.92,12474,2023-09-22
2023-09-22 19:30:00,41.935,41.965,41.93,41.955,13646,2023-09-22
2023-09-22 19:35:00,41.96,41.995,41.955,41.99,12718,2023-09-22
2023-09-22 19:40:00,41.995,41.995,41.96,41.97,100700,2023-09-22
2023-09-22 19:45:00,41.965,41.985,41.96,41.98,20388,2023-09-22
2023-09-22 19:50:00,41.98,42,41.975,41.985,12264,2023-09-22
2023-09-22 19:55:00,41.985,42,41.955,41.9625,17348,2023-09-22
2023-09-22 20:00:00,41.96,41.995,41.95,41.985,12680,2023-09-22
2023-09-22 20:05:00,41.98,42.0193,41.9762,41.99,15272,2023-09-22
2023-09-22 20:10:00,41.99,42.03,41.98,42.015,24116,2023-09-22
2023-09-22 20:15:00,42.01,42.02,41.985,41.995,15250,2023-09-22
2023-09-22 20:20:00,41.995,41.995,41.94,41.96,15106,2023-09-22
2023-09-22 20:25:00,41.97,41.97,41.945,41.965,15578,2023-09-22
2023-09-22 20:30:00,41.965,41.965,41.92,41.925,16390,2023-09-22
2023-09-22 20:35:00,41.925,41.94,41.83,41.84,16466,2023-09-22
2023-09-22 20:40:00,41.855,41.86,41.835,41.84,9766,2023-09-22
2023-09-22 20:45:00,41.84,41.845,41.805,41.835,10108,2023-09-22
2023-09-22 20:50:00,41.825,41.87,41.825,41.8575,125232,2023-09-22
2023-09-22 20:55:00,41.86,41.9025,41.86,41.88,15340,2023-09-22
2023-09-22 21:00:00,41.8725,41.885,41.855,41.865,10718,2023-09-22
2023-09-22 21:05:00,41.86,41.865,41.83,41.835,12876,2023-09-22
2023-09-22 21:10:00,41.84,41.8428,41.785,41.795,18392,2023-09-22
2023-09-22 21:15:00,41.785,41.79,41.76,41.7625,13206,2023-09-22
2023-09-22 21:20:00,41.77,41.805,41.77,41.795,18022,2023-09-22
2023-09-22 21:25:00,41.795,41.82,41.76,41.765,14232,2023-09-22
2023-09-22 21:30:00,41.75,41.79,41.75,41.79,15130,2023-09-22
2023-09-22 21:35:00,41.785,41.8,41.75,41.76,19104,2023-09-22
2023-09-22 21:40:00,41.76,41.765,41.725,41.725,14606,2023-09-22
2023-09-22 21:45:00,41.725,41.775,41.715,41.775,20716,2023-09-22
2023-09-22 21:50:00,41.775,41.79,41.765,41.785,18894,2023-09-22
2023-09-22 21:55:00,41.7825,41.79,41.75,41.785,43916,2023-09-22
2023-09-22 22:00:00,41.775,41.8696,41.775,41.845,26624,2023-09-22
2023-09-22 22:05:00,41.835,41.95,41.8325,41.925,50142,2023-09-22
2023-09-22 22:10:00,41.93,41.94,41.89,41.9,50326,2023-09-22
2023-09-22 22:15:00,41.9,41.905,41.875,41.885,41904,2023-09-22
2023-09-22 22:20:00,41.8875,41.905,41.86,41.9,68586,2023-09-22
2023-09-22 22:25:00,41.9,41.9,41.865,41.865,36470,2023-09-22
2023-09-22 22:30:00,41.8675,41.89,41.835,41.835,41272,2023-09-22
2023-09-22 22:35:00,41.83,41.845,41.8,41.815,81274,2023-09-22
2023-09-22 22:40:00,41.8125,41.825,41.69,41.69,54040,2023-09-22
2023-09-22 22:45:00,41.6875,41.73,41.63,41.67,97300,2023-09-22
2023-09-22 22:50:00,41.66,41.67,41.625,41.645,161014,2023-09-22
2023-09-22 22:55:00,41.6425,41.695,41.6425,41.685,326094,2023-09-22
2023-09-22 23:00:00,41.665,41.665,41.665,41.665,29694,2023-09-22
2023-09-25 16:30:00,41.5,41.7,41.415,41.6675,50470,2023-09-25
2023-09-25 16:35:00,41.6675,41.7,41.59,41.6,22712,2023-09-25
2023-09-25 16:40:00,41.605,41.75,41.605,41.74,19386,2023-09-25
2023-09-25 16:45:00,41.74,41.78,41.725,41.73,20778,2023-09-25
2023-09-25 16:50:00,41.73,41.805,41.73,41.79,12374,2023-09-25
2023-09-25 16:55:00,41.79,41.8,41.745,41.75,49470,2023-09-25
2023-09-25 17:00:00,41.755,41.825,41.67,41.68,129990,2023-09-25
2023-09-25 17:05:00,41.6861,41.6925,41.6,41.62,50754,2023-09-25
2023-09-25 17:10:00,41.615,41.7225,41.58,41.71,26146,2023-09-25
2023-09-25 17:15:00,41.705,41.735,41.61,41.615,22962,2023-09-25
2023-09-25 17:20:00,41.6175,41.65,41.6,41.6,23386,2023-09-25
2023-09-25 17:25:00,41.6,41.615,41.56,41.59,30846,2023-09-25
2023-09-25 17:30:00,41.58,41.5921,41.55,41.58,21246,2023-09-25
2023-09-25 17:35:00,41.585,41.585,41.53,41.55,19364,2023-09-25
2023-09-25 17:40:00,41.5375,41.5375,41.47,41.48,20704,2023-09-25
2023-09-25 17:45:00,41.48,41.535,41.48,41.525,35756,2023-09-25
2023-09-25 17:50:00,41.535,41.535,41.475,41.475,34054,2023-09-25
2023-09-25 17:55:00,41.48,41.5345,41.48,41.505,19750,2023-09-25
2023-09-25 18:00:00,41.51,41.54,41.505,41.53,23716,2023-09-25
2023-09-25 18:05:00,41.525,41.605,41.525,41.59,20896,2023-09-25
2023-09-25 18:10:00,41.605,41.625,41.595,41.61,22316,2023-09-25
2023-09-25 18:15:00,41.615,41.705,41.61,41.69,225396,2023-09-25
2023-09-25 18:20:00,41.69,41.71,41.645,41.6725,161010,2023-09-25
2023-09-25 18:25:00,41.675,41.6825,41.615,41.615,54702,2023-09-25
2023-09-25 18:30:00,41.625,41.655,41.62,41.6475,41840,2023-09-25
2023-09-25 18:35:00,41.64,41.655,41.6,41.615,29580,2023-09-25
2023-09-25 18:40:00,41.615,41.685,41.61,41.67,33714,2023-09-25
2023-09-25 18:45:00,41.68,41.695,41.65,41.66,34694,2023-09-25
2023-09-25 18:50:00,41.665,41.7125,41.65,41.7,13044,2023-09-25
2023-09-25 18:55:00,41.685,41.71,41.65,41.6625,30588,2023-09-25
2023-09-25 19:00:00,41.665,41.67,41.635,41.65,20366,2023-09-25
2023-09-25 19:05:00,41.65,41.665,41.6425,41.645,20272,2023-09-25
2023-09-25 19:10:00,41.64,41.655,41.63,41.64,15790,2023-09-25
2023-09-25 19:15:00,41.645,41.6775,41.645,41.675,21222,2023-09-25
2023-09-25 19:20:00,41.675,41.685,41.66,41.665,20338,2023-09-25
2023-09-25 19:25:00,41.67,41.68,41.665,41.6705,16632,2023-09-25
2023-09-25 19:30:00,41.68,41.7,41.655,41.6675,114126,2023-09-25
2023-09-25 19:35:00,41.655,41.665,41.625,41.63,79246,2023-09-25
2023-09-25 19:40:00,41.6325,41.645,41.61,41.6425,16636,2023-09-25
2023-09-25 19:45:00,41.65,41.65,41.62,41.62,25728,2023-09-25
2023-09-25 19:50:00,41.615,41.615,41.555,41.6095,19146,2023-09-25
2023-09-25 19:55:00,41.6165,41.6165,41.585,41.605,17074,2023-09-25
2023-09-25 20:00:00,41.6,41.6,41.575,41.576,16524,2023-09-25
2023-09-25 20:05:00,41.58,41.62,41.58,41.595,62550,2023-09-25
2023-09-25 20:10:00,41.59,41.62,41.575,41.61,27818,2023-09-25
2023-09-25 20:15:00,41.61,41.615,41.59,41.605,25314,2023-09-25
2023-09-25 20:20:00,41.605,41.635,41.6,41.61,24594,2023-09-25
2023-09-25 20:25:00,41.615,41.62,41.5717,41.605,20050,2023-09-25
2023-09-25 20:30:00,41.6,41.62,41.59,41.62,33596,2023-09-25
2023-09-25 20:35:00,41.615,41.685,41.61,41.68,21050,2023-09-25
2023-09-25 20:40:00,41.675,41.6785,41.63,41.63,14456,2023-09-25
2023-09-25 20:45:00,41.64,41.645,41.595,41.615,18106,2023-09-25
2023-09-25 20:50:00,41.61,41.655,41.61,41.625,15262,2023-09-25
2023-09-25 20:55:00,41.625,41.64,41.62,41.635,41918,2023-09-25
2023-09-25 21:00:00,41.64,41.655,41.64,41.65,15748,2023-09-25
2023-09-25 21:05:00,41.655,41.67,41.595,41.6,83678,2023-09-25
2023-09-25 21:10:00,41.585,41.6,41.58,41.6,19040,2023-09-25
2023-09-25 21:15:00,41.585,41.605,41.565,41.5725,15628,2023-09-25
2023-09-25 21:20:00,41.575,41.58,41.5075,41.525,24784,2023-09-25
2023-09-25 21:25:00,41.515,41.5525,41.515,41.53,13062,2023-09-25
2023-09-25 21:30:00,41.53,41.6,41.525,41.575,285906,2023-09-25
2023-09-25 21:35:00,41.575,41.645,41.57,41.62,80162,2023-09-25
2023-09-25 21:40:00,41.625,41.64,41.58,41.5906,25772,2023-09-25
2023-09-25 21:45:00,41.6,41.609,41.585,41.5925,18772,2023-09-25
2023-09-25 21:50:00,41.585,41.59,41.55,41.55,37352,2023-09-25
2023-09-25 21:55:00,41.545,41.555,41.535,41.54,20496,2023-09-25
2023-09-25 22:00:00,41.535,41.545,41.475,41.475,35346,2023-09-25
2023-09-25 22:05:00,41.47,41.48,41.45,41.45,30776,2023-09-25
2023-09-25 22:10:00,41.45,41.48,41.445,41.475,24440,2023-09-25
2023-09-25 22:15:00,41.4705,41.55,41.46,41.525,82486,2023-09-25
2023-09-25 22:20:00,41.53,41.545,41.495,41.515,38282,2023-09-25
2023-09-25 22:25:00,41.5,41.51,41.46,41.505,51194,2023-09-25
2023-09-25 22:30:00,41.5,41.54,41.4925,41.52,59720,2023-09-25
2023-09-25 22:35:00,41.5211,41.57,41.505,41.57,37140,2023-09-25
2023-09-25 22:40:00,41.575,41.585,41.5375,41.5375,60150,2023-09-25
2023-09-25 22:45:00,41.54,41.5925,41.5375,41.5825,94128,2023-09-25
2023-09-25 22:50:00,41.58,41.61,41.5225,41.5275,122742,2023-09-25
2023-09-25 22:55:00,41.525,41.635,41.5225,41.635,330712,2023-09-25
2023-09-25 23:00:00,41.63,41.63,41.63,41.63,24494,2023-09-25
2023-09-26 16:30:00,41.39,41.5,41.27,41.3225,57614,2023-09-26
2023-09-26 16:35:00,41.315,41.325,41.23,41.32,18870,2023-09-26
2023-09-26 16:40:00,41.33,41.3375,41.285,41.31,33962,2023-09-26
2023-09-26 16:45:00,41.31,41.31,41.16,41.2,20510,2023-09-26
2023-09-26 16:50:00,41.185,41.19,41.08,41.12,63548,2023-09-26
2023-09-26 16:55:00,41.12,41.12,41.07,41.12,26162,2023-09-26
2023-09-26 17:00:00,41.125,41.145,41.01,41.01,57662,2023-09-26
2023-09-26 17:05:00,41,41.035,40.975,41,45918,2023-09-26
2023-09-26 17:10:00,40.995,40.995,40.875,40.875,47426,2023-09-26
2023-09-26 17:15:00,40.875,40.925,40.86,40.885,50342,2023-09-26
2023-09-26 17:20:00,40.875,40.9275,40.87,40.9,19672,2023-09-26
2023-09-26 17:25:00,40.89,40.945,40.89,40.94,34534,2023-09-26
2023-09-26 17:30:00,40.936,40.936,40.835,40.85,37230,2023-09-26
2023-09-26 17:35:00,40.84,40.87,40.79,40.8675,56716,2023-09-26
2023-09-26 17:40:00,40.88,40.925,40.875,40.92,33450,2023-09-26
2023-09-26 17:45:00,40.925,40.9566,40.88,40.885,40438,2023-09-26
2023-09-26 17:50:00,40.88,40.885,40.84,40.8465,65634,2023-09-26
2023-09-26 17:55:00,40.855,40.8625,40.82,40.86,43644,2023-09-26
2023-09-26 18:00:00,40.86,40.8875,40.855,40.86,220340,2023-09-26
2023-09-26 18:05:00,40.865,40.88,40.81,40.81,208822,2023-09-26
2023-09-26 18:10:00,40.815,40.82,40.775,40.805,78810,2023-09-26
2023-09-26 18:15:00,40.7775,40.785,40.745,40.77,35010,2023-09-26
2023-09-26 18:20:00,40.765,40.77,40.735,40.735,26528,2023-09-26
2023-09-26 18:25:00,40.735,40.735,40.69,40.69,37988,2023-09-26
2023-09-26 18:30:00,40.69,40.705,40.62,40.705,72306,2023-09-26
2023-09-26 18:35:00,40.705,40.7425,40.68,40.73,32648,2023-09-26
2023-09-26 18:40:00,40.72,40.7475,40.685,40.72,38324,2023-09-26
2023-09-26 18:45:00,40.71,40.725,40.69,40.7,32068,2023-09-26
2023-09-26 18:50:00,40.7075,40.71,40.655,40.655,30810,2023-09-26
2023-09-26 18:55:00,40.67,40.685,40.635,40.675,159304,2023-09-26
2023-09-26 19:00:00,40.67,40.695,40.61,40.61,42210,2023-09-26
2023-09-26 19:05:00,40.615,40.655,40.595,40.655,31292,2023-09-26
2023-09-26 19:10:00,40.655,40.6625,40.615,40.63,151228,2023-09-26
2023-09-26 19:15:00,40.6325,40.665,40.61,40.625,27578,2023-09-26
2023-09-26 19:20:00,40.625,40.6638,40.615,40.66,24158,2023-09-26
2023-09-26 19:25:00,40.66,40.665,40.62,40.63,34320,2023-09-26
2023-09-26 19:30:00,40.63,40.6317,40.6075,40.625,20982,2023-09-26
2023-09-26 19:35:00,40.615,40.645,40.6125,40.615,72432,2023-09-26
2023-09-26 19:40:00,40.62,40.64,40.6175,40.635,24050,2023-09-26
2023-09-26 19:45:00,40.635,40.66,40.595,40.605,147612,2023-09-26
2023-09-26 19:50:00,40.605,40.625,40.59,40.6,65030,2023-09-26
2023-09-26 19:55:00,40.595,40.69,40.59,40.675,317400,2023-09-26
2023-09-26 20:00:00,40.675,40.76,40.67,40.7475,308048,2023-09-26
2023-09-26 20:05:00,40.745,40.795,40.705,40.7875,36802,2023-09-26
2023-09-26 20:10:00,40.79,40.875,40.79,40.855,33220,2023-09-26
2023-09-26 20:15:00,40.855,40.865,40.845,40.845,27054,2023-09-26
2023-09-26 20:20:00,40.845,40.885,40.845,40.8725,39178,2023-09-26
2023-09-26 20:25:00,40.8725,40.88,40.84,40.845,38396,2023-09-26
2023-09-26 20:30:00,40.84,40.885,40.81,40.815,103638,2023-09-26
2023-09-26 20:35:00,40.81,40.875,40.785,40.815,211300,2023-09-26
2023-09-26 20:40:00,40.82,40.8225,40.745,40.77,69254,2023-09-26
2023-09-26 20:45:00,40.765,40.78,40.73,40.755,134494,2023-09-26
2023-09-26 20:50:00,40.765,40.805,40.765,40.795,64452,2023-09-26
2023-09-26 20:55:00,40.79,40.84,40.79,40.84,41442,2023-09-26
2023-09-26 21:00:00,40.835,40.85,40.795,40.84,61566,2023-09-26
2023-09-26 21:05:00,40.835,40.845,40.795,40.805,64258,2023-09-26
2023-09-26 21:10:00,40.805,40.82,40.715,40.77,129922,2023-09-26
2023-09-26 21:15:00,40.775,40.7775,40.725,40.725,35628,2023-09-26
2023-09-26 21:20:00,40.725,40.795,40.72,40.78,50048,2023-09-26
2023-09-26 21:25:00,40.78,40.785,40.72,40.72,46892,2023-09-26
2023-09-26 21:30:00,40.725,40.74,40.685,40.72,115392,2023-09-26
2023-09-26 21:35:00,40.7275,40.7475,40.7125,40.745,82800,2023-09-26
2023-09-26 21:40:00,40.755,40.7725,40.73,40.745,40664,2023-09-26
2023-09-26 21:45:00,40.745,40.75,40.71,40.72,42256,2023-09-26
2023-09-26 21:50:00,40.725,40.735,40.695,40.725,44750,2023-09-26
2023-09-26 21:55:00,40.7225,40.775,40.7225,40.7725,108040,2023-09-26
2023-09-26 22:00:00,40.7735,40.815,40.765,40.78,69060,2023-09-26
2023-09-26 22:05:00,40.78,40.795,40.76,40.795,53518,2023-09-26
2023-09-26 22:10:00,40.79,40.79,40.72,40.735,74248,2023-09-26
2023-09-26 22:15:00,40.735,40.735,40.665,40.675,54720,2023-09-26
2023-09-26 22:20:00,40.67,40.685,40.645,40.655,45928,2023-09-26
2023-09-26 22:25:00,40.65,40.67,40.595,40.64,106516,2023-09-26
2023-09-26 22:30:00,40.64,40.69,40.625,40.665,70938,2023-09-26
2023-09-26 22:35:00,40.67,40.705,40.665,40.7,96968,2023-09-26
2023-09-26 22:40:00,40.7,40.8,40.6875,40.785,91954,2023-09-26
2023-09-26 22:45:00,40.78,40.8075,40.76,40.77,112272,2023-09-26
2023-09-26 22:50:00,40.77,40.775,40.725,40.735,227122,2023-09-26
2023-09-26 22:55:00,40.74,40.755,40.705,40.735,462078,2023-09-26
2023-09-26 23:00:00,40.73,40.73,40.73,40.73,31146,2023-09-26
2023-09-27 15:55:00,41.05,41.05,41.05,41.05,400,2023-09-27
2023-09-27 16:00:00,41.05,41.05,41,41,838,2023-09-27
2023-09-27 16:05:00,41.1,41.1,41.09,41.1,2760,2023-09-27
2023-09-27 16:30:00,40.96,41.025,40.9,40.975,142880,2023-09-27
2023-09-27 16:35:00,41,41,40.755,40.77,46538,2023-09-27
2023-09-27 16:40:00,40.765,40.775,40.685,40.7625,41116,2023-09-27
2023-09-27 16:45:00,40.785,40.815,40.75,40.815,17118,2023-09-27
2023-09-27 16:50:00,40.825,40.88,40.825,40.855,21642,2023-09-27
2023-09-27 16:55:00,40.845,40.85,40.8,40.8175,34596,2023-09-27
2023-09-27 17:00:00,40.8175,40.825,40.695,40.725,50708,2023-09-27
2023-09-27 17:05:00,40.72,40.7549,40.705,40.7549,40198,2023-09-27
2023-09-27 17:10:00,40.747,40.8275,40.74,40.81,32050,2023-09-27
2023-09-27 17:15:00,40.815,40.855,40.815,40.845,29378,2023-09-27
2023-09-27 17:20:00,40.85,40.92,40.845,40.9125,48692,2023-09-27
2023-09-27 17:25:00,40.9142,40.95,40.9142,40.945,41690,2023-09-27
2023-09-27 17:30:00,40.945,40.967,40.895,40.967,58798,2023-09-27
2023-09-27 17:35:00,40.96,41.02,40.96,41.005,44736,2023-09-27
2023-09-27 17:40:00,41.01,41.035,40.98,41.02,35082,2023-09-27
2023-09-27 17:45:00,41.025,41.045,41.005,41.04,36014,2023-09-27
2023-09-27 17:50:00,41.035,41.04,40.955,40.965,91602,2023-09-27
2023-09-27 17:55:00,40.965,41.005,40.96,41,57484,2023-09-27
2023-09-27 18:00:00,40.995,41.0575,40.99,41.045,28836,2023-09-27
2023-09-27 18:05:00,41.055,41.095,41.04,41.075,18494,2023-09-27
2023-09-27 18:10:00,41.0829,41.0829,41.015,41.05,20148,2023-09-27
2023-09-27 18:15:00,41.04,41.04,40.98,40.99,44376,2023-09-27
2023-09-27 18:20:00,40.985,41,40.96,40.965,25200,2023-09-27
2023-09-27 18:25:00,40.955,40.9875,40.95,40.9875,24472,2023-09-27
2023-09-27 18:30:00,40.99,41.035,40.99,41.035,16994,2023-09-27
2023-09-27 18:35:00,41.04,41.04,40.985,40.995,29988,2023-09-27
2023-09-27 18:40:00,40.99,40.99,40.9375,40.9375,46076,2023-09-27
2023-09-27 18:45:00,40.9375,40.95,40.915,40.945,36896,2023-09-27
2023-09-27 18:50:00,40.95,40.98,40.945,40.98,37500,2023-09-27
2023-09-27 18:55:00,40.98,41.01,40.97,40.975,50692,2023-09-27
2023-09-27 19:00:00,40.975,40.975,40.92,40.92,32184,2023-09-27
2023-09-27 19:05:00,40.925,40.925,40.835,40.835,27158,2023-09-27
2023-09-27 19:10:00,40.83,40.875,40.82,40.8675,46398,2023-09-27
2023-09-27 19:15:00,40.855,40.895,40.83,40.875,115848,2023-09-27
2023-09-27 19:20:00,40.875,40.91,40.87,40.91,59942,2023-09-27
2023-09-27 19:25:00,40.905,40.925,40.9,40.91,79200,2023-09-27
2023-09-27 19:30:00,40.9125,40.9401,40.9,40.94,66038,2023-09-27
2023-09-27 19:35:00,40.94,40.995,40.935,40.985,57056,2023-09-27
2023-09-27 19:40:00,40.975,41.045,40.97,41.045,37952,2023-09-27
2023-09-27 19:45:00,41.045,41.085,41.045,41.05,34592,2023-09-27
2023-09-27 19:50:00,41.05,41.05,41.0059,41.04,42344,2023-09-27
2023-09-27 19:55:00,41.04,41.04,41.015,41.03,34744,2023-09-27
2023-09-27 20:00:00,41.03,41.0755,41.02,41.065,46694,2023-09-27
2023-09-27 20:05:00,41.06,41.06,41,41.015,22120,2023-09-27
2023-09-27 20:10:00,41.005,41.005,40.94,40.97,67914,2023-09-27
2023-09-27 20:15:00,40.97,40.98,40.9353,40.945,99254,2023-09-27
2023-09-27 20:20:00,40.9475,40.96,40.89,40.92,87284,2023-09-27
2023-09-27 20:25:00,40.92,40.9225,40.89,40.8925,109818,2023-09-27
2023-09-27 20:30:00,40.89,40.92,40.88,40.92,38898,2023-09-27
2023-09-27 20:35:00,40.92,40.9325,40.905,40.9225,55650,2023-09-27
2023-09-27 20:40:00,40.9225,40.9225,40.86,40.89,49604,2023-09-27
2023-09-27 20:45:00,40.89,40.915,40.88,40.905,29020,2023-09-27
2023-09-27 20:50:00,40.915,40.974,40.915,40.96,25800,2023-09-27
2023-09-27 20:55:00,40.955,40.975,40.935,40.975,25664,2023-09-27
2023-09-27 21:00:00,40.97,40.985,40.95,40.985,55538,2023-09-27
2023-09-27 21:05:00,40.985,41.015,40.985,41,46230,2023-09-27
2023-09-27 21:10:00,40.995,41.015,40.98,41.005,46098,2023-09-27
2023-09-27 21:15:00,41.005,41.025,40.995,41.01,34410,2023-09-27
2023-09-27 21:20:00,41.01,41.045,41,41.0375,33522,2023-09-27
2023-09-27 21:25:00,41.04,41.095,41.0229,41.09,30666,2023-09-27
2023-09-27 21:30:00,41.095,41.15,41.095,41.105,22276,2023-09-27
2023-09-27 21:35:00,41.1075,41.14,41.1075,41.14,24722,2023-09-27
2023-09-27 21:40:00,41.135,41.18,41.1,41.165,32822,2023-09-27
2023-09-27 21:45:00,41.175,41.18,41.145,41.155,18640,2023-09-27
2023-09-27 21:50:00,41.15,41.195,41.13,41.195,38496,2023-09-27
2023-09-27 21:55:00,41.195,41.225,41.185,41.215,41156,2023-09-27
2023-09-27 22:00:00,41.2175,41.255,41.19,41.25,45492,2023-09-27
2023-09-27 22:05:00,41.25,41.2775,41.2375,41.25,40382,2023-09-27
2023-09-27 22:10:00,41.25,41.275,41.21,41.21,41900,2023-09-27
2023-09-27 22:15:00,41.205,41.235,41.175,41.225,60528,2023-09-27
2023-09-27 22:20:00,41.2325,41.235,41.205,41.22,39988,2023-09-27
2023-09-27 22:25:00,41.215,41.25,41.215,41.23,45152,2023-09-27
2023-09-27 22:30:00,41.225,41.24,41.185,41.23,588140,2023-09-27
2023-09-27 22:35:00,41.23,41.23,41.1275,41.17,129478,2023-09-27
2023-09-27 22:40:00,41.175,41.185,41.095,41.14,131140,2023-09-27
2023-09-27 22:45:00,41.135,41.17,41.1175,41.15,251690,2023-09-27
2023-09-27 22:50:00,41.155,41.2375,41.145,41.2325,186102,2023-09-27
2023-09-27 22:55:00,41.235,41.2375,41.135,41.18,551588,2023-09-27
2023-09-27 23:00:00,41.18,41.18,41.18,41.18,36800,2023-09-27
2023-09-27 23:30:00,41.18,41.18,41.18,41.18,934,2023-09-27
2023-09-28 16:30:00,41.205,41.285,41.1025,41.255,103340,2023-09-28
2023-09-28 16:35:00,41.25,41.355,41.25,41.315,16708,2023-09-28
2023-09-28 16:40:00,41.33,41.365,41.28,41.28,44436,2023-09-28
2023-09-28 16:45:00,41.255,41.33,41.25,41.3038,17076,2023-09-28
2023-09-28 16:50:00,41.335,41.435,41.33,41.435,43626,2023-09-28
2023-09-28 16:55:00,41.4475,41.525,41.44,41.525,31908,2023-09-28
2023-09-28 17:00:00,41.53,41.65,41.53,41.615,41586,2023-09-28
2023-09-28 17:05:00,41.615,41.655,41.57,41.63,41544,2023-09-28
2023-09-28 17:10:00,41.62,41.66,41.6125,41.635,33676,2023-09-28
2023-09-28 17:15:00,41.655,41.665,41.565,41.66,39312,2023-09-28
2023-09-28 17:20:00,41.67,41.7,41.635,41.675,21826,2023-09-28
2023-09-28 17:25:00,41.675,41.745,41.64,41.72,477172,2023-09-28
2023-09-28 17:30:00,41.725,41.75,41.6225,41.75,91266,2023-09-28
2023-09-28 17:35:00,41.7475,41.8425,41.745,41.8425,61900,2023-09-28
2023-09-28 17:40:00,41.85,41.9325,41.8,41.9325,61076,2023-09-28
2023-09-28 17:45:00,41.925,41.975,41.915,41.9375,85650,2023-09-28
2023-09-28 17:50:00,41.9375,41.98,41.91,41.965,143522,2023-09-28
2023-09-28 17:55:00,41.96,41.985,41.94,41.945,146502,2023-09-28
2023-09-28 18:00:00,41.9425,41.98,41.91,41.974,68740,2023-09-28
2023-09-28 18:05:00,41.975,42.03,41.95,42.02,137238,2023-09-28
2023-09-28 18:10:00,42.025,42.045,41.98,42.03,59142,2023-09-28
2023-09-28 18:15:00,42.045,42.045,41.975,41.995,43778,2023-09-28
2023-09-28 18:20:00,41.995,42.055,41.975,42.055,32346,2023-09-28
2023-09-28 18:25:00,42.04,42.075,42.005,42.075,40098,2023-09-28
2023-09-28 18:30:00,42.075,42.12,42.06,42.06,29572,2023-09-28
2023-09-28 18:35:00,42.07,42.125,42.04,42.095,48200,2023-09-28
2023-09-28 18:40:00,42.095,42.1661,42.07,42.1491,60382,2023-09-28
2023-09-28 18:45:00,42.14,42.185,42.12,42.1682,35910,2023-09-28
2023-09-28 18:50:00,42.185,42.2275,42.17,42.22,35476,2023-09-28
2023-09-28 18:55:00,42.22,42.245,42.205,42.235,30668,2023-09-28
2023-09-28 19:00:00,42.24,42.24,42.15,42.15,35382,2023-09-28
2023-09-28 19:05:00,42.162,42.175,42.145,42.17,22756,2023-09-28
2023-09-28 19:10:00,42.17,42.18,42.14,42.165,28386,2023-09-28
2023-09-28 19:15:00,42.16,42.22,42.16,42.2,27872,2023-09-28
2023-09-28 19:20:00,42.2,42.2,42.17,42.175,14142,2023-09-28
2023-09-28 19:25:00,42.184,42.2375,42.18,42.225,21624,2023-09-28
2023-09-28 19:30:00,42.235,42.24,42.18,42.185,17252,2023-09-28
2023-09-28 19:35:00,42.1825,42.19,42.165,42.165,12342,2023-09-28
2023-09-28 19:40:00,42.175,42.205,42.17,42.19,19832,2023-09-28
2023-09-28 19:45:00,42.19,42.19,42.1,42.1,10600,2023-09-28
2023-09-28 19:50:00,42.09,42.12,42.06,42.06,26308,2023-09-28
2023-09-28 19:55:00,42.07,42.0925,42.05,42.0921,9460,2023-09-28
2023-09-28 20:00:00,42.065,42.1,42.06,42.06,15100,2023-09-28
2023-09-28 20:05:00,42.045,42.08,42.015,42.075,12844,2023-09-28
2023-09-28 20:10:00,42.08,42.0925,42.02,42.055,17406,2023-09-28
2023-09-28 20:15:00,42.045,42.05,42.035,42.05,11620,2023-09-28
2023-09-28 20:20:00,42.055,42.0925,42.045,42.0875,21336,2023-09-28
2023-09-28 20:25:00,42.095,42.095,42.04,42.04,24180,2023-09-28
2023-09-28 20:30:00,42.035,42.035,41.98,42.0095,41022,2023-09-28
2023-09-28 20:35:00,42.0025,42.0627,41.995,42.045,27280,2023-09-28
2023-09-28 20:40:00,42.055,42.055,41.97,41.98,46558,2023-09-28
2023-09-28 20:45:00,41.9875,42.03,41.985,42.02,17238,2023-09-28
2023-09-28 20:50:00,42.0135,42.02,41.985,41.99,13986,2023-09-28
2023-09-28 20:55:00,41.99,42.025,41.9575,42.025,27944,2023-09-28
2023-09-28 21:00:00,42.03,42.07,42.01,42.01,56818,2023-09-28
2023-09-28 21:05:00,42.02,42.0325,41.992,42.0325,24732,2023-09-28
2023-09-28 21:10:00,42.04,42.04,42.01,42.04,14042,2023-09-28
2023-09-28 21:15:00,42.05,42.06,42.03,42.0525,23558,2023-09-28
2023-09-28 21:20:00,42.05,42.065,42.03,42.05,33312,2023-09-28
2023-09-28 21:25:00,42.05,42.085,42.05,42.055,17888,2023-09-28
2023-09-28 21:30:00,42.055,42.075,42,42,29702,2023-09-28
2023-09-28 21:35:00,42,42.005,41.9625,42,53128,2023-09-28
2023-09-28 21:40:00,42,42.05,41.995,42.025,29382,2023-09-28
2023-09-28 21:45:00,42.02,42.03,41.985,42.005,36972,2023-09-28
2023-09-28 21:50:00,42,42.025,41.97,41.995,20708,2023-09-28
2023-09-28 21:55:00,42.005,42.045,41.99,42.045,53242,2023-09-28
2023-09-28 22:00:00,42.055,42.065,42.03,42.065,45414,2023-09-28
2023-09-28 22:05:00,42.085,42.105,42.055,42.105,57740,2023-09-28
2023-09-28 22:10:00,42.105,42.145,42.105,42.145,64408,2023-09-28
2023-09-28 22:15:00,42.14,42.15,42.1,42.1325,81428,2023-09-28
2023-09-28 22:20:00,42.13,42.175,42.1275,42.17,36278,2023-09-28
2023-09-28 22:25:00,42.17,42.185,42.15,42.16,46944,2023-09-28
2023-09-28 22:30:00,42.155,42.1775,42.115,42.135,238126,2023-09-28
2023-09-28 22:35:00,42.125,42.14,42.02,42.02,118178,2023-09-28
2023-09-28 22:40:00,42.02,42.12,42.02,42.11,119822,2023-09-28
2023-09-28 22:45:00,42.1081,42.11,42.0375,42.04,115242,2023-09-28
2023-09-28 22:50:00,42.04,42.08,41.985,42.03,208492,2023-09-28
2023-09-28 22:55:00,42.03,42.0875,42.025,42.03,308264,2023-09-28
2023-09-28 23:00:00,42.04,42.04,42.04,42.04,28066,2023-09-28
2023-09-28 23:25:00,42.04,42.04,42.04,42.04,350,2023-09-28
2023-09-29 16:30:00,42.28,42.395,42.28,42.3,56934,2023-09-29
2023-09-29 16:35:00,42.3,42.3175,42.245,42.2775,36532,2023-09-29
2023-09-29 16:40:00,42.3075,42.3375,42.235,42.3125,79694,2023-09-29
2023-09-29 16:45:00,42.3125,42.3125,42.2,42.2325,40344,2023-09-29
2023-09-29 16:50:00,42.245,42.31,42.21,42.31,19660,2023-09-29
2023-09-29 16:55:00,42.32,42.35,42.2975,42.315,16490,2023-09-29
2023-09-29 17:00:00,42.325,42.4,42.325,42.39,89046,2023-09-29
2023-09-29 17:05:00,42.39,42.42,42.37,42.41,45862,2023-09-29
2023-09-29 17:10:00,42.42,42.455,42.31,42.3315,64276,2023-09-29
2023-09-29 17:15:00,42.315,42.32,42.22,42.23,65032,2023-09-29
2023-09-29 17:20:00,42.23,42.29,42.23,42.2625,35230,2023-09-29
2023-09-29 17:25:00,42.26,42.3,42.25,42.2825,86734,2023-09-29
2023-09-29 17:30:00,42.2775,42.305,42.27,42.285,33764,2023-09-29
2023-09-29 17:35:00,42.3,42.34,42.2725,42.34,28476,2023-09-29
2023-09-29 17:40:00,42.34,42.355,42.32,42.345,34904,2023-09-29
2023-09-29 17:45:00,42.35,42.375,42.34,42.3625,20942,2023-09-29
2023-09-29 17:50:00,42.3625,42.385,42.335,42.35,50496,2023-09-29
2023-09-29 17:55:00,42.34,42.34,42.265,42.2725,28750,2023-09-29
2023-09-29 18:00:00,42.27,42.28,42.24,42.24,190692,2023-09-29
2023-09-29 18:05:00,42.2495,42.275,42.2475,42.2625,128740,2023-09-29
2023-09-29 18:10:00,42.27,42.305,42.265,42.275,61114,2023-09-29
2023-09-29 18:15:00,42.2725,42.2775,42.2175,42.2352,20200,2023-09-29
2023-09-29 18:20:00,42.2325,42.325,42.225,42.315,19836,2023-09-29
2023-09-29 18:25:00,42.3175,42.33,42.145,42.145,21496,2023-09-29
2023-09-29 18:30:00,42.1481,42.215,42.145,42.17,18146,2023-09-29
2023-09-29 18:35:00,42.175,42.1995,42.155,42.1975,44142,2023-09-29
2023-09-29 18:40:00,42.1975,42.26,42.195,42.21,40282,2023-09-29
2023-09-29 18:45:00,42.22,42.23,42.2,42.2,54302,2023-09-29
2023-09-29 18:50:00,42.2,42.215,42.1,42.115,15490,2023-09-29
2023-09-29 18:55:00,42.115,42.115,42.079,42.085,8988,2023-09-29
2023-09-29 19:00:00,42.09,42.15,42.09,42.145,38128,2023-09-29
2023-09-29 19:05:00,42.15,42.22,42.145,42.2025,39584,2023-09-29
2023-09-29 19:10:00,42.21,42.215,42.105,42.1425,45752,2023-09-29
2023-09-29 19:15:00,42.145,42.2,42.115,42.195,13470,2023-09-29
2023-09-29 19:20:00,42.205,42.205,42.17,42.17,11794,2023-09-29
2023-09-29 19:25:00,42.16,42.215,42.15,42.2,32636,2023-09-29
2023-09-29 19:30:00,42.205,42.235,42.185,42.195,20582,2023-09-29
2023-09-29 19:35:00,42.185,42.205,42.1674,42.1674,10488,2023-09-29
2023-09-29 19:40:00,42.16,42.23,42.16,42.18,22652,2023-09-29
2023-09-29 19:45:00,42.18,42.205,42.115,42.1425,29848,2023-09-29
2023-09-29 19:50:00,42.14,42.1401,42.09,42.1,84622,2023-09-29
2023-09-29 19:55:00,42.1,42.125,42.09,42.115,86578,2023-09-29
2023-09-29 20:00:00,42.1214,42.1214,42.025,42.06,28894,2023-09-29
2023-09-29 20:05:00,42.055,42.055,41.965,41.975,16844,2023-09-29
2023-09-29 20:10:00,41.975,42.025,41.975,42.025,40496,2023-09-29
2023-09-29 20:15:00,42.025,42.05,41.995,42.03,100600,2023-09-29
2023-09-29 20:20:00,42.02,42.05,42.02,42.0375,41530,2023-09-29
2023-09-29 20:25:00,42.045,42.12,42.045,42.105,28406,2023-09-29
2023-09-29 20:30:00,42.1,42.115,42.06,42.061,31270,2023-09-29
2023-09-29 20:35:00,42.0625,42.085,42.0375,42.04,33234,2023-09-29
2023-09-29 20:40:00,42.04,42.0684,42.01,42.06,19838,2023-09-29
2023-09-29 20:45:00,42.065,42.065,42,42.005,20814,2023-09-29
2023-09-29 20:50:00,42.01,42.035,41.98,42.01,22556,2023-09-29
2023-09-29 20:55:00,42,42.01,41.955,41.965,28610,2023-09-29
2023-09-29 21:00:00,41.96,41.99,41.925,41.9875,39110,2023-09-29
2023-09-29 21:05:00,41.995,42.0009,41.945,41.95,32546,2023-09-29
2023-09-29 21:10:00,41.95,41.97,41.9325,41.935,35656,2023-09-29
2023-09-29 21:15:00,41.935,42.005,41.935,42.005,61430,2023-09-29
2023-09-29 21:20:00,42,42.02,41.985,42,24696,2023-09-29
2023-09-29 21:25:00,42.005,42.03,41.955,41.965,39142,2023-09-29
2023-09-29 21:30:00,41.965,41.995,41.955,41.985,63380,2023-09-29
2023-09-29 21:35:00,41.9825,42,41.97,41.99,33538,2023-09-29
2023-09-29 21:40:00,41.99,42.065,41.985,42.045,36748,2023-09-29
2023-09-29 21:45:00,42.04,42.055,42.01,42.015,27620,2023-09-29
2023-09-29 21:50:00,42.01,42.0275,41.98,42.02,32002,2023-09-29
2023-09-29 21:55:00,42.015,42.115,42.0125,42.095,75922,2023-09-29
2023-09-29 22:00:00,42.095,42.1375,42.0375,42.045,48282,2023-09-29
2023-09-29 22:05:00,42.045,42.08,42.04,42.045,36692,2023-09-29
2023-09-29 22:10:00,42.04,42.105,42.02,42.0715,30836,2023-09-29
2023-09-29 22:15:00,42.065,42.105,42.06,42.09,48082,2023-09-29
2023-09-29 22:20:00,42.075,42.11,42.03,42.0325,103640,2023-09-29
2023-09-29 22:25:00,42.025,42.055,41.99,42.04,69668,2023-09-29
2023-09-29 22:30:00,42.035,42.035,41.975,41.985,46092,2023-09-29
2023-09-29 22:35:00,41.985,42.035,41.9775,42.025,131462,2023-09-29
2023-09-29 22:40:00,42.025,42.03,41.985,41.985,138380,2023-09-29
2023-09-29 22:45:00,41.99,42.115,41.99,42.115,147934,2023-09-29
2023-09-29 22:50:00,42.11,42.1875,42.05,42.08,150870,2023-09-29
2023-09-29 22:55:00,42.085,42.085,41.96,42,402170,2023-09-29
2023-09-29 23:00:00,41.995,41.995,41.995,41.995,19710,2023-09-29
2023-09-29 23:15:00,41.995,41.995,41.995,41.995,11188,2023-09-29
2023-09-29 23:20:00,41.995,41.995,41.995,41.995,200,2023-09-29
2023-09-30 00:00:00,41.995,41.995,41.995,41.995,9530,2023-09-29
2023-10-02 16:30:00,41.67,41.8125,41.645,41.72,92190,2023-10-02
2023-10-02 16:35:00,41.735,41.815,41.735,41.795,28076,2023-10-02
2023-10-02 16:40:00,41.785,41.785,41.705,41.745,57996,2023-10-02
2023-10-02 16:45:00,41.705,41.705,41.6152,41.6152,44998,2023-10-02
2023-10-02 16:50:00,41.635,41.64,41.46,41.575,63404,2023-10-02
2023-10-02 16:55:00,41.585,41.645,41.565,41.645,31160,2023-10-02
2023-10-02 17:00:00,41.625,41.78,41.615,41.78,48970,2023-10-02
2023-10-02 17:05:00,41.775,41.805,41.735,41.735,26728,2023-10-02
2023-10-02 17:10:00,41.705,41.755,41.685,41.7,39102,2023-10-02
2023-10-02 17:15:00,41.685,41.775,41.685,41.7125,29930,2023-10-02
2023-10-02 17:20:00,41.72,41.72,41.6575,41.71,25916,2023-10-02
2023-10-02 17:25:00,41.715,41.755,41.64,41.65,39042,2023-10-02
2023-10-02 17:30:00,41.6525,41.6525,41.565,41.595,28570,2023-10-02
2023-10-02 17:35:00,41.585,41.595,41.51,41.525,40038,2023-10-02
2023-10-02 17:40:00,41.52,41.525,41.4,41.475,39790,2023-10-02
2023-10-02 17:45:00,41.475,41.505,41.365,41.395,35130,2023-10-02
2023-10-02 17:50:00,41.395,41.5125,41.395,41.465,63020,2023-10-02
2023-10-02 17:55:00,41.455,41.47,41.395,41.425,23532,2023-10-02
2023-10-02 18:00:00,41.42,41.54,41.405,41.54,20220,2023-10-02
2023-10-02 18:05:00,41.465,41.49,41.445,41.455,19828,2023-10-02
2023-10-02 18:10:00,41.455,41.51,41.445,41.495,33896,2023-10-02
2023-10-02 18:15:00,41.49,41.55,41.4875,41.55,35074,2023-10-02
2023-10-02 18:20:00,41.555,41.655,41.555,41.625,26842,2023-10-02
2023-10-02 18:25:00,41.63,41.63,41.585,41.62,24752,2023-10-02
2023-10-02 18:30:00,41.63,41.64,41.59,41.595,13126,2023-10-02
2023-10-02 18:35:00,41.59,41.625,41.55,41.555,33562,2023-10-02
2023-10-02 18:40:00,41.545,41.565,41.51,41.51,25364,2023-10-02
2023-10-02 18:45:00,41.505,41.505,41.4525,41.46,19314,2023-10-02
2023-10-02 18:50:00,41.465,41.4875,41.395,41.42,19096,2023-10-02
2023-10-02 18:55:00,41.395,41.42,41.38,41.415,14424,2023-10-02
2023-10-02 19:00:00,41.41,41.43,41.3625,41.39,29566,2023-10-02
2023-10-02 19:05:00,41.385,41.3975,41.325,41.3325,33884,2023-10-02
2023-10-02 19:10:00,41.33,41.3625,41.315,41.34,21868,2023-10-02
2023-10-02 19:15:00,41.34,41.375,41.3001,41.31,20634,2023-10-02
2023-10-02 19:20:00,41.305,41.34,41.29,41.31,90578,2023-10-02
2023-10-02 19:25:00,41.31,41.31,41.2575,41.285,26480,2023-10-02
2023-10-02 19:30:00,41.26,41.29,41.26,41.285,15948,2023-10-02
2023-10-02 19:35:00,41.29,41.32,41.255,41.295,24068,2023-10-02
2023-10-02 19:40:00,41.285,41.29,41.2275,41.23,19628,2023-10-02
2023-10-02 19:45:00,41.23,41.24,41.175,41.175,31766,2023-10-02
2023-10-02 19:50:00,41.175,41.195,41.145,41.145,84900,2023-10-02
2023-10-02 19:55:00,41.1425,41.178,41.125,41.165,27002,2023-10-02
2023-10-02 20:00:00,41.15,41.18,41.14,41.145,23188,2023-10-02
2023-10-02 20:05:00,41.15,41.175,41.11,41.155,24222,2023-10-02
2023-10-02 20:10:00,41.16,41.16,41.1075,41.115,38976,2023-10-02
2023-10-02 20:15:00,41.12,41.22,41.12,41.215,32890,2023-10-02
2023-10-02 20:20:00,41.215,41.245,41.205,41.2175,41786,2023-10-02
2023-10-02 20:25:00,41.205,41.27,41.205,41.2563,29862,2023-10-02
2023-10-02 20:30:00,41.255,41.285,41.225,41.24,29898,2023-10-02
2023-10-02 20:35:00,41.2425,41.26,41.205,41.23,35100,2023-10-02
2023-10-02 20:40:00,41.24,41.2975,41.24,41.2975,16684,2023-10-02
2023-10-02 20:45:00,41.285,41.305,41.25,41.255,17012,2023-10-02
2023-10-02 20:50:00,41.255,41.305,41.255,41.295,14906,2023-10-02
2023-10-02 20:55:00,41.3,41.3224,41.27,41.285,19688,2023-10-02
2023-10-02 21:00:00,41.2825,41.3,41.255,41.265,26760,2023-10-02
2023-10-02 21:05:00,41.27,41.31,41.255,41.26,28822,2023-10-02
2023-10-02 21:10:00,41.2625,41.38,41.2625,41.37,28062,2023-10-02
2023-10-02 21:15:00,41.375,41.375,41.2849,41.285,27588,2023-10-02
2023-10-02 21:20:00,41.28,41.285,41.235,41.255,22628,2023-10-02
2023-10-02 21:25:00,41.2375,41.2375,41.1925,41.205,26888,2023-10-02
2023-10-02 21:30:00,41.21,41.26,41.21,41.2475,39466,2023-10-02
2023-10-02 21:35:00,41.2475,41.26,41.21,41.21,28656,2023-10-02
2023-10-02 21:40:00,41.205,41.21,41.165,41.17,29644,2023-10-02
2023-10-02 21:45:00,41.165,41.205,41.165,41.195,24794,2023-10-02
2023-10-02 21:50:00,41.1975,41.235,41.165,41.165,30282,2023-10-02
2023-10-02 21:55:00,41.1505,41.175,41.135,41.16,32216,2023-10-02
2023-10-02 22:00:00,41.15,41.185,41.12,41.1275,40484,2023-10-02
2023-10-02 22:05:00,41.125,41.1875,41.105,41.1475,59188,2023-10-02
2023-10-02 22:10:00,41.14,41.2054,41.135,41.14,48276,2023-10-02
2023-10-02 22:15:00,41.155,41.205,41.155,41.17,32018,2023-10-02
2023-10-02 22:20:00,41.145,41.25,41.145,41.225,29920,2023-10-02
2023-10-02 22:25:00,41.235,41.24,41.19,41.2,49670,2023-10-02
2023-10-02 22:30:00,41.1875,41.235,41.18,41.23,53126,2023-10-02
2023-10-02 22:35:00,41.225,41.23,41.185,41.205,46858,2023-10-02
2023-10-02 22:40:00,41.2025,41.2175,41.175,41.1825,69568,2023-10-02
2023-10-02 22:45:00,41.18,41.23,41.18,41.195,75032,2023-10-02
2023-10-02 22:50:00,41.19,41.265,41.165,41.265,131358,2023-10-02
2023-10-02 22:55:00,41.28,41.33,41.255,41.33,323154,2023-10-02
2023-10-02 23:00:00,41.325,41.325,41.325,41.325,4812,2023-10-02
2023-10-03 16:30:00,41.175,41.295,41.1575,41.265,46634,2023-10-03
2023-10-03 16:35:00,41.275,41.395,41.24,41.385,25456,2023-10-03
2023-10-03 16:40:00,41.37,41.415,41.36,41.395,16640,2023-10-03
2023-10-03 16:45:00,41.415,41.485,41.415,41.485,21278,2023-10-03
2023-10-03 16:50:00,41.4825,41.495,41.4075,41.445,15142,2023-10-03
2023-10-03 16:55:00,41.44,41.445,41.415,41.445,18234,2023-10-03
2023-10-03 17:00:00,41.435,41.435,41.295,41.295,69638,2023-10-03
2023-10-03 17:05:00,41.28,41.285,41.205,41.205,60388,2023-10-03
2023-10-03 17:10:00,41.2,41.2525,41.055,41.055,57196,2023-10-03
2023-10-03 17:15:00,41.05,41.055,40.955,41.025,68256,2023-10-03
2023-10-03 17:20:00,41.025,41.115,41.025,41.0525,24772,2023-10-03
2023-10-03 17:25:00,41.06,41.13,41.0578,41.075,37796,2023-10-03
2023-10-03 17:30:00,41.06,41.1436,41.0575,41.115,31688,2023-10-03
2023-10-03 17:35:00,41.115,41.165,41.075,41.075,61416,2023-10-03
2023-10-03 17:40:00,41.07,41.12,41.07,41.0975,32512,2023-10-03
2023-10-03 17:45:00,41.1,41.1075,41.06,41.065,25256,2023-10-03
2023-10-03 17:50:00,41.06,41.0675,40.9925,41.0375,24074,2023-10-03
2023-10-03 17:55:00,41.04,41.055,41.015,41.055,17440,2023-10-03
2023-10-03 18:00:00,41.035,41.035,40.985,40.985,27440,2023-10-03
2023-10-03 18:05:00,40.99,41.03,40.96,40.975,37052,2023-10-03
2023-10-03 18:10:00,40.97,40.99,40.9538,40.99,29882,2023-10-03
2023-10-03 18:15:00,40.985,41.02,40.985,41.0125,25078,2023-10-03
2023-10-03 18:20:00,41.005,41.04,40.965,40.98,18410,2023-10-03
2023-10-03 18:25:00,40.98,41.04,40.965,41.03,57508,2023-10-03
2023-10-03 18:30:00,41.02,41.08,41.02,41.065,50114,2023-10-03
2023-10-03 18:35:00,41.06,41.07,41.0325,41.05,34718,2023-10-03
2023-10-03 18:40:00,41.06,41.075,41.05,41.0625,24892,2023-10-03
2023-10-03 18:45:00,41.065,41.065,41.0325,41.06,26184,2023-10-03
2023-10-03 18:50:00,41.045,41.055,41.015,41.0225,39680,2023-10-03
2023-10-03 18:55:00,41.03,41.085,41.025,41.085,36484,2023-10-03
2023-10-03 19:00:00,41.0875,41.1448,41.0875,41.1448,14824,2023-10-03
2023-10-03 19:05:00,41.125,41.165,41.105,41.1125,7342,2023-10-03
2023-10-03 19:10:00,41.09,41.135,41.09,41.135,11994,2023-10-03
2023-10-03 19:15:00,41.145,41.215,41.11,41.19,41088,2023-10-03
2023-10-03 19:20:00,41.19,41.225,41.18,41.2228,40240,2023-10-03
2023-10-03 19:25:00,41.215,41.22,41.175,41.19,77380,2023-10-03
2023-10-03 19:30:00,41.191,41.22,41.175,41.2025,21966,2023-10-03
2023-10-03 19:35:00,41.1815,41.2525,41.165,41.2525,27980,2023-10-03
2023-10-03 19:40:00,41.265,41.28,41.215,41.215,18268,2023-10-03
2023-10-03 19:45:00,41.21,41.27,41.21,41.265,31978,2023-10-03
2023-10-03 19:50:00,41.265,41.2775,41.255,41.26,15494,2023-10-03
2023-10-03 19:55:00,41.25,41.29,41.245,41.275,22732,2023-10-03
2023-10-03 20:00:00,41.28,41.335,41.28,41.315,17182,2023-10-03
2023-10-03 20:05:00,41.3125,41.315,41.2375,41.2375,12930,2023-10-03
2023-10-03 20:10:00,41.235,41.2425,41.17,41.18,60156,2023-10-03
2023-10-03 20:15:00,41.185,41.21,41.185,41.1925,25872,2023-10-03
2023-10-03 20:20:00,41.1925,41.23,41.155,41.21,173048,2023-10-03
2023-10-03 20:25:00,41.21,41.22,41.18,41.2,34188,2023-10-03
2023-10-03 20:30:00,41.2025,41.2048,41.1756,41.19,39580,2023-10-03
2023-10-03 20:35:00,41.1875,41.1975,41.16,41.1975,53418,2023-10-03
2023-10-03 20:40:00,41.195,41.22,41.19,41.19,27382,2023-10-03
2023-10-03 20:45:00,41.19,41.1925,41.15,41.15,26184,2023-10-03
2023-10-03 20:50:00,41.155,41.17,41.1425,41.15,64654,2023-10-03
2023-10-03 20:55:00,41.1481,41.1481,41.1,41.1,44192,2023-10-03
2023-10-03 21:00:00,41.095,41.115,41.0325,41.065,27044,2023-10-03
2023-10-03 21:05:00,41.065,41.0675,41.015,41.0475,76834,2023-10-03
2023-10-03 21:10:00,41.05,41.0575,41.035,41.045,37866,2023-10-03
2023-10-03 21:15:00,41.045,41.09,41.01,41.085,50514,2023-10-03
2023-10-03 21:20:00,41.085,41.085,41.04,41.075,39160,2023-10-03
2023-10-03 21:25:00,41.075,41.095,41.065,41.0875,39710,2023-10-03
2023-10-03 21:30:00,41.0875,41.1,41.08,41.1,33024,2023-10-03
2023-10-03 21:35:00,41.105,41.1575,41.105,41.15,28658,2023-10-03
2023-10-03 21:40:00,41.15,41.165,41.125,41.155,31834,2023-10-03
2023-10-03 21:45:00,41.15,41.17,41.115,41.1225,41932,2023-10-03
2023-10-03 21:50:00,41.125,41.1375,41.09,41.115,52466,2023-10-03
2023-10-03 21:55:00,41.1175,41.12,41.09,41.095,40472,2023-10-03
2023-10-03 22:00:00,41.095,41.13,41.07,41.085,46994,2023-10-03
2023-10-03 22:05:00,41.085,41.0925,41.0675,41.0725,51698,2023-10-03
2023-10-03 22:10:00,41.0725,41.075,41.025,41.065,46736,2023-10-03
2023-10-03 22:15:00,41.0629,41.12,41.0625,41.09,84968,2023-10-03
2023-10-03 22:20:00,41.09,41.14,41.0845,41.1325,69084,2023-10-03
2023-10-03 22:25:00,41.13,41.1345,41.095,41.1225,60804,2023-10-03
2023-10-03 22:30:00,41.125,41.1325,41.085,41.115,78606,2023-10-03
2023-10-03 22:35:00,41.115,41.1695,41.115,41.14,65468,2023-10-03
2023-10-03 22:40:00,41.14,41.2075,41.14,41.17,137816,2023-10-03
2023-10-03 22:45:00,41.17,41.1745,41.1125,41.12,89774,2023-10-03
2023-10-03 22:50:00,41.12,41.16,41.045,41.045,124960,2023-10-03
2023-10-03 22:55:00,41.045,41.095,41.02,41.09,320310,2023-10-03
2023-10-03 23:00:00,41.09,41.09,41.09,41.09,431382,2023-10-03
2023-10-04 00:15:00,40.835,40.835,40.835,40.835,200,2023-10-03
2023-10-04 16:30:00,41.205,41.31,41.195,41.295,91608,2023-10-04
2023-10-04 16:35:00,41.34,41.39,41.305,41.365,18396,2023-10-04
2023-10-04 16:40:00,41.37,41.385,41.275,41.275,14272,2023-10-04
2023-10-04 16:45:00,41.28,41.28,41.175,41.25,18128,2023-10-04
2023-10-04 16:50:00,41.225,41.225,41.145,41.165,12064,2023-10-04
2023-10-04 16:55:00,41.175,41.28,41.17,41.265,40628,2023-10-04
2023-10-04 17:00:00,41.255,41.27,41.15,41.185,25712,2023-10-04
2023-10-04 17:05:00,41.19,41.3125,41.18,41.235,33502,2023-10-04
2023-10-04 17:10:00,41.26,41.31,41.22,41.295,18154,2023-10-04
2023-10-04 17:15:00,41.29,41.29,41.225,41.25,13888,2023-10-04
2023-10-04 17:20:00,41.26,41.26,41.16,41.185,23100,2023-10-04
2023-10-04 17:25:00,41.1925,41.1925,41.095,41.095,28838,2023-10-04
2023-10-04 17:30:00,41.065,41.145,41.06,41.13,33050,2023-10-04
2023-10-04 17:35:00,41.14,41.19,41.14,41.15,20120,2023-10-04
2023-10-04 17:40:00,41.16,41.24,41.16,41.22,25980,2023-10-04
2023-10-04 17:45:00,41.215,41.2513,41.0999,41.1003,29440,2023-10-04
2023-10-04 17:50:00,41.115,41.155,41.104,41.105,25678,2023-10-04
2023-10-04 17:55:00,41.1175,41.145,41.095,41.135,29550,2023-10-04
2023-10-04 18:00:00,41.125,41.125,41.095,41.095,20748,2023-10-04
2023-10-04 18:05:00,41.095,41.135,41.08,41.095,59126,2023-10-04
2023-10-04 18:10:00,41.0925,41.165,41.0925,41.1525,38242,2023-10-04
2023-10-04 18:15:00,41.1524,41.25,41.1524,41.25,16396,2023-10-04
2023-10-04 18:20:00,41.26,41.26,41.185,41.205,15888,2023-10-04
2023-10-04 18:25:00,41.21,41.31,41.205,41.31,55268,2023-10-04
2023-10-04 18:30:00,41.3075,41.3175,41.285,41.3,25770,2023-10-04
2023-10-04 18:35:00,41.27,41.305,41.25,41.29,14026,2023-10-04
2023-10-04 18:40:00,41.285,41.29,41.24,41.265,15008,2023-10-04
2023-10-04 18:45:00,41.25,41.375,41.245,41.35,21874,2023-10-04
2023-10-04 18:50:00,41.35,41.4,41.33,41.395,18360,2023-10-04
2023-10-04 18:55:00,41.395,41.43,41.3775,41.41,17972,2023-10-04
2023-10-04 19:00:00,41.425,41.4266,41.35,41.37,30368,2023-10-04
2023-10-04 19:05:00,41.3741,41.41,41.36,41.385,34544,2023-10-04
2023-10-04 19:10:00,41.4,41.44,41.38,41.405,23948,2023-10-04
2023-10-04 19:15:00,41.395,41.485,41.395,41.48,22192,2023-10-04
2023-10-04 19:20:00,41.48,41.49,41.4525,41.4525,32568,2023-10-04
2023-10-04 19:25:00,41.46,41.51,41.455,41.505,26442,2023-10-04
2023-10-04 19:30:00,41.515,41.5488,41.495,41.525,35012,2023-10-04
2023-10-04 19:35:00,41.52,41.555,41.4875,41.535,69698,2023-10-04
2023-10-04 19:40:00,41.54,41.545,41.4775,41.4775,65540,2023-10-04
2023-10-04 19:45:00,41.485,41.52,41.485,41.5,22620,2023-10-04
2023-10-04 19:50:00,41.5,41.5075,41.44,41.455,22622,2023-10-04
2023-10-04 19:55:00,41.46,41.475,41.445,41.455,21782,2023-10-04
2023-10-04 20:00:00,41.465,41.4675,41.415,41.415,17304,2023-10-04
2023-10-04 20:05:00,41.425,41.445,41.425,41.435,28942,2023-10-04
2023-10-04 20:10:00,41.435,41.445,41.4,41.4,28100,2023-10-04
2023-10-04 20:15:00,41.41,41.455,41.41,41.4125,15466,2023-10-04
2023-10-04 20:20:00,41.42,41.4525,41.4,41.415,30412,2023-10-04
2023-10-04 20:25:00,41.41,41.41,41.36,41.3625,36920,2023-10-04
2023-10-04 20:30:00,41.36,41.395,41.35,41.3725,26506,2023-10-04
2023-10-04 20:35:00,41.385,41.4,41.36,41.395,27832,2023-10-04
2023-10-04 20:40:00,41.39,41.42,41.375,41.415,31642,2023-10-04
2023-10-04 20:45:00,41.415,41.4166,41.39,41.415,25468,2023-10-04
2023-10-04 20:50:00,41.415,41.415,41.365,41.38,27328,2023-10-04
2023-10-04 20:55:00,41.375,41.39,41.355,41.36,20300,2023-10-04
2023-10-04 21:00:00,41.36,41.36,41.3,41.34,31240,2023-10-04
2023-10-04 21:05:00,41.365,41.365,41.2975,41.305,21116,2023-10-04
2023-10-04 21:10:00,41.305,41.35,41.3,41.345,47768,2023-10-04
2023-10-04 21:15:00,41.355,41.3825,41.355,41.376,16902,2023-10-04
2023-10-04 21:20:00,41.375,41.375,41.275,41.28,65694,2023-10-04
2023-10-04 21:25:00,41.28,41.3675,41.28,41.35,22328,2023-10-04
2023-10-04 21:30:00,41.36,41.375,41.35,41.35,24458,2023-10-04
2023-10-04 21:35:00,41.345,41.385,41.34,41.385,23346,2023-10-04
2023-10-04 21:40:00,41.38,41.425,41.375,41.4218,16582,2023-10-04
2023-10-04 21:45:00,41.425,41.455,41.415,41.425,21986,2023-10-04
2023-10-04 21:50:00,41.42,41.4275,41.4,41.415,22220,2023-10-04
2023-10-04 21:55:00,41.4125,41.455,41.4125,41.44,21622,2023-10-04
2023-10-04 22:00:00,41.45,41.495,41.4475,41.49,40436,2023-10-04
2023-10-04 22:05:00,41.505,41.52,41.48,41.51,33902,2023-10-04
2023-10-04 22:10:00,41.515,41.56,41.505,41.535,39696,2023-10-04
2023-10-04 22:15:00,41.53,41.625,41.53,41.59,36658,2023-10-04
2023-10-04 22:20:00,41.59,41.6205,41.575,41.62,34100,2023-10-04
2023-10-04 22:25:00,41.615,41.6425,41.6,41.605,59616,2023-10-04
2023-10-04 22:30:00,41.615,41.675,41.605,41.675,62666,2023-10-04
2023-10-04 22:35:00,41.675,41.755,41.675,41.7175,72914,2023-10-04
2023-10-04 22:40:00,41.715,41.74,41.6875,41.6875,66378,2023-10-04
2023-10-04 22:45:00,41.685,41.755,41.68,41.6925,153696,2023-10-04
2023-10-04 22:50:00,41.695,41.7125,41.62,41.67,186866,2023-10-04
2023-10-04 22:55:00,41.675,41.71,41.655,41.655,426382,2023-10-04
2023-10-04 23:00:00,41.67,41.67,41.67,41.67,25156,2023-10-04
2023-10-04 23:20:00,41.67,41.67,41.67,41.67,1928,2023-10-04
2023-10-05 00:15:00,41.67,41.67,41.67,41.67,2030,2023-10-04
2023-10-05 15:50:00,41.77,41.77,41.77,41.77,600,2023-10-05
2023-10-05 16:10:00,41.765,41.765,41.765,41.765,238,2023-10-05
2023-10-05 16:30:00,41.895,42.34,41.865,42.24,193132,2023-10-05
2023-10-05 16:35:00,42.255,42.255,41.965,41.98,53088,2023-10-05
2023-10-05 16:40:00,42,42.01,41.755,41.76,53786,2023-10-05
2023-10-05 16:45:00,41.755,41.8,41.695,41.715,25654,2023-10-05
2023-10-05 16:50:00,41.715,41.745,41.665,41.7025,25240,2023-10-05
2023-10-05 16:55:00,41.7275,41.7973,41.705,41.7175,38328,2023-10-05
2023-10-05 17:00:00,41.715,41.74,41.66,41.7125,63172,2023-10-05
2023-10-05 17:05:00,41.705,41.72,41.6,41.635,36666,2023-10-05
2023-10-05 17:10:00,41.625,41.625,41.545,41.6075,22784,2023-10-05
2023-10-05 17:15:00,41.6,41.6,41.505,41.54,16916,2023-10-05
2023-10-05 17:20:00,41.55,41.615,41.55,41.585,31302,2023-10-05
2023-10-05 17:25:00,41.585,41.665,41.56,41.565,29996,2023-10-05
2023-10-05 17:30:00,41.535,41.555,41.46,41.465,44460,2023-10-05
2023-10-05 17:35:00,41.455,41.455,41.305,41.305,67994,2023-10-05
2023-10-05 17:40:00,41.275,41.305,41.23,41.265,44584,2023-10-05
2023-10-05 17:45:00,41.26,41.2625,41.155,41.155,19682,2023-10-05
2023-10-05 17:50:00,41.1512,41.2592,41.1512,41.25,40378,2023-10-05
2023-10-05 17:55:00,41.265,41.285,41.22,41.245,32642,2023-10-05
2023-10-05 18:00:00,41.245,41.245,41.155,41.185,21524,2023-10-05
2023-10-05 18:05:00,41.1895,41.205,41.14,41.16,22440,2023-10-05
2023-10-05 18:10:00,41.165,41.19,41.135,41.145,21004,2023-10-05
2023-10-05 18:15:00,41.145,41.17,41.08,41.08,36134,2023-10-05
2023-10-05 18:20:00,41.085,41.175,41.085,41.165,18288,2023-10-05
2023-10-05 18:25:00,41.155,41.155,41.12,41.135,15976,2023-10-05
2023-10-05 18:30:00,41.13,41.135,41.09,41.105,14778,2023-10-05
2023-10-05 18:35:00,41.115,41.1575,41.1,41.115,17928,2023-10-05
2023-10-05 18:40:00,41.115,41.125,41.065,41.065,15466,2023-10-05
2023-10-05 18:45:00,41.055,41.11,41.045,41.0952,24836,2023-10-05
2023-10-05 18:50:00,41.095,41.155,41.075,41.13,41628,2023-10-05
2023-10-05 18:55:00,41.13,41.14,41.05,41.05,28314,2023-10-05
2023-10-05 19:00:00,41.05,41.1,41.03,41.1,25630,2023-10-05
2023-10-05 19:05:00,41.105,41.145,41.105,41.13,13174,2023-10-05
2023-10-05 19:10:00,41.14,41.1725,41.13,41.1575,26082,2023-10-05
2023-10-05 19:15:00,41.16,41.175,41.125,41.175,25804,2023-10-05
2023-10-05 19:20:00,41.18,41.24,41.18,41.185,23932,2023-10-05
2023-10-05 19:25:00,41.19,41.225,41.18,41.185,41904,2023-10-05
2023-10-05 19:30:00,41.185,41.225,41.185,41.1865,32582,2023-10-05
2023-10-05 19:35:00,41.185,41.23,41.185,41.205,16034,2023-10-05
2023-10-05 19:40:00,41.205,41.205,41.18,41.185,13446,2023-10-05
2023-10-05 19:45:00,41.18,41.2,41.165,41.165,15346,2023-10-05
2023-10-05 19:50:00,41.175,41.18,41.125,41.145,24682,2023-10-05
2023-10-05 19:55:00,41.14,41.175,41.14,41.17,33004,2023-10-05
2023-10-05 20:00:00,41.18,41.185,41.1325,41.135,24682,2023-10-05
2023-10-05 20:05:00,41.14,41.145,41.105,41.105,24886,2023-10-05
2023-10-05 20:10:00,41.11,41.165,41.105,41.16,19064,2023-10-05
2023-10-05 20:15:00,41.155,41.155,41.1,41.13,18752,2023-10-05
2023-10-05 20:20:00,41.13,41.19,41.12,41.12,40432,2023-10-05
2023-10-05 20:25:00,41.125,41.14,41.115,41.135,14156,2023-10-05
2023-10-05 20:30:00,41.1375,41.18,41.09,41.175,43988,2023-10-05
2023-10-05 20:35:00,41.18,41.245,41.18,41.23,27548,2023-10-05
2023-10-05 20:40:00,41.225,41.2775,41.2,41.2525,37556,2023-10-05
2023-10-05 20:45:00,41.255,41.28,41.21,41.2533,30778,2023-10-05
2023-10-05 20:50:00,41.265,41.28,41.2375,41.245,18254,2023-10-05
2023-10-05 20:55:00,41.255,41.3,41.24,41.3,14368,2023-10-05
2023-10-05 21:00:00,41.305,41.38,41.305,41.37,22834,2023-10-05
2023-10-05 21:05:00,41.375,41.383,41.34,41.3475,18398,2023-10-05
2023-10-05 21:10:00,41.3463,41.3675,41.3318,41.365,23500,2023-10-05
2023-10-05 21:15:00,41.365,41.41,41.365,41.365,18428,2023-10-05
2023-10-05 21:20:00,41.37,41.375,41.345,41.345,20922,2023-10-05
2023-10-05 21:25:00,41.335,41.35,41.305,41.35,31488,2023-10-05
2023-10-05 21:30:00,41.36,41.43,41.3575,41.43,27398,2023-10-05
2023-10-05 21:35:00,41.435,41.44,41.4,41.435,31366,2023-10-05
2023-10-05 21:40:00,41.43,41.463,41.395,41.41,29984,2023-10-05
2023-10-05 21:45:00,41.415,41.42,41.385,41.405,22292,2023-10-05
2023-10-05 21:50:00,41.405,41.4575,41.405,41.425,28038,2023-10-05
2023-10-05 21:55:00,41.425,41.4725,41.42,41.455,31274,2023-10-05
2023-10-05 22:00:00,41.46,41.4675,41.425,41.44,32360,2023-10-05
2023-10-05 22:05:00,41.435,41.445,41.4,41.415,38122,2023-10-05
2023-10-05 22:10:00,41.415,41.42,41.335,41.37,46948,2023-10-05
2023-10-05 22:15:00,41.375,41.405,41.3575,41.39,29244,2023-10-05
2023-10-05 22:20:00,41.3875,41.41,41.375,41.395,39132,2023-10-05
2023-10-05 22:25:00,41.4,41.415,41.395,41.415,42864,2023-10-05
2023-10-05 22:30:00,41.425,41.44,41.38,41.38,62246,2023-10-05
2023-10-05 22:35:00,41.38,41.42,41.38,41.41,44918,2023-10-05
2023-10-05 22:40:00,41.4125,41.415,41.39,41.41,66222,2023-10-05
2023-10-05 22:45:00,41.405,41.455,41.375,41.41,88650,2023-10-05
2023-10-05 22:50:00,41.41,41.42,41.34,41.3425,116220,2023-10-05
2023-10-05 22:55:00,41.345,41.385,41.3075,41.33,308304,2023-10-05
2023-10-05 23:00:00,41.32,41.32,41.32,41.32,11780,2023-10-05
2023-10-05 23:30:00,41.32,41.32,41.32,41.32,4232,2023-10-05
2023-10-06 15:55:00,40.99,40.99,40.99,40.99,1174,2023-10-06
2023-10-06 16:05:00,40.985,40.985,40.865,40.865,1220,2023-10-06
2023-10-06 16:10:00,40.925,40.925,40.925,40.925,500,2023-10-06
2023-10-06 16:30:00,41.175,41.31,41.1025,41.26,76654,2023-10-06
2023-10-06 16:35:00,41.305,41.33,41.16,41.17,31640,2023-10-06
2023-10-06 16:40:00,41.16,41.272,41.125,41.205,20762,2023-10-06
2023-10-06 16:45:00,41.215,41.3375,41.215,41.28,17342,2023-10-06
2023-10-06 16:50:00,41.2725,41.31,41.185,41.21,38276,2023-10-06
2023-10-06 16:55:00,41.205,41.2121,41.12,41.19,26432,2023-10-06
2023-10-06 17:00:00,41.1925,41.225,41.16,41.225,28614,2023-10-06
2023-10-06 17:05:00,41.21,41.21,41.105,41.155,31264,2023-10-06
2023-10-06 17:10:00,41.135,41.25,41.1325,41.15,39414,2023-10-06
2023-10-06 17:15:00,41.145,41.19,41.135,41.15,17930,2023-10-06
2023-10-06 17:20:00,41.13,41.27,41.09,41.27,34032,2023-10-06
2023-10-06 17:25:00,41.265,41.33,41.24,41.33,24892,2023-10-06
2023-10-06 17:30:00,41.335,41.39,41.335,41.3425,28822,2023-10-06
2023-10-06 17:35:00,41.34,41.38,41.3,41.365,44294,2023-10-06
2023-10-06 17:40:00,41.375,41.385,41.31,41.33,25538,2023-10-06
2023-10-06 17:45:00,41.33,41.345,41.29,41.3,38306,2023-10-06
2023-10-06 17:50:00,41.2925,41.33,41.265,41.28,39086,2023-10-06
2023-10-06 17:55:00,41.275,41.32,41.2475,41.3125,38898,2023-10-06
2023-10-06 18:00:00,41.305,41.305,41.2425,41.3,29206,2023-10-06
2023-10-06 18:05:00,41.3025,41.31,41.27,41.305,23800,2023-10-06
2023-10-06 18:10:00,41.31,41.35,41.27,41.28,35340,2023-10-06
2023-10-06 18:15:00,41.28,41.335,41.2625,41.31,34198,2023-10-06
2023-10-06 18:20:00,41.31,41.375,41.295,41.375,22752,2023-10-06
2023-10-06 18:25:00,41.375,41.48,41.35,41.435,30868,2023-10-06
2023-10-06 18:30:00,41.435,41.5425,41.435,41.535,55782,2023-10-06
2023-10-06 18:35:00,41.5375,41.6025,41.515,41.585,27488,2023-10-06
2023-10-06 18:40:00,41.585,41.71,41.585,41.645,33290,2023-10-06
2023-10-06 18:45:00,41.65,41.67,41.625,41.67,23420,2023-10-06
2023-10-06 18:50:00,41.67,41.695,41.645,41.695,20390,2023-10-06
2023-10-06 18:55:00,41.705,41.775,41.69,41.775,30848,2023-10-06
2023-10-06 19:00:00,41.78,41.8025,41.725,41.74,35984,2023-10-06
2023-10-06 19:05:00,41.745,41.755,41.6651,41.6651,29058,2023-10-06
2023-10-06 19:10:00,41.665,41.68,41.585,41.595,18526,2023-10-06
2023-10-06 19:15:00,41.6,41.665,41.6,41.65,22102,2023-10-06
2023-10-06 19:20:00,41.65,41.65,41.55,41.58,46032,2023-10-06
2023-10-06 19:25:00,41.575,41.615,41.54,41.6,38512,2023-10-06
2023-10-06 19:30:00,41.605,41.615,41.565,41.565,16118,2023-10-06
2023-10-06 19:35:00,41.56,41.605,41.56,41.565,18006,2023-10-06
2023-10-06 19:40:00,41.57,41.625,41.57,41.615,20460,2023-10-06
2023-10-06 19:45:00,41.615,41.62,41.5801,41.585,16120,2023-10-06
2023-10-06 19:50:00,41.59,41.605,41.55,41.57,26208,2023-10-06
2023-10-06 19:55:00,41.575,41.6,41.56,41.59,19464,2023-10-06
2023-10-06 20:00:00,41.59,41.615,41.575,41.59,17378,2023-10-06
2023-10-06 20:05:00,41.59,41.625,41.59,41.61,29450,2023-10-06
2023-10-06 20:10:00,41.615,41.695,41.605,41.695,36664,2023-10-06
2023-10-06 20:15:00,41.7,41.72,41.665,41.665,33480,2023-10-06
2023-10-06 20:20:00,41.675,41.73,41.6627,41.71,29436,2023-10-06
2023-10-06 20:25:00,41.71,41.715,41.685,41.705,27766,2023-10-06
2023-10-06 20:30:00,41.71,41.755,41.71,41.75,20470,2023-10-06
2023-10-06 20:35:00,41.755,41.755,41.71,41.745,29708,2023-10-06
2023-10-06 20:40:00,41.755,41.7625,41.69,41.695,30980,2023-10-06
2023-10-06 20:45:00,41.695,41.71,41.675,41.695,23418,2023-10-06
2023-10-06 20:50:00,41.69,41.725,41.6775,41.685,52742,2023-10-06
2023-10-06 20:55:00,41.69,41.735,41.685,41.735,35158,2023-10-06
2023-10-06 21:00:00,41.735,41.735,41.685,41.685,28330,2023-10-06
2023-10-06 21:05:00,41.6874,41.705,41.6575,41.705,29106,2023-10-06
2023-10-06 21:10:00,41.705,41.7225,41.685,41.6975,24344,2023-10-06
2023-10-06 21:15:00,41.695,41.705,41.67,41.68,25274,2023-10-06
2023-10-06 21:20:00,41.675,41.685,41.665,41.67,18140,2023-10-06
2023-10-06 21:25:00,41.675,41.74,41.675,41.74,34772,2023-10-06
2023-10-06 21:30:00,41.745,41.785,41.735,41.775,24890,2023-10-06
2023-10-06 21:35:00,41.76,41.8075,41.76,41.8,29826,2023-10-06
2023-10-06 21:40:00,41.79,41.8,41.75,41.775,26932,2023-10-06
2023-10-06 21:45:00,41.785,41.8,41.765,41.79,40868,2023-10-06
2023-10-06 21:50:00,41.785,41.805,41.78,41.785,39800,2023-10-06
2023-10-06 21:55:00,41.79,41.8475,41.79,41.8075,85154,2023-10-06
2023-10-06 22:00:00,41.815,41.825,41.79,41.805,53434,2023-10-06
2023-10-06 22:05:00,41.7975,41.85,41.7975,41.845,40628,2023-10-06
2023-10-06 22:10:00,41.84,41.845,41.815,41.825,47862,2023-10-06
2023-10-06 22:15:00,41.84,41.84,41.805,41.805,56964,2023-10-06
2023-10-06 22:20:00,41.805,41.865,41.79,41.865,49960,2023-10-06
2023-10-06 22:25:00,41.86,41.8875,41.8475,41.875,54594,2023-10-06
2023-10-06 22:30:00,41.88,41.8975,41.825,41.825,69032,2023-10-06
2023-10-06 22:35:00,41.82,41.905,41.815,41.905,99572,2023-10-06
2023-10-06 22:40:00,41.9075,41.9075,41.845,41.8525,98644,2023-10-06
2023-10-06 22:45:00,41.8525,41.8725,41.83,41.835,119886,2023-10-06
2023-10-06 22:50:00,41.825,41.83,41.69,41.7,226838,2023-10-06
2023-10-06 22:55:00,41.695,41.72,41.635,41.665,450940,2023-10-06
2023-10-06 23:00:00,41.685,41.685,41.685,41.685,49906,2023-10-06
2023-10-06 23:05:00,41.685,41.685,41.685,41.685,1398,2023-10-06
