datetime,open,high,low,close,volume,date
2023-09-11 13:15:00,92,92.05,92,92,753,2023-09-11
2023-09-11 14:00:00,92.12,92.12,92.12,92.12,206,2023-09-11
2023-09-11 14:25:00,92.15,92.15,92.15,92.15,733,2023-09-11
2023-09-11 14:30:00,92.15,92.15,92.15,92.15,155,2023-09-11
2023-09-11 15:00:00,92.15,92.15,92.15,92.15,500,2023-09-11
2023-09-11 15:10:00,92.18,92.18,92.18,92.18,233,2023-09-11
2023-09-11 16:05:00,92.19,92.19,92.19,92.19,100,2023-09-11
2023-09-11 16:25:00,92.15,92.15,92.13,92.13,1160,2023-09-11
2023-09-11 16:30:00,92.12,92.245,92.11,92.22,92130,2023-09-11
2023-09-11 16:35:00,92.22,92.28,92.22,92.245,39727,2023-09-11
2023-09-11 16:40:00,92.24,92.26,92.23,92.24,9704,2023-09-11
2023-09-11 16:45:00,92.245,92.3,92.245,92.275,56904,2023-09-11
2023-09-11 16:50:00,92.28,92.285,92.23,92.25,28921,2023-09-11
2023-09-11 16:55:00,92.25,92.36,92.25,92.3421,67157,2023-09-11
2023-09-11 17:00:00,92.35,92.44,92.345,92.405,76830,2023-09-11
2023-09-11 17:05:00,92.41,92.43,92.33,92.34,27185,2023-09-11
2023-09-11 17:10:00,92.335,92.355,92.26,92.26,43660,2023-09-11
2023-09-11 17:15:00,92.265,92.295,92.25,92.28,17069,2023-09-11
2023-09-11 17:20:00,92.285,92.305,92.28,92.28,20143,2023-09-11
2023-09-11 17:25:00,92.2799,92.3,92.265,92.265,43502,2023-09-11
2023-09-11 17:30:00,92.26,92.27,92.25,92.27,18636,2023-09-11
2023-09-11 17:35:00,92.268,92.28,92.265,92.27,16315,2023-09-11
2023-09-11 17:40:00,92.27,92.275,92.25,92.255,15012,2023-09-11
2023-09-11 17:45:00,92.25,92.26,92.25,92.25,26917,2023-09-11
2023-09-11 17:50:00,92.25,92.25,92.19,92.2,114719,2023-09-11
2023-09-11 17:55:00,92.2,92.21,92.17,92.18,29422,2023-09-11
2023-09-11 18:00:00,92.18,92.2,92.145,92.1875,46103,2023-09-11
2023-09-11 18:05:00,92.185,92.23,92.18,92.215,19576,2023-09-11
2023-09-11 18:10:00,92.2125,92.225,92.19,92.21,23138,2023-09-11
2023-09-11 18:15:00,92.21,92.215,92.19,92.21,20962,2023-09-11
2023-09-11 18:20:00,92.2,92.21,92.19,92.205,28019,2023-09-11
2023-09-11 18:25:00,92.21,92.22,92.19,92.215,107384,2023-09-11
2023-09-11 18:30:00,92.215,92.235,92.2128,92.235,20156,2023-09-11
2023-09-11 18:35:00,92.235,92.255,92.23,92.23,24196,2023-09-11
2023-09-11 18:40:00,92.23,92.26,92.215,92.255,26991,2023-09-11
2023-09-11 18:45:00,92.255,92.26,92.25,92.255,12912,2023-09-11
2023-09-11 18:50:00,92.25,92.285,92.25,92.27,46847,2023-09-11
2023-09-11 18:55:00,92.27,92.28,92.22,92.245,19360,2023-09-11
2023-09-11 19:00:00,92.245,92.255,92.22,92.225,25914,2023-09-11
2023-09-11 19:05:00,92.225,92.26,92.225,92.25,15984,2023-09-11
2023-09-11 19:10:00,92.24,92.26,92.24,92.255,14692,2023-09-11
2023-09-11 19:15:00,92.26,92.26,92.22,92.22,23703,2023-09-11
2023-09-11 19:20:00,92.22,92.245,92.22,92.2388,14629,2023-09-11
2023-09-11 19:25:00,92.24,92.27,92.24,92.24,20162,2023-09-11
2023-09-11 19:30:00,92.25,92.255,92.235,92.255,15859,2023-09-11
2023-09-11 19:35:00,92.25,92.26,92.25,92.25,12918,2023-09-11
2023-09-11 19:40:00,92.26,92.29,92.26,92.28,84346,2023-09-11
2023-09-11 19:45:00,92.275,92.28,92.25,92.265,35629,2023-09-11
2023-09-11 19:50:00,92.265,92.27,92.25,92.265,29027,2023-09-11
2023-09-11 19:55:00,92.265,92.275,92.2527,92.265,16717,2023-09-11
2023-09-11 20:00:00,92.265,92.29,92.25,92.2801,22521,2023-09-11
2023-09-11 20:05:00,92.285,92.295,92.27,92.275,9950,2023-09-11
2023-09-11 20:10:00,92.28,92.285,92.275,92.28,9906,2023-09-11
2023-09-11 20:15:00,92.29,92.3,92.2822,92.3,13456,2023-09-11
2023-09-11 20:20:00,92.29,92.3,92.2801,92.285,14198,2023-09-11
2023-09-11 20:25:00,92.285,92.3,92.28,92.29,8409,2023-09-11
2023-09-11 20:30:00,92.3,92.3,92.275,92.295,12943,2023-09-11
2023-09-11 20:35:00,92.29,92.3,92.27,92.27,17721,2023-09-11
2023-09-11 20:40:00,92.275,92.28,92.27,92.275,5786,2023-09-11
2023-09-11 20:45:00,92.28,92.29,92.25,92.25,28537,2023-09-11
2023-09-11 20:50:00,92.26,92.26,92.2507,92.255,4337,2023-09-11
2023-09-11 20:55:00,92.255,92.27,92.25,92.26,31548,2023-09-11
2023-09-11 21:00:00,92.27,92.27,92.26,92.265,5098,2023-09-11
2023-09-11 21:05:00,92.265,92.28,92.26,92.27,33166,2023-09-11
2023-09-11 21:10:00,92.27,92.3,92.27,92.275,24697,2023-09-11
2023-09-11 21:15:00,92.27,92.275,92.255,92.265,15725,2023-09-11
2023-09-11 21:20:00,92.26,92.27,92.255,92.255,27690,2023-09-11
2023-09-11 21:25:00,92.255,92.26,92.245,92.255,59987,2023-09-11
2023-09-11 21:30:00,92.255,92.26,92.2506,92.255,28046,2023-09-11
2023-09-11 21:35:00,92.25,92.255,92.24,92.25,133790,2023-09-11
2023-09-11 21:40:00,92.245,92.26,92.245,92.25,54397,2023-09-11
2023-09-11 21:45:00,92.255,92.26,92.245,92.25,48551,2023-09-11
2023-09-11 21:50:00,92.255,92.26,92.22,92.225,80310,2023-09-11
2023-09-11 21:55:00,92.2239,92.23,92.205,92.205,19147,2023-09-11
2023-09-11 22:00:00,92.21,92.225,92.205,92.215,20181,2023-09-11
2023-09-11 22:05:00,92.215,92.22,92.21,92.215,16138,2023-09-11
2023-09-11 22:10:00,92.215,92.215,92.19,92.2,35983,2023-09-11
2023-09-11 22:15:00,92.2,92.21,92.195,92.205,23371,2023-09-11
2023-09-11 22:20:00,92.21,92.24,92.2,92.24,29085,2023-09-11
2023-09-11 22:25:00,92.2345,92.255,92.2345,92.255,32071,2023-09-11
2023-09-11 22:30:00,92.255,92.26,92.215,92.245,80821,2023-09-11
2023-09-11 22:35:00,92.245,92.245,92.21,92.235,44130,2023-09-11
2023-09-11 22:40:00,92.23,92.255,92.2,92.215,87761,2023-09-11
2023-09-11 22:45:00,92.21,92.22,92.21,92.22,41449,2023-09-11
2023-09-11 22:50:00,92.215,92.265,92.215,92.265,147615,2023-09-11
2023-09-11 22:55:00,92.265,92.28,92.16,92.18,414307,2023-09-11
2023-09-11 23:00:00,92.18,92.18,92.18,92.18,24964,2023-09-11
2023-09-11 23:10:00,92.16,92.16,92.14,92.14,522,2023-09-11
2023-09-11 23:20:00,92.15,92.15,92.08,92.08,668,2023-09-11
2023-09-11 23:50:00,92.15,92.15,92.15,92.15,100,2023-09-11
2023-09-12 00:15:00,92.16,92.16,92.15,92.15,933,2023-09-11
2023-09-12 01:40:00,92.12,92.12,92.12,92.12,150,2023-09-11
2023-09-12 14:05:00,92.1,92.1,92.1,92.1,1000,2023-09-12
2023-09-12 14:20:00,92.14,92.14,91.79,91.79,5620,2023-09-12
2023-09-12 14:25:00,92.1,92.1,92.09,92.1,22253,2023-09-12
2023-09-12 14:40:00,92.19,92.19,92.19,92.19,100,2023-09-12
2023-09-12 15:30:00,92.0801,92.0801,92.0801,92.0801,3600,2023-09-12
2023-09-12 15:35:00,92.0901,92.1,92.0901,92.1,1440,2023-09-12
2023-09-12 15:55:00,92.105,92.2,92.1,92.18,8165,2023-09-12
2023-09-12 16:25:00,92.15,92.15,92.1,92.11,2762,2023-09-12
2023-09-12 16:30:00,92.06,92.14,92.03,92.11,200947,2023-09-12
2023-09-12 16:35:00,92.11,92.18,92.105,92.15,52295,2023-09-12
2023-09-12 16:40:00,92.145,92.215,92.14,92.175,39988,2023-09-12
2023-09-12 16:45:00,92.175,92.2,92.16,92.175,67466,2023-09-12
2023-09-12 16:50:00,92.17,92.17,92.14,92.16,24797,2023-09-12
2023-09-12 16:55:00,92.1525,92.165,92.145,92.16,25080,2023-09-12
2023-09-12 17:00:00,92.15,92.24,92.145,92.24,64478,2023-09-12
2023-09-12 17:05:00,92.24,92.25,92.215,92.235,30475,2023-09-12
2023-09-12 17:10:00,92.235,92.24,92.22,92.22,19912,2023-09-12
2023-09-12 17:15:00,92.22,92.23,92.195,92.22,35054,2023-09-12
2023-09-12 17:20:00,92.2125,92.22,92.1925,92.205,14701,2023-09-12
2023-09-12 17:25:00,92.205,92.24,92.205,92.22,95002,2023-09-12
2023-09-12 17:30:00,92.22,92.23,92.21,92.225,30082,2023-09-12
2023-09-12 17:35:00,92.2217,92.24,92.21,92.21,26413,2023-09-12
2023-09-12 17:40:00,92.21,92.225,92.205,92.2125,32255,2023-09-12
2023-09-12 17:45:00,92.22,92.225,92.21,92.215,11961,2023-09-12
2023-09-12 17:50:00,92.21,92.22,92.21,92.21,18437,2023-09-12
2023-09-12 17:55:00,92.22,92.23,92.21,92.22,19488,2023-09-12
2023-09-12 18:00:00,92.225,92.235,92.21,92.215,30487,2023-09-12
2023-09-12 18:05:00,92.215,92.22,92.21,92.21,13369,2023-09-12
2023-09-12 18:10:00,92.21,92.23,92.21,92.22,18164,2023-09-12
2023-09-12 18:15:00,92.2205,92.225,92.2125,92.225,14349,2023-09-12
2023-09-12 18:20:00,92.225,92.23,92.22,92.225,10233,2023-09-12
2023-09-12 18:25:00,92.22,92.28,92.22,92.275,48267,2023-09-12
2023-09-12 18:30:00,92.275,92.315,92.27,92.31,47432,2023-09-12
2023-09-12 18:35:00,92.315,92.33,92.29,92.2925,25367,2023-09-12
2023-09-12 18:40:00,92.29,92.305,92.28,92.28,15179,2023-09-12
2023-09-12 18:45:00,92.29,92.29,92.27,92.275,20197,2023-09-12
2023-09-12 18:50:00,92.2721,92.2799,92.27,92.275,7962,2023-09-12
2023-09-12 18:55:00,92.2707,92.28,92.265,92.275,19887,2023-09-12
2023-09-12 19:00:00,92.28,92.29,92.265,92.275,12885,2023-09-12
2023-09-12 19:05:00,92.27,92.275,92.26,92.265,7258,2023-09-12
2023-09-12 19:10:00,92.265,92.27,92.25,92.25,21805,2023-09-12
2023-09-12 19:15:00,92.255,92.255,92.21,92.245,62966,2023-09-12
2023-09-12 19:20:00,92.245,92.255,92.24,92.25,14854,2023-09-12
2023-09-12 19:25:00,92.2425,92.26,92.24,92.26,6721,2023-09-12
2023-09-12 19:30:00,92.26,92.2799,92.25,92.2646,24547,2023-09-12
2023-09-12 19:35:00,92.265,92.27,92.25,92.25,27777,2023-09-12
2023-09-12 19:40:00,92.255,92.2599,92.245,92.25,24207,2023-09-12
2023-09-12 19:45:00,92.2508,92.26,92.24,92.24,19381,2023-09-12
2023-09-12 19:50:00,92.245,92.255,92.235,92.2522,20581,2023-09-12
2023-09-12 19:55:00,92.25,92.26,92.24,92.24,11687,2023-09-12
2023-09-12 20:00:00,92.2401,92.25,92.23,92.24,28057,2023-09-12
2023-09-12 20:05:00,92.245,92.25,92.235,92.2407,30390,2023-09-12
2023-09-12 20:10:00,92.245,92.25,92.23,92.24,11167,2023-09-12
2023-09-12 20:15:00,92.235,92.24,92.23,92.235,13273,2023-09-12
2023-09-12 20:20:00,92.2364,92.2364,92.22,92.235,25080,2023-09-12
2023-09-12 20:25:00,92.23,92.23,92.22,92.225,6818,2023-09-12
2023-09-12 20:30:00,92.23,92.2377,92.22,92.225,15698,2023-09-12
2023-09-12 20:35:00,92.2266,92.24,92.22,92.235,37394,2023-09-12
2023-09-12 20:40:00,92.235,92.235,92.22,92.225,18120,2023-09-12
2023-09-12 20:45:00,92.225,92.225,92.2,92.22,18540,2023-09-12
2023-09-12 20:50:00,92.215,92.23,92.21,92.2217,8284,2023-09-12
2023-09-12 20:55:00,92.22,92.22,92.21,92.215,12675,2023-09-12
2023-09-12 21:00:00,92.21,92.22,92.21,92.215,10329,2023-09-12
2023-09-12 21:05:00,92.21,92.21,92.2,92.205,12380,2023-09-12
2023-09-12 21:10:00,92.2,92.21,92.2,92.205,8300,2023-09-12
2023-09-12 21:15:00,92.205,92.21,92.2,92.205,21052,2023-09-12
2023-09-12 21:20:00,92.21,92.21,92.2,92.2,20599,2023-09-12
2023-09-12 21:25:00,92.205,92.255,92.2,92.245,102723,2023-09-12
2023-09-12 21:30:00,92.24,92.245,92.215,92.225,33262,2023-09-12
2023-09-12 21:35:00,92.22,92.24,92.22,92.24,13675,2023-09-12
2023-09-12 21:40:00,92.23,92.245,92.22,92.225,18658,2023-09-12
2023-09-12 21:45:00,92.225,92.23,92.215,92.225,43618,2023-09-12
2023-09-12 21:50:00,92.225,92.23,92.22,92.225,24891,2023-09-12
2023-09-12 21:55:00,92.22,92.23,92.22,92.22,12811,2023-09-12
2023-09-12 22:00:00,92.224,92.23,92.22,92.22,16950,2023-09-12
2023-09-12 22:05:00,92.22,92.2277,92.22,92.2223,13553,2023-09-12
2023-09-12 22:10:00,92.225,92.23,92.22,92.22,27621,2023-09-12
2023-09-12 22:15:00,92.2272,92.23,92.17,92.21,97106,2023-09-12
2023-09-12 22:20:00,92.21,92.22,92.19,92.2,24550,2023-09-12
2023-09-12 22:25:00,92.195,92.1973,92.15,92.155,89888,2023-09-12
2023-09-12 22:30:00,92.155,92.1999,92.1534,92.185,131234,2023-09-12
2023-09-12 22:35:00,92.185,92.205,92.18,92.205,69695,2023-09-12
2023-09-12 22:40:00,92.205,92.215,92.18,92.185,45258,2023-09-12
2023-09-12 22:45:00,92.18,92.19,92.15,92.165,41418,2023-09-12
2023-09-12 22:50:00,92.16,92.16,92.14,92.15,82282,2023-09-12
2023-09-12 22:55:00,92.15,92.16,92.1,92.155,216085,2023-09-12
2023-09-12 23:00:00,92.13,92.13,92.13,92.13,5504,2023-09-12
2023-09-13 00:30:00,92.16,92.16,92.16,92.16,1000,2023-09-12
2023-09-13 01:15:00,92.3,92.3,92.3,92.3,500,2023-09-12
2023-09-13 02:50:00,92.16,92.16,92.16,92.16,500,2023-09-12
2023-09-13 15:00:00,92.1501,92.1501,92.1501,92.1501,1002,2023-09-13
2023-09-13 16:00:00,92.24,92.24,92.24,92.24,100,2023-09-13
2023-09-13 16:25:00,92.19,92.21,92.16,92.16,9917,2023-09-13
2023-09-13 16:30:00,92.22,92.28,92.15,92.26,168284,2023-09-13
2023-09-13 16:35:00,92.25,92.365,92.25,92.36,102205,2023-09-13
2023-09-13 16:40:00,92.365,92.37,92.335,92.345,57778,2023-09-13
2023-09-13 16:45:00,92.35,92.46,92.35,92.425,97029,2023-09-13
2023-09-13 16:50:00,92.4248,92.43,92.38,92.41,54850,2023-09-13
2023-09-13 16:55:00,92.4,92.45,92.4,92.435,38354,2023-09-13
2023-09-13 17:00:00,92.435,92.45,92.42,92.4348,32842,2023-09-13
2023-09-13 17:05:00,92.43,92.455,92.42,92.45,28232,2023-09-13
2023-09-13 17:10:00,92.45,92.455,92.4,92.405,37972,2023-09-13
2023-09-13 17:15:00,92.405,92.425,92.4,92.415,30603,2023-09-13
2023-09-13 17:20:00,92.415,92.44,92.41,92.44,11416,2023-09-13
2023-09-13 17:25:00,92.4382,92.45,92.42,92.425,26619,2023-09-13
2023-09-13 17:30:00,92.425,92.44,92.39,92.44,98533,2023-09-13
2023-09-13 17:35:00,92.445,92.45,92.43,92.435,47087,2023-09-13
2023-09-13 17:40:00,92.4329,92.45,92.43,92.445,33582,2023-09-13
2023-09-13 17:45:00,92.4442,92.46,92.4442,92.45,42464,2023-09-13
2023-09-13 17:50:00,92.455,92.47,92.45,92.455,28799,2023-09-13
2023-09-13 17:55:00,92.46,92.47,92.45,92.46,44774,2023-09-13
2023-09-13 18:00:00,92.46,92.47,92.46,92.465,12650,2023-09-13
2023-09-13 18:05:00,92.47,92.47,92.44,92.4525,42326,2023-09-13
2023-09-13 18:10:00,92.455,92.46,92.45,92.46,9249,2023-09-13
2023-09-13 18:15:00,92.455,92.47,92.45,92.455,23632,2023-09-13
2023-09-13 18:20:00,92.455,92.46,92.445,92.455,19873,2023-09-13
2023-09-13 18:25:00,92.455,92.46,92.415,92.435,28924,2023-09-13
2023-09-13 18:30:00,92.43,92.435,92.42,92.4223,20076,2023-09-13
2023-09-13 18:35:00,92.425,92.43,92.41,92.4275,39847,2023-09-13
2023-09-13 18:40:00,92.4275,92.4275,92.38,92.41,50574,2023-09-13
2023-09-13 18:45:00,92.41,92.41,92.4,92.405,15353,2023-09-13
2023-09-13 18:50:00,92.4075,92.4075,92.34,92.36,55121,2023-09-13
2023-09-13 18:55:00,92.355,92.38,92.35,92.375,13849,2023-09-13
2023-09-13 19:00:00,92.37,92.3775,92.36,92.36,17773,2023-09-13
2023-09-13 19:05:00,92.3625,92.385,92.35,92.355,26673,2023-09-13
2023-09-13 19:10:00,92.355,92.37,92.345,92.365,33449,2023-09-13
2023-09-13 19:15:00,92.3622,92.37,92.36,92.37,17635,2023-09-13
2023-09-13 19:20:00,92.36,92.37,92.36,92.37,22985,2023-09-13
2023-09-13 19:25:00,92.37,92.37,92.35,92.355,21986,2023-09-13
2023-09-13 19:30:00,92.355,92.365,92.34,92.36,45803,2023-09-13
2023-09-13 19:35:00,92.355,92.36,92.34,92.345,44227,2023-09-13
2023-09-13 19:40:00,92.345,92.35,92.31,92.31,30359,2023-09-13
2023-09-13 19:45:00,92.315,92.385,92.31,92.36,72747,2023-09-13
2023-09-13 19:50:00,92.36,92.37,92.35,92.355,10519,2023-09-13
2023-09-13 19:55:00,92.355,92.365,92.35,92.355,21991,2023-09-13
2023-09-13 20:00:00,92.355,92.37,92.35,92.365,34676,2023-09-13
2023-09-13 20:05:00,92.365,92.37,92.35,92.36,25736,2023-09-13
2023-09-13 20:10:00,92.365,92.39,92.36,92.385,19639,2023-09-13
2023-09-13 20:15:00,92.385,92.39,92.38,92.385,30697,2023-09-13
2023-09-13 20:20:00,92.38,92.38,92.3523,92.365,21900,2023-09-13
2023-09-13 20:25:00,92.365,92.365,92.35,92.35,8264,2023-09-13
2023-09-13 20:30:00,92.3521,92.36,92.35,92.36,13289,2023-09-13
2023-09-13 20:35:00,92.355,92.375,92.35,92.365,34126,2023-09-13
2023-09-13 20:40:00,92.36,92.375,92.35,92.355,46127,2023-09-13
2023-09-13 20:45:00,92.355,92.375,92.35,92.355,55320,2023-09-13
2023-09-13 20:50:00,92.35,92.37,92.35,92.355,24859,2023-09-13
2023-09-13 20:55:00,92.3501,92.37,92.35,92.365,23733,2023-09-13
2023-09-13 21:00:00,92.365,92.395,92.36,92.385,76196,2023-09-13
2023-09-13 21:05:00,92.38,92.385,92.36,92.365,18840,2023-09-13
2023-09-13 21:10:00,92.37,92.38,92.3631,92.375,36005,2023-09-13
2023-09-13 21:15:00,92.375,92.38,92.36,92.365,20675,2023-09-13
2023-09-13 21:20:00,92.365,92.37,92.35,92.36,41940,2023-09-13
2023-09-13 21:25:00,92.355,92.36,92.35,92.355,13126,2023-09-13
2023-09-13 21:30:00,92.355,92.36,92.35,92.355,16519,2023-09-13
2023-09-13 21:35:00,92.35,92.4,92.35,92.375,136683,2023-09-13
2023-09-13 21:40:00,92.37,92.375,92.35,92.355,47155,2023-09-13
2023-09-13 21:45:00,92.355,92.37,92.355,92.36,45260,2023-09-13
2023-09-13 21:50:00,92.36,92.37,92.35,92.35,75691,2023-09-13
2023-09-13 21:55:00,92.35,92.36,92.305,92.335,211411,2023-09-13
2023-09-13 22:00:00,92.34,92.34,92.31,92.32,37506,2023-09-13
2023-09-13 22:05:00,92.315,92.32,92.3,92.305,36814,2023-09-13
2023-09-13 22:10:00,92.3,92.3175,92.28,92.285,73649,2023-09-13
2023-09-13 22:15:00,92.285,92.29,92.27,92.285,40031,2023-09-13
2023-09-13 22:20:00,92.285,92.29,92.28,92.285,15426,2023-09-13
2023-09-13 22:25:00,92.29,92.295,92.28,92.285,35333,2023-09-13
2023-09-13 22:30:00,92.285,92.3,92.28,92.281,53374,2023-09-13
2023-09-13 22:35:00,92.28,92.29,92.28,92.29,33016,2023-09-13
2023-09-13 22:40:00,92.29,92.32,92.27,92.2775,153255,2023-09-13
2023-09-13 22:45:00,92.27,92.29,92.25,92.285,83586,2023-09-13
2023-09-13 22:50:00,92.29,92.295,92.25,92.27,151454,2023-09-13
2023-09-13 22:55:00,92.28,92.29,92.26,92.27,289602,2023-09-13
2023-09-13 23:00:00,92.27,92.27,92.27,92.27,10950,2023-09-13
2023-09-13 23:30:00,92.29,92.29,92.29,92.29,100,2023-09-13
2023-09-13 23:35:00,92.3,92.3,92.29,92.29,430,2023-09-13
2023-09-13 23:50:00,92.31,92.31,92.31,92.31,2500,2023-09-13
2023-09-13 23:55:00,92.33,92.33,92.33,92.33,125,2023-09-13
2023-09-14 00:50:00,92.3396,92.3396,92.3396,92.3396,541,2023-09-13
2023-09-14 01:30:00,92.26,92.26,92.26,92.26,100,2023-09-13
2023-09-14 12:15:00,92.26,92.26,92.26,92.26,272,2023-09-14
2023-09-14 12:25:00,92.38,92.38,92.38,92.38,205,2023-09-14
2023-09-14 14:25:00,92.3,92.3,92.3,92.3,100,2023-09-14
2023-09-14 15:00:00,92.31,92.31,92.27,92.27,6163,2023-09-14
2023-09-14 15:30:00,92.31,92.31,92.31,92.31,688,2023-09-14
2023-09-14 15:40:00,92.31,92.31,92.31,92.31,493,2023-09-14
2023-09-14 16:25:00,92.32,92.34,92.32,92.34,1618,2023-09-14
2023-09-14 16:30:00,92.32,92.435,92.3,92.31,136622,2023-09-14
2023-09-14 16:35:00,92.32,92.34,92.3,92.305,79434,2023-09-14
2023-09-14 16:40:00,92.3,92.31,92.25,92.265,78802,2023-09-14
2023-09-14 16:45:00,92.27,92.28,92.24,92.28,93399,2023-09-14
2023-09-14 16:50:00,92.28,92.31,92.26,92.295,140497,2023-09-14
2023-09-14 16:55:00,92.3,92.335,92.295,92.315,68828,2023-09-14
2023-09-14 17:00:00,92.32,92.34,92.3,92.305,55942,2023-09-14
2023-09-14 17:05:00,92.305,92.315,92.29,92.31,57997,2023-09-14
2023-09-14 17:10:00,92.31,92.34,92.3,92.3022,62954,2023-09-14
2023-09-14 17:15:00,92.305,92.32,92.3,92.305,26131,2023-09-14
2023-09-14 17:20:00,92.305,92.32,92.3,92.3,27627,2023-09-14
2023-09-14 17:25:00,92.305,92.32,92.3,92.315,24836,2023-09-14
2023-09-14 17:30:00,92.315,92.335,92.3,92.325,69145,2023-09-14
2023-09-14 17:35:00,92.33,92.36,92.315,92.345,45853,2023-09-14
2023-09-14 17:40:00,92.3472,92.35,92.32,92.35,37437,2023-09-14
2023-09-14 17:45:00,92.35,92.355,92.325,92.355,41880,2023-09-14
2023-09-14 17:50:00,92.359,92.37,92.35,92.36,24916,2023-09-14
2023-09-14 17:55:00,92.365,92.4,92.36,92.4,25095,2023-09-14
2023-09-14 18:00:00,92.395,92.425,92.39,92.41,44279,2023-09-14
2023-09-14 18:05:00,92.405,92.46,92.4,92.445,70509,2023-09-14
2023-09-14 18:10:00,92.445,92.455,92.425,92.45,31625,2023-09-14
2023-09-14 18:15:00,92.445,92.465,92.44,92.445,89285,2023-09-14
2023-09-14 18:20:00,92.445,92.46,92.43,92.431,57263,2023-09-14
2023-09-14 18:25:00,92.435,92.435,92.39,92.395,62661,2023-09-14
2023-09-14 18:30:00,92.395,92.4,92.36,92.4,41749,2023-09-14
2023-09-14 18:35:00,92.4,92.42,92.39,92.405,55739,2023-09-14
2023-09-14 18:40:00,92.405,92.405,92.36,92.385,73593,2023-09-14
2023-09-14 18:45:00,92.385,92.41,92.38,92.41,22003,2023-09-14
2023-09-14 18:50:00,92.41,92.445,92.41,92.445,18457,2023-09-14
2023-09-14 18:55:00,92.445,92.46,92.435,92.45,41940,2023-09-14
2023-09-14 19:00:00,92.45,92.46,92.42,92.425,40305,2023-09-14
2023-09-14 19:05:00,92.42,92.425,92.42,92.425,7752,2023-09-14
2023-09-14 19:10:00,92.425,92.43,92.395,92.41,55295,2023-09-14
2023-09-14 19:15:00,92.415,92.42,92.38,92.385,22585,2023-09-14
2023-09-14 19:20:00,92.385,92.39,92.375,92.38,36701,2023-09-14
2023-09-14 19:25:00,92.385,92.385,92.35,92.365,24740,2023-09-14
2023-09-14 19:30:00,92.365,92.365,92.36,92.365,9714,2023-09-14
2023-09-14 19:35:00,92.365,92.37,92.345,92.35,30603,2023-09-14
2023-09-14 19:40:00,92.355,92.37,92.33,92.335,28093,2023-09-14
2023-09-14 19:45:00,92.335,92.35,92.33,92.34,35051,2023-09-14
2023-09-14 19:50:00,92.34,92.37,92.33,92.355,249264,2023-09-14
2023-09-14 19:55:00,92.36,92.385,92.35,92.365,151417,2023-09-14
2023-09-14 20:00:00,92.365,92.37,92.3501,92.355,25352,2023-09-14
2023-09-14 20:05:00,92.355,92.36,92.35,92.35,196641,2023-09-14
2023-09-14 20:10:00,92.355,92.39,92.345,92.35,68424,2023-09-14
2023-09-14 20:15:00,92.35,92.36,92.33,92.355,266670,2023-09-14
2023-09-14 20:20:00,92.36,92.36,92.33,92.335,28041,2023-09-14
2023-09-14 20:25:00,92.33,92.35,92.325,92.35,63031,2023-09-14
2023-09-14 20:30:00,92.35,92.3675,92.34,92.34,40537,2023-09-14
2023-09-14 20:35:00,92.345,92.35,92.33,92.35,36120,2023-09-14
2023-09-14 20:40:00,92.34,92.36,92.33,92.355,33951,2023-09-14
2023-09-14 20:45:00,92.355,92.355,92.325,92.33,42873,2023-09-14
2023-09-14 20:50:00,92.335,92.335,92.32,92.335,27278,2023-09-14
2023-09-14 20:55:00,92.335,92.35,92.33,92.35,104072,2023-09-14
2023-09-14 21:00:00,92.35,92.355,92.32,92.325,75276,2023-09-14
2023-09-14 21:05:00,92.32,92.32,92.3,92.305,18291,2023-09-14
2023-09-14 21:10:00,92.305,92.31,92.3,92.305,8871,2023-09-14
2023-09-14 21:15:00,92.305,92.33,92.29,92.305,114786,2023-09-14
2023-09-14 21:20:00,92.305,92.31,92.295,92.3,67952,2023-09-14
2023-09-14 21:25:00,92.325,92.34,92.3,92.33,304549,2023-09-14
2023-09-14 21:30:00,92.33,92.35,92.31,92.315,40271,2023-09-14
2023-09-14 21:35:00,92.315,92.32,92.29,92.305,35976,2023-09-14
2023-09-14 21:40:00,92.305,92.32,92.21,92.28,188116,2023-09-14
2023-09-14 21:45:00,92.275,92.28,92.18,92.205,89491,2023-09-14
2023-09-14 21:50:00,92.2,92.21,92.18,92.205,35492,2023-09-14
2023-09-14 21:55:00,92.205,92.28,92.2,92.265,88316,2023-09-14
2023-09-14 22:00:00,92.2601,92.2782,92.2501,92.265,20260,2023-09-14
2023-09-14 22:05:00,92.265,92.28,92.25,92.255,92253,2023-09-14
2023-09-14 22:10:00,92.255,92.29,92.25,92.29,50515,2023-09-14
2023-09-14 22:15:00,92.28,92.31,92.27,92.295,188961,2023-09-14
2023-09-14 22:20:00,92.29,92.29,92.2538,92.265,37598,2023-09-14
2023-09-14 22:25:00,92.27,92.27,92.25,92.265,20869,2023-09-14
2023-09-14 22:30:00,92.265,92.27,92.25,92.25,49359,2023-09-14
2023-09-14 22:35:00,92.255,92.285,92.25,92.265,403398,2023-09-14
2023-09-14 22:40:00,92.26,92.3,92.25,92.295,122260,2023-09-14
2023-09-14 22:45:00,92.295,92.3,92.28,92.285,198249,2023-09-14
2023-09-14 22:50:00,92.29,92.29,92.2,92.205,298014,2023-09-14
2023-09-14 22:55:00,92.2,92.23,92.15,92.225,312317,2023-09-14
2023-09-14 23:00:00,92.22,92.2716,92.22,92.2716,144123,2023-09-14
2023-09-14 23:05:00,92.3,92.3,92.3,92.3,100,2023-09-14
2023-09-14 23:25:00,92.2601,92.2601,92.2601,92.2601,299,2023-09-14
2023-09-15 00:50:00,92.25,92.25,92.25,92.25,100,2023-09-14
2023-09-15 01:40:00,92.25,92.25,92.25,92.25,921,2023-09-14
2023-09-15 02:55:00,92.24,92.24,92.23,92.23,757,2023-09-14
2023-09-15 11:35:00,92.17,92.25,92.17,92.25,739,2023-09-15
2023-09-15 12:40:00,92.25,92.25,92.25,92.25,296,2023-09-15
2023-09-15 14:10:00,92.39,92.39,92.39,92.39,200,2023-09-15
2023-09-15 15:10:00,92.29,92.29,92.29,92.29,100,2023-09-15
2023-09-15 15:25:00,92.25,92.25,92.25,92.25,100,2023-09-15
2023-09-15 15:30:00,92.25,92.25,92.23,92.23,1498,2023-09-15
2023-09-15 15:45:00,92.26,92.26,92.26,92.26,360,2023-09-15
2023-09-15 15:50:00,92.29,92.32,92.29,92.32,1161,2023-09-15
2023-09-15 16:15:00,92.3001,92.33,92.3001,92.33,300,2023-09-15
2023-09-15 16:25:00,92.31,92.38,91.8,92.32,51309,2023-09-15
2023-09-15 16:30:00,92.16,92.29,92.1,92.23,622441,2023-09-15
2023-09-15 16:35:00,92.26,92.33,92.25,92.2601,128942,2023-09-15
2023-09-15 16:40:00,92.265,92.305,92.24,92.26,240538,2023-09-15
2023-09-15 16:45:00,92.255,92.265,92.205,92.23,111801,2023-09-15
2023-09-15 16:50:00,92.235,92.27,92.23,92.26,26892,2023-09-15
2023-09-15 16:55:00,92.26,92.27,92.25,92.26,45647,2023-09-15
2023-09-15 17:00:00,92.26,92.29,92.24,92.27,79183,2023-09-15
2023-09-15 17:05:00,92.27,92.28,92.25,92.27,52824,2023-09-15
2023-09-15 17:10:00,92.27,92.27,92.245,92.25,51606,2023-09-15
2023-09-15 17:15:00,92.25,92.28,92.24,92.25,118974,2023-09-15
2023-09-15 17:20:00,92.25,92.27,92.245,92.245,28794,2023-09-15
2023-09-15 17:25:00,92.24,92.27,92.24,92.255,85503,2023-09-15
2023-09-15 17:30:00,92.255,92.26,92.225,92.24,92442,2023-09-15
2023-09-15 17:35:00,92.24,92.27,92.225,92.235,61774,2023-09-15
2023-09-15 17:40:00,92.23,92.235,92.13,92.13,96994,2023-09-15
2023-09-15 17:45:00,92.13,92.13,92.035,92.07,191017,2023-09-15
2023-09-15 17:50:00,92.07,92.08,91.99,92.07,118336,2023-09-15
2023-09-15 17:55:00,92.07,92.12,92.06,92.11,66532,2023-09-15
2023-09-15 18:00:00,92.1,92.205,92.1,92.205,96926,2023-09-15
2023-09-15 18:05:00,92.2091,92.26,92.18,92.22,114531,2023-09-15
2023-09-15 18:10:00,92.21,92.24,92.2,92.2,29903,2023-09-15
2023-09-15 18:15:00,92.2001,92.21,92.11,92.13,43758,2023-09-15
2023-09-15 18:20:00,92.13,92.2,92.13,92.18,23277,2023-09-15
2023-09-15 18:25:00,92.18,92.21,92.17,92.205,12767,2023-09-15
2023-09-15 18:30:00,92.205,92.22,92.195,92.205,33513,2023-09-15
2023-09-15 18:35:00,92.21,92.21,92.17,92.18,28685,2023-09-15
2023-09-15 18:40:00,92.18,92.205,92.18,92.19,30752,2023-09-15
2023-09-15 18:45:00,92.19,92.205,92.18,92.2,37851,2023-09-15
2023-09-15 18:50:00,92.205,92.205,92.1717,92.185,17522,2023-09-15
2023-09-15 18:55:00,92.1801,92.23,92.165,92.215,55537,2023-09-15
2023-09-15 19:00:00,92.21,92.23,92.16,92.17,65221,2023-09-15
2023-09-15 19:05:00,92.17,92.175,92.14,92.16,35793,2023-09-15
2023-09-15 19:10:00,92.155,92.175,92.15,92.165,13774,2023-09-15
2023-09-15 19:15:00,92.165,92.205,92.155,92.205,25444,2023-09-15
2023-09-15 19:20:00,92.205,92.215,92.18,92.195,50924,2023-09-15
2023-09-15 19:25:00,92.195,92.2,92.16,92.16,20825,2023-09-15
2023-09-15 19:30:00,92.165,92.175,92.14,92.155,57862,2023-09-15
2023-09-15 19:35:00,92.15,92.18,92.15,92.165,37205,2023-09-15
2023-09-15 19:40:00,92.16,92.17,92.15,92.17,20302,2023-09-15
2023-09-15 19:45:00,92.17,92.2,92.17,92.195,18401,2023-09-15
2023-09-15 19:50:00,92.195,92.2,92.185,92.185,13692,2023-09-15
2023-09-15 19:55:00,92.185,92.185,92.14,92.14,23349,2023-09-15
2023-09-15 20:00:00,92.14,92.14,92.1,92.11,63931,2023-09-15
2023-09-15 20:05:00,92.11,92.115,92.1,92.11,42553,2023-09-15
2023-09-15 20:10:00,92.115,92.115,92.1,92.1,52506,2023-09-15
2023-09-15 20:15:00,92.105,92.11,92.04,92.045,72414,2023-09-15
2023-09-15 20:20:00,92.045,92.07,92.04,92.04,91035,2023-09-15
2023-09-15 20:25:00,92.05,92.07,92.03,92.055,56329,2023-09-15
2023-09-15 20:30:00,92.055,92.055,92.03,92.045,33555,2023-09-15
2023-09-15 20:35:00,92.05,92.1,92.0401,92.085,32315,2023-09-15
2023-09-15 20:40:00,92.09,92.11,92.085,92.105,41987,2023-09-15
2023-09-15 20:45:00,92.11,92.11,92.09,92.095,41923,2023-09-15
2023-09-15 20:50:00,92.095,92.1,92.07,92.085,31171,2023-09-15
2023-09-15 20:55:00,92.085,92.085,92.06,92.0669,20403,2023-09-15
2023-09-15 21:00:00,92.065,92.1,92.05,92.1,112808,2023-09-15
2023-09-15 21:05:00,92.105,92.11,92.09,92.095,39869,2023-09-15
2023-09-15 21:10:00,92.095,92.12,92.08,92.085,34841,2023-09-15
2023-09-15 21:15:00,92.08,92.095,92.06,92.065,18859,2023-09-15
2023-09-15 21:20:00,92.06,92.07,92.04,92.04,19297,2023-09-15
2023-09-15 21:25:00,92.0425,92.05,92.03,92.04,24355,2023-09-15
2023-09-15 21:30:00,92.0399,92.04,92.03,92.035,8186,2023-09-15
2023-09-15 21:35:00,92.035,92.06,92.03,92.055,90152,2023-09-15
2023-09-15 21:40:00,92.055,92.055,92.03,92.035,31178,2023-09-15
2023-09-15 21:45:00,92.035,92.05,92.0315,92.045,48987,2023-09-15
2023-09-15 21:50:00,92.04,92.05,92.01,92.01,64030,2023-09-15
2023-09-15 21:55:00,92.015,92.02,92,92.01,78071,2023-09-15
2023-09-15 22:00:00,92.01,92.015,92,92.005,70735,2023-09-15
2023-09-15 22:05:00,92,92.025,92,92.02,61094,2023-09-15
2023-09-15 22:10:00,92.02,92.02,92,92.005,21097,2023-09-15
2023-09-15 22:15:00,92,92.02,92,92.005,56743,2023-09-15
2023-09-15 22:20:00,92.01,92.015,92,92.008,84797,2023-09-15
2023-09-15 22:25:00,92.005,92.02,92,92.01,62699,2023-09-15
2023-09-15 22:30:00,92.01,92.02,92,92.005,22366,2023-09-15
2023-09-15 22:35:00,92.005,92.04,92,92.035,61839,2023-09-15
2023-09-15 22:40:00,92.035,92.07,92.03,92.055,35711,2023-09-15
2023-09-15 22:45:00,92.05,92.07,92.02,92.0216,161925,2023-09-15
2023-09-15 22:50:00,92.02,92.04,91.845,91.91,923702,2023-09-15
2023-09-15 22:55:00,91.91,91.915,91.73,91.85,2144040.0,2023-09-15
2023-09-15 23:00:00,91.82,92.2515,91.82,91.85,303242,2023-09-15
2023-09-15 23:05:00,91.82,91.92,91.82,91.82,162246,2023-09-15
2023-09-15 23:10:00,91.91,91.92,91.9,91.9,26701,2023-09-15
2023-09-15 23:15:00,91.93,91.93,91.93,91.93,2988,2023-09-15
2023-09-15 23:20:00,91.93,91.93,91.85,91.85,800,2023-09-15
2023-09-15 23:25:00,91.87,91.88,91.87,91.88,1217,2023-09-15
2023-09-15 23:30:00,91.91,91.93,91.91,91.925,5542,2023-09-15
2023-09-15 23:35:00,91.91,91.9299,91.91,91.91,1319,2023-09-15
2023-09-15 23:40:00,91.9,91.9,91.85,91.85,3600,2023-09-15
2023-09-15 23:45:00,91.88,91.89,91.88,91.89,917,2023-09-15
2023-09-16 00:15:00,91.9,91.9,91.9,91.9,100,2023-09-15
2023-09-16 00:20:00,91.88,91.9,91.88,91.9,600,2023-09-15
2023-09-16 00:25:00,91.86,91.86,91.86,91.86,1001,2023-09-15
2023-09-16 00:35:00,91.86,91.86,91.86,91.86,451,2023-09-15
2023-09-16 01:15:00,91.9,91.9,91.9,91.9,2500,2023-09-15
2023-09-16 01:20:00,91.89,91.9,91.89,91.9,743,2023-09-15
2023-09-16 01:30:00,91.89,91.89,91.88,91.88,1041,2023-09-15
2023-09-16 01:45:00,91.91,91.91,91.91,91.91,110,2023-09-15
2023-09-16 01:55:00,91.92,91.92,91.92,91.92,500,2023-09-15
2023-09-16 02:00:00,91.92,91.92,91.92,91.92,190,2023-09-15
2023-09-16 02:45:00,91.91,91.91,91.91,91.91,222,2023-09-15
2023-09-16 02:55:00,91.88,91.88,91.88,91.88,436,2023-09-15
2023-09-18 14:00:00,91.92,91.92,91.84,91.84,3595,2023-09-18
2023-09-18 14:05:00,91.91,91.92,91.91,91.92,1760,2023-09-18
2023-09-18 14:10:00,91.98,92.01,91.97,92.01,3973,2023-09-18
2023-09-18 14:15:00,92,92,92,92,268,2023-09-18
2023-09-18 14:30:00,91.99,92,91.99,92,1156,2023-09-18
2023-09-18 14:35:00,91.97,91.97,91.97,91.97,343,2023-09-18
2023-09-18 14:45:00,91.96,91.96,91.96,91.96,3065,2023-09-18
2023-09-18 14:50:00,91.96,91.96,91.96,91.96,447,2023-09-18
2023-09-18 15:00:00,92,92,91.92,91.99,3673,2023-09-18
2023-09-18 15:05:00,91.98,92.02,91.98,92.01,10425,2023-09-18
2023-09-18 15:10:00,92.01,92.01,92,92,1850,2023-09-18
2023-09-18 15:15:00,92.01,92.02,92,92.01,9292,2023-09-18
2023-09-18 15:20:00,92.01,92.01,92,92,5717,2023-09-18
2023-09-18 15:25:00,92,92,92,92,3223,2023-09-18
2023-09-18 15:30:00,92,92,92,92,3501,2023-09-18
2023-09-18 16:00:00,91.99,92.01,91.99,92,3744,2023-09-18
2023-09-18 16:05:00,92,92.02,92,92.02,3549,2023-09-18
2023-09-18 16:10:00,92,92.01,92,92.01,6404,2023-09-18
2023-09-18 16:15:00,92.01,92.01,92,92,2868,2023-09-18
2023-09-18 16:25:00,92.02,92.05,92.02,92.04,2530,2023-09-18
2023-09-18 16:30:00,92.04,92.05,91.89,91.97,163009,2023-09-18
2023-09-18 16:35:00,91.98,92.02,91.97,92.005,106583,2023-09-18
2023-09-18 16:40:00,92.01,92.02,91.915,91.945,67221,2023-09-18
2023-09-18 16:45:00,91.95,91.975,91.94,91.96,40533,2023-09-18
2023-09-18 16:50:00,91.95,91.955,91.895,91.915,46152,2023-09-18
2023-09-18 16:55:00,91.91,91.965,91.905,91.94,87543,2023-09-18
2023-09-18 17:00:00,91.94,91.965,91.9,91.9,90116,2023-09-18
2023-09-18 17:05:00,91.91,91.94,91.89,91.9,83925,2023-09-18
2023-09-18 17:10:00,91.89,91.895,91.82,91.865,246437,2023-09-18
2023-09-18 17:15:00,91.865,91.945,91.865,91.9025,79471,2023-09-18
2023-09-18 17:20:00,91.905,91.92,91.87,91.92,66711,2023-09-18
2023-09-18 17:25:00,91.925,91.935,91.91,91.915,24325,2023-09-18
2023-09-18 17:30:00,91.91,91.92,91.88,91.88,50384,2023-09-18
2023-09-18 17:35:00,91.885,91.91,91.88,91.89,46053,2023-09-18
2023-09-18 17:40:00,91.89,91.9,91.87,91.89,56168,2023-09-18
2023-09-18 17:45:00,91.89,91.89,91.855,91.865,65598,2023-09-18
2023-09-18 17:50:00,91.865,91.89,91.8644,91.875,56092,2023-09-18
2023-09-18 17:55:00,91.88,91.88,91.87,91.88,12705,2023-09-18
2023-09-18 18:00:00,91.875,91.92,91.87,91.92,61130,2023-09-18
2023-09-18 18:05:00,91.92,91.92,91.9,91.9,19622,2023-09-18
2023-09-18 18:10:00,91.902,91.91,91.895,91.895,31043,2023-09-18
2023-09-18 18:15:00,91.895,91.91,91.895,91.9052,23926,2023-09-18
2023-09-18 18:20:00,91.91,91.91,91.9,91.91,13082,2023-09-18
2023-09-18 18:25:00,91.91,91.91,91.9,91.9099,28889,2023-09-18
2023-09-18 18:30:00,91.905,91.92,91.9,91.905,39115,2023-09-18
2023-09-18 18:35:00,91.905,91.92,91.9,91.9157,22971,2023-09-18
2023-09-18 18:40:00,91.91,91.92,91.91,91.91,23547,2023-09-18
2023-09-18 18:45:00,91.9178,91.9178,91.9,91.9,33451,2023-09-18
2023-09-18 18:50:00,91.905,91.92,91.9,91.92,18623,2023-09-18
2023-09-18 18:55:00,91.92,91.96,91.91,91.96,80121,2023-09-18
2023-09-18 19:00:00,91.9591,91.99,91.9591,91.98,69509,2023-09-18
2023-09-18 19:05:00,91.97,92,91.965,91.98,68729,2023-09-18
2023-09-18 19:10:00,91.975,91.99,91.975,91.985,14797,2023-09-18
2023-09-18 19:15:00,91.985,91.985,91.97,91.975,14689,2023-09-18
2023-09-18 19:20:00,91.98,91.985,91.97,91.975,23176,2023-09-18
2023-09-18 19:25:00,91.975,91.985,91.955,91.96,45968,2023-09-18
2023-09-18 19:30:00,91.96,91.98,91.95,91.975,32924,2023-09-18
2023-09-18 19:35:00,91.975,91.98,91.96,91.96,14203,2023-09-18
2023-09-18 19:40:00,91.965,91.97,91.96,91.97,12123,2023-09-18
2023-09-18 19:45:00,91.96,92.03,91.96,92.02,64410,2023-09-18
2023-09-18 19:50:00,92.02,92.02,91.99,92.0101,204149,2023-09-18
2023-09-18 19:55:00,92.015,92.02,92,92.015,41237,2023-09-18
2023-09-18 20:00:00,92.015,92.02,92.01,92.015,8370,2023-09-18
2023-09-18 20:05:00,92.015,92.02,92.005,92.005,16179,2023-09-18
2023-09-18 20:10:00,92.005,92.02,92.005,92.0145,13767,2023-09-18
2023-09-18 20:15:00,92.015,92.03,92,92.025,25481,2023-09-18
2023-09-18 20:20:00,92.03,92.03,92.02,92.025,9968,2023-09-18
2023-09-18 20:25:00,92.03,92.03,92.01,92.01,15155,2023-09-18
2023-09-18 20:30:00,92.015,92.015,92,92.01,28373,2023-09-18
2023-09-18 20:35:00,92.005,92.02,92,92,32372,2023-09-18
2023-09-18 20:40:00,92.005,92.02,92.005,92.005,17861,2023-09-18
2023-09-18 20:45:00,92,92.015,92,92.01,18196,2023-09-18
2023-09-18 20:50:00,92.01,92.015,92,92,23263,2023-09-18
2023-09-18 20:55:00,92.005,92.01,92,92.01,10681,2023-09-18
2023-09-18 21:00:00,92.005,92.02,92,92.015,21086,2023-09-18
2023-09-18 21:05:00,92.01,92.02,92,92.02,28544,2023-09-18
2023-09-18 21:10:00,92.01,92.02,92.01,92.015,11563,2023-09-18
2023-09-18 21:15:00,92.02,92.03,92.01,92.01,33138,2023-09-18
2023-09-18 21:20:00,92.015,92.02,92,92.01,25221,2023-09-18
2023-09-18 21:25:00,92.01,92.01,92,92,13570,2023-09-18
2023-09-18 21:30:00,92,92.01,92,92,16645,2023-09-18
2023-09-18 21:35:00,92.005,92.01,92,92.005,20897,2023-09-18
2023-09-18 21:40:00,92,92.01,92,92,12850,2023-09-18
2023-09-18 21:45:00,92.0001,92.005,91.965,91.965,112905,2023-09-18
2023-09-18 21:50:00,91.965,91.965,91.95,91.95,25671,2023-09-18
2023-09-18 21:55:00,91.95,91.95,91.93,91.935,39600,2023-09-18
2023-09-18 22:00:00,91.93,91.93,91.88,91.89,146402,2023-09-18
2023-09-18 22:05:00,91.9,91.93,91.9,91.925,57181,2023-09-18
2023-09-18 22:10:00,91.925,91.96,91.925,91.96,51239,2023-09-18
2023-09-18 22:15:00,91.96,91.99,91.955,91.98,54763,2023-09-18
2023-09-18 22:20:00,91.975,91.975,91.91,91.93,74480,2023-09-18
2023-09-18 22:25:00,91.925,91.94,91.895,91.91,100577,2023-09-18
2023-09-18 22:30:00,91.91,91.945,91.9,91.93,65420,2023-09-18
2023-09-18 22:35:00,91.93,91.93,91.88,91.8818,122136,2023-09-18
2023-09-18 22:40:00,91.88,91.95,91.88,91.94,56770,2023-09-18
2023-09-18 22:45:00,91.94,91.95,91.915,91.92,92043,2023-09-18
2023-09-18 22:50:00,91.925,91.93,91.87,91.89,151851,2023-09-18
2023-09-18 22:55:00,91.9,91.92,91.88,91.9,240341,2023-09-18
2023-09-18 23:00:00,91.91,91.91,91.91,91.91,5477,2023-09-18
2023-09-19 00:40:00,91.97,92,91.97,92,12264,2023-09-18
2023-09-19 00:45:00,92,92,92,92,555,2023-09-18
2023-09-19 11:55:00,91.91,91.91,91.91,91.91,500,2023-09-19
2023-09-19 13:10:00,91.9,91.9,91.9,91.9,302,2023-09-19
2023-09-19 14:40:00,91.99,91.99,91.99,91.99,700,2023-09-19
2023-09-19 15:55:00,91.95,91.95,91.95,91.95,300,2023-09-19
2023-09-19 16:00:00,91.95,91.95,91.95,91.95,383,2023-09-19
2023-09-19 16:25:00,91.96,91.96,91.94,91.96,2005,2023-09-19
2023-09-19 16:30:00,91.92,91.99,91.9,91.95,67190,2023-09-19
2023-09-19 16:35:00,91.95,91.96,91.935,91.945,34855,2023-09-19
2023-09-19 16:40:00,91.95,91.96,91.935,91.94,56559,2023-09-19
2023-09-19 16:45:00,91.945,91.98,91.94,91.97,23628,2023-09-19
2023-09-19 16:50:00,91.965,91.97,91.955,91.97,12708,2023-09-19
2023-09-19 16:55:00,91.9627,91.97,91.96,91.965,12702,2023-09-19
2023-09-19 17:00:00,91.965,91.965,91.92,91.94,58424,2023-09-19
2023-09-19 17:05:00,91.945,91.96,91.92,91.96,57815,2023-09-19
2023-09-19 17:10:00,91.955,91.96,91.9432,91.945,36489,2023-09-19
2023-09-19 17:15:00,91.95,91.98,91.94,91.97,113696,2023-09-19
2023-09-19 17:20:00,91.97,92.02,91.97,92.015,75447,2023-09-19
2023-09-19 17:25:00,92.015,92.025,91.99,92.0153,139630,2023-09-19
2023-09-19 17:30:00,92.02,92.08,92.02,92.065,52242,2023-09-19
2023-09-19 17:35:00,92.07,92.085,92.05,92.055,32159,2023-09-19
2023-09-19 17:40:00,92.055,92.08,92.045,92.05,35117,2023-09-19
2023-09-19 17:45:00,92.055,92.065,92.05,92.065,62211,2023-09-19
2023-09-19 17:50:00,92.06,92.09,92.05,92.085,43402,2023-09-19
2023-09-19 17:55:00,92.085,92.09,92.07,92.0801,31123,2023-09-19
2023-09-19 18:00:00,92.085,92.1,92.08,92.085,54269,2023-09-19
2023-09-19 18:05:00,92.08,92.085,92.06,92.0741,30635,2023-09-19
2023-09-19 18:10:00,92.075,92.08,91.99,92.04,315820,2023-09-19
2023-09-19 18:15:00,92.05,92.05,91.99,92.01,67921,2023-09-19
2023-09-19 18:20:00,92.01,92.03,92.01,92.012,19934,2023-09-19
2023-09-19 18:25:00,92.02,92.03,92.015,92.03,25181,2023-09-19
2023-09-19 18:30:00,92.0275,92.03,92.01,92.03,22887,2023-09-19
2023-09-19 18:35:00,92.03,92.03,92.01,92.03,33786,2023-09-19
2023-09-19 18:40:00,92.03,92.03,91.99,92,36728,2023-09-19
2023-09-19 18:45:00,92.0001,92.02,91.9922,91.9922,84513,2023-09-19
2023-09-19 18:50:00,91.995,92.0075,91.96,91.99,57256,2023-09-19
2023-09-19 18:55:00,91.99,92.01,91.985,91.995,19960,2023-09-19
2023-09-19 19:00:00,91.99,92.02,91.99,92.02,17567,2023-09-19
2023-09-19 19:05:00,92.015,92.02,92,92.02,14572,2023-09-19
2023-09-19 19:10:00,92.02,92.0275,92,92.025,18374,2023-09-19
2023-09-19 19:15:00,92.025,92.04,92.02,92.02,15169,2023-09-19
2023-09-19 19:20:00,92.02,92.06,92.01,92.06,16117,2023-09-19
2023-09-19 19:25:00,92.055,92.06,92.05,92.06,7141,2023-09-19
2023-09-19 19:30:00,92.055,92.06,92.04,92.05,17168,2023-09-19
2023-09-19 19:35:00,92.045,92.07,92.04,92.065,11395,2023-09-19
2023-09-19 19:40:00,92.07,92.085,92.065,92.085,16670,2023-09-19
2023-09-19 19:45:00,92.09,92.125,92.075,92.075,56005,2023-09-19
2023-09-19 19:50:00,92.075,92.085,92.05,92.0513,29117,2023-09-19
2023-09-19 19:55:00,92.05,92.095,92.05,92.09,23500,2023-09-19
2023-09-19 20:00:00,92.085,92.0875,92.07,92.075,15234,2023-09-19
2023-09-19 20:05:00,92.075,92.12,92.075,92.12,31143,2023-09-19
2023-09-19 20:10:00,92.115,92.135,92.1,92.125,24327,2023-09-19
2023-09-19 20:15:00,92.12,92.15,92.11,92.14,54974,2023-09-19
2023-09-19 20:20:00,92.14,92.16,92.135,92.145,22603,2023-09-19
2023-09-19 20:25:00,92.14,92.155,92.115,92.145,35239,2023-09-19
2023-09-19 20:30:00,92.145,92.16,92.115,92.13,28380,2023-09-19
2023-09-19 20:35:00,92.14,92.15,92.13,92.135,20365,2023-09-19
2023-09-19 20:40:00,92.135,92.1675,92.135,92.155,23831,2023-09-19
2023-09-19 20:45:00,92.155,92.18,92.155,92.175,24555,2023-09-19
2023-09-19 20:50:00,92.17,92.17,92.1505,92.165,22317,2023-09-19
2023-09-19 20:55:00,92.161,92.17,92.16,92.17,10723,2023-09-19
2023-09-19 21:00:00,92.17,92.205,92.165,92.2,40601,2023-09-19
2023-09-19 21:05:00,92.1975,92.21,92.14,92.15,49945,2023-09-19
2023-09-19 21:10:00,92.14,92.15,92.135,92.15,24572,2023-09-19
2023-09-19 21:15:00,92.14,92.15,92.1301,92.1475,24493,2023-09-19
2023-09-19 21:20:00,92.145,92.16,92.1123,92.115,21014,2023-09-19
2023-09-19 21:25:00,92.12,92.13,92.11,92.11,18777,2023-09-19
2023-09-19 21:30:00,92.11,92.13,92.095,92.1284,49181,2023-09-19
2023-09-19 21:35:00,92.13,92.18,92.13,92.18,21129,2023-09-19
2023-09-19 21:40:00,92.18,92.19,92.172,92.18,22421,2023-09-19
2023-09-19 21:45:00,92.18,92.1975,92.17,92.195,39683,2023-09-19
2023-09-19 21:50:00,92.195,92.2,92.17,92.175,21085,2023-09-19
2023-09-19 21:55:00,92.172,92.18,92.16,92.16,16743,2023-09-19
2023-09-19 22:00:00,92.165,92.18,92.14,92.155,28726,2023-09-19
2023-09-19 22:05:00,92.16,92.175,92.145,92.145,26199,2023-09-19
2023-09-19 22:10:00,92.14,92.14,92.115,92.13,32794,2023-09-19
2023-09-19 22:15:00,92.121,92.135,92.11,92.115,31367,2023-09-19
2023-09-19 22:20:00,92.1175,92.12,92.08,92.1,36360,2023-09-19
2023-09-19 22:25:00,92.1,92.15,92.09,92.15,45146,2023-09-19
2023-09-19 22:30:00,92.16,92.16,92.13,92.14,48255,2023-09-19
2023-09-19 22:35:00,92.14,92.15,92.11,92.13,26123,2023-09-19
2023-09-19 22:40:00,92.125,92.15,92.09,92.145,75675,2023-09-19
2023-09-19 22:45:00,92.15,92.175,92.13,92.175,77244,2023-09-19
2023-09-19 22:50:00,92.17,92.17,92.11,92.115,109752,2023-09-19
2023-09-19 22:55:00,92.11,92.12,92.07,92.08,230253,2023-09-19
2023-09-19 23:00:00,92.07,92.08,92.07,92.08,4549,2023-09-19
2023-09-19 23:40:00,92.09,92.09,92.09,92.09,107,2023-09-19
2023-09-20 02:55:00,92.07,92.07,92.07,92.07,700,2023-09-19
2023-09-20 12:05:00,91.97,91.97,91.97,91.97,408,2023-09-20
2023-09-20 13:10:00,92.18,92.18,92.18,92.18,150,2023-09-20
2023-09-20 14:10:00,92.16,92.2,92.16,92.2,4114,2023-09-20
2023-09-20 14:25:00,92.44,92.59,92.44,92.5,11408,2023-09-20
2023-09-20 14:30:00,92.5,92.55,92.48,92.49,12398,2023-09-20
2023-09-20 14:35:00,92.49,92.5,92.38,92.39,2907,2023-09-20
2023-09-20 14:40:00,92.38,92.41,92.38,92.41,2034,2023-09-20
2023-09-20 15:00:00,92.59,92.59,91.56,91.56,13734,2023-09-20
2023-09-20 15:05:00,92.65,92.65,92.6,92.62,3635,2023-09-20
2023-09-20 15:10:00,92.62,92.63,92.6,92.62,1630,2023-09-20
2023-09-20 15:15:00,92.62,92.62,92.61,92.62,8888,2023-09-20
2023-09-20 15:20:00,92.62,92.77,92.6,92.77,30202,2023-09-20
2023-09-20 15:25:00,92.73,92.73,92.6,92.62,18437,2023-09-20
2023-09-20 15:30:00,92.6,92.61,92.49,92.49,3569,2023-09-20
2023-09-20 15:35:00,92.45,92.47,92.41,92.45,8019,2023-09-20
2023-09-20 15:40:00,92.45,92.47,92.45,92.47,934,2023-09-20
2023-09-20 15:45:00,92.47,92.55,92.47,92.5,8409,2023-09-20
2023-09-20 15:50:00,92.56,92.6,92.49,92.6,2352,2023-09-20
2023-09-20 15:55:00,92.49,92.49,92.49,92.49,320,2023-09-20
2023-09-20 16:15:00,92.49,92.49,92.49,92.49,350,2023-09-20
2023-09-20 16:20:00,92.46,92.5,92.46,92.5,4366,2023-09-20
2023-09-20 16:25:00,92.46,92.5,92.41,92.42,6199,2023-09-20
2023-09-20 16:30:00,92.41,92.42,92.32,92.37,125703,2023-09-20
2023-09-20 16:35:00,92.36,92.36,92.3,92.355,88533,2023-09-20
2023-09-20 16:40:00,92.356,92.42,92.35,92.42,197971,2023-09-20
2023-09-20 16:45:00,92.425,92.48,92.41,92.455,147466,2023-09-20
2023-09-20 16:50:00,92.45,92.465,92.43,92.44,124541,2023-09-20
2023-09-20 16:55:00,92.44,92.44,92.4,92.415,89254,2023-09-20
2023-09-20 17:00:00,92.41,92.43,92.4,92.4175,23384,2023-09-20
2023-09-20 17:05:00,92.41,92.43,92.4029,92.425,25158,2023-09-20
2023-09-20 17:10:00,92.43,92.4327,92.41,92.41,28814,2023-09-20
2023-09-20 17:15:00,92.415,92.42,92.405,92.41,60523,2023-09-20
2023-09-20 17:20:00,92.41,92.42,92.38,92.41,262550,2023-09-20
2023-09-20 17:25:00,92.405,92.415,92.38,92.4,84885,2023-09-20
2023-09-20 17:30:00,92.41,92.4175,92.395,92.405,59876,2023-09-20
2023-09-20 17:35:00,92.4,92.42,92.4,92.405,63047,2023-09-20
2023-09-20 17:40:00,92.405,92.42,92.4,92.42,29384,2023-09-20
2023-09-20 17:45:00,92.42,92.42,92.405,92.41,20051,2023-09-20
2023-09-20 17:50:00,92.4199,92.42,92.395,92.41,112915,2023-09-20
2023-09-20 17:55:00,92.41,92.45,92.41,92.45,97771,2023-09-20
2023-09-20 18:00:00,92.45,92.465,92.43,92.45,84271,2023-09-20
2023-09-20 18:05:00,92.455,92.475,92.45,92.47,21247,2023-09-20
2023-09-20 18:10:00,92.48,92.525,92.4721,92.5,191464,2023-09-20
2023-09-20 18:15:00,92.5,92.53,92.49,92.5,206489,2023-09-20
2023-09-20 18:20:00,92.5,92.535,92.495,92.535,59556,2023-09-20
2023-09-20 18:25:00,92.535,92.54,92.5,92.51,64198,2023-09-20
2023-09-20 18:30:00,92.505,92.52,92.5,92.505,102254,2023-09-20
2023-09-20 18:35:00,92.505,92.53,92.5,92.505,157793,2023-09-20
2023-09-20 18:40:00,92.51,92.51,92.5,92.505,47473,2023-09-20
2023-09-20 18:45:00,92.505,92.5499,92.5,92.54,48056,2023-09-20
2023-09-20 18:50:00,92.53,92.53,92.495,92.4963,225959,2023-09-20
2023-09-20 18:55:00,92.495,92.495,92.45,92.465,18237,2023-09-20
2023-09-20 19:00:00,92.47,92.475,92.41,92.415,32493,2023-09-20
2023-09-20 19:05:00,92.41,92.4275,92.41,92.425,12883,2023-09-20
2023-09-20 19:10:00,92.4275,92.46,92.42,92.46,21534,2023-09-20
2023-09-20 19:15:00,92.46,92.475,92.46,92.465,15886,2023-09-20
2023-09-20 19:20:00,92.47,92.48,92.4621,92.48,10252,2023-09-20
2023-09-20 19:25:00,92.4763,92.49,92.46,92.49,28046,2023-09-20
2023-09-20 19:30:00,92.485,92.51,92.48,92.505,160377,2023-09-20
2023-09-20 19:35:00,92.5,92.51,92.485,92.505,26669,2023-09-20
2023-09-20 19:40:00,92.505,92.51,92.49,92.505,24588,2023-09-20
2023-09-20 19:45:00,92.505,92.51,92.5,92.505,27947,2023-09-20
2023-09-20 19:50:00,92.51,92.51,92.5,92.505,32453,2023-09-20
2023-09-20 19:55:00,92.505,92.51,92.5,92.51,22420,2023-09-20
2023-09-20 20:00:00,92.51,92.51,92.5,92.5,22847,2023-09-20
2023-09-20 20:05:00,92.505,92.51,92.5,92.505,7795,2023-09-20
2023-09-20 20:10:00,92.505,92.51,92.5,92.505,62970,2023-09-20
2023-09-20 20:15:00,92.5,92.5075,92.5,92.5,10199,2023-09-20
2023-09-20 20:20:00,92.5,92.51,92.5,92.5,47832,2023-09-20
2023-09-20 20:25:00,92.5,92.505,92.48,92.495,83938,2023-09-20
2023-09-20 20:30:00,92.495,92.5,92.47,92.4908,24085,2023-09-20
2023-09-20 20:35:00,92.495,92.5,92.46,92.465,39916,2023-09-20
2023-09-20 20:40:00,92.46,92.48,92.455,92.475,13036,2023-09-20
2023-09-20 20:45:00,92.4775,92.4775,92.445,92.465,38127,2023-09-20
2023-09-20 20:50:00,92.465,92.4875,92.465,92.485,11002,2023-09-20
2023-09-20 20:55:00,92.485,92.49,92.47,92.47,21061,2023-09-20
2023-09-20 21:00:00,92.47,92.47,92.39,92.44,129719,2023-09-20
2023-09-20 21:05:00,92.44,92.46,92.415,92.42,53901,2023-09-20
2023-09-20 21:10:00,92.41,92.46,92.41,92.44,66487,2023-09-20
2023-09-20 21:15:00,92.435,92.465,92.43,92.46,28187,2023-09-20
2023-09-20 21:20:00,92.465,92.47,92.445,92.465,49961,2023-09-20
2023-09-20 21:25:00,92.47,92.49,92.46,92.47,227762,2023-09-20
2023-09-20 21:30:00,92.47,92.5,92.455,92.47,100041,2023-09-20
2023-09-20 21:35:00,92.475,92.485,92.46,92.465,39427,2023-09-20
2023-09-20 21:40:00,92.465,92.49,92.46,92.47,84511,2023-09-20
2023-09-20 21:45:00,92.47,92.475,92.45,92.47,117720,2023-09-20
2023-09-20 21:50:00,92.465,92.475,92.45,92.46,83588,2023-09-20
2023-09-20 21:55:00,92.46,92.4827,92.455,92.46,81185,2023-09-20
2023-09-20 22:00:00,92.46,92.475,92.45,92.46,40206,2023-09-20
2023-09-20 22:05:00,92.47,92.47,92.44,92.46,246976,2023-09-20
2023-09-20 22:10:00,92.46,92.47,92.45,92.45,48474,2023-09-20
2023-09-20 22:15:00,92.4513,92.48,92.45,92.4701,65198,2023-09-20
2023-09-20 22:20:00,92.48,92.49,92.475,92.482,50017,2023-09-20
2023-09-20 22:25:00,92.48,92.485,92.46,92.48,76696,2023-09-20
2023-09-20 22:30:00,92.48,92.485,92.46,92.47,92414,2023-09-20
2023-09-20 22:35:00,92.46,92.49,92.46,92.48,123858,2023-09-20
2023-09-20 22:40:00,92.48,92.505,92.47,92.505,204958,2023-09-20
2023-09-20 22:45:00,92.5,92.52,92.5,92.51,167717,2023-09-20
2023-09-20 22:50:00,92.51,92.55,92.5,92.545,233091,2023-09-20
2023-09-20 22:55:00,92.545,92.61,92.54,92.55,611272,2023-09-20
2023-09-20 23:00:00,92.56,92.56,92.42,92.42,6071,2023-09-20
2023-09-20 23:05:00,92.54,92.54,92.54,92.54,115,2023-09-20
2023-09-20 23:25:00,92.56,92.56,92.56,92.56,100,2023-09-20
2023-09-20 23:30:00,92.56,92.56,92.56,92.56,200,2023-09-20
2023-09-20 23:55:00,92.54,92.54,92.54,92.54,386,2023-09-20
2023-09-21 12:05:00,92.4,92.4,92.4,92.4,144,2023-09-21
2023-09-21 15:00:00,92.5,92.5,92.5,92.5,198,2023-09-21
2023-09-21 15:15:00,92.46,92.46,92.46,92.46,100,2023-09-21
2023-09-21 15:50:00,92.41,92.46,92.41,92.46,2382,2023-09-21
2023-09-21 15:55:00,92.41,92.41,92.41,92.41,259,2023-09-21
2023-09-21 16:15:00,92.45,92.45,92.45,92.45,120,2023-09-21
2023-09-21 16:20:00,92.47,92.48,92.47,92.48,2404,2023-09-21
2023-09-21 16:25:00,92.46,92.47,92.43,92.45,2532,2023-09-21
2023-09-21 16:30:00,92.41,92.52,92.41,92.4501,162613,2023-09-21
2023-09-21 16:35:00,92.455,92.495,92.45,92.45,34699,2023-09-21
2023-09-21 16:40:00,92.45,92.47,92.43,92.455,129154,2023-09-21
2023-09-21 16:45:00,92.46,92.49,92.455,92.49,100391,2023-09-21
2023-09-21 16:50:00,92.485,92.505,92.45,92.48,154903,2023-09-21
2023-09-21 16:55:00,92.48,92.4975,92.45,92.485,62865,2023-09-21
2023-09-21 17:00:00,92.49,92.49,92.455,92.46,52300,2023-09-21
2023-09-21 17:05:00,92.46,92.49,92.455,92.48,35209,2023-09-21
2023-09-21 17:10:00,92.48,92.53,92.48,92.52,88851,2023-09-21
2023-09-21 17:15:00,92.52,92.57,92.5,92.5,66595,2023-09-21
2023-09-21 17:20:00,92.5,92.525,92.495,92.5,160912,2023-09-21
2023-09-21 17:25:00,92.505,92.515,92.495,92.51,34700,2023-09-21
2023-09-21 17:30:00,92.52,92.53,92.52,92.52,45030,2023-09-21
2023-09-21 17:35:00,92.525,92.53,92.52,92.52,14963,2023-09-21
2023-09-21 17:40:00,92.52,92.52,92.48,92.485,161156,2023-09-21
2023-09-21 17:45:00,92.48,92.515,92.475,92.495,116138,2023-09-21
2023-09-21 17:50:00,92.495,92.495,92.445,92.45,57346,2023-09-21
2023-09-21 17:55:00,92.45,92.47,92.445,92.465,77211,2023-09-21
2023-09-21 18:00:00,92.46,92.4775,92.45,92.4775,88008,2023-09-21
2023-09-21 18:05:00,92.4775,92.49,92.47,92.475,35879,2023-09-21
2023-09-21 18:10:00,92.475,92.48,92.455,92.46,36645,2023-09-21
2023-09-21 18:15:00,92.46,92.47,92.45,92.465,28740,2023-09-21
2023-09-21 18:20:00,92.465,92.49,92.46,92.485,38957,2023-09-21
2023-09-21 18:25:00,92.49,92.495,92.475,92.495,90587,2023-09-21
2023-09-21 18:30:00,92.495,92.5,92.4704,92.485,33436,2023-09-21
2023-09-21 18:35:00,92.485,92.49,92.47,92.475,25172,2023-09-21
2023-09-21 18:40:00,92.47,92.48,92.46,92.47,17341,2023-09-21
2023-09-21 18:45:00,92.465,92.495,92.465,92.485,23911,2023-09-21
2023-09-21 18:50:00,92.485,92.49,92.48,92.485,35177,2023-09-21
2023-09-21 18:55:00,92.485,92.49,92.47,92.4715,22803,2023-09-21
2023-09-21 19:00:00,92.475,92.48,92.46,92.47,21995,2023-09-21
2023-09-21 19:05:00,92.47,92.5,92.465,92.495,36506,2023-09-21
2023-09-21 19:10:00,92.5,92.5,92.45,92.45,123620,2023-09-21
2023-09-21 19:15:00,92.45,92.48,92.45,92.45,28928,2023-09-21
2023-09-21 19:20:00,92.4502,92.47,92.45,92.465,77214,2023-09-21
2023-09-21 19:25:00,92.46,92.4601,92.45,92.455,10230,2023-09-21
2023-09-21 19:30:00,92.4575,92.46,92.445,92.455,37203,2023-09-21
2023-09-21 19:35:00,92.46,92.48,92.45,92.47,50530,2023-09-21
2023-09-21 19:40:00,92.46,92.47,92.45,92.465,25675,2023-09-21
2023-09-21 19:45:00,92.47,92.47,92.455,92.4621,25528,2023-09-21
2023-09-21 19:50:00,92.465,92.485,92.46,92.485,24431,2023-09-21
2023-09-21 19:55:00,92.485,92.495,92.48,92.485,98799,2023-09-21
2023-09-21 20:00:00,92.48,92.49,92.48,92.49,14204,2023-09-21
2023-09-21 20:05:00,92.485,92.495,92.48,92.485,44417,2023-09-21
2023-09-21 20:10:00,92.485,92.51,92.4818,92.495,120231,2023-09-21
2023-09-21 20:15:00,92.495,92.51,92.48,92.485,102704,2023-09-21
2023-09-21 20:20:00,92.4802,92.512,92.48,92.5,28089,2023-09-21
2023-09-21 20:25:00,92.495,92.515,92.49,92.49,70134,2023-09-21
2023-09-21 20:30:00,92.49,92.51,92.49,92.505,21305,2023-09-21
2023-09-21 20:35:00,92.5075,92.5075,92.46,92.4701,44943,2023-09-21
2023-09-21 20:40:00,92.475,92.48,92.47,92.475,17411,2023-09-21
2023-09-21 20:45:00,92.475,92.48,92.46,92.48,25783,2023-09-21
2023-09-21 20:50:00,92.475,92.48,92.47,92.47,19634,2023-09-21
2023-09-21 20:55:00,92.475,92.49,92.47,92.485,25671,2023-09-21
2023-09-21 21:00:00,92.485,92.49,92.47,92.485,33859,2023-09-21
2023-09-21 21:05:00,92.49,92.49,92.475,92.475,47040,2023-09-21
2023-09-21 21:10:00,92.48,92.495,92.47,92.475,73205,2023-09-21
2023-09-21 21:15:00,92.47,92.49,92.47,92.485,30226,2023-09-21
2023-09-21 21:20:00,92.4875,92.4875,92.465,92.465,45921,2023-09-21
2023-09-21 21:25:00,92.465,92.465,92.45,92.455,41015,2023-09-21
2023-09-21 21:30:00,92.455,92.46,92.445,92.45,48850,2023-09-21
2023-09-21 21:35:00,92.455,92.48,92.45,92.475,44208,2023-09-21
2023-09-21 21:40:00,92.475,92.475,92.45,92.45,19815,2023-09-21
2023-09-21 21:45:00,92.455,92.455,92.375,92.38,75069,2023-09-21
2023-09-21 21:50:00,92.37,92.37,92.32,92.345,114291,2023-09-21
2023-09-21 21:55:00,92.35,92.36,92.285,92.33,75897,2023-09-21
2023-09-21 22:00:00,92.33,92.35,92.3,92.34,67490,2023-09-21
2023-09-21 22:05:00,92.34,92.38,92.32,92.38,53873,2023-09-21
2023-09-21 22:10:00,92.3746,92.38,92.32,92.325,70645,2023-09-21
2023-09-21 22:15:00,92.325,92.355,92.305,92.335,112748,2023-09-21
2023-09-21 22:20:00,92.335,92.36,92.335,92.345,67411,2023-09-21
2023-09-21 22:25:00,92.345,92.37,92.32,92.359,152144,2023-09-21
2023-09-21 22:30:00,92.36,92.37,92.35,92.36,84374,2023-09-21
2023-09-21 22:35:00,92.365,92.37,92.36,92.365,30349,2023-09-21
2023-09-21 22:40:00,92.3675,92.37,92.34,92.355,231999,2023-09-21
2023-09-21 22:45:00,92.36,92.38,92.345,92.38,99943,2023-09-21
2023-09-21 22:50:00,92.37,92.4,92.36,92.375,210461,2023-09-21
2023-09-21 22:55:00,92.375,92.39,92.34,92.36,625353,2023-09-21
2023-09-21 23:00:00,92.35,92.36,92.35,92.35,19061,2023-09-21
2023-09-21 23:05:00,92.39,92.43,92.39,92.43,1993,2023-09-21
2023-09-21 23:10:00,92.44,92.44,92.44,92.44,892,2023-09-21
2023-09-21 23:15:00,92.44,92.46,92.44,92.45,851,2023-09-21
2023-09-21 23:20:00,92.46,92.47,92.45,92.47,1151,2023-09-21
2023-09-21 23:25:00,92.47,92.47,92.47,92.47,447,2023-09-21
2023-09-21 23:30:00,92.4703,92.4703,92.4703,92.4703,150,2023-09-21
2023-09-21 23:35:00,92.47,92.47,92.47,92.47,2307,2023-09-21
2023-09-22 00:25:00,92.35,92.35,92.35,92.35,1103,2023-09-21
2023-09-22 01:25:00,92.37,92.37,92.35,92.35,1100,2023-09-21
2023-09-22 11:00:00,93.55,94.39,92.95,94.25,111055,2023-09-22
2023-09-22 11:05:00,94.25,94.26,93.95,94.15,169178,2023-09-22
2023-09-22 11:10:00,94.1,94.1,93.99,94,56470,2023-09-22
2023-09-22 11:15:00,94.1,94.1,94.1,94.1,30001,2023-09-22
2023-09-22 11:20:00,94.1,94.1,94,94,97833,2023-09-22
2023-09-22 11:25:00,93.99,94,93.98,94,35985,2023-09-22
2023-09-22 11:30:00,93.97,93.97,93.92,93.92,8057,2023-09-22
2023-09-22 11:35:00,93.95,94,93.95,93.95,41293,2023-09-22
2023-09-22 11:40:00,93.95,93.95,93.93,93.93,8132,2023-09-22
2023-09-22 11:45:00,93.93,93.93,93.86,93.9,52428,2023-09-22
2023-09-22 11:50:00,93.91,94.1,93.9,94.1,28205,2023-09-22
2023-09-22 11:55:00,93.99,93.99,93.99,93.99,1025,2023-09-22
2023-09-22 12:00:00,93.99,93.99,93.99,93.99,2074,2023-09-22
2023-09-22 12:05:00,93.99,94,93.99,94,23400,2023-09-22
2023-09-22 12:10:00,93.99,94,93.99,94,1051,2023-09-22
2023-09-22 12:15:00,93.98,93.99,93.96,93.99,26825,2023-09-22
2023-09-22 12:20:00,93.96,93.96,93.96,93.96,110,2023-09-22
2023-09-22 12:25:00,93.96,93.98,93.96,93.98,600,2023-09-22
2023-09-22 12:30:00,93.97,93.98,93.97,93.98,10000,2023-09-22
2023-09-22 12:35:00,93.99,93.99,93.99,93.99,456,2023-09-22
2023-09-22 12:40:00,93.96,93.97,93.95,93.95,21381,2023-09-22
2023-09-22 12:45:00,93.95,93.96,93.95,93.96,5794,2023-09-22
2023-09-22 12:50:00,93.99,94,93.99,94,18125,2023-09-22
2023-09-22 12:55:00,94,94,94,94,3556,2023-09-22
2023-09-22 13:00:00,93.98,93.98,93.98,93.98,20355,2023-09-22
2023-09-22 13:10:00,94,94,94,94,9000,2023-09-22
2023-09-22 13:15:00,94,94,94,94,1800,2023-09-22
2023-09-22 13:20:00,94,94,93.99,93.99,4500,2023-09-22
2023-09-22 13:25:00,94,94.04,94,94,1800,2023-09-22
2023-09-22 13:30:00,94.01,94.05,94,94.05,14120,2023-09-22
2023-09-22 13:35:00,94.07,94.07,94.06,94.06,244,2023-09-22
2023-09-22 13:40:00,94.05,94.05,94.05,94.05,5350,2023-09-22
2023-09-22 13:45:00,94.07,94.1,94.07,94.1,9228,2023-09-22
2023-09-22 13:50:00,94.05,94.06,94,94.02,68615,2023-09-22
2023-09-22 13:55:00,94.04,94.08,94.02,94.08,22086,2023-09-22
2023-09-22 14:00:00,94.06,94.12,94.05,94.05,44938,2023-09-22
2023-09-22 14:05:00,94.06,94.06,94.03,94.05,21848,2023-09-22
2023-09-22 14:10:00,94.04,94.04,94.01,94.01,13969,2023-09-22
2023-09-22 14:15:00,94.01,94.05,94,94.02,37995,2023-09-22
2023-09-22 14:20:00,94.01,94.05,94.01,94.05,49747,2023-09-22
2023-09-22 14:25:00,94.06,94.08,94,94.04,26078,2023-09-22
2023-09-22 14:30:00,94.05,94.05,94.03,94.03,25739,2023-09-22
2023-09-22 14:35:00,94.04,94.07,94.04,94.07,36714,2023-09-22
2023-09-22 14:40:00,94.07,94.07,94.05,94.05,8654,2023-09-22
2023-09-22 14:45:00,94.06,94.09,94.05,94.09,51201,2023-09-22
2023-09-22 14:50:00,94.08,94.08,94.03,94.05,20493,2023-09-22
2023-09-22 14:55:00,94.07,94.09,94.01,94.01,18932,2023-09-22
2023-09-22 15:00:00,94.04,94.2485,93.59,94.05,382339,2023-09-22
2023-09-22 15:05:00,94.05,94.08,94.05,94.07,10447,2023-09-22
2023-09-22 15:10:00,94.06,94.1,94.06,94.1,57368,2023-09-22
2023-09-22 15:15:00,94.1,94.15,94.1,94.13,56897,2023-09-22
2023-09-22 15:20:00,94.13,94.13,94.06,94.1,14469,2023-09-22
2023-09-22 15:25:00,94.1,94.12,94.1,94.12,24298,2023-09-22
2023-09-22 15:30:00,94.1,94.1,94.1,94.1,12284,2023-09-22
2023-09-22 15:35:00,94.1,94.15,94.1,94.15,26475,2023-09-22
2023-09-22 15:40:00,94.15,94.2,94.15,94.2,69378,2023-09-22
2023-09-22 15:45:00,94.2,94.2,94.15,94.16,27263,2023-09-22
2023-09-22 15:50:00,94.16,94.1799,94.15,94.15,25009,2023-09-22
2023-09-22 15:55:00,94.15,94.15,94.1,94.1,21504,2023-09-22
2023-09-22 16:00:00,94.11,94.15,94.11,94.13,8390,2023-09-22
2023-09-22 16:05:00,94.13,94.2,94.13,94.1601,8897,2023-09-22
2023-09-22 16:10:00,94.16,94.1885,94.15,94.17,5596,2023-09-22
2023-09-22 16:15:00,94.17,94.17,94.15,94.15,14331,2023-09-22
2023-09-22 16:20:00,94.15,94.15,94.15,94.15,16796,2023-09-22
2023-09-22 16:25:00,94.15,94.15,94.07,94.11,260626,2023-09-22
2023-09-22 16:30:00,94.06,94.11,94.05,94.0657,963933,2023-09-22
2023-09-22 16:35:00,94.065,94.09,94,94.03,771748,2023-09-22
2023-09-22 16:40:00,94.03,94.03,93.95,94.005,641090,2023-09-22
2023-09-22 16:45:00,94.005,94.02,93.97,93.985,606635,2023-09-22
2023-09-22 16:50:00,93.98,94,93.96,93.96,197957,2023-09-22
2023-09-22 16:55:00,93.96,94,93.95,93.955,500144,2023-09-22
2023-09-22 17:00:00,93.955,93.96,93.86,93.875,516869,2023-09-22
2023-09-22 17:05:00,93.878,93.97,93.87,93.97,237574,2023-09-22
2023-09-22 17:10:00,93.97,93.97,93.94,93.95,207260,2023-09-22
2023-09-22 17:15:00,93.95,93.965,93.945,93.955,236385,2023-09-22
2023-09-22 17:20:00,93.955,93.97,93.94,93.94,125595,2023-09-22
2023-09-22 17:25:00,93.94,93.99,93.94,93.98,125354,2023-09-22
2023-09-22 17:30:00,93.985,94,93.97,93.975,207515,2023-09-22
2023-09-22 17:35:00,93.972,93.99,93.95,93.955,445114,2023-09-22
2023-09-22 17:40:00,93.95,93.955,93.92,93.925,275670,2023-09-22
2023-09-22 17:45:00,93.9216,93.93,93.91,93.91,284531,2023-09-22
2023-09-22 17:50:00,93.91,93.92,93.89,93.895,455872,2023-09-22
2023-09-22 17:55:00,93.8994,93.92,93.8994,93.915,290606,2023-09-22
2023-09-22 18:00:00,93.91,93.95,93.91,93.9301,262486,2023-09-22
2023-09-22 18:05:00,93.935,93.94,93.91,93.93,246280,2023-09-22
2023-09-22 18:10:00,93.92,93.94,93.92,93.93,140774,2023-09-22
2023-09-22 18:15:00,93.931,93.94,93.91,93.925,234201,2023-09-22
2023-09-22 18:20:00,93.925,93.925,93.9,93.905,331156,2023-09-22
2023-09-22 18:25:00,93.905,93.91,93.89,93.8975,133657,2023-09-22
2023-09-22 18:30:00,93.895,93.9021,93.88,93.895,99483,2023-09-22
2023-09-22 18:35:00,93.89,93.91,93.89,93.9,176746,2023-09-22
2023-09-22 18:40:00,93.9,93.91,93.89,93.905,106317,2023-09-22
2023-09-22 18:45:00,93.9,93.915,93.9,93.905,100872,2023-09-22
2023-09-22 18:50:00,93.905,93.92,93.9,93.91,108449,2023-09-22
2023-09-22 18:55:00,93.9118,93.93,93.9,93.9278,111477,2023-09-22
2023-09-22 19:00:00,93.925,93.93,93.92,93.925,32194,2023-09-22
2023-09-22 19:05:00,93.93,93.93,93.92,93.92,82616,2023-09-22
2023-09-22 19:10:00,93.925,93.93,93.92,93.9288,95685,2023-09-22
2023-09-22 19:15:00,93.92,93.93,93.92,93.925,47803,2023-09-22
2023-09-22 19:20:00,93.925,93.95,93.92,93.93,104040,2023-09-22
2023-09-22 19:25:00,93.935,93.94,93.93,93.93,136785,2023-09-22
2023-09-22 19:30:00,93.9324,93.94,93.93,93.935,63181,2023-09-22
2023-09-22 19:35:00,93.935,93.95,93.93,93.935,80315,2023-09-22
2023-09-22 19:40:00,93.935,93.95,93.93,93.935,100544,2023-09-22
2023-09-22 19:45:00,93.94,93.94,93.93,93.935,29679,2023-09-22
2023-09-22 19:50:00,93.94,93.94,93.93,93.935,117619,2023-09-22
2023-09-22 19:55:00,93.935,93.95,93.93,93.93,230309,2023-09-22
2023-09-22 20:00:00,93.93,93.95,93.93,93.94,143046,2023-09-22
2023-09-22 20:05:00,93.935,93.95,93.93,93.94,143672,2023-09-22
2023-09-22 20:10:00,93.945,93.97,93.93,93.965,157631,2023-09-22
2023-09-22 20:15:00,93.965,93.97,93.96,93.965,75488,2023-09-22
2023-09-22 20:20:00,93.965,93.97,93.96,93.965,155066,2023-09-22
2023-09-22 20:25:00,93.965,93.98,93.96,93.98,76666,2023-09-22
2023-09-22 20:30:00,93.97,93.975,93.96,93.9625,180446,2023-09-22
2023-09-22 20:35:00,93.965,93.97,93.95,93.955,360087,2023-09-22
2023-09-22 20:40:00,93.96,93.96,93.92,93.935,276169,2023-09-22
2023-09-22 20:45:00,93.93,93.96,93.93,93.9422,188904,2023-09-22
2023-09-22 20:50:00,93.945,93.945,93.92,93.935,141673,2023-09-22
2023-09-22 20:55:00,93.93,93.95,93.92,93.945,96871,2023-09-22
2023-09-22 21:00:00,93.94,93.95,93.91,93.915,606025,2023-09-22
2023-09-22 21:05:00,93.9101,93.93,93.895,93.91,152612,2023-09-22
2023-09-22 21:10:00,93.905,93.91,93.9,93.905,110792,2023-09-22
2023-09-22 21:15:00,93.905,93.91,93.89,93.905,194063,2023-09-22
2023-09-22 21:20:00,93.91,93.91,93.89,93.91,118585,2023-09-22
2023-09-22 21:25:00,93.91,93.92,93.9,93.905,119727,2023-09-22
2023-09-22 21:30:00,93.905,93.925,93.895,93.915,171990,2023-09-22
2023-09-22 21:35:00,93.91,93.92,93.9,93.92,100880,2023-09-22
2023-09-22 21:40:00,93.915,93.92,93.91,93.915,84470,2023-09-22
2023-09-22 21:45:00,93.92,93.93,93.91,93.92,301109,2023-09-22
2023-09-22 21:50:00,93.915,93.92,93.9,93.915,94769,2023-09-22
2023-09-22 21:55:00,93.915,93.93,93.91,93.9201,128404,2023-09-22
2023-09-22 22:00:00,93.925,93.94,93.92,93.925,81330,2023-09-22
2023-09-22 22:05:00,93.9242,93.95,93.9242,93.935,150446,2023-09-22
2023-09-22 22:10:00,93.94,93.94,93.92,93.93,91981,2023-09-22
2023-09-22 22:15:00,93.925,93.93,93.91,93.925,120970,2023-09-22
2023-09-22 22:20:00,93.925,93.94,93.92,93.925,82370,2023-09-22
2023-09-22 22:25:00,93.925,93.93,93.92,93.92,52479,2023-09-22
2023-09-22 22:30:00,93.925,93.94,93.92,93.925,109889,2023-09-22
2023-09-22 22:35:00,93.921,93.93,93.91,93.925,75775,2023-09-22
2023-09-22 22:40:00,93.9207,93.94,93.92,93.93,301294,2023-09-22
2023-09-22 22:45:00,93.93,93.94,93.92,93.93,220029,2023-09-22
2023-09-22 22:50:00,93.925,93.95,93.92,93.93,584021,2023-09-22
2023-09-22 22:55:00,93.935,93.95,93.92,93.92,477135,2023-09-22
2023-09-22 23:00:00,93.92,93.94,93.92,93.94,16297,2023-09-22
2023-09-22 23:05:00,93.94,93.94,93.93,93.93,9512,2023-09-22
2023-09-22 23:10:00,93.93,93.93,93.93,93.93,3000,2023-09-22
2023-09-22 23:15:00,93.93,93.94,93.93,93.93,22266,2023-09-22
2023-09-22 23:35:00,93.92,93.925,93.92,93.92,700,2023-09-22
2023-09-23 00:10:00,93.9,93.9,93.9,93.9,100,2023-09-22
2023-09-23 00:20:00,93.9,93.9,93.9,93.9,223,2023-09-22
2023-09-23 00:45:00,93.9,93.9,93.9,93.9,300,2023-09-22
2023-09-23 00:55:00,93.92,93.92,93.92,93.92,490,2023-09-22
2023-09-23 01:00:00,93.95,93.95,93.95,93.95,1275,2023-09-22
2023-09-23 01:10:00,93.93,93.93,93.93,93.93,200,2023-09-22
2023-09-23 01:15:00,93.91,93.91,93.91,93.91,100,2023-09-22
2023-09-23 02:40:00,93.91,93.91,93.91,93.91,815,2023-09-22
2023-09-25 11:00:00,94,94,94,94,145,2023-09-25
2023-09-25 11:15:00,93.86,93.86,93.86,93.86,135,2023-09-25
2023-09-25 11:20:00,94,94,94,94,400,2023-09-25
2023-09-25 11:45:00,93.84,93.84,93.84,93.84,208,2023-09-25
2023-09-25 12:20:00,93.9,93.9,93.9,93.9,510,2023-09-25
2023-09-25 12:25:00,93.9,93.9,93.9,93.9,100,2023-09-25
2023-09-25 12:35:00,93.9,93.9,93.9,93.9,2350,2023-09-25
2023-09-25 12:50:00,93.9,93.9,93.9,93.9,300,2023-09-25
2023-09-25 13:10:00,93.9,93.9,93.9,93.9,1621,2023-09-25
2023-09-25 14:05:00,93.9,93.9,93.9,93.9,284,2023-09-25
2023-09-25 14:30:00,93.88,93.88,93.87,93.87,1211,2023-09-25
2023-09-25 14:35:00,93.87,93.87,93.87,93.87,202,2023-09-25
2023-09-25 14:40:00,93.88,93.88,93.87,93.87,2221,2023-09-25
2023-09-25 15:00:00,93.9,94.06,93.87,93.9,1098,2023-09-25
2023-09-25 15:05:00,93.91,93.91,93.91,93.91,291,2023-09-25
2023-09-25 15:25:00,93.9,93.9,93.9,93.9,101,2023-09-25
2023-09-25 15:40:00,93.91,93.91,93.91,93.91,620,2023-09-25
2023-09-25 15:50:00,93.91,93.91,93.91,93.91,100,2023-09-25
2023-09-25 16:05:00,93.91,93.91,93.91,93.91,300,2023-09-25
2023-09-25 16:10:00,93.91,93.91,93.9,93.9,2725,2023-09-25
2023-09-25 16:15:00,93.9,93.93,93.9,93.93,2429,2023-09-25
2023-09-25 16:20:00,93.95,93.97,93.95,93.95,2512,2023-09-25
2023-09-25 16:25:00,93.92,93.96,93.92,93.95,5474,2023-09-25
2023-09-25 16:30:00,93.92,94.025,93.92,93.9614,522179,2023-09-25
2023-09-25 16:35:00,93.96,94,93.94,93.965,101221,2023-09-25
2023-09-25 16:40:00,93.965,93.99,93.96,93.99,68193,2023-09-25
2023-09-25 16:45:00,93.995,94.03,93.955,93.985,411857,2023-09-25
2023-09-25 16:50:00,93.985,93.99,93.98,93.98,40459,2023-09-25
2023-09-25 16:55:00,93.985,94.02,93.98,94.02,157983,2023-09-25
2023-09-25 17:00:00,94.0175,94.04,94.012,94.04,71992,2023-09-25
2023-09-25 17:05:00,94.04,94.05,94.025,94.0329,110398,2023-09-25
2023-09-25 17:10:00,94.04,94.0447,94.03,94.035,42965,2023-09-25
2023-09-25 17:15:00,94.04,94.04,94.01,94.015,110186,2023-09-25
2023-09-25 17:20:00,94.0128,94.03,94,94.003,106786,2023-09-25
2023-09-25 17:25:00,94,94.01,93.985,93.99,151687,2023-09-25
2023-09-25 17:30:00,93.99,94,93.98,93.98,45167,2023-09-25
2023-09-25 17:35:00,93.985,93.99,93.98,93.985,14948,2023-09-25
2023-09-25 17:40:00,93.9815,93.99,93.98,93.98,16383,2023-09-25
2023-09-25 17:45:00,93.98,93.99,93.98,93.985,65333,2023-09-25
2023-09-25 17:50:00,93.98,93.99,93.98,93.988,23144,2023-09-25
2023-09-25 17:55:00,93.98,93.99,93.98,93.98,21066,2023-09-25
2023-09-25 18:00:00,93.98,93.99,93.98,93.99,50436,2023-09-25
2023-09-25 18:05:00,93.985,94.02,93.9826,94.0144,64986,2023-09-25
2023-09-25 18:10:00,94.02,94.02,93.99,93.99,49985,2023-09-25
2023-09-25 18:15:00,93.9901,94.01,93.99,93.9901,102190,2023-09-25
2023-09-25 18:20:00,94,94,93.985,93.995,38330,2023-09-25
2023-09-25 18:25:00,94,94,93.98,93.98,23050,2023-09-25
2023-09-25 18:30:00,93.9825,93.99,93.98,93.985,24785,2023-09-25
2023-09-25 18:35:00,93.98,93.99,93.98,93.985,35265,2023-09-25
2023-09-25 18:40:00,93.99,94,93.98,94,52803,2023-09-25
2023-09-25 18:45:00,93.995,94,93.98,93.98,20455,2023-09-25
2023-09-25 18:50:00,93.985,93.998,93.98,93.995,33036,2023-09-25
2023-09-25 18:55:00,93.99,94,93.99,93.99,18418,2023-09-25
2023-09-25 19:00:00,93.995,94,93.98,93.99,45667,2023-09-25
2023-09-25 19:05:00,94,94,93.99,93.99,34604,2023-09-25
2023-09-25 19:10:00,93.99,94,93.99,93.99,28426,2023-09-25
2023-09-25 19:15:00,93.9922,94,93.98,93.9829,73330,2023-09-25
2023-09-25 19:20:00,93.9825,94.02,93.98,94.01,276020,2023-09-25
2023-09-25 19:25:00,94.015,94.02,94.005,94.02,42895,2023-09-25
2023-09-25 19:30:00,94.015,94.02,94.01,94.015,15000,2023-09-25
2023-09-25 19:35:00,94.01,94.03,94.01,94.02,47389,2023-09-25
2023-09-25 19:40:00,94.0218,94.03,94.02,94.025,26581,2023-09-25
2023-09-25 19:45:00,94.021,94.05,94.02,94.035,70968,2023-09-25
2023-09-25 19:50:00,94.04,94.04,94.03,94.04,20667,2023-09-25
2023-09-25 19:55:00,94.04,94.05,94.03,94.04,49267,2023-09-25
2023-09-25 20:00:00,94.04,94.05,94.03,94.045,34829,2023-09-25
2023-09-25 20:05:00,94.045,94.05,94.04,94.045,51498,2023-09-25
2023-09-25 20:10:00,94.045,94.06,94.04,94.06,78031,2023-09-25
2023-09-25 20:15:00,94.05,94.07,94.05,94.065,73799,2023-09-25
2023-09-25 20:20:00,94.07,94.08,94.05,94.055,109883,2023-09-25
2023-09-25 20:25:00,94.055,94.06,94.025,94.025,129263,2023-09-25
2023-09-25 20:30:00,94.025,94.035,94.01,94.015,39332,2023-09-25
2023-09-25 20:35:00,94.015,94.02,94.01,94.015,26331,2023-09-25
2023-09-25 20:40:00,94.02,94.03,94.02,94.03,45313,2023-09-25
2023-09-25 20:45:00,94.03,94.05,94.02,94.04,74296,2023-09-25
2023-09-25 20:50:00,94.035,94.045,94.03,94.03,24612,2023-09-25
2023-09-25 20:55:00,94.025,94.04,94.02,94.03,36567,2023-09-25
2023-09-25 21:00:00,94.025,94.04,94.02,94.025,23090,2023-09-25
2023-09-25 21:05:00,94.025,94.03,94.01,94.025,45146,2023-09-25
2023-09-25 21:10:00,94.025,94.0399,94.02,94.0208,28922,2023-09-25
2023-09-25 21:15:00,94.025,94.025,94.015,94.025,29396,2023-09-25
2023-09-25 21:20:00,94.02,94.03,94.01,94.03,59823,2023-09-25
2023-09-25 21:25:00,94.03,94.03,94.02,94.0201,18716,2023-09-25
2023-09-25 21:30:00,94.025,94.03,94.02,94.0235,24702,2023-09-25
2023-09-25 21:35:00,94.025,94.03,94.02,94.0223,46269,2023-09-25
2023-09-25 21:40:00,94.025,94.03,94.02,94.025,35052,2023-09-25
2023-09-25 21:45:00,94.025,94.025,94.015,94.02,59488,2023-09-25
2023-09-25 21:50:00,94.02,94.03,94.0125,94.025,55802,2023-09-25
2023-09-25 21:55:00,94.025,94.03,94.02,94.025,39424,2023-09-25
2023-09-25 22:00:00,94.025,94.03,94.01,94.015,39751,2023-09-25
2023-09-25 22:05:00,94.015,94.02,94.01,94.015,25588,2023-09-25
2023-09-25 22:10:00,94.015,94.02,94.01,94.015,16322,2023-09-25
2023-09-25 22:15:00,94.015,94.04,94.01,94.035,73861,2023-09-25
2023-09-25 22:20:00,94.035,94.04,94.03,94.03,43317,2023-09-25
2023-09-25 22:25:00,94.0352,94.04,94.02,94.03,42300,2023-09-25
2023-09-25 22:30:00,94.03,94.04,94.025,94.04,36177,2023-09-25
2023-09-25 22:35:00,94.04,94.055,94.03,94.045,119331,2023-09-25
2023-09-25 22:40:00,94.045,94.05,93.9988,94.005,275752,2023-09-25
2023-09-25 22:45:00,94,94.06,94,94.0464,104773,2023-09-25
2023-09-25 22:50:00,94.05,94.055,94.01,94.02,315087,2023-09-25
2023-09-25 22:55:00,94.03,94.05,94.01,94.04,290398,2023-09-25
2023-09-25 23:00:00,94.05,94.05,94.05,94.05,2158,2023-09-25
2023-09-25 23:05:00,94.06,94.06,94.06,94.06,1000,2023-09-25
2023-09-25 23:15:00,94.06,94.06,94.06,94.06,100,2023-09-25
2023-09-25 23:30:00,94.06,94.06,94.06,94.06,1101,2023-09-25
2023-09-26 00:20:00,94.06,94.06,94.06,94.06,100,2023-09-25
2023-09-26 00:45:00,94.07,94.07,94.07,94.07,1068,2023-09-25
2023-09-26 00:50:00,94.06,94.06,94.06,94.06,693,2023-09-25
2023-09-26 01:25:00,94.0879,94.0879,94.0879,94.0879,131,2023-09-25
2023-09-26 01:35:00,94.0881,94.0881,94.0881,94.0881,100,2023-09-25
2023-09-26 01:50:00,94.09,94.09,94.09,94.09,450,2023-09-25
2023-09-26 11:20:00,93.96,93.96,93.96,93.96,400,2023-09-26
2023-09-26 11:45:00,93.95,93.95,93.95,93.95,100,2023-09-26
2023-09-26 12:00:00,93.98,93.98,93.96,93.96,450,2023-09-26
2023-09-26 12:25:00,93.96,93.96,93.96,93.96,635,2023-09-26
2023-09-26 12:30:00,93.96,93.96,93.96,93.96,351,2023-09-26
2023-09-26 12:40:00,93.99,93.99,93.97,93.97,200,2023-09-26
2023-09-26 14:00:00,93.97,93.98,93.94,93.94,4880,2023-09-26
2023-09-26 14:10:00,93.97,93.97,93.97,93.97,197,2023-09-26
2023-09-26 14:25:00,93.97,93.97,93.97,93.97,211,2023-09-26
2023-09-26 14:30:00,94,94,94,94,250,2023-09-26
2023-09-26 14:50:00,94.02,94.02,94.02,94.02,291,2023-09-26
2023-09-26 15:00:00,93.94,93.94,93.94,93.94,334,2023-09-26
2023-09-26 15:05:00,94.03,94.03,94.03,94.03,370,2023-09-26
2023-09-26 15:10:00,94.04,94.04,94.04,94.04,410,2023-09-26
2023-09-26 16:10:00,94,94.03,94,94,7771,2023-09-26
2023-09-26 16:20:00,94.03,94.04,94.03,94.03,1074,2023-09-26
2023-09-26 16:25:00,94.01,94.02,94.01,94.01,736,2023-09-26
2023-09-26 16:30:00,94,94.09,94,94.04,211138,2023-09-26
2023-09-26 16:35:00,94.03,94.05,94.025,94.045,41699,2023-09-26
2023-09-26 16:40:00,94.045,94.07,94.025,94.065,62357,2023-09-26
2023-09-26 16:45:00,94.065,94.07,94.05,94.055,48577,2023-09-26
2023-09-26 16:50:00,94.055,94.06,94.05,94.05,20839,2023-09-26
2023-09-26 16:55:00,94.05,94.06,94.05,94.052,28652,2023-09-26
2023-09-26 17:00:00,94.055,94.08,94.05,94.0764,43885,2023-09-26
2023-09-26 17:05:00,94.075,94.085,94.05,94.05,27826,2023-09-26
2023-09-26 17:10:00,94.0524,94.07,94.05,94.05,96411,2023-09-26
2023-09-26 17:15:00,94.055,94.07,94.05,94.06,188631,2023-09-26
2023-09-26 17:20:00,94.0627,94.07,94.05,94.065,48948,2023-09-26
2023-09-26 17:25:00,94.065,94.07,94.06,94.0602,11330,2023-09-26
2023-09-26 17:30:00,94.065,94.08,94.06,94.07,70586,2023-09-26
2023-09-26 17:35:00,94.08,94.105,94.07,94.1,208884,2023-09-26
2023-09-26 17:40:00,94.095,94.11,94.09,94.095,100370,2023-09-26
2023-09-26 17:45:00,94.1,94.12,94.09,94.115,78785,2023-09-26
2023-09-26 17:50:00,94.12,94.12,94.11,94.115,22799,2023-09-26
2023-09-26 17:55:00,94.11,94.15,94.11,94.15,89245,2023-09-26
2023-09-26 18:00:00,94.15,94.21,94.141,94.185,156558,2023-09-26
2023-09-26 18:05:00,94.185,94.2,94.13,94.135,270019,2023-09-26
2023-09-26 18:10:00,94.14,94.16,94.14,94.155,84896,2023-09-26
2023-09-26 18:15:00,94.155,94.17,94.15,94.155,42735,2023-09-26
2023-09-26 18:20:00,94.16,94.17,94.15,94.156,49700,2023-09-26
2023-09-26 18:25:00,94.155,94.17,94.15,94.16,24507,2023-09-26
2023-09-26 18:30:00,94.155,94.17,94.15,94.163,44117,2023-09-26
2023-09-26 18:35:00,94.1607,94.165,94.13,94.135,131653,2023-09-26
2023-09-26 18:40:00,94.135,94.14,94.12,94.13,67729,2023-09-26
2023-09-26 18:45:00,94.13,94.135,94.12,94.12,77453,2023-09-26
2023-09-26 18:50:00,94.12,94.13,94.11,94.125,70889,2023-09-26
2023-09-26 18:55:00,94.125,94.13,94.11,94.115,26313,2023-09-26
2023-09-26 19:00:00,94.115,94.12,94.11,94.11,57518,2023-09-26
2023-09-26 19:05:00,94.11,94.12,94.11,94.11,55427,2023-09-26
2023-09-26 19:10:00,94.115,94.115,94.11,94.115,44947,2023-09-26
2023-09-26 19:15:00,94.115,94.115,94.1,94.1,112524,2023-09-26
2023-09-26 19:20:00,94.103,94.11,94.1,94.105,60229,2023-09-26
2023-09-26 19:25:00,94.105,94.11,94.1,94.105,21843,2023-09-26
2023-09-26 19:30:00,94.105,94.1169,94.1,94.1,68888,2023-09-26
2023-09-26 19:35:00,94.105,94.11,94.1,94.105,28998,2023-09-26
2023-09-26 19:40:00,94.105,94.11,94.095,94.1,33619,2023-09-26
2023-09-26 19:45:00,94.0976,94.12,94.095,94.115,20752,2023-09-26
2023-09-26 19:50:00,94.115,94.13,94.1113,94.125,23548,2023-09-26
2023-09-26 19:55:00,94.125,94.13,94.11,94.115,40123,2023-09-26
2023-09-26 20:00:00,94.11,94.115,94.09,94.1,47505,2023-09-26
2023-09-26 20:05:00,94.105,94.105,94.09,94.095,44784,2023-09-26
2023-09-26 20:10:00,94.09,94.1,94.09,94.1,29950,2023-09-26
2023-09-26 20:15:00,94.095,94.12,94.095,94.105,51462,2023-09-26
2023-09-26 20:20:00,94.105,94.11,94.1,94.105,25978,2023-09-26
2023-09-26 20:25:00,94.1,94.11,94.09,94.09,42922,2023-09-26
2023-09-26 20:30:00,94.09,94.11,94.09,94.11,115992,2023-09-26
2023-09-26 20:35:00,94.105,94.105,94.09,94.095,57971,2023-09-26
2023-09-26 20:40:00,94.1,94.1,94.09,94.095,31083,2023-09-26
2023-09-26 20:45:00,94.095,94.1,94.09,94.095,35439,2023-09-26
2023-09-26 20:50:00,94.09,94.1,94.09,94.095,27939,2023-09-26
2023-09-26 20:55:00,94.1,94.1,94.09,94.09,15183,2023-09-26
2023-09-26 21:00:00,94.095,94.1,94.09,94.095,40657,2023-09-26
2023-09-26 21:05:00,94.09,94.1,94.07,94.075,191764,2023-09-26
2023-09-26 21:10:00,94.075,94.1,94.06,94.065,121703,2023-09-26
2023-09-26 21:15:00,94.06,94.07,94.05,94.055,164899,2023-09-26
2023-09-26 21:20:00,94.055,94.07,94.05,94.065,112167,2023-09-26
2023-09-26 21:25:00,94.065,94.07,94.05,94.055,144301,2023-09-26
2023-09-26 21:30:00,94.055,94.06,94.0519,94.055,20102,2023-09-26
2023-09-26 21:35:00,94.055,94.06,94.05,94.055,48803,2023-09-26
2023-09-26 21:40:00,94.055,94.06,94.05,94.055,25403,2023-09-26
2023-09-26 21:45:00,94.055,94.06,94.05,94.055,45687,2023-09-26
2023-09-26 21:50:00,94.055,94.06,94.05,94.06,37255,2023-09-26
2023-09-26 21:55:00,94.055,94.06,94.05,94.055,29625,2023-09-26
2023-09-26 22:00:00,94.06,94.06,94.05,94.055,59409,2023-09-26
2023-09-26 22:05:00,94.055,94.06,94.05,94.055,43992,2023-09-26
2023-09-26 22:10:00,94.055,94.06,94.05,94.05,38029,2023-09-26
2023-09-26 22:15:00,94.05,94.05,94.02,94.025,155715,2023-09-26
2023-09-26 22:20:00,94.03,94.03,94.01,94.02,130258,2023-09-26
2023-09-26 22:25:00,94.025,94.03,94.01,94.0199,113182,2023-09-26
2023-09-26 22:30:00,94.01,94.02,94.01,94.01,62375,2023-09-26
2023-09-26 22:35:00,94.01,94.03,94.01,94.025,93762,2023-09-26
2023-09-26 22:40:00,94.025,94.03,94.02,94.0275,51405,2023-09-26
2023-09-26 22:45:00,94.02,94.03,94.01,94.01,186707,2023-09-26
2023-09-26 22:50:00,94.01,94.0157,94,94.005,301539,2023-09-26
2023-09-26 22:55:00,94,94.05,94,94.02,436039,2023-09-26
2023-09-26 23:00:00,94,94.04,94,94.01,12820,2023-09-26
2023-09-26 23:05:00,94,94,94,94,981,2023-09-26
2023-09-26 23:10:00,93.99,93.99,93.99,93.99,500,2023-09-26
2023-09-27 00:25:00,94,94,94,94,110,2023-09-26
2023-09-27 01:05:00,94,94,94,94,225,2023-09-26
2023-09-27 01:55:00,94.01,94.01,94.01,94.01,152,2023-09-26
2023-09-27 02:20:00,94.01,94.01,94.01,94.01,380,2023-09-26
2023-09-27 13:55:00,94.03,94.03,94.02,94.03,1630,2023-09-27
2023-09-27 14:35:00,94.03,94.03,94.03,94.03,203,2023-09-27
2023-09-27 15:00:00,94.05,94.05,94.05,94.05,209,2023-09-27
2023-09-27 15:25:00,94.05,94.05,94.05,94.05,100,2023-09-27
2023-09-27 15:45:00,94.05,94.05,94.05,94.05,200,2023-09-27
2023-09-27 15:55:00,94.05,94.05,94.05,94.05,162,2023-09-27
2023-09-27 16:05:00,94.06,94.06,94.06,94.06,211,2023-09-27
2023-09-27 16:20:00,94.05,94.05,94.05,94.05,374,2023-09-27
2023-09-27 16:25:00,94.03,94.05,93.98,93.98,48411,2023-09-27
2023-09-27 16:30:00,94,94.05,94,94.04,316988,2023-09-27
2023-09-27 16:35:00,94.04,94.04,94.01,94.0277,74421,2023-09-27
2023-09-27 16:40:00,94.02,94.03,94.01,94.03,42558,2023-09-27
2023-09-27 16:45:00,94.03,94.03,94.01,94.02,103230,2023-09-27
2023-09-27 16:50:00,94.01,94.03,94,94.01,160779,2023-09-27
2023-09-27 16:55:00,94.01,94.02,94,94.02,29096,2023-09-27
2023-09-27 17:00:00,94.02,94.045,94.02,94.045,30312,2023-09-27
2023-09-27 17:05:00,94.05,94.05,94.0319,94.035,30030,2023-09-27
2023-09-27 17:10:00,94.04,94.05,94.035,94.04,63365,2023-09-27
2023-09-27 17:15:00,94.05,94.07,94.04,94.04,55272,2023-09-27
2023-09-27 17:20:00,94.0436,94.05,94.04,94.04,33423,2023-09-27
2023-09-27 17:25:00,94.0401,94.06,94.04,94.06,102046,2023-09-27
2023-09-27 17:30:00,94.05,94.075,94.045,94.06,32220,2023-09-27
2023-09-27 17:35:00,94.06,94.1,94.06,94.07,67279,2023-09-27
2023-09-27 17:40:00,94.08,94.08,94.045,94.06,134199,2023-09-27
2023-09-27 17:45:00,94.0599,94.065,94.015,94.015,84442,2023-09-27
2023-09-27 17:50:00,94.01,94.03,93.97,94,400694,2023-09-27
2023-09-27 17:55:00,94,94.02,93.71,93.9,1153302.0,2023-09-27
2023-09-27 18:00:00,93.905,94.03,93.89,93.945,826823,2023-09-27
2023-09-27 18:05:00,93.95,93.96,93.9101,93.92,302041,2023-09-27
2023-09-27 18:10:00,93.92,93.965,93.91,93.935,291179,2023-09-27
2023-09-27 18:15:00,93.93,93.94,93.91,93.915,121529,2023-09-27
2023-09-27 18:20:00,93.915,93.95,93.91,93.94,153796,2023-09-27
2023-09-27 18:25:00,93.935,94.04,93.93,93.985,191484,2023-09-27
2023-09-27 18:30:00,93.985,94.045,93.98,94.045,73816,2023-09-27
2023-09-27 18:35:00,94.045,94.05,93.985,93.99,88370,2023-09-27
2023-09-27 18:40:00,93.99,94,93.97,93.9701,37980,2023-09-27
2023-09-27 18:45:00,93.97,93.98,93.95,93.965,82770,2023-09-27
2023-09-27 18:50:00,93.96,93.97,93.9505,93.955,20473,2023-09-27
2023-09-27 18:55:00,93.96,93.97,93.95,93.96,67492,2023-09-27
2023-09-27 19:00:00,93.96,93.97,93.94,93.955,59749,2023-09-27
2023-09-27 19:05:00,93.955,94,93.945,93.985,83492,2023-09-27
2023-09-27 19:10:00,93.9888,94.01,93.98,94,40736,2023-09-27
2023-09-27 19:15:00,94,94,93.98,93.98,26941,2023-09-27
2023-09-27 19:20:00,93.985,94,93.98,93.995,16899,2023-09-27
2023-09-27 19:25:00,94,94.02,93.995,94.015,46723,2023-09-27
2023-09-27 19:30:00,94.015,94.03,94.015,94.025,26950,2023-09-27
2023-09-27 19:35:00,94.025,94.03,94,94.01,58508,2023-09-27
2023-09-27 19:40:00,94.01,94.015,94,94,35739,2023-09-27
2023-09-27 19:45:00,94,94.01,94,94.005,26232,2023-09-27
2023-09-27 19:50:00,94,94.005,93.9614,93.975,43210,2023-09-27
2023-09-27 19:55:00,93.97,93.97,93.95,93.96,59779,2023-09-27
2023-09-27 20:00:00,93.96,93.96,93.94,93.95,42956,2023-09-27
2023-09-27 20:05:00,93.96,93.97,93.95,93.9623,52365,2023-09-27
2023-09-27 20:10:00,93.9634,93.97,93.955,93.96,47590,2023-09-27
2023-09-27 20:15:00,93.955,93.99,93.955,93.98,60666,2023-09-27
2023-09-27 20:20:00,93.975,93.98,93.96,93.965,44266,2023-09-27
2023-09-27 20:25:00,93.965,93.97,93.96,93.965,26120,2023-09-27
2023-09-27 20:30:00,93.96,93.97,93.945,93.945,77372,2023-09-27
2023-09-27 20:35:00,93.945,93.9664,93.945,93.955,64365,2023-09-27
2023-09-27 20:40:00,93.95,93.97,93.94,93.95,144581,2023-09-27
2023-09-27 20:45:00,93.96,93.96,93.93,93.94,100314,2023-09-27
2023-09-27 20:50:00,93.945,93.95,93.93,93.93,25467,2023-09-27
2023-09-27 20:55:00,93.93,93.955,93.93,93.94,70487,2023-09-27
2023-09-27 21:00:00,93.94,93.945,93.93,93.935,24914,2023-09-27
2023-09-27 21:05:00,93.935,93.95,93.93,93.93,24266,2023-09-27
2023-09-27 21:10:00,93.9301,93.94,93.93,93.9322,41543,2023-09-27
2023-09-27 21:15:00,93.93,93.945,93.92,93.94,63461,2023-09-27
2023-09-27 21:20:00,93.94,93.95,93.93,93.93,54084,2023-09-27
2023-09-27 21:25:00,93.93,93.935,93.91,93.9175,107785,2023-09-27
2023-09-27 21:30:00,93.91,93.94,93.91,93.925,73307,2023-09-27
2023-09-27 21:35:00,93.925,93.93,93.92,93.925,102639,2023-09-27
2023-09-27 21:40:00,93.92,93.93,93.91,93.9222,55411,2023-09-27
2023-09-27 21:45:00,93.925,93.93,93.915,93.92,71682,2023-09-27
2023-09-27 21:50:00,93.925,93.97,93.92,93.97,104895,2023-09-27
2023-09-27 21:55:00,93.97,93.975,93.95,93.96,65296,2023-09-27
2023-09-27 22:00:00,93.965,93.97,93.95,93.955,105604,2023-09-27
2023-09-27 22:05:00,93.95,93.98,93.95,93.965,129183,2023-09-27
2023-09-27 22:10:00,93.965,93.98,93.945,93.96,58026,2023-09-27
2023-09-27 22:15:00,93.965,93.98,93.945,93.97,86843,2023-09-27
2023-09-27 22:20:00,93.97,94.015,93.96,94.01,83579,2023-09-27
2023-09-27 22:25:00,94.015,94.03,94,94,42947,2023-09-27
2023-09-27 22:30:00,94,94.01,93.985,93.99,76350,2023-09-27
2023-09-27 22:35:00,93.99,93.995,93.98,93.99,89662,2023-09-27
2023-09-27 22:40:00,93.985,93.99,93.94,93.95,205307,2023-09-27
2023-09-27 22:45:00,93.94,93.95,93.925,93.93,96683,2023-09-27
2023-09-27 22:50:00,93.93,93.95,93.92,93.925,204677,2023-09-27
2023-09-27 22:55:00,93.93,93.94,93.9,93.92,402608,2023-09-27
2023-09-27 23:00:00,93.92,93.92,93.9,93.9071,157461,2023-09-27
2023-09-27 23:05:00,93.92,93.92,93.92,93.92,293,2023-09-27
2023-09-27 23:20:00,93.8906,93.8906,93.8906,93.8906,950,2023-09-27
2023-09-27 23:35:00,93.89,93.89,93.89,93.89,700,2023-09-27
2023-09-27 23:50:00,93.89,93.89,93.89,93.89,810,2023-09-27
2023-09-28 00:00:00,93.89,93.89,93.89,93.89,200,2023-09-27
2023-09-28 00:05:00,93.89,93.91,93.89,93.91,255,2023-09-27
2023-09-28 00:10:00,93.89,93.89,93.89,93.89,779,2023-09-27
2023-09-28 00:30:00,93.91,93.91,93.91,93.91,100,2023-09-27
2023-09-28 01:00:00,93.94,93.94,93.94,93.94,165,2023-09-27
2023-09-28 14:45:00,93.88,93.88,93.88,93.88,601,2023-09-28
2023-09-28 15:00:00,93.88,93.91,93.88,93.91,3552,2023-09-28
2023-09-28 15:05:00,93.9,93.9,93.9,93.9,150,2023-09-28
2023-09-28 15:30:00,93.9005,93.9005,93.9005,93.9005,200,2023-09-28
2023-09-28 15:45:00,93.93,93.93,93.92,93.92,312,2023-09-28
2023-09-28 15:55:00,93.93,93.93,93.93,93.93,241,2023-09-28
2023-09-28 16:25:00,93.9,93.94,93.9,93.94,3368,2023-09-28
2023-09-28 16:30:00,93.9,93.98,93.88,93.9,341795,2023-09-28
2023-09-28 16:35:00,93.895,93.94,93.865,93.875,123984,2023-09-28
2023-09-28 16:40:00,93.87,93.88,93.83,93.85,245352,2023-09-28
2023-09-28 16:45:00,93.845,93.875,93.805,93.84,403668,2023-09-28
2023-09-28 16:50:00,93.83,93.83,93.8,93.805,189445,2023-09-28
2023-09-28 16:55:00,93.8,93.81,93.74,93.755,513963,2023-09-28
2023-09-28 17:00:00,93.759,93.76,93.67,93.685,342946,2023-09-28
2023-09-28 17:05:00,93.685,93.7,93.57,93.595,471011,2023-09-28
2023-09-28 17:10:00,93.6,93.78,93.59,93.64,167931,2023-09-28
2023-09-28 17:15:00,93.64,93.645,93.52,93.6,322171,2023-09-28
2023-09-28 17:20:00,93.6,93.7,93.5952,93.7,230395,2023-09-28
2023-09-28 17:25:00,93.71,93.81,93.695,93.77,339830,2023-09-28
2023-09-28 17:30:00,93.765,93.79,93.745,93.78,106857,2023-09-28
2023-09-28 17:35:00,93.785,93.83,93.78,93.805,112084,2023-09-28
2023-09-28 17:40:00,93.805,93.84,93.8,93.83,52491,2023-09-28
2023-09-28 17:45:00,93.83,93.87,93.6908,93.7,270392,2023-09-28
2023-09-28 17:50:00,93.695,93.74,93.68,93.69,362337,2023-09-28
2023-09-28 17:55:00,93.7,93.71,93.65,93.67,205507,2023-09-28
2023-09-28 18:00:00,93.67,93.67,93.62,93.67,111652,2023-09-28
2023-09-28 18:05:00,93.67,93.7,93.66,93.685,159497,2023-09-28
2023-09-28 18:10:00,93.685,93.685,93.59,93.62,117365,2023-09-28
2023-09-28 18:15:00,93.62,93.625,93.59,93.605,152408,2023-09-28
2023-09-28 18:20:00,93.605,93.62,93.58,93.6,72446,2023-09-28
2023-09-28 18:25:00,93.605,93.63,93.59,93.61,91989,2023-09-28
2023-09-28 18:30:00,93.62,93.64,93.61,93.64,47174,2023-09-28
2023-09-28 18:35:00,93.635,93.69,93.63,93.685,60822,2023-09-28
2023-09-28 18:40:00,93.685,93.7,93.65,93.7,40901,2023-09-28
2023-09-28 18:45:00,93.69,93.75,93.69,93.745,124679,2023-09-28
2023-09-28 18:50:00,93.74,93.75,93.72,93.735,44169,2023-09-28
2023-09-28 18:55:00,93.73,93.75,93.72,93.735,57246,2023-09-28
2023-09-28 19:00:00,93.735,93.74,93.715,93.73,40742,2023-09-28
2023-09-28 19:05:00,93.74,93.74,93.72,93.72,23125,2023-09-28
2023-09-28 19:10:00,93.725,93.74,93.7,93.705,67518,2023-09-28
2023-09-28 19:15:00,93.71,93.72,93.695,93.705,31183,2023-09-28
2023-09-28 19:20:00,93.705,93.71,93.69,93.69,54530,2023-09-28
2023-09-28 19:25:00,93.69,93.7,93.69,93.695,23602,2023-09-28
2023-09-28 19:30:00,93.695,93.71,93.6301,93.635,76235,2023-09-28
2023-09-28 19:35:00,93.635,93.64,93.63,93.6302,19084,2023-09-28
2023-09-28 19:40:00,93.635,93.64,93.615,93.625,42440,2023-09-28
2023-09-28 19:45:00,93.625,93.64,93.62,93.632,29099,2023-09-28
2023-09-28 19:50:00,93.635,93.66,93.63,93.655,74060,2023-09-28
2023-09-28 19:55:00,93.66,93.73,93.655,93.71,137318,2023-09-28
2023-09-28 20:00:00,93.705,93.74,93.7,93.725,62928,2023-09-28
2023-09-28 20:05:00,93.725,93.73,93.69,93.705,64122,2023-09-28
2023-09-28 20:10:00,93.71,93.71,93.65,93.655,85482,2023-09-28
2023-09-28 20:15:00,93.66,93.66,93.65,93.655,14544,2023-09-28
2023-09-28 20:20:00,93.655,93.66,93.61,93.655,131762,2023-09-28
2023-09-28 20:25:00,93.655,93.655,93.43,93.45,862315,2023-09-28
2023-09-28 20:30:00,93.44,93.59,93.4,93.56,229958,2023-09-28
2023-09-28 20:35:00,93.555,93.56,93.51,93.535,134789,2023-09-28
2023-09-28 20:40:00,93.52,93.52,93.38,93.435,206403,2023-09-28
2023-09-28 20:45:00,93.435,93.53,93.435,93.5021,140678,2023-09-28
2023-09-28 20:50:00,93.505,93.52,93.5,93.5175,65053,2023-09-28
2023-09-28 20:55:00,93.51,93.56,93.505,93.545,90143,2023-09-28
2023-09-28 21:00:00,93.55,93.55,93.515,93.535,66302,2023-09-28
2023-09-28 21:05:00,93.54,93.565,93.535,93.555,53088,2023-09-28
2023-09-28 21:10:00,93.555,93.57,93.54,93.55,75557,2023-09-28
2023-09-28 21:15:00,93.555,93.59,93.545,93.58,56402,2023-09-28
2023-09-28 21:20:00,93.585,93.59,93.55,93.55,50610,2023-09-28
2023-09-28 21:25:00,93.555,93.57,93.545,93.56,53329,2023-09-28
2023-09-28 21:30:00,93.555,93.56,93.51,93.515,74045,2023-09-28
2023-09-28 21:35:00,93.515,93.54,93.505,93.535,148904,2023-09-28
2023-09-28 21:40:00,93.535,93.595,93.5303,93.565,60628,2023-09-28
2023-09-28 21:45:00,93.56,93.565,93.545,93.55,28544,2023-09-28
2023-09-28 21:50:00,93.55,93.56,93.545,93.56,36978,2023-09-28
2023-09-28 21:55:00,93.555,93.56,93.55,93.555,22489,2023-09-28
2023-09-28 22:00:00,93.555,93.565,93.55,93.555,34559,2023-09-28
2023-09-28 22:05:00,93.555,93.57,93.55,93.5675,43472,2023-09-28
2023-09-28 22:10:00,93.565,93.57,93.55,93.555,30216,2023-09-28
2023-09-28 22:15:00,93.555,93.57,93.55,93.555,49133,2023-09-28
2023-09-28 22:20:00,93.555,93.56,93.535,93.535,77385,2023-09-28
2023-09-28 22:25:00,93.54,93.59,93.535,93.585,44119,2023-09-28
2023-09-28 22:30:00,93.585,93.625,93.5805,93.6105,103160,2023-09-28
2023-09-28 22:35:00,93.61,93.615,93.54,93.555,101424,2023-09-28
2023-09-28 22:40:00,93.555,93.6,93.555,93.585,77876,2023-09-28
2023-09-28 22:45:00,93.585,93.61,93.5723,93.5723,114003,2023-09-28
2023-09-28 22:50:00,93.575,93.62,93.57,93.585,108094,2023-09-28
2023-09-28 22:55:00,93.58,93.59,93.53,93.57,354001,2023-09-28
2023-09-28 23:00:00,93.54,93.55,93.53,93.53,10258,2023-09-28
2023-09-28 23:05:00,93.54,93.6,93.54,93.6,26403,2023-09-28
2023-09-28 23:15:00,93.55,93.55,93.55,93.55,100,2023-09-28
2023-09-28 23:25:00,93.51,93.52,93.51,93.51,1501,2023-09-28
2023-09-28 23:30:00,93.51,93.51,93.51,93.51,750,2023-09-28
2023-09-28 23:40:00,93.51,93.51,93.51,93.51,1749,2023-09-28
2023-09-29 00:05:00,93.56,93.6,93.56,93.6,790,2023-09-28
2023-09-29 00:10:00,93.57,93.57,93.57,93.57,200,2023-09-28
2023-09-29 00:15:00,93.51,93.51,93.5,93.5,1051,2023-09-28
2023-09-29 01:00:00,93.54,93.55,93.54,93.55,1600,2023-09-28
2023-09-29 02:05:00,93.5,93.55,93.5,93.55,1261,2023-09-28
2023-09-29 02:55:00,93.5,93.5,93.5,93.5,1598,2023-09-28
2023-09-29 15:25:00,93.6,93.6,93.6,93.6,300,2023-09-29
2023-09-29 15:40:00,93.65,93.65,93.65,93.65,388,2023-09-29
2023-09-29 15:55:00,93.75,93.7501,93.73,93.73,1349,2023-09-29
2023-09-29 16:15:00,93.63,93.63,93.63,93.63,201,2023-09-29
2023-09-29 16:25:00,93.62,93.65,93.6,93.6,15251,2023-09-29
2023-09-29 16:30:00,93.6,93.665,93.55,93.6,301592,2023-09-29
2023-09-29 16:35:00,93.6,93.63,93.56,93.565,114304,2023-09-29
2023-09-29 16:40:00,93.57,93.575,93.45,93.51,377121,2023-09-29
2023-09-29 16:45:00,93.505,93.59,93.505,93.57,83032,2023-09-29
2023-09-29 16:50:00,93.565,93.72,93.565,93.695,128654,2023-09-29
2023-09-29 16:55:00,93.69,93.74,93.65,93.72,56370,2023-09-29
2023-09-29 17:00:00,93.73,93.765,93.7,93.755,77033,2023-09-29
2023-09-29 17:05:00,93.76,93.8,93.75,93.79,108909,2023-09-29
2023-09-29 17:10:00,93.795,93.805,93.77,93.785,98867,2023-09-29
2023-09-29 17:15:00,93.785,93.855,93.775,93.82,252884,2023-09-29
2023-09-29 17:20:00,93.82,93.83,93.8,93.814,60981,2023-09-29
2023-09-29 17:25:00,93.815,93.825,93.772,93.805,104112,2023-09-29
2023-09-29 17:30:00,93.805,93.84,93.79,93.795,173751,2023-09-29
2023-09-29 17:35:00,93.8,93.81,93.79,93.805,71655,2023-09-29
2023-09-29 17:40:00,93.8,93.83,93.8,93.81,53786,2023-09-29
2023-09-29 17:45:00,93.815,93.845,93.8,93.82,121914,2023-09-29
2023-09-29 17:50:00,93.82,93.88,93.8101,93.84,273182,2023-09-29
2023-09-29 17:55:00,93.835,93.855,93.8317,93.85,39747,2023-09-29
2023-09-29 18:00:00,93.85,93.85,93.7931,93.7963,50141,2023-09-29
2023-09-29 18:05:00,93.8,93.86,93.8,93.85,81549,2023-09-29
2023-09-29 18:10:00,93.852,93.885,93.845,93.855,59736,2023-09-29
2023-09-29 18:15:00,93.855,93.87,93.84,93.86,38475,2023-09-29
2023-09-29 18:20:00,93.86,93.86,93.83,93.835,159709,2023-09-29
2023-09-29 18:25:00,93.835,93.85,93.815,93.845,113836,2023-09-29
2023-09-29 18:30:00,93.84,93.85,93.82,93.825,149117,2023-09-29
2023-09-29 18:35:00,93.83,93.85,93.805,93.815,62545,2023-09-29
2023-09-29 18:40:00,93.815,93.82,93.77,93.78,32698,2023-09-29
2023-09-29 18:45:00,93.78,93.8,93.7701,93.785,165629,2023-09-29
2023-09-29 18:50:00,93.785,93.805,93.78,93.8,39723,2023-09-29
2023-09-29 18:55:00,93.7975,93.81,93.792,93.795,143019,2023-09-29
2023-09-29 19:00:00,93.7975,93.805,93.7501,93.785,56479,2023-09-29
2023-09-29 19:05:00,93.785,93.81,93.78,93.805,51796,2023-09-29
2023-09-29 19:10:00,93.8,93.805,93.765,93.785,55734,2023-09-29
2023-09-29 19:15:00,93.785,93.805,93.785,93.795,32352,2023-09-29
2023-09-29 19:20:00,93.795,93.81,93.7901,93.81,19532,2023-09-29
2023-09-29 19:25:00,93.805,93.82,93.78,93.78,75014,2023-09-29
2023-09-29 19:30:00,93.78,93.8,93.78,93.8,44502,2023-09-29
2023-09-29 19:35:00,93.81,93.82,93.8,93.805,34837,2023-09-29
2023-09-29 19:40:00,93.8,93.82,93.8,93.81,77105,2023-09-29
2023-09-29 19:45:00,93.8075,93.84,93.8,93.82,80738,2023-09-29
2023-09-29 19:50:00,93.815,93.82,93.78,93.79,47806,2023-09-29
2023-09-29 19:55:00,93.795,93.805,93.78,93.785,127134,2023-09-29
2023-09-29 20:00:00,93.785,93.79,93.76,93.775,41548,2023-09-29
2023-09-29 20:05:00,93.77,93.775,93.75,93.755,37525,2023-09-29
2023-09-29 20:10:00,93.755,93.76,93.74,93.75,17604,2023-09-29
2023-09-29 20:15:00,93.745,93.75,93.72,93.73,32301,2023-09-29
2023-09-29 20:20:00,93.73,93.73,93.685,93.695,49107,2023-09-29
2023-09-29 20:25:00,93.7,93.73,93.695,93.7286,29686,2023-09-29
2023-09-29 20:30:00,93.73,93.73,93.71,93.715,20726,2023-09-29
2023-09-29 20:35:00,93.72,93.73,93.68,93.7,56783,2023-09-29
2023-09-29 20:40:00,93.705,93.72,93.7,93.72,9898,2023-09-29
2023-09-29 20:45:00,93.72,93.725,93.68,93.69,45273,2023-09-29
2023-09-29 20:50:00,93.7,93.71,93.67,93.67,39162,2023-09-29
2023-09-29 20:55:00,93.6713,93.69,93.65,93.65,35217,2023-09-29
2023-09-29 21:00:00,93.65,93.67,93.61,93.67,64814,2023-09-29
2023-09-29 21:05:00,93.67,93.72,93.665,93.7,117776,2023-09-29
2023-09-29 21:10:00,93.7,93.71,93.6916,93.71,29496,2023-09-29
2023-09-29 21:15:00,93.705,93.72,93.675,93.695,47827,2023-09-29
2023-09-29 21:20:00,93.6917,93.705,93.69,93.695,45875,2023-09-29
2023-09-29 21:25:00,93.695,93.7,93.65,93.65,45647,2023-09-29
2023-09-29 21:30:00,93.65,93.66,93.645,93.655,29113,2023-09-29
2023-09-29 21:35:00,93.65,93.66,93.63,93.6315,48202,2023-09-29
2023-09-29 21:40:00,93.635,93.665,93.635,93.64,47586,2023-09-29
2023-09-29 21:45:00,93.64,93.66,93.63,93.63,30717,2023-09-29
2023-09-29 21:50:00,93.6391,93.64,93.61,93.635,37087,2023-09-29
2023-09-29 21:55:00,93.635,93.69,93.63,93.69,57437,2023-09-29
2023-09-29 22:00:00,93.6887,93.73,93.6887,93.725,76999,2023-09-29
2023-09-29 22:05:00,93.72,93.73,93.69,93.73,48630,2023-09-29
2023-09-29 22:10:00,93.725,93.73,93.68,93.72,87481,2023-09-29
2023-09-29 22:15:00,93.71,93.73,93.69,93.69,67611,2023-09-29
2023-09-29 22:20:00,93.69,93.7,93.655,93.68,85091,2023-09-29
2023-09-29 22:25:00,93.68,93.68,93.63,93.66,91011,2023-09-29
2023-09-29 22:30:00,93.65,93.68,93.615,93.63,143937,2023-09-29
2023-09-29 22:35:00,93.63,93.66,93.62,93.66,150222,2023-09-29
2023-09-29 22:40:00,93.66,93.685,93.63,93.66,160174,2023-09-29
2023-09-29 22:45:00,93.655,93.69,93.65,93.69,175304,2023-09-29
2023-09-29 22:50:00,93.685,93.72,93.62,93.665,387020,2023-09-29
2023-09-29 22:55:00,93.665,93.69,93.62,93.64,566144,2023-09-29
2023-09-29 23:00:00,93.63,93.69,93.63,93.69,23043,2023-09-29
2023-09-29 23:05:00,93.68,93.68,93.68,93.68,5500,2023-09-29
2023-09-29 23:10:00,93.71,93.71,93.68,93.69,3240,2023-09-29
2023-09-29 23:20:00,93.66,93.66,93.66,93.66,500,2023-09-29
2023-09-29 23:40:00,93.66,93.66,93.66,93.66,400,2023-09-29
2023-09-29 23:45:00,93.67,93.68,93.67,93.68,200,2023-09-29
2023-09-29 23:50:00,93.63,93.63,93.63,93.63,21632,2023-09-29
2023-09-30 00:00:00,93.63,93.63,93.63,93.63,11951,2023-09-29
2023-09-30 00:15:00,93.7,93.72,93.7,93.72,1078,2023-09-29
2023-09-30 00:20:00,93.7,93.7,93.7,93.7,300,2023-09-29
2023-09-30 00:40:00,93.84,93.84,93.84,93.84,222,2023-09-29
2023-10-02 11:05:00,93.64,93.64,93.64,93.64,252,2023-10-02
2023-10-02 14:50:00,93.64,93.64,93.64,93.64,300,2023-10-02
2023-10-02 15:00:00,93.64,93.89,93.64,93.89,1276,2023-10-02
2023-10-02 15:45:00,93.82,93.82,93.82,93.82,329,2023-10-02
2023-10-02 16:20:00,93.8224,93.8224,93.8224,93.8224,266,2023-10-02
2023-10-02 16:25:00,93.72,93.78,93.68,93.68,1541,2023-10-02
2023-10-02 16:30:00,93.68,93.79,93.6,93.74,344255,2023-10-02
2023-10-02 16:35:00,93.75,93.77,93.71,93.745,59571,2023-10-02
2023-10-02 16:40:00,93.745,93.82,93.7175,93.82,126033,2023-10-02
2023-10-02 16:45:00,93.82,93.825,93.75,93.75,77791,2023-10-02
2023-10-02 16:50:00,93.76,93.83,93.75,93.825,132031,2023-10-02
2023-10-02 16:55:00,93.825,93.825,93.755,93.755,62390,2023-10-02
2023-10-02 17:00:00,93.75,93.78,93.745,93.78,79666,2023-10-02
2023-10-02 17:05:00,93.77,93.78,93.755,93.76,59465,2023-10-02
2023-10-02 17:10:00,93.765,93.77,93.75,93.75,22726,2023-10-02
2023-10-02 17:15:00,93.75,93.76,93.74,93.745,50193,2023-10-02
2023-10-02 17:20:00,93.74,93.75,93.7,93.71,40965,2023-10-02
2023-10-02 17:25:00,93.715,93.73,93.665,93.69,83803,2023-10-02
2023-10-02 17:30:00,93.69,93.74,93.68,93.735,46445,2023-10-02
2023-10-02 17:35:00,93.73,93.74,93.7,93.7,44547,2023-10-02
2023-10-02 17:40:00,93.7,93.71,93.645,93.7,166567,2023-10-02
2023-10-02 17:45:00,93.7,93.71,93.685,93.7,20524,2023-10-02
2023-10-02 17:50:00,93.695,93.71,93.688,93.705,36414,2023-10-02
2023-10-02 17:55:00,93.7,93.73,93.69,93.73,25920,2023-10-02
2023-10-02 18:00:00,93.73,93.745,93.72,93.735,128418,2023-10-02
2023-10-02 18:05:00,93.73,93.785,93.73,93.755,28041,2023-10-02
2023-10-02 18:10:00,93.75,93.765,93.74,93.76,20790,2023-10-02
2023-10-02 18:15:00,93.77,93.795,93.7592,93.778,38172,2023-10-02
2023-10-02 18:20:00,93.7701,93.8,93.77,93.798,24001,2023-10-02
2023-10-02 18:25:00,93.8,93.805,93.77,93.79,26650,2023-10-02
2023-10-02 18:30:00,93.78,93.8,93.78,93.79,17547,2023-10-02
2023-10-02 18:35:00,93.8,93.8,93.77,93.79,37496,2023-10-02
2023-10-02 18:40:00,93.78,93.79,93.77,93.77,17031,2023-10-02
2023-10-02 18:45:00,93.76,93.77,93.75,93.755,51686,2023-10-02
2023-10-02 18:50:00,93.75,93.77,93.73,93.74,59048,2023-10-02
2023-10-02 18:55:00,93.745,93.78,93.73,93.7788,43229,2023-10-02
2023-10-02 19:00:00,93.77,93.785,93.75,93.765,15962,2023-10-02
2023-10-02 19:05:00,93.76,93.765,93.73,93.73,44015,2023-10-02
2023-10-02 19:10:00,93.735,93.75,93.73,93.7479,120952,2023-10-02
2023-10-02 19:15:00,93.745,93.76,93.725,93.75,46516,2023-10-02
2023-10-02 19:20:00,93.75,93.76,93.73,93.73,17713,2023-10-02
2023-10-02 19:25:00,93.7316,93.74,93.72,93.73,32719,2023-10-02
2023-10-02 19:30:00,93.735,93.74,93.72,93.735,29504,2023-10-02
2023-10-02 19:35:00,93.74,93.76,93.7388,93.7515,23523,2023-10-02
2023-10-02 19:40:00,93.76,93.76,93.74,93.76,42749,2023-10-02
2023-10-02 19:45:00,93.755,93.76,93.74,93.74,301726,2023-10-02
2023-10-02 19:50:00,93.745,93.78,93.74,93.77,47509,2023-10-02
2023-10-02 19:55:00,93.77,93.8,93.76,93.795,22755,2023-10-02
2023-10-02 20:00:00,93.79,93.79,93.75,93.76,44339,2023-10-02
2023-10-02 20:05:00,93.77,93.775,93.74,93.77,49353,2023-10-02
2023-10-02 20:10:00,93.76,93.77,93.75,93.76,30446,2023-10-02
2023-10-02 20:15:00,93.7627,93.785,93.76,93.76,24033,2023-10-02
2023-10-02 20:20:00,93.765,93.785,93.755,93.78,40744,2023-10-02
2023-10-02 20:25:00,93.78,93.79,93.765,93.77,113491,2023-10-02
2023-10-02 20:30:00,93.775,93.815,93.775,93.79,256000,2023-10-02
2023-10-02 20:35:00,93.79,93.8,93.78,93.785,100513,2023-10-02
2023-10-02 20:40:00,93.785,93.81,93.77,93.775,215369,2023-10-02
2023-10-02 20:45:00,93.77,93.81,93.76,93.8,107984,2023-10-02
2023-10-02 20:50:00,93.81,93.825,93.78,93.79,293184,2023-10-02
2023-10-02 20:55:00,93.7919,93.8,93.77,93.77,46061,2023-10-02
2023-10-02 21:00:00,93.77,93.785,93.765,93.78,28270,2023-10-02
2023-10-02 21:05:00,93.78,93.795,93.775,93.79,37831,2023-10-02
2023-10-02 21:10:00,93.785,93.8,93.78,93.785,44100,2023-10-02
2023-10-02 21:15:00,93.785,93.785,93.765,93.77,31214,2023-10-02
2023-10-02 21:20:00,93.77,93.78,93.765,93.775,13985,2023-10-02
2023-10-02 21:25:00,93.77,93.78,93.77,93.775,13918,2023-10-02
2023-10-02 21:30:00,93.77,93.82,93.765,93.82,349606,2023-10-02
2023-10-02 21:35:00,93.82,93.83,93.78,93.785,50241,2023-10-02
2023-10-02 21:40:00,93.78,93.8,93.78,93.8,19469,2023-10-02
2023-10-02 21:45:00,93.795,93.805,93.79,93.8,76061,2023-10-02
2023-10-02 21:50:00,93.8,93.825,93.79,93.8,94984,2023-10-02
2023-10-02 21:55:00,93.8,93.805,93.79,93.805,48084,2023-10-02
2023-10-02 22:00:00,93.81,93.82,93.8,93.8,36287,2023-10-02
2023-10-02 22:05:00,93.8,93.84,93.8,93.825,97403,2023-10-02
2023-10-02 22:10:00,93.825,93.84,93.81,93.81,87310,2023-10-02
2023-10-02 22:15:00,93.815,93.87,93.815,93.87,91350,2023-10-02
2023-10-02 22:20:00,93.87,93.875,93.83,93.85,91639,2023-10-02
2023-10-02 22:25:00,93.86,93.865,93.82,93.85,77279,2023-10-02
2023-10-02 22:30:00,93.855,93.88,93.84,93.865,94437,2023-10-02
2023-10-02 22:35:00,93.87,93.875,93.83,93.87,107555,2023-10-02
2023-10-02 22:40:00,93.87,93.88,93.86,93.8625,86096,2023-10-02
2023-10-02 22:45:00,93.87,93.88,93.84,93.88,123005,2023-10-02
2023-10-02 22:50:00,93.88,93.9,93.87,93.895,191104,2023-10-02
2023-10-02 22:55:00,93.9,93.94,93.89,93.93,301732,2023-10-02
2023-10-02 23:00:00,93.94,93.94,93.93,93.93,3700,2023-10-02
2023-10-02 23:45:00,93.91,93.91,93.91,93.91,382,2023-10-02
2023-10-03 02:50:00,93.92,93.92,93.92,93.92,500,2023-10-02
2023-10-03 02:55:00,93.92,93.92,93.92,93.92,638,2023-10-02
2023-10-03 14:45:00,93.81,93.81,93.81,93.81,229,2023-10-03
2023-10-03 14:50:00,93.81,93.81,93.8,93.8,446,2023-10-03
2023-10-03 15:35:00,93.85,93.85,93.85,93.85,377,2023-10-03
2023-10-03 15:40:00,93.85,93.85,93.85,93.85,100,2023-10-03
2023-10-03 16:25:00,93.81,93.82,93.79,93.82,8910,2023-10-03
2023-10-03 16:30:00,93.81,93.95,93.76,93.93,355228,2023-10-03
2023-10-03 16:35:00,93.93,93.932,93.85,93.88,50966,2023-10-03
2023-10-03 16:40:00,93.88,93.93,93.88,93.9165,46526,2023-10-03
2023-10-03 16:45:00,93.91,93.93,93.885,93.925,78985,2023-10-03
2023-10-03 16:50:00,93.92,93.945,93.915,93.93,23828,2023-10-03
2023-10-03 16:55:00,93.935,93.975,93.935,93.97,25870,2023-10-03
2023-10-03 17:00:00,93.975,93.98,93.91,93.93,48879,2023-10-03
2023-10-03 17:05:00,93.925,93.925,93.84,93.91,76912,2023-10-03
2023-10-03 17:10:00,93.91,93.92,93.9,93.905,22081,2023-10-03
2023-10-03 17:15:00,93.9,93.91,93.87,93.885,62593,2023-10-03
2023-10-03 17:20:00,93.885,93.92,93.885,93.9,27168,2023-10-03
2023-10-03 17:25:00,93.895,93.9175,93.895,93.91,25701,2023-10-03
2023-10-03 17:30:00,93.905,93.94,93.9,93.9226,16715,2023-10-03
2023-10-03 17:35:00,93.92,93.93,93.88,93.89,33073,2023-10-03
2023-10-03 17:40:00,93.89,93.925,93.89,93.92,29589,2023-10-03
2023-10-03 17:45:00,93.92,93.925,93.91,93.915,22755,2023-10-03
2023-10-03 17:50:00,93.915,93.92,93.9,93.915,12695,2023-10-03
2023-10-03 17:55:00,93.92,93.93,93.91,93.92,9050,2023-10-03
2023-10-03 18:00:00,93.915,93.915,93.88,93.88,29864,2023-10-03
2023-10-03 18:05:00,93.89,93.92,93.89,93.9118,23251,2023-10-03
2023-10-03 18:10:00,93.92,93.93,93.915,93.93,16037,2023-10-03
2023-10-03 18:15:00,93.925,93.95,93.91,93.945,199221,2023-10-03
2023-10-03 18:20:00,93.94,93.95,93.93,93.94,35449,2023-10-03
2023-10-03 18:25:00,93.94,93.95,93.9201,93.945,27455,2023-10-03
2023-10-03 18:30:00,93.95,93.96,93.94,93.95,25594,2023-10-03
2023-10-03 18:35:00,93.94,93.975,93.94,93.97,18793,2023-10-03
2023-10-03 18:40:00,93.97,93.97,93.96,93.97,17670,2023-10-03
2023-10-03 18:45:00,93.966,93.985,93.96,93.98,20404,2023-10-03
2023-10-03 18:50:00,93.985,93.985,93.9588,93.96,19001,2023-10-03
2023-10-03 18:55:00,93.965,93.97,93.95,93.95,12971,2023-10-03
2023-10-03 19:00:00,93.95,93.97,93.95,93.965,16253,2023-10-03
2023-10-03 19:05:00,93.965,93.98,93.965,93.975,13759,2023-10-03
2023-10-03 19:10:00,93.98,93.98,93.97,93.98,11050,2023-10-03
2023-10-03 19:15:00,93.975,93.99,93.96,93.985,65474,2023-10-03
2023-10-03 19:20:00,93.985,93.99,93.965,93.97,28344,2023-10-03
2023-10-03 19:25:00,93.9628,93.985,93.96,93.985,45011,2023-10-03
2023-10-03 19:30:00,93.98,93.98,93.965,93.97,20048,2023-10-03
2023-10-03 19:35:00,93.975,93.98,93.97,93.97,31652,2023-10-03
2023-10-03 19:40:00,93.975,93.9862,93.965,93.965,30700,2023-10-03
2023-10-03 19:45:00,93.97,93.98,93.965,93.98,15246,2023-10-03
2023-10-03 19:50:00,93.975,93.98,93.96,93.965,15246,2023-10-03
2023-10-03 19:55:00,93.96,93.96,93.935,93.95,26475,2023-10-03
2023-10-03 20:00:00,93.944,93.96,93.944,93.945,31157,2023-10-03
2023-10-03 20:05:00,93.94,93.94,93.93,93.94,8879,2023-10-03
2023-10-03 20:10:00,93.94,93.96,93.94,93.955,18869,2023-10-03
2023-10-03 20:15:00,93.954,93.96,93.95,93.96,6431,2023-10-03
2023-10-03 20:20:00,93.95,93.97,93.94,93.96,36246,2023-10-03
2023-10-03 20:25:00,93.96,93.96,93.9515,93.96,4594,2023-10-03
2023-10-03 20:30:00,93.96,93.96,93.91,93.91,39019,2023-10-03
2023-10-03 20:35:00,93.91,93.92,93.9,93.9,40867,2023-10-03
2023-10-03 20:40:00,93.905,93.92,93.905,93.915,14307,2023-10-03
2023-10-03 20:45:00,93.92,93.92,93.9,93.905,19609,2023-10-03
2023-10-03 20:50:00,93.91,93.91,93.89,93.89,48288,2023-10-03
2023-10-03 20:55:00,93.895,93.92,93.8888,93.92,80224,2023-10-03
2023-10-03 21:00:00,93.92,93.9265,93.91,93.92,21907,2023-10-03
2023-10-03 21:05:00,93.92,93.935,93.9,93.925,66916,2023-10-03
2023-10-03 21:10:00,93.92,93.95,93.92,93.95,35446,2023-10-03
2023-10-03 21:15:00,93.945,93.96,93.935,93.94,14402,2023-10-03
2023-10-03 21:20:00,93.94,93.94,93.93,93.93,36940,2023-10-03
2023-10-03 21:25:00,93.94,93.95,93.92,93.95,116480,2023-10-03
2023-10-03 21:30:00,93.945,93.965,93.93,93.95,26264,2023-10-03
2023-10-03 21:35:00,93.95,93.95,93.93,93.94,19743,2023-10-03
2023-10-03 21:40:00,93.93,93.95,93.93,93.945,9160,2023-10-03
2023-10-03 21:45:00,93.95,93.95,93.94,93.9447,18875,2023-10-03
2023-10-03 21:50:00,93.95,93.95,93.93,93.935,40250,2023-10-03
2023-10-03 21:55:00,93.94,93.96,93.935,93.9499,33775,2023-10-03
2023-10-03 22:00:00,93.945,93.95,93.935,93.9426,27774,2023-10-03
2023-10-03 22:05:00,93.945,93.945,93.895,93.9021,110001,2023-10-03
2023-10-03 22:10:00,93.9,93.92,93.88,93.89,216023,2023-10-03
2023-10-03 22:15:00,93.885,93.925,93.88,93.925,424809,2023-10-03
2023-10-03 22:20:00,93.92,93.93,93.91,93.9109,24075,2023-10-03
2023-10-03 22:25:00,93.91,93.915,93.845,93.885,211946,2023-10-03
2023-10-03 22:30:00,93.89,93.93,93.88,93.895,77438,2023-10-03
2023-10-03 22:35:00,93.895,93.94,93.895,93.91,37636,2023-10-03
2023-10-03 22:40:00,93.915,93.94,93.91,93.93,93483,2023-10-03
2023-10-03 22:45:00,93.93,93.93,93.89,93.9,49472,2023-10-03
2023-10-03 22:50:00,93.89,93.92,93.87,93.875,121869,2023-10-03
2023-10-03 22:55:00,93.87,93.91,93.86,93.9,295965,2023-10-03
2023-10-03 23:00:00,93.89,93.89,93.89,93.89,5633,2023-10-03
2023-10-04 00:00:00,93.89,93.89,93.89,93.89,500,2023-10-03
2023-10-04 01:40:00,93.88,93.88,93.88,93.88,192,2023-10-03
2023-10-04 11:05:00,93.7,93.7,93.7,93.7,325,2023-10-04
2023-10-04 11:20:00,94.22,94.3,94.22,94.3,1322,2023-10-04
2023-10-04 14:00:00,93.93,93.98,93.93,93.93,1151,2023-10-04
2023-10-04 14:20:00,93.92,93.92,93.92,93.92,200,2023-10-04
2023-10-04 15:05:00,93.98,93.98,93.98,93.98,2000,2023-10-04
2023-10-04 16:25:00,93.91,93.91,93.89,93.91,600,2023-10-04
2023-10-04 16:30:00,93.87,93.95,93.83,93.905,71877,2023-10-04
2023-10-04 16:35:00,93.905,93.94,93.85,93.94,115101,2023-10-04
2023-10-04 16:40:00,93.94,93.96,93.88,93.91,67809,2023-10-04
2023-10-04 16:45:00,93.92,93.92,93.885,93.9001,99147,2023-10-04
2023-10-04 16:50:00,93.905,93.91,93.87,93.895,63627,2023-10-04
2023-10-04 16:55:00,93.9,93.92,93.89,93.9,64879,2023-10-04
2023-10-04 17:00:00,93.9,93.93,93.86,93.87,49728,2023-10-04
2023-10-04 17:05:00,93.86,93.87,93.812,93.8301,34557,2023-10-04
2023-10-04 17:10:00,93.83,93.88,93.82,93.875,93319,2023-10-04
2023-10-04 17:15:00,93.87,93.905,93.855,93.905,141821,2023-10-04
2023-10-04 17:20:00,93.91,93.91,93.845,93.89,165298,2023-10-04
2023-10-04 17:25:00,93.882,93.905,93.882,93.9,31134,2023-10-04
2023-10-04 17:30:00,93.905,93.915,93.895,93.9,37431,2023-10-04
2023-10-04 17:35:00,93.895,93.93,93.895,93.91,43114,2023-10-04
2023-10-04 17:40:00,93.905,93.91,93.89,93.895,29324,2023-10-04
2023-10-04 17:45:00,93.895,93.905,93.845,93.855,38267,2023-10-04
2023-10-04 17:50:00,93.85,93.8779,93.85,93.87,27400,2023-10-04
2023-10-04 17:55:00,93.865,93.88,93.85,93.85,33947,2023-10-04
2023-10-04 18:00:00,93.85,93.885,93.845,93.865,23797,2023-10-04
2023-10-04 18:05:00,93.87,93.89,93.86,93.86,26141,2023-10-04
2023-10-04 18:10:00,93.87,93.9,93.865,93.87,27069,2023-10-04
2023-10-04 18:15:00,93.87,93.895,93.87,93.895,17898,2023-10-04
2023-10-04 18:20:00,93.9,93.91,93.885,93.89,34748,2023-10-04
2023-10-04 18:25:00,93.9,93.92,93.895,93.9,30679,2023-10-04
2023-10-04 18:30:00,93.895,93.905,93.89,93.8926,37711,2023-10-04
2023-10-04 18:35:00,93.895,93.9,93.88,93.9,24143,2023-10-04
2023-10-04 18:40:00,93.9,93.9,93.89,93.895,15821,2023-10-04
2023-10-04 18:45:00,93.89,93.94,93.87,93.93,299366,2023-10-04
2023-10-04 18:50:00,93.935,93.99,93.93,93.95,104947,2023-10-04
2023-10-04 18:55:00,93.955,93.99,93.94,93.98,203739,2023-10-04
2023-10-04 19:00:00,93.975,94.035,93.97,94,178462,2023-10-04
2023-10-04 19:05:00,93.9995,94.01,93.9723,93.98,60094,2023-10-04
2023-10-04 19:10:00,93.975,93.98,93.95,93.97,29345,2023-10-04
2023-10-04 19:15:00,93.96,93.97,93.96,93.96,9347,2023-10-04
2023-10-04 19:20:00,93.96,93.97,93.95,93.95,26697,2023-10-04
2023-10-04 19:25:00,93.95,93.955,93.92,93.93,39422,2023-10-04
2023-10-04 19:30:00,93.93,93.94,93.92,93.935,19224,2023-10-04
2023-10-04 19:35:00,93.93,93.94,93.9,93.9,35145,2023-10-04
2023-10-04 19:40:00,93.905,93.93,93.885,93.895,71237,2023-10-04
2023-10-04 19:45:00,93.89,93.92,93.88,93.92,55425,2023-10-04
2023-10-04 19:50:00,93.91,93.92,93.9,93.91,39569,2023-10-04
2023-10-04 19:55:00,93.915,93.92,93.91,93.92,16506,2023-10-04
2023-10-04 20:00:00,93.915,93.93,93.86,93.86,117839,2023-10-04
2023-10-04 20:05:00,93.87,93.89,93.86,93.885,16493,2023-10-04
2023-10-04 20:10:00,93.89,93.91,93.88,93.88,37508,2023-10-04
2023-10-04 20:15:00,93.875,93.915,93.87,93.915,42914,2023-10-04
2023-10-04 20:20:00,93.915,93.97,93.905,93.91,194968,2023-10-04
2023-10-04 20:25:00,93.91,93.91,93.885,93.885,48623,2023-10-04
2023-10-04 20:30:00,93.88,93.89,93.87,93.87,15793,2023-10-04
2023-10-04 20:35:00,93.875,93.91,93.873,93.885,42318,2023-10-04
2023-10-04 20:40:00,93.9,93.9,93.8747,93.875,19086,2023-10-04
2023-10-04 20:45:00,93.875,93.88,93.87,93.875,36348,2023-10-04
2023-10-04 20:50:00,93.88,93.88,93.82,93.82,48834,2023-10-04
2023-10-04 20:55:00,93.82,93.88,93.82,93.8731,55557,2023-10-04
2023-10-04 21:00:00,93.8726,93.89,93.83,93.835,37251,2023-10-04
2023-10-04 21:05:00,93.84,93.85,93.82,93.82,35355,2023-10-04
2023-10-04 21:10:00,93.82,93.84,93.81,93.825,57371,2023-10-04
2023-10-04 21:15:00,93.83,93.84,93.81,93.825,35889,2023-10-04
2023-10-04 21:20:00,93.83,93.86,93.78,93.785,53420,2023-10-04
2023-10-04 21:25:00,93.78,93.795,93.78,93.79,71896,2023-10-04
2023-10-04 21:30:00,93.79,93.805,93.765,93.765,106462,2023-10-04
2023-10-04 21:35:00,93.765,93.77,93.72,93.75,209520,2023-10-04
2023-10-04 21:40:00,93.75,93.82,93.74,93.785,109215,2023-10-04
2023-10-04 21:45:00,93.78,93.8,93.78,93.785,19565,2023-10-04
2023-10-04 21:50:00,93.78,93.805,93.77,93.785,47705,2023-10-04
2023-10-04 21:55:00,93.785,93.8,93.78,93.8,67223,2023-10-04
2023-10-04 22:00:00,93.8,93.85,93.79,93.795,36086,2023-10-04
2023-10-04 22:05:00,93.8,93.815,93.78,93.81,58051,2023-10-04
2023-10-04 22:10:00,93.795,93.8,93.75,93.77,58721,2023-10-04
2023-10-04 22:15:00,93.775,93.79,93.745,93.755,159805,2023-10-04
2023-10-04 22:20:00,93.75,93.755,93.69,93.7,145848,2023-10-04
2023-10-04 22:25:00,93.695,93.705,93.63,93.685,240534,2023-10-04
2023-10-04 22:30:00,93.685,93.74,93.675,93.735,242618,2023-10-04
2023-10-04 22:35:00,93.735,93.76,93.695,93.74,153810,2023-10-04
2023-10-04 22:40:00,93.745,93.86,93.73,93.86,239004,2023-10-04
2023-10-04 22:45:00,93.86,93.97,93.85,93.95,141762,2023-10-04
2023-10-04 22:50:00,93.94,93.94,93.82,93.85,251739,2023-10-04
2023-10-04 22:55:00,93.85,93.86,93.74,93.79,398712,2023-10-04
2023-10-04 23:00:00,93.95,93.95,93.75,93.75,10586,2023-10-04
2023-10-04 23:10:00,93.77,93.8,93.77,93.78,3755,2023-10-04
2023-10-04 23:15:00,93.8,93.8,93.8,93.8,171,2023-10-04
2023-10-04 23:20:00,93.75,93.75,93.75,93.75,1853,2023-10-04
2023-10-04 23:25:00,93.8,93.82,93.75,93.78,2957,2023-10-04
2023-10-04 23:35:00,93.82,93.82,93.81,93.81,400,2023-10-04
2023-10-04 23:40:00,93.82,93.85,93.82,93.82,1185,2023-10-04
2023-10-05 11:25:00,93.7,93.7,93.7,93.7,400,2023-10-05
2023-10-05 14:25:00,93.74,93.74,93.74,93.74,300,2023-10-05
2023-10-05 14:35:00,93.72,93.72,93.72,93.72,600,2023-10-05
2023-10-05 14:40:00,93.75,93.75,93.75,93.75,500,2023-10-05
2023-10-05 15:00:00,93.75,93.75,93.75,93.75,1554,2023-10-05
2023-10-05 15:35:00,93.75,93.75,93.75,93.75,150,2023-10-05
2023-10-05 16:30:00,93.85,93.89,93.75,93.755,166096,2023-10-05
2023-10-05 16:35:00,93.76,93.785,93.72,93.76,114416,2023-10-05
2023-10-05 16:40:00,93.75,93.835,93.745,93.81,58663,2023-10-05
2023-10-05 16:45:00,93.81,93.85,93.77,93.7724,49354,2023-10-05
2023-10-05 16:50:00,93.775,93.82,93.775,93.8,53046,2023-10-05
2023-10-05 16:55:00,93.8,93.81,93.78,93.78,67259,2023-10-05
2023-10-05 17:00:00,93.79,93.8,93.774,93.785,34108,2023-10-05
2023-10-05 17:05:00,93.785,93.8,93.76,93.795,79132,2023-10-05
2023-10-05 17:10:00,93.795,93.81,93.79,93.805,45694,2023-10-05
2023-10-05 17:15:00,93.805,93.805,93.76,93.8,43407,2023-10-05
2023-10-05 17:20:00,93.8,93.81,93.785,93.79,26099,2023-10-05
2023-10-05 17:25:00,93.79,93.8,93.785,93.8,18268,2023-10-05
2023-10-05 17:30:00,93.8,93.815,93.795,93.805,20542,2023-10-05
2023-10-05 17:35:00,93.805,93.8099,93.78,93.8,20157,2023-10-05
2023-10-05 17:40:00,93.79,93.8,93.78,93.795,21218,2023-10-05
2023-10-05 17:45:00,93.79,93.835,93.79,93.805,44096,2023-10-05
2023-10-05 17:50:00,93.8059,93.81,93.8,93.805,10349,2023-10-05
2023-10-05 17:55:00,93.805,93.87,93.8,93.845,58529,2023-10-05
2023-10-05 18:00:00,93.84,93.88,93.84,93.85,30811,2023-10-05
2023-10-05 18:05:00,93.85,93.86,93.84,93.845,15396,2023-10-05
2023-10-05 18:10:00,93.845,93.855,93.83,93.84,30827,2023-10-05
2023-10-05 18:15:00,93.84,93.855,93.83,93.83,20960,2023-10-05
2023-10-05 18:20:00,93.835,93.86,93.83,93.86,32243,2023-10-05
2023-10-05 18:25:00,93.8591,93.8591,93.845,93.855,12350,2023-10-05
2023-10-05 18:30:00,93.855,93.86,93.85,93.855,16013,2023-10-05
2023-10-05 18:35:00,93.85,93.9,93.85,93.8801,37169,2023-10-05
2023-10-05 18:40:00,93.8852,93.925,93.88,93.89,79964,2023-10-05
2023-10-05 18:45:00,93.89,93.9,93.87,93.87,15301,2023-10-05
2023-10-05 18:50:00,93.87,93.89,93.86,93.885,50326,2023-10-05
2023-10-05 18:55:00,93.89,93.89,93.87,93.88,28441,2023-10-05
2023-10-05 19:00:00,93.875,93.905,93.87,93.8819,25952,2023-10-05
2023-10-05 19:05:00,93.885,93.905,93.88,93.88,19099,2023-10-05
2023-10-05 19:10:00,93.88,93.9199,93.88,93.9,21786,2023-10-05
2023-10-05 19:15:00,93.9,93.905,93.89,93.9,16234,2023-10-05
2023-10-05 19:20:00,93.9,93.905,93.89,93.895,16966,2023-10-05
2023-10-05 19:25:00,93.9,93.91,93.895,93.905,15911,2023-10-05
2023-10-05 19:30:00,93.905,93.92,93.9,93.905,132336,2023-10-05
2023-10-05 19:35:00,93.9025,93.91,93.89,93.9,44043,2023-10-05
2023-10-05 19:40:00,93.905,93.91,93.89,93.9,15997,2023-10-05
2023-10-05 19:45:00,93.9031,93.91,93.9,93.9,14652,2023-10-05
2023-10-05 19:50:00,93.905,93.91,93.8929,93.91,32463,2023-10-05
2023-10-05 19:55:00,93.91,93.9125,93.895,93.9125,26190,2023-10-05
2023-10-05 20:00:00,93.91,93.91,93.88,93.885,80464,2023-10-05
2023-10-05 20:05:00,93.885,93.9,93.87,93.885,29144,2023-10-05
2023-10-05 20:10:00,93.88,93.92,93.88,93.9199,11827,2023-10-05
2023-10-05 20:15:00,93.915,93.935,93.91,93.915,24803,2023-10-05
2023-10-05 20:20:00,93.91,93.93,93.91,93.91,21885,2023-10-05
2023-10-05 20:25:00,93.91,93.925,93.9,93.9,57006,2023-10-05
2023-10-05 20:30:00,93.9,93.905,93.85,93.88,98887,2023-10-05
2023-10-05 20:35:00,93.89,93.9,93.86,93.88,32737,2023-10-05
2023-10-05 20:40:00,93.8789,93.895,93.8789,93.885,31282,2023-10-05
2023-10-05 20:45:00,93.885,93.9086,93.88,93.9,25474,2023-10-05
2023-10-05 20:50:00,93.905,93.905,93.86,93.865,36280,2023-10-05
2023-10-05 20:55:00,93.865,93.87,93.84,93.845,22923,2023-10-05
2023-10-05 21:00:00,93.845,93.87,93.82,93.82,38124,2023-10-05
2023-10-05 21:05:00,93.822,93.822,93.79,93.805,99280,2023-10-05
2023-10-05 21:10:00,93.8,93.81,93.79,93.79,16968,2023-10-05
2023-10-05 21:15:00,93.8,93.83,93.785,93.785,43801,2023-10-05
2023-10-05 21:20:00,93.78,93.8,93.78,93.785,22377,2023-10-05
2023-10-05 21:25:00,93.78,93.79,93.775,93.78,40128,2023-10-05
2023-10-05 21:30:00,93.78,93.79,93.745,93.775,71601,2023-10-05
2023-10-05 21:35:00,93.77,93.78,93.75,93.7644,26594,2023-10-05
2023-10-05 21:40:00,93.765,93.77,93.75,93.77,20801,2023-10-05
2023-10-05 21:45:00,93.765,93.77,93.75,93.755,21197,2023-10-05
2023-10-05 21:50:00,93.755,93.78,93.75,93.765,26752,2023-10-05
2023-10-05 21:55:00,93.755,93.77,93.75,93.77,20953,2023-10-05
2023-10-05 22:00:00,93.7699,93.8,93.7699,93.7999,31171,2023-10-05
2023-10-05 22:05:00,93.8,93.81,93.79,93.795,21309,2023-10-05
2023-10-05 22:10:00,93.8,93.805,93.775,93.8,49175,2023-10-05
2023-10-05 22:15:00,93.79,93.81,93.79,93.805,30998,2023-10-05
2023-10-05 22:20:00,93.805,93.81,93.78,93.79,38279,2023-10-05
2023-10-05 22:25:00,93.79,93.81,93.79,93.8,18485,2023-10-05
2023-10-05 22:30:00,93.805,93.805,93.77,93.775,28266,2023-10-05
2023-10-05 22:35:00,93.77,93.77,93.73,93.75,140425,2023-10-05
2023-10-05 22:40:00,93.75,93.77,93.705,93.71,111472,2023-10-05
2023-10-05 22:45:00,93.71,93.76,93.665,93.755,171199,2023-10-05
2023-10-05 22:50:00,93.755,93.76,93.65,93.7,253800,2023-10-05
2023-10-05 22:55:00,93.7,93.735,93.65,93.68,337619,2023-10-05
2023-10-05 23:00:00,93.6701,93.68,93.67,93.68,22133,2023-10-05
2023-10-05 23:05:00,93.7,93.7,93.7,93.7,531,2023-10-05
2023-10-06 00:05:00,93.7,93.7,93.7,93.7,1600,2023-10-05
2023-10-06 02:55:00,93.71,93.71,93.71,93.71,1370,2023-10-05
2023-10-06 11:40:00,93.75,93.75,93.75,93.75,466,2023-10-06
2023-10-06 13:00:00,93.99,94.32,93.99,94.26,4187,2023-10-06
2023-10-06 13:05:00,94.06,94.07,94.06,94.06,2000,2023-10-06
2023-10-06 13:15:00,94.18,94.22,94.15,94.22,894,2023-10-06
2023-10-06 13:30:00,94.21,94.21,94.2,94.2,2272,2023-10-06
2023-10-06 13:35:00,94.18,94.18,94.18,94.18,200,2023-10-06
2023-10-06 13:45:00,94.19,94.19,94.19,94.19,2000,2023-10-06
2023-10-06 13:55:00,94.17,94.17,94.17,94.17,200,2023-10-06
2023-10-06 14:00:00,94.08,94.08,94.06,94.06,4753,2023-10-06
2023-10-06 14:20:00,94.05,94.1,94.05,94.1,9308,2023-10-06
2023-10-06 14:25:00,94.09,94.1,94.05,94.06,7271,2023-10-06
2023-10-06 14:30:00,94.05,94.05,94.05,94.05,8068,2023-10-06
2023-10-06 14:35:00,94,94,94,94,699,2023-10-06
2023-10-06 14:45:00,94.05,94.1,94.05,94.1,1718,2023-10-06
2023-10-06 15:00:00,94.07,94.1,93.71,94.1,14838,2023-10-06
2023-10-06 15:15:00,94.05,94.1,94.05,94.1,5750,2023-10-06
2023-10-06 15:20:00,94.1,94.1,94.1,94.1,127,2023-10-06
2023-10-06 15:25:00,94.0998,94.0998,94.08,94.08,5150,2023-10-06
2023-10-06 15:30:00,94.07,94.1,94.06,94.06,8968,2023-10-06
2023-10-06 15:35:00,94.05,94.05,94.05,94.05,1020,2023-10-06
2023-10-06 15:40:00,94.04,94.04,94.04,94.04,3513,2023-10-06
2023-10-06 15:45:00,94.05,94.05,94.04,94.05,4281,2023-10-06
2023-10-06 15:50:00,94.05,94.05,94.04,94.04,5019,2023-10-06
2023-10-06 15:55:00,94.04,94.04,94.03,94.04,5942,2023-10-06
2023-10-06 16:00:00,94.05,94.05,94.05,94.05,1676,2023-10-06
2023-10-06 16:20:00,94.05,94.06,94.01,94.03,10334,2023-10-06
2023-10-06 16:25:00,94.02,94.04,93.96,94.04,15538,2023-10-06
2023-10-06 16:30:00,94,94.04,93.955,93.99,287118,2023-10-06
2023-10-06 16:35:00,93.98,93.9901,93.965,93.965,29388,2023-10-06
2023-10-06 16:40:00,93.96,93.98,93.94,93.96,163885,2023-10-06
2023-10-06 16:45:00,93.965,94.01,93.961,94.005,177048,2023-10-06
2023-10-06 16:50:00,94.01,94.02,93.99,94.02,108531,2023-10-06
2023-10-06 16:55:00,94.015,94.075,94.015,94.025,138715,2023-10-06
2023-10-06 17:00:00,94.02,94.055,94.01,94.01,47566,2023-10-06
2023-10-06 17:05:00,94.01,94.025,93.99,94,123826,2023-10-06
2023-10-06 17:10:00,94.005,94.02,94,94,76939,2023-10-06
2023-10-06 17:15:00,94.0001,94.005,93.96,93.97,119914,2023-10-06
2023-10-06 17:20:00,93.98,93.99,93.97,93.99,49627,2023-10-06
2023-10-06 17:25:00,93.985,94,93.98,94,55209,2023-10-06
2023-10-06 17:30:00,94,94.01,93.992,94.005,83970,2023-10-06
2023-10-06 17:35:00,94.005,94.01,93.99,94.005,88210,2023-10-06
2023-10-06 17:40:00,94.005,94.01,93.99,93.995,46907,2023-10-06
2023-10-06 17:45:00,93.995,94.01,93.99,94.005,37558,2023-10-06
2023-10-06 17:50:00,94,94.0072,93.99,94.005,49409,2023-10-06
2023-10-06 17:55:00,94.005,94.01,93.99,94.008,212477,2023-10-06
2023-10-06 18:00:00,94.005,94.01,94,94.005,26207,2023-10-06
2023-10-06 18:05:00,94.01,94.01,93.995,93.995,91500,2023-10-06
2023-10-06 18:10:00,94,94.0079,93.99,94.005,56006,2023-10-06
2023-10-06 18:15:00,94.005,94.01,94,94.005,67921,2023-10-06
2023-10-06 18:20:00,94,94.01,94,94.005,42192,2023-10-06
2023-10-06 18:25:00,94.005,94.04,94,94.04,41031,2023-10-06
2023-10-06 18:30:00,94.04,94.06,94.03,94.06,57682,2023-10-06
2023-10-06 18:35:00,94.05,94.06,94.045,94.05,25195,2023-10-06
2023-10-06 18:40:00,94.05,94.1,94.05,94.075,137331,2023-10-06
2023-10-06 18:45:00,94.07,94.09,94.06,94.09,39983,2023-10-06
2023-10-06 18:50:00,94.09,94.11,94.06,94.09,157750,2023-10-06
2023-10-06 18:55:00,94.0912,94.18,94.09,94.14,257723,2023-10-06
2023-10-06 19:00:00,94.145,94.15,94.115,94.145,83633,2023-10-06
2023-10-06 19:05:00,94.15,94.15,94.13,94.14,43657,2023-10-06
2023-10-06 19:10:00,94.14,94.14,94.12,94.13,21192,2023-10-06
2023-10-06 19:15:00,94.13,94.14,94.12,94.13,69436,2023-10-06
2023-10-06 19:20:00,94.13,94.13,94.11,94.13,46112,2023-10-06
2023-10-06 19:25:00,94.125,94.14,94.12,94.13,44839,2023-10-06
2023-10-06 19:30:00,94.135,94.14,94.105,94.105,40308,2023-10-06
2023-10-06 19:35:00,94.105,94.12,94.085,94.0877,70607,2023-10-06
2023-10-06 19:40:00,94.085,94.12,94.085,94.12,48253,2023-10-06
2023-10-06 19:45:00,94.12,94.14,94.11,94.12,60414,2023-10-06
2023-10-06 19:50:00,94.115,94.12,94.1,94.11,27499,2023-10-06
2023-10-06 19:55:00,94.112,94.12,94.11,94.11,10930,2023-10-06
2023-10-06 20:00:00,94.115,94.14,94.115,94.125,64364,2023-10-06
2023-10-06 20:05:00,94.12,94.13,94.12,94.125,14202,2023-10-06
2023-10-06 20:10:00,94.13,94.145,94.125,94.135,52237,2023-10-06
2023-10-06 20:15:00,94.14,94.14,94.13,94.135,19479,2023-10-06
2023-10-06 20:20:00,94.135,94.145,94.125,94.135,105255,2023-10-06
2023-10-06 20:25:00,94.14,94.16,94.13,94.16,57285,2023-10-06
2023-10-06 20:30:00,94.15,94.1764,94.15,94.16,58709,2023-10-06
2023-10-06 20:35:00,94.16,94.19,94.15,94.165,128525,2023-10-06
2023-10-06 20:40:00,94.165,94.17,94.15,94.155,83421,2023-10-06
2023-10-06 20:45:00,94.155,94.17,94.15,94.16,40650,2023-10-06
2023-10-06 20:50:00,94.165,94.17,94.16,94.165,11091,2023-10-06
2023-10-06 20:55:00,94.165,94.17,94.16,94.17,18677,2023-10-06
2023-10-06 21:00:00,94.165,94.17,94.15,94.16,63640,2023-10-06
2023-10-06 21:05:00,94.16,94.175,94.15,94.175,45112,2023-10-06
2023-10-06 21:10:00,94.175,94.2,94.175,94.185,57393,2023-10-06
2023-10-06 21:15:00,94.1829,94.19,94.18,94.1867,18208,2023-10-06
2023-10-06 21:20:00,94.1825,94.23,94.18,94.23,117724,2023-10-06
2023-10-06 21:25:00,94.23,94.23,94.19,94.195,45388,2023-10-06
2023-10-06 21:30:00,94.2,94.22,94.155,94.195,264438,2023-10-06
2023-10-06 21:35:00,94.2,94.2,94.19,94.2,45096,2023-10-06
2023-10-06 21:40:00,94.2,94.21,94.18,94.21,45401,2023-10-06
2023-10-06 21:45:00,94.21,94.22,94.205,94.21,66764,2023-10-06
2023-10-06 21:50:00,94.2119,94.23,94.2,94.23,134527,2023-10-06
2023-10-06 21:55:00,94.23,94.23,94.21,94.23,49467,2023-10-06
2023-10-06 22:00:00,94.23,94.23,94.22,94.225,84574,2023-10-06
2023-10-06 22:05:00,94.22,94.23,94.22,94.225,39840,2023-10-06
2023-10-06 22:10:00,94.22,94.23,94.21,94.225,116236,2023-10-06
2023-10-06 22:15:00,94.23,94.23,94.2,94.22,78684,2023-10-06
2023-10-06 22:20:00,94.22,94.24,94.215,94.23,185396,2023-10-06
2023-10-06 22:25:00,94.24,94.24,94.23,94.24,101045,2023-10-06
2023-10-06 22:30:00,94.235,94.24,94.23,94.24,90104,2023-10-06
2023-10-06 22:35:00,94.24,94.245,94.22,94.235,175859,2023-10-06
2023-10-06 22:40:00,94.24,94.25,94.23,94.25,222817,2023-10-06
2023-10-06 22:45:00,94.248,94.25,94.22,94.2435,105356,2023-10-06
2023-10-06 22:50:00,94.24,94.25,94.22,94.25,222697,2023-10-06
2023-10-06 22:55:00,94.25,94.26,94.05,94.24,684273,2023-10-06
2023-10-06 23:00:00,94.24,94.33,94.24,94.31,12414,2023-10-06
2023-10-06 23:05:00,94.28,94.28,94.24,94.24,727,2023-10-06
2023-10-06 23:10:00,94.28,94.28,94.28,94.28,200,2023-10-06
2023-10-06 23:15:00,94.28,94.28,94.28,94.28,1100,2023-10-06
2023-10-06 23:20:00,94.24,94.24,94.24,94.24,1622,2023-10-06
2023-10-06 23:25:00,94.28,94.28,94.28,94.28,800,2023-10-06
2023-10-06 23:30:00,94.27,94.27,94.27,94.27,435,2023-10-06
2023-10-06 23:40:00,94.27,94.2702,94.27,94.2702,500,2023-10-06
2023-10-06 23:45:00,94.3,94.32,94.27,94.27,1774,2023-10-06
2023-10-06 23:50:00,94.31,94.31,94.31,94.31,410,2023-10-06
2023-10-07 02:00:00,94.22,94.22,94.21,94.21,400,2023-10-06
2023-10-07 02:05:00,94.21,94.21,94.21,94.21,151,2023-10-06
2023-10-09 11:00:00,94.08,94.08,94.08,94.08,273,2023-10-09
2023-10-09 11:10:00,94.02,94.02,94,94,1240,2023-10-09
2023-10-09 11:20:00,94.06,94.06,94.06,94.06,278,2023-10-09
2023-10-09 14:15:00,94.24,94.24,94.24,94.24,250,2023-10-09
2023-10-09 14:20:00,94.24,94.24,94.24,94.24,150,2023-10-09
2023-10-09 14:25:00,94.25,94.25,94.24,94.24,414,2023-10-09
2023-10-09 14:50:00,94.3,94.3,94.3,94.3,1480,2023-10-09
2023-10-09 15:00:00,94.16,94.25,94.16,94.25,567,2023-10-09
2023-10-09 15:05:00,94.3,94.3,94.3,94.3,2600,2023-10-09
2023-10-09 15:25:00,94.2501,94.2501,94.2501,94.2501,251,2023-10-09
2023-10-09 15:40:00,94.25,94.25,94.25,94.25,150,2023-10-09
2023-10-09 15:50:00,94.25,94.25,94.25,94.25,247,2023-10-09
2023-10-09 16:05:00,94.25,94.25,94.25,94.25,130,2023-10-09
2023-10-09 16:15:00,94.25,94.25,94.25,94.25,5203,2023-10-09
2023-10-09 16:20:00,94.25,94.25,94.24,94.24,400,2023-10-09
2023-10-09 16:25:00,94.17,94.17,94.17,94.17,432,2023-10-09
2023-10-09 16:30:00,94.17,94.33,94.17,94.29,230203,2023-10-09
2023-10-09 16:35:00,94.27,94.35,94.2604,94.2901,73666,2023-10-09
2023-10-09 16:40:00,94.295,94.32,94.285,94.32,72309,2023-10-09
2023-10-09 16:45:00,94.315,94.38,94.3,94.33,83646,2023-10-09
2023-10-09 16:50:00,94.34,94.34,94.325,94.335,25090,2023-10-09
2023-10-09 16:55:00,94.3301,94.34,94.3,94.31,28126,2023-10-09
2023-10-09 17:00:00,94.31,94.32,94.28,94.285,70552,2023-10-09
2023-10-09 17:05:00,94.28,94.32,94.28,94.295,48443,2023-10-09
2023-10-09 17:10:00,94.29,94.31,94.29,94.295,31028,2023-10-09
2023-10-09 17:15:00,94.29,94.31,94.28,94.3,59300,2023-10-09
2023-10-09 17:20:00,94.3,94.31,94.29,94.31,37215,2023-10-09
2023-10-09 17:25:00,94.3,94.31,94.29,94.31,31566,2023-10-09
2023-10-09 17:30:00,94.31,94.31,94.29,94.3,26124,2023-10-09
2023-10-09 17:35:00,94.305,94.32,94.3,94.31,43017,2023-10-09
2023-10-09 17:40:00,94.309,94.33,94.309,94.3291,37012,2023-10-09
2023-10-09 17:45:00,94.33,94.33,94.29,94.295,143024,2023-10-09
2023-10-09 17:50:00,94.29,94.315,94.27,94.315,44254,2023-10-09
2023-10-09 17:55:00,94.315,94.32,94.3,94.305,13716,2023-10-09
2023-10-09 18:00:00,94.3,94.32,94.295,94.31,36261,2023-10-09
2023-10-09 18:05:00,94.305,94.315,94.29,94.31,68480,2023-10-09
2023-10-09 18:10:00,94.315,94.32,94.3,94.31,25964,2023-10-09
2023-10-09 18:15:00,94.32,94.32,94.31,94.315,9791,2023-10-09
2023-10-09 18:20:00,94.32,94.335,94.31,94.33,42864,2023-10-09
2023-10-09 18:25:00,94.33,94.37,94.33,94.36,41603,2023-10-09
2023-10-09 18:30:00,94.36,94.39,94.36,94.39,37382,2023-10-09
2023-10-09 18:35:00,94.39,94.39,94.37,94.385,23369,2023-10-09
2023-10-09 18:40:00,94.3819,94.39,94.38,94.38,8708,2023-10-09
2023-10-09 18:45:00,94.38,94.44,94.37,94.43,80977,2023-10-09
2023-10-09 18:50:00,94.43,94.44,94.38,94.38,44440,2023-10-09
2023-10-09 18:55:00,94.39,94.41,94.39,94.4,81567,2023-10-09
2023-10-09 19:00:00,94.4,94.4,94.35,94.355,28882,2023-10-09
2023-10-09 19:05:00,94.355,94.3968,94.35,94.395,22946,2023-10-09
2023-10-09 19:10:00,94.4,94.4086,94.3838,94.405,47829,2023-10-09
2023-10-09 19:15:00,94.4014,94.41,94.39,94.4,24540,2023-10-09
2023-10-09 19:20:00,94.39,94.4,94.39,94.39,19876,2023-10-09
2023-10-09 19:25:00,94.4,94.4,94.365,94.3999,33421,2023-10-09
2023-10-09 19:30:00,94.4,94.405,94.3828,94.3828,25401,2023-10-09
2023-10-09 19:35:00,94.39,94.395,94.38,94.39,22330,2023-10-09
2023-10-09 19:40:00,94.39,94.395,94.385,94.395,13577,2023-10-09
2023-10-09 19:45:00,94.395,94.445,94.39,94.43,53194,2023-10-09
2023-10-09 19:50:00,94.43,94.44,94.425,94.435,45767,2023-10-09
2023-10-09 19:55:00,94.4391,94.4425,94.43,94.435,140763,2023-10-09
2023-10-09 20:00:00,94.435,94.435,94.39,94.395,75404,2023-10-09
2023-10-09 20:05:00,94.395,94.42,94.395,94.42,83367,2023-10-09
2023-10-09 20:10:00,94.415,94.415,94.4,94.4,28830,2023-10-09
2023-10-09 20:15:00,94.41,94.41,94.4,94.4,12822,2023-10-09
2023-10-09 20:20:00,94.405,94.408,94.39,94.4,35281,2023-10-09
2023-10-09 20:25:00,94.395,94.405,94.395,94.395,37069,2023-10-09
2023-10-09 20:30:00,94.395,94.41,94.39,94.41,83195,2023-10-09
2023-10-09 20:35:00,94.4,94.405,94.39,94.4,59993,2023-10-09
2023-10-09 20:40:00,94.4,94.4,94.39,94.4,38128,2023-10-09
2023-10-09 20:45:00,94.4,94.42,94.395,94.412,79933,2023-10-09
2023-10-09 20:50:00,94.42,94.42,94.385,94.385,46465,2023-10-09
2023-10-09 20:55:00,94.385,94.4,94.385,94.395,45380,2023-10-09
2023-10-09 21:00:00,94.395,94.4,94.39,94.4,18452,2023-10-09
2023-10-09 21:05:00,94.4,94.4,94.38,94.395,83687,2023-10-09
2023-10-09 21:10:00,94.4,94.4,94.385,94.385,30762,2023-10-09
2023-10-09 21:15:00,94.385,94.39,94.38,94.38,12855,2023-10-09
2023-10-09 21:20:00,94.383,94.39,94.37,94.375,40321,2023-10-09
2023-10-09 21:25:00,94.3771,94.38,94.37,94.375,18231,2023-10-09
2023-10-09 21:30:00,94.37,94.37,94.345,94.345,66644,2023-10-09
2023-10-09 21:35:00,94.345,94.375,94.33,94.365,56826,2023-10-09
2023-10-09 21:40:00,94.37,94.38,94.365,94.375,31241,2023-10-09
2023-10-09 21:45:00,94.375,94.38,94.37,94.375,36716,2023-10-09
2023-10-09 21:50:00,94.375,94.38,94.37,94.375,36188,2023-10-09
2023-10-09 21:55:00,94.38,94.39,94.37,94.37,81696,2023-10-09
2023-10-09 22:00:00,94.38,94.39,94.365,94.39,45593,2023-10-09
2023-10-09 22:05:00,94.385,94.4,94.38,94.38,69887,2023-10-09
2023-10-09 22:10:00,94.38,94.385,94.37,94.375,21465,2023-10-09
2023-10-09 22:15:00,94.375,94.39,94.365,94.39,64151,2023-10-09
2023-10-09 22:20:00,94.39,94.4,94.375,94.39,45374,2023-10-09
2023-10-09 22:25:00,94.39,94.39,94.38,94.39,37899,2023-10-09
2023-10-09 22:30:00,94.385,94.4,94.38,94.385,226943,2023-10-09
2023-10-09 22:35:00,94.385,94.385,94.34,94.36,68794,2023-10-09
2023-10-09 22:40:00,94.36,94.365,94.33,94.335,67503,2023-10-09
2023-10-09 22:45:00,94.33,94.34,94.32,94.325,56999,2023-10-09
2023-10-09 22:50:00,94.325,94.36,94.325,94.345,210872,2023-10-09
2023-10-09 22:55:00,94.34,94.37,94.34,94.36,168428,2023-10-09
2023-10-09 23:00:00,94.34,94.38,94.3,94.3,15112,2023-10-09
2023-10-09 23:05:00,94.3,94.3,94.3,94.3,521,2023-10-09
2023-10-09 23:10:00,94.32,94.32,94.32,94.32,200,2023-10-09
2023-10-09 23:25:00,94.34,94.34,94.32,94.32,1253,2023-10-09
2023-10-09 23:45:00,94.34,94.34,94.34,94.34,100,2023-10-09
2023-10-09 23:50:00,94.34,94.34,94.34,94.34,250,2023-10-09
2023-10-10 00:15:00,94.35,94.35,94.35,94.35,600,2023-10-09
2023-10-10 00:55:00,94.33,94.33,94.33,94.33,150,2023-10-09
2023-10-10 01:05:00,94.33,94.33,94.33,94.33,1050,2023-10-09
2023-10-10 01:20:00,94.33,94.33,94.33,94.33,100,2023-10-09
2023-10-10 14:00:00,94.33,94.33,94.33,94.33,1042,2023-10-10
2023-10-10 15:00:00,94.34,94.34,94.34,94.34,1538,2023-10-10
2023-10-10 15:15:00,94.33,94.33,94.33,94.33,1051,2023-10-10
2023-10-10 16:10:00,94.34,94.36,94.33,94.33,2104,2023-10-10
2023-10-10 16:25:00,94.34,94.4,94.34,94.4,1961,2023-10-10
2023-10-10 16:30:00,94.38,94.49,94.32,94.32,303374,2023-10-10
2023-10-10 16:35:00,94.32,94.33,94.26,94.29,180777,2023-10-10
2023-10-10 16:40:00,94.3,94.3,94.25,94.285,94504,2023-10-10
2023-10-10 16:45:00,94.285,94.285,94.26,94.265,56166,2023-10-10
2023-10-10 16:50:00,94.265,94.27,94.24,94.245,71729,2023-10-10
2023-10-10 16:55:00,94.25,94.28,94.2473,94.28,54157,2023-10-10
2023-10-10 17:00:00,94.275,94.31,94.275,94.295,84505,2023-10-10
2023-10-10 17:05:00,94.295,94.295,94.24,94.25,130699,2023-10-10
2023-10-10 17:10:00,94.245,94.25,94.24,94.25,74447,2023-10-10
2023-10-10 17:15:00,94.245,94.25,94.235,94.235,52326,2023-10-10
2023-10-10 17:20:00,94.235,94.25,94.23,94.25,170268,2023-10-10
2023-10-10 17:25:00,94.25,94.26,94.22,94.225,72082,2023-10-10
2023-10-10 17:30:00,94.23,94.23,94.22,94.22,36552,2023-10-10
2023-10-10 17:35:00,94.23,94.25,94.2,94.215,134108,2023-10-10
2023-10-10 17:40:00,94.215,94.25,94.18,94.2177,151543,2023-10-10
2023-10-10 17:45:00,94.22,94.25,94.21,94.24,60908,2023-10-10
2023-10-10 17:50:00,94.24,94.255,94.24,94.255,84748,2023-10-10
2023-10-10 17:55:00,94.255,94.26,94.25,94.26,34746,2023-10-10
2023-10-10 18:00:00,94.255,94.26,94.25,94.255,24357,2023-10-10
2023-10-10 18:05:00,94.255,94.27,94.25,94.255,62986,2023-10-10
2023-10-10 18:10:00,94.255,94.26,94.25,94.25,54372,2023-10-10
2023-10-10 18:15:00,94.25,94.26,94.25,94.25,50951,2023-10-10
2023-10-10 18:20:00,94.2517,94.26,94.24,94.245,75855,2023-10-10
2023-10-10 18:25:00,94.245,94.25,94.23,94.245,32374,2023-10-10
2023-10-10 18:30:00,94.245,94.25,94.24,94.25,6469,2023-10-10
2023-10-10 18:35:00,94.245,94.25,94.24,94.25,22705,2023-10-10
2023-10-10 18:40:00,94.25,94.25,94.24,94.245,17081,2023-10-10
2023-10-10 18:45:00,94.24,94.26,94.24,94.24,86226,2023-10-10
2023-10-10 18:50:00,94.245,94.26,94.24,94.255,72883,2023-10-10
2023-10-10 18:55:00,94.25,94.2515,94.24,94.245,40066,2023-10-10
2023-10-10 19:00:00,94.2485,94.255,94.24,94.255,29445,2023-10-10
2023-10-10 19:05:00,94.255,94.255,94.24,94.245,23919,2023-10-10
2023-10-10 19:10:00,94.24,94.25,94.24,94.245,36263,2023-10-10
2023-10-10 19:15:00,94.25,94.25,94.24,94.2467,20057,2023-10-10
2023-10-10 19:20:00,94.25,94.25,94.24,94.245,44684,2023-10-10
2023-10-10 19:25:00,94.245,94.26,94.24,94.26,52193,2023-10-10
2023-10-10 19:30:00,94.255,94.26,94.25,94.2526,27382,2023-10-10
2023-10-10 19:35:00,94.255,94.26,94.2428,94.245,35664,2023-10-10
2023-10-10 19:40:00,94.2492,94.27,94.245,94.26,61263,2023-10-10
2023-10-10 19:45:00,94.255,94.26,94.25,94.255,44876,2023-10-10
2023-10-10 19:50:00,94.255,94.26,94.245,94.255,40186,2023-10-10
2023-10-10 19:55:00,94.2515,94.26,94.245,94.255,60063,2023-10-10
2023-10-10 20:00:00,94.255,94.26,94.23,94.25,56095,2023-10-10
2023-10-10 20:05:00,94.25,94.25,94.24,94.24,47351,2023-10-10
2023-10-10 20:10:00,94.2477,94.25,94.2425,94.245,7553,2023-10-10
2023-10-10 20:15:00,94.24,94.265,94.24,94.255,64984,2023-10-10
2023-10-10 20:20:00,94.255,94.26,94.24,94.245,23603,2023-10-10
2023-10-10 20:25:00,94.245,94.26,94.2411,94.255,31693,2023-10-10
2023-10-10 20:30:00,94.255,94.26,94.25,94.255,38728,2023-10-10
2023-10-10 20:35:00,94.255,94.26,94.25,94.255,22745,2023-10-10
2023-10-10 20:40:00,94.2525,94.27,94.25,94.26,39046,2023-10-10
2023-10-10 20:45:00,94.265,94.29,94.255,94.285,49695,2023-10-10
2023-10-10 20:50:00,94.285,94.3,94.27,94.29,48922,2023-10-10
2023-10-10 20:55:00,94.2888,94.31,94.2827,94.305,30869,2023-10-10
2023-10-10 21:00:00,94.305,94.31,94.293,94.3,36421,2023-10-10
2023-10-10 21:05:00,94.3,94.3,94.285,94.285,22736,2023-10-10
2023-10-10 21:10:00,94.285,94.295,94.27,94.275,47132,2023-10-10
2023-10-10 21:15:00,94.275,94.29,94.27,94.29,27920,2023-10-10
2023-10-10 21:20:00,94.29,94.3,94.29,94.3,18961,2023-10-10
2023-10-10 21:25:00,94.295,94.3,94.2805,94.29,56025,2023-10-10
2023-10-10 21:30:00,94.29,94.29,94.2827,94.29,8656,2023-10-10
2023-10-10 21:35:00,94.29,94.29,94.28,94.285,33560,2023-10-10
2023-10-10 21:40:00,94.2834,94.295,94.28,94.29,31683,2023-10-10
2023-10-10 21:45:00,94.285,94.29,94.275,94.28,36491,2023-10-10
2023-10-10 21:50:00,94.28,94.28,94.27,94.275,16366,2023-10-10
2023-10-10 21:55:00,94.275,94.28,94.26,94.265,34858,2023-10-10
2023-10-10 22:00:00,94.265,94.28,94.25,94.275,41911,2023-10-10
2023-10-10 22:05:00,94.275,94.29,94.27,94.285,22190,2023-10-10
2023-10-10 22:10:00,94.285,94.29,94.27,94.28,24358,2023-10-10
2023-10-10 22:15:00,94.28,94.28,94.245,94.255,67266,2023-10-10
2023-10-10 22:20:00,94.255,94.27,94.24,94.265,55180,2023-10-10
2023-10-10 22:25:00,94.265,94.28,94.26,94.27,51268,2023-10-10
2023-10-10 22:30:00,94.275,94.295,94.27,94.285,41588,2023-10-10
2023-10-10 22:35:00,94.285,94.3,94.28,94.295,26328,2023-10-10
2023-10-10 22:40:00,94.295,94.31,94.29,94.305,48867,2023-10-10
2023-10-10 22:45:00,94.305,94.32,94.29,94.32,105515,2023-10-10
2023-10-10 22:50:00,94.32,94.35,94.31,94.35,200443,2023-10-10
2023-10-10 22:55:00,94.345,94.38,94.34,94.34,399984,2023-10-10
2023-10-10 23:00:00,94.34,94.35,94.34,94.35,5400,2023-10-10
2023-10-10 23:05:00,94.33,94.34,94.33,94.33,532,2023-10-10
2023-10-11 00:55:00,94.34,94.34,94.34,94.34,200,2023-10-10
2023-10-11 01:20:00,94.35,94.35,94.35,94.35,190,2023-10-10
2023-10-11 12:10:00,94.29,94.29,94.2,94.2,1626,2023-10-11
2023-10-11 14:00:00,94.3,94.3,94.26,94.26,819,2023-10-11
2023-10-11 14:10:00,94.3,94.3,94.3,94.3,520,2023-10-11
2023-10-11 14:55:00,94.3,94.3,94.3,94.3,3030,2023-10-11
2023-10-11 15:00:00,94.31,94.31,94.31,94.31,203,2023-10-11
2023-10-11 15:15:00,94.28,94.28,94.28,94.28,400,2023-10-11
2023-10-11 15:30:00,94.3,94.3,94.3,94.3,100,2023-10-11
2023-10-11 16:25:00,94.3,94.3,94.3,94.3,221,2023-10-11
2023-10-11 16:30:00,94.3,94.4,94.28,94.3639,185853,2023-10-11
2023-10-11 16:35:00,94.37,94.37,94.28,94.28,62934,2023-10-11
2023-10-11 16:40:00,94.2875,94.29,94.24,94.245,51311,2023-10-11
2023-10-11 16:45:00,94.25,94.27,94.24,94.25,89795,2023-10-11
2023-10-11 16:50:00,94.245,94.25,94.145,94.18,119108,2023-10-11
2023-10-11 16:55:00,94.185,94.21,94.135,94.15,92789,2023-10-11
2023-10-11 17:00:00,94.145,94.17,94.14,94.155,257499,2023-10-11
2023-10-11 17:05:00,94.155,94.19,94.155,94.17,83394,2023-10-11
2023-10-11 17:10:00,94.17,94.17,94.105,94.115,156147,2023-10-11
2023-10-11 17:15:00,94.12,94.15,94.1189,94.15,47057,2023-10-11
2023-10-11 17:20:00,94.15,94.155,94.14,94.15,88986,2023-10-11
2023-10-11 17:25:00,94.15,94.15,94.13,94.14,61494,2023-10-11
2023-10-11 17:30:00,94.14,94.195,94.1325,94.175,141888,2023-10-11
2023-10-11 17:35:00,94.175,94.24,94.171,94.2,161649,2023-10-11
2023-10-11 17:40:00,94.2,94.21,94.17,94.175,30095,2023-10-11
2023-10-11 17:45:00,94.17,94.18,94.135,94.14,97169,2023-10-11
2023-10-11 17:50:00,94.15,94.17,94.14,94.16,37189,2023-10-11
2023-10-11 17:55:00,94.17,94.18,94.15,94.165,30967,2023-10-11
2023-10-11 18:00:00,94.16,94.18,94.16,94.165,15396,2023-10-11
2023-10-11 18:05:00,94.17,94.18,94.165,94.18,26149,2023-10-11
2023-10-11 18:10:00,94.19,94.21,94.17,94.17,37797,2023-10-11
2023-10-11 18:15:00,94.17,94.17,94.15,94.16,38480,2023-10-11
2023-10-11 18:20:00,94.155,94.18,94.15,94.175,23241,2023-10-11
2023-10-11 18:25:00,94.18,94.54,94.18,94.41,2032135.0,2023-10-11
2023-10-11 18:30:00,94.4,94.455,94.38,94.45,809058,2023-10-11
2023-10-11 18:35:00,94.455,94.47,94.405,94.44,176936,2023-10-11
2023-10-11 18:40:00,94.43,94.47,94.425,94.46,119793,2023-10-11
2023-10-11 18:45:00,94.46,94.505,94.455,94.5,174513,2023-10-11
2023-10-11 18:50:00,94.4927,94.5399,94.47,94.48,337963,2023-10-11
2023-10-11 18:55:00,94.48,94.495,94.46,94.48,176111,2023-10-11
2023-10-11 19:00:00,94.4782,94.5142,94.475,94.505,214769,2023-10-11
2023-10-11 19:05:00,94.51,94.54,94.505,94.51,110692,2023-10-11
2023-10-11 19:10:00,94.51,94.57,94.505,94.515,131046,2023-10-11
2023-10-11 19:15:00,94.51,94.53,94.495,94.5029,357276,2023-10-11
2023-10-11 19:20:00,94.51,94.51,94.46,94.475,263304,2023-10-11
2023-10-11 19:25:00,94.48,94.545,94.475,94.52,394085,2023-10-11
2023-10-11 19:30:00,94.515,94.52,94.49,94.495,131870,2023-10-11
2023-10-11 19:35:00,94.5,94.51,94.49,94.495,110068,2023-10-11
2023-10-11 19:40:00,94.495,94.5075,94.49,94.5,139370,2023-10-11
2023-10-11 19:45:00,94.5,94.51,94.47,94.51,66785,2023-10-11
2023-10-11 19:50:00,94.52,94.53,94.51,94.52,61442,2023-10-11
2023-10-11 19:55:00,94.52,94.5214,94.51,94.51,44708,2023-10-11
2023-10-11 20:00:00,94.515,94.53,94.51,94.52,49884,2023-10-11
2023-10-11 20:05:00,94.515,94.53,94.511,94.53,18538,2023-10-11
2023-10-11 20:10:00,94.52,94.545,94.52,94.5201,36847,2023-10-11
2023-10-11 20:15:00,94.5201,94.55,94.52,94.525,53104,2023-10-11
2023-10-11 20:20:00,94.525,94.53,94.52,94.53,6961,2023-10-11
2023-10-11 20:25:00,94.52,94.54,94.52,94.54,38135,2023-10-11
2023-10-11 20:30:00,94.54,94.54,94.53,94.535,15715,2023-10-11
2023-10-11 20:35:00,94.53,94.535,94.49,94.5,151878,2023-10-11
2023-10-11 20:40:00,94.5,94.51,94.495,94.505,65112,2023-10-11
2023-10-11 20:45:00,94.505,94.505,94.495,94.505,31358,2023-10-11
2023-10-11 20:50:00,94.505,94.52,94.5,94.515,41168,2023-10-11
2023-10-11 20:55:00,94.51,94.52,94.51,94.51,22390,2023-10-11
2023-10-11 21:00:00,94.51,94.52,94.505,94.52,86433,2023-10-11
2023-10-11 21:05:00,94.52,94.52,94.49,94.49,224211,2023-10-11
2023-10-11 21:10:00,94.49,94.51,94.485,94.49,56010,2023-10-11
2023-10-11 21:15:00,94.5,94.515,94.49,94.5125,127482,2023-10-11
2023-10-11 21:20:00,94.51,94.525,94.51,94.515,38800,2023-10-11
2023-10-11 21:25:00,94.51,94.54,94.51,94.53,39866,2023-10-11
2023-10-11 21:30:00,94.53,94.535,94.505,94.525,37998,2023-10-11
2023-10-11 21:35:00,94.52,94.53,94.51,94.52,27293,2023-10-11
2023-10-11 21:40:00,94.525,94.525,94.515,94.525,21175,2023-10-11
2023-10-11 21:45:00,94.52,94.525,94.5,94.5,43308,2023-10-11
2023-10-11 21:50:00,94.5,94.5065,94.49,94.4966,102541,2023-10-11
2023-10-11 21:55:00,94.5,94.5,94.49,94.5,47542,2023-10-11
2023-10-11 22:00:00,94.5,94.53,94.4952,94.515,86323,2023-10-11
2023-10-11 22:05:00,94.515,94.52,94.5,94.5,118110,2023-10-11
2023-10-11 22:10:00,94.5,94.515,94.5,94.51,21344,2023-10-11
2023-10-11 22:15:00,94.51,94.515,94.493,94.5,115440,2023-10-11
2023-10-11 22:20:00,94.49,94.51,94.49,94.51,47641,2023-10-11
2023-10-11 22:25:00,94.51,94.52,94.5,94.505,34566,2023-10-11
2023-10-11 22:30:00,94.51,94.52,94.505,94.51,56328,2023-10-11
2023-10-11 22:35:00,94.505,94.53,94.4927,94.495,111796,2023-10-11
2023-10-11 22:40:00,94.495,94.51,94.47,94.48,172462,2023-10-11
2023-10-11 22:45:00,94.48,94.5,94.47,94.49,149197,2023-10-11
2023-10-11 22:50:00,94.49,94.5,94.48,94.48,219973,2023-10-11
2023-10-11 22:55:00,94.48,94.5,94.46,94.475,438209,2023-10-11
2023-10-11 23:00:00,94.47,94.48,94.45,94.45,17339,2023-10-11
2023-10-11 23:10:00,94.49,94.49,94.49,94.49,450,2023-10-11
2023-10-11 23:20:00,94.45,94.45,94.45,94.45,400,2023-10-11
2023-10-11 23:25:00,94.45,94.45,94.42,94.42,3580,2023-10-11
2023-10-11 23:30:00,94.42,94.42,94.42,94.42,2648,2023-10-11
2023-10-11 23:40:00,94.45,94.45,94.45,94.45,414,2023-10-11
2023-10-12 00:15:00,94.49,94.49,94.49,94.49,100,2023-10-11
2023-10-12 01:00:00,94.46,94.46,94.46,94.46,108,2023-10-11
2023-10-12 01:35:00,94.47,94.47,94.47,94.47,135,2023-10-11
2023-10-12 02:45:00,94.52,94.59,94.52,94.59,6116,2023-10-11
2023-10-12 02:50:00,94.47,94.47,94.47,94.47,500,2023-10-11
2023-10-12 11:50:00,94.47,94.47,94.47,94.47,1500,2023-10-12
2023-10-12 12:25:00,94.47,94.47,94.47,94.47,300,2023-10-12
2023-10-12 14:00:00,94.5,94.5,94.4,94.46,3125,2023-10-12
2023-10-12 14:35:00,94.47,94.49,94.47,94.49,1341,2023-10-12
2023-10-12 15:00:00,94.4988,94.4988,94.4988,94.4988,226,2023-10-12
2023-10-12 15:15:00,94.46,94.46,94.45,94.45,2410,2023-10-12
2023-10-12 15:30:00,94.48,94.48,94.48,94.48,425,2023-10-12
2023-10-12 15:35:00,94.45,94.45,94.45,94.45,2010,2023-10-12
2023-10-12 15:50:00,94.46,94.54,94.43,94.45,74201,2023-10-12
2023-10-12 15:55:00,94.48,94.57,94.46,94.51,67335,2023-10-12
2023-10-12 16:00:00,94.51,94.51,94.51,94.51,2534,2023-10-12
2023-10-12 16:10:00,94.5,94.5,94.5,94.5,254,2023-10-12
2023-10-12 16:25:00,94.48,94.5,94.48,94.5,672,2023-10-12
2023-10-12 16:30:00,94.48,94.54,94.47,94.515,236786,2023-10-12
2023-10-12 16:35:00,94.515,94.53,94.48,94.49,123249,2023-10-12
2023-10-12 16:40:00,94.49,94.5,94.455,94.465,183852,2023-10-12
2023-10-12 16:45:00,94.465,94.5,94.43,94.47,317962,2023-10-12
2023-10-12 16:50:00,94.48,94.5,94.47,94.475,132155,2023-10-12
2023-10-12 16:55:00,94.48,94.49,94.46,94.46,26476,2023-10-12
2023-10-12 17:00:00,94.4676,94.47,94.45,94.46,66313,2023-10-12
2023-10-12 17:05:00,94.45,94.46,94.45,94.45,48847,2023-10-12
2023-10-12 17:10:00,94.45,94.5,94.45,94.495,62772,2023-10-12
2023-10-12 17:15:00,94.495,94.515,94.47,94.47,181508,2023-10-12
2023-10-12 17:20:00,94.475,94.5,94.475,94.485,69544,2023-10-12
2023-10-12 17:25:00,94.48,94.49,94.47,94.475,44445,2023-10-12
2023-10-12 17:30:00,94.48,94.48,94.46,94.48,33031,2023-10-12
2023-10-12 17:35:00,94.48,94.49,94.46,94.46,99012,2023-10-12
2023-10-12 17:40:00,94.465,94.48,94.46,94.47,40863,2023-10-12
2023-10-12 17:45:00,94.47,94.48,94.46,94.46,41925,2023-10-12
2023-10-12 17:50:00,94.46,94.475,94.45,94.475,193570,2023-10-12
2023-10-12 17:55:00,94.475,94.48,94.45,94.45,94728,2023-10-12
2023-10-12 18:00:00,94.45,94.46,94.435,94.435,40208,2023-10-12
2023-10-12 18:05:00,94.4399,94.45,94.43,94.44,33259,2023-10-12
2023-10-12 18:10:00,94.445,94.45,94.44,94.445,21804,2023-10-12
2023-10-12 18:15:00,94.445,94.45,94.44,94.4475,39776,2023-10-12
2023-10-12 18:20:00,94.445,94.45,94.435,94.435,69745,2023-10-12
2023-10-12 18:25:00,94.44,94.44,94.425,94.43,74892,2023-10-12
2023-10-12 18:30:00,94.435,94.44,94.41,94.415,61302,2023-10-12
2023-10-12 18:35:00,94.4101,94.43,94.4,94.43,247517,2023-10-12
2023-10-12 18:40:00,94.43,94.44,94.425,94.435,26292,2023-10-12
2023-10-12 18:45:00,94.43,94.47,94.43,94.465,55116,2023-10-12
2023-10-12 18:50:00,94.465,94.49,94.46,94.48,92284,2023-10-12
2023-10-12 18:55:00,94.49,94.49,94.48,94.485,18057,2023-10-12
2023-10-12 19:00:00,94.49,94.49,94.43,94.45,140470,2023-10-12
2023-10-12 19:05:00,94.45,94.45,94.425,94.44,77627,2023-10-12
2023-10-12 19:10:00,94.44,94.445,94.43,94.44,83561,2023-10-12
2023-10-12 19:15:00,94.4354,94.4354,94.4,94.41,65045,2023-10-12
2023-10-12 19:20:00,94.405,94.42,94.4,94.415,47435,2023-10-12
2023-10-12 19:25:00,94.4181,94.42,94.395,94.405,61105,2023-10-12
2023-10-12 19:30:00,94.41,94.42,94.4,94.42,60275,2023-10-12
2023-10-12 19:35:00,94.42,94.44,94.41,94.44,21113,2023-10-12
2023-10-12 19:40:00,94.44,94.44,94.4,94.42,66538,2023-10-12
2023-10-12 19:45:00,94.42,94.42,94.39,94.4,46000,2023-10-12
2023-10-12 19:50:00,94.4,94.41,94.385,94.41,171067,2023-10-12
2023-10-12 19:55:00,94.405,94.41,94.38,94.3927,77753,2023-10-12
2023-10-12 20:00:00,94.395,94.41,94.39,94.4,251865,2023-10-12
2023-10-12 20:05:00,94.4,94.4075,94.37,94.4,101935,2023-10-12
2023-10-12 20:10:00,94.39,94.4,94.375,94.385,100203,2023-10-12
2023-10-12 20:15:00,94.385,94.4,94.35,94.4,81871,2023-10-12
2023-10-12 20:20:00,94.4,94.41,94.39,94.39,59726,2023-10-12
2023-10-12 20:25:00,94.395,94.41,94.39,94.395,80568,2023-10-12
2023-10-12 20:30:00,94.39,94.4,94.35,94.35,68399,2023-10-12
2023-10-12 20:35:00,94.355,94.37,94.33,94.34,82514,2023-10-12
2023-10-12 20:40:00,94.34,94.35,94.34,94.345,18715,2023-10-12
2023-10-12 20:45:00,94.34,94.39,94.34,94.39,63004,2023-10-12
2023-10-12 20:50:00,94.39,94.39,94.355,94.355,63963,2023-10-12
2023-10-12 20:55:00,94.36,94.37,94.355,94.355,31595,2023-10-12
2023-10-12 21:00:00,94.355,94.36,94.345,94.36,63263,2023-10-12
2023-10-12 21:05:00,94.35,94.355,94.335,94.34,81302,2023-10-12
2023-10-12 21:10:00,94.34,94.34,94.305,94.325,174552,2023-10-12
2023-10-12 21:15:00,94.3275,94.33,94.31,94.325,47424,2023-10-12
2023-10-12 21:20:00,94.3299,94.365,94.32,94.365,32367,2023-10-12
2023-10-12 21:25:00,94.37,94.39,94.355,94.37,61121,2023-10-12
2023-10-12 21:30:00,94.365,94.39,94.36,94.38,33497,2023-10-12
2023-10-12 21:35:00,94.38,94.4,94.38,94.38,41458,2023-10-12
2023-10-12 21:40:00,94.385,94.4058,94.375,94.395,60989,2023-10-12
2023-10-12 21:45:00,94.3943,94.4,94.385,94.395,19832,2023-10-12
2023-10-12 21:50:00,94.39,94.4,94.385,94.39,56972,2023-10-12
2023-10-12 21:55:00,94.39,94.4,94.39,94.395,17679,2023-10-12
2023-10-12 22:00:00,94.39,94.42,94.39,94.4,74388,2023-10-12
2023-10-12 22:05:00,94.39,94.41,94.39,94.4,38457,2023-10-12
2023-10-12 22:10:00,94.405,94.435,94.4,94.425,63167,2023-10-12
2023-10-12 22:15:00,94.425,94.43,94.4,94.425,61852,2023-10-12
2023-10-12 22:20:00,94.425,94.445,94.41,94.41,45680,2023-10-12
2023-10-12 22:25:00,94.415,94.42,94.38,94.385,37641,2023-10-12
2023-10-12 22:30:00,94.385,94.41,94.38,94.4,70702,2023-10-12
2023-10-12 22:35:00,94.4,94.43,94.395,94.42,82679,2023-10-12
2023-10-12 22:40:00,94.425,94.43,94.42,94.42,74361,2023-10-12
2023-10-12 22:45:00,94.425,94.455,94.4214,94.445,156695,2023-10-12
2023-10-12 22:50:00,94.44,94.45,94.43,94.44,186487,2023-10-12
2023-10-12 22:55:00,94.435,94.44,94.41,94.44,416842,2023-10-12
2023-10-12 23:00:00,94.46,94.46,94.38,94.42,12670,2023-10-12
2023-10-12 23:15:00,94.42,94.42,94.42,94.42,2384,2023-10-12
2023-10-12 23:20:00,94.42,94.42,94.42,94.42,4373,2023-10-12
2023-10-12 23:30:00,94.42,94.52,94.42,94.52,616,2023-10-12
2023-10-12 23:35:00,94.54,94.58,94.54,94.55,2882,2023-10-12
2023-10-12 23:40:00,94.59,94.59,94.57,94.59,869,2023-10-12
2023-10-12 23:50:00,94.55,94.55,94.55,94.55,655,2023-10-12
2023-10-12 23:55:00,94.55,94.55,94.55,94.55,877,2023-10-12
2023-10-13 00:05:00,94.56,94.56,94.56,94.56,1008,2023-10-12
2023-10-13 00:25:00,94.56,94.56,94.56,94.56,6105,2023-10-12
2023-10-13 01:10:00,94.55,94.55,94.55,94.55,100,2023-10-12
2023-10-13 01:20:00,94.55,94.55,94.55,94.55,117,2023-10-12
2023-10-13 01:30:00,94.55,94.55,94.55,94.55,500,2023-10-12
2023-10-13 01:35:00,94.55,94.55,94.55,94.55,1283,2023-10-12
2023-10-13 02:05:00,94.56,94.56,94.56,94.56,419,2023-10-12
2023-10-13 02:20:00,94.55,94.55,94.55,94.55,937,2023-10-12
2023-10-13 02:40:00,94.54,94.54,94.54,94.54,200,2023-10-12
2023-10-13 02:45:00,94.54,94.54,94.54,94.54,500,2023-10-12
