datetime,open,high,low,close,volume,date
2023-09-11 16:25:00,127.99,127.99,127.99,127.99,152,2023-09-11
2023-09-11 16:30:00,128.03,128.15,127.9,128.15,23120,2023-09-11
2023-09-11 16:35:00,128.16,128.39,128.16,128.25,29351,2023-09-11
2023-09-11 16:40:00,128.175,128.2,128.09,128.15,4913,2023-09-11
2023-09-11 16:45:00,128.2,128.2,128.01,128.0952,24065,2023-09-11
2023-09-11 16:50:00,127.96,128.105,127.885,128.0348,4449,2023-09-11
2023-09-11 16:55:00,128.0356,128.15,128.0356,128.075,9472,2023-09-11
2023-09-11 17:00:00,128.07,128.12,127.96,128.0049,13938,2023-09-11
2023-09-11 17:05:00,127.95,128.04,127.9288,127.995,4808,2023-09-11
2023-09-11 17:10:00,128,128.12,127.96,128.075,22429,2023-09-11
2023-09-11 17:15:00,128.1,128.105,128.01,128.05,9017,2023-09-11
2023-09-11 17:20:00,128.06,128.08,127.97,127.995,11461,2023-09-11
2023-09-11 17:25:00,127.94,128.04,127.9,128.02,10225,2023-09-11
2023-09-11 17:30:00,128.02,128.05,127.935,127.935,7229,2023-09-11
2023-09-11 17:35:00,127.87,127.93,127.78,127.84,11465,2023-09-11
2023-09-11 17:40:00,127.8194,127.97,127.8194,127.97,14663,2023-09-11
2023-09-11 17:45:00,127.98,127.99,127.9,127.9105,10920,2023-09-11
2023-09-11 17:50:00,127.94,128.08,127.94,128.03,22446,2023-09-11
2023-09-11 17:55:00,128.03,128.07,127.98,128.05,13456,2023-09-11
2023-09-11 18:00:00,128.04,128.08,127.86,127.86,10873,2023-09-11
2023-09-11 18:05:00,127.89,127.987,127.875,127.97,11307,2023-09-11
2023-09-11 18:10:00,127.94,127.98,127.94,127.96,6636,2023-09-11
2023-09-11 18:15:00,127.965,127.98,127.92,127.98,7702,2023-09-11
2023-09-11 18:20:00,127.96,127.98,127.86,127.86,6736,2023-09-11
2023-09-11 18:25:00,127.87,127.98,127.86,127.95,6534,2023-09-11
2023-09-11 18:30:00,127.99,128.13,127.98,128.076,23908,2023-09-11
2023-09-11 18:35:00,128.06,128.33,128.06,128.32,19992,2023-09-11
2023-09-11 18:40:00,128.31,128.53,128.31,128.49,11360,2023-09-11
2023-09-11 18:45:00,128.51,128.66,128.51,128.55,14996,2023-09-11
2023-09-11 18:50:00,128.58,128.665,128.56,128.6,12411,2023-09-11
2023-09-11 18:55:00,128.625,128.65,128.53,128.55,4765,2023-09-11
2023-09-11 19:00:00,128.55,128.665,128.48,128.665,14505,2023-09-11
2023-09-11 19:05:00,128.67,128.68,128.491,128.56,14020,2023-09-11
2023-09-11 19:10:00,128.58,128.68,128.51,128.51,10538,2023-09-11
2023-09-11 19:15:00,128.51,128.615,128.51,128.535,11963,2023-09-11
2023-09-11 19:20:00,128.55,128.55,128.41,128.465,7553,2023-09-11
2023-09-11 19:25:00,128.49,128.49,128.39,128.45,8789,2023-09-11
2023-09-11 19:30:00,128.43,128.44,128.32,128.42,8084,2023-09-11
2023-09-11 19:35:00,128.42,128.53,128.36,128.505,12718,2023-09-11
2023-09-11 19:40:00,128.48,128.55,128.435,128.51,8191,2023-09-11
2023-09-11 19:45:00,128.55,128.55,128.47,128.511,7189,2023-09-11
2023-09-11 19:50:00,128.53,128.59,128.5,128.52,7479,2023-09-11
2023-09-11 19:55:00,128.513,128.585,128.5101,128.55,7850,2023-09-11
2023-09-11 20:00:00,128.55,128.55,128.45,128.5,9057,2023-09-11
2023-09-11 20:05:00,128.46,128.49,128.42,128.42,5908,2023-09-11
2023-09-11 20:10:00,128.42,128.4523,128.395,128.41,5458,2023-09-11
2023-09-11 20:15:00,128.41,128.41,128.36,128.39,6924,2023-09-11
2023-09-11 20:20:00,128.4,128.41,128.33,128.38,8937,2023-09-11
2023-09-11 20:25:00,128.375,128.43,128.37,128.39,5892,2023-09-11
2023-09-11 20:30:00,128.385,128.389,128.29,128.29,8184,2023-09-11
2023-09-11 20:35:00,128.29,128.355,128.28,128.28,4898,2023-09-11
2023-09-11 20:40:00,128.2953,128.3301,128.2,128.2,7907,2023-09-11
2023-09-11 20:45:00,128.2,128.23,128.08,128.08,7144,2023-09-11
2023-09-11 20:50:00,128.08,128.11,128.05,128.07,4631,2023-09-11
2023-09-11 20:55:00,128.1,128.17,128.07,128.16,8857,2023-09-11
2023-09-11 21:00:00,128.17,128.22,128.15,128.1825,8848,2023-09-11
2023-09-11 21:05:00,128.17,128.22,128.16,128.17,10478,2023-09-11
2023-09-11 21:10:00,128.175,128.29,128.171,128.22,8747,2023-09-11
2023-09-11 21:15:00,128.24,128.255,128.22,128.22,6253,2023-09-11
2023-09-11 21:20:00,128.22,128.25,128.19,128.205,7944,2023-09-11
2023-09-11 21:25:00,128.18,128.24,128.15,128.211,9450,2023-09-11
2023-09-11 21:30:00,128.235,128.255,128.21,128.211,6347,2023-09-11
2023-09-11 21:35:00,128.21,128.255,128.21,128.25,5256,2023-09-11
2023-09-11 21:40:00,128.23,128.27,128.23,128.23,6929,2023-09-11
2023-09-11 21:45:00,128.23,128.28,128.19,128.2,8238,2023-09-11
2023-09-11 21:50:00,128.2,128.2,128.13,128.165,8264,2023-09-11
2023-09-11 21:55:00,128.16,128.19,128.14,128.19,9804,2023-09-11
2023-09-11 22:00:00,128.17,128.2,128.14,128.19,9729,2023-09-11
2023-09-11 22:05:00,128.18,128.1899,128.11,128.15,9818,2023-09-11
2023-09-11 22:10:00,128.18,128.1801,128.15,128.15,9172,2023-09-11
2023-09-11 22:15:00,128.15,128.17,128.07,128.07,10931,2023-09-11
2023-09-11 22:20:00,128.085,128.09,128,128.06,12020,2023-09-11
2023-09-11 22:25:00,128.07,128.1,128.01,128.01,13257,2023-09-11
2023-09-11 22:30:00,128.01,128.01,127.95,127.98,10534,2023-09-11
2023-09-11 22:35:00,127.98,128.1398,127.96,128.095,14918,2023-09-11
2023-09-11 22:40:00,128.09,128.13,128.03,128.06,11731,2023-09-11
2023-09-11 22:45:00,128.05,128.23,128.04,128.11,32033,2023-09-11
2023-09-11 22:50:00,128.17,128.17,127.87,127.99,44912,2023-09-11
2023-09-11 22:55:00,128,128.06,127.9,128.03,98958,2023-09-11
2023-09-11 23:00:00,128.05,128.05,128.05,128.05,26943,2023-09-11
2023-09-11 23:05:00,128.05,128.05,128.05,128.05,538,2023-09-11
2023-09-12 13:05:00,127.55,127.55,127.55,127.55,102,2023-09-12
2023-09-12 15:50:00,128.05,128.05,128.05,128.05,3054,2023-09-12
2023-09-12 16:30:00,128.04,128.1,127.79,127.79,17381,2023-09-12
2023-09-12 16:35:00,127.63,127.76,127.22,127.22,4218,2023-09-12
2023-09-12 16:40:00,127.22,127.22,126.39,126.71,18741,2023-09-12
2023-09-12 16:45:00,126.8,126.8116,126.5136,126.58,3030,2023-09-12
2023-09-12 16:50:00,126.48,126.61,126.44,126.5,6107,2023-09-12
2023-09-12 16:55:00,126.61,126.61,126.435,126.485,10773,2023-09-12
2023-09-12 17:00:00,126.44,126.515,126.4,126.49,14020,2023-09-12
2023-09-12 17:05:00,126.48,126.505,126.12,126.12,24805,2023-09-12
2023-09-12 17:10:00,126.12,126.27,126.06,126.09,11031,2023-09-12
2023-09-12 17:15:00,126.08,126.12,125.88,126.01,22266,2023-09-12
2023-09-12 17:20:00,125.98,126.225,125.94,126.225,25408,2023-09-12
2023-09-12 17:25:00,126.24,126.555,126.19,126.555,9473,2023-09-12
2023-09-12 17:30:00,126.565,126.62,126.46,126.62,15660,2023-09-12
2023-09-12 17:35:00,126.64,126.675,126.605,126.65,6398,2023-09-12
2023-09-12 17:40:00,126.6561,126.71,126.65,126.675,8268,2023-09-12
2023-09-12 17:45:00,126.68,126.71,126.6,126.63,9793,2023-09-12
2023-09-12 17:50:00,126.65,126.66,126.48,126.5,13260,2023-09-12
2023-09-12 17:55:00,126.495,126.52,126.38,126.495,28164,2023-09-12
2023-09-12 18:00:00,126.48,126.52,126.32,126.32,20577,2023-09-12
2023-09-12 18:05:00,126.325,126.5,126.325,126.5,9984,2023-09-12
2023-09-12 18:10:00,126.4905,126.52,126.45,126.45,7394,2023-09-12
2023-09-12 18:15:00,126.45,126.475,126.425,126.425,5835,2023-09-12
2023-09-12 18:20:00,126.42,126.48,126.39,126.4,8321,2023-09-12
2023-09-12 18:25:00,126.39,126.47,126.355,126.38,8483,2023-09-12
2023-09-12 18:30:00,126.385,126.41,126.2,126.215,17611,2023-09-12
2023-09-12 18:35:00,126.21,126.21,126.1,126.1,7729,2023-09-12
2023-09-12 18:40:00,126.1,126.24,126.09,126.22,22841,2023-09-12
2023-09-12 18:45:00,126.21,126.235,126.095,126.1,16236,2023-09-12
2023-09-12 18:50:00,126.1,126.16,126.09,126.16,15277,2023-09-12
2023-09-12 18:55:00,126.11,126.185,126.09,126.17,25139,2023-09-12
2023-09-12 19:00:00,126.17,126.19,126.14,126.145,6496,2023-09-12
2023-09-12 19:05:00,126.12,126.16,126.075,126.13,11073,2023-09-12
2023-09-12 19:10:00,126.14,126.2,126.13,126.14,9578,2023-09-12
2023-09-12 19:15:00,126.13,126.19,126.1,126.175,5120,2023-09-12
2023-09-12 19:20:00,126.14,126.145,126.04,126.04,13018,2023-09-12
2023-09-12 19:25:00,126.025,126.07,126.0101,126.05,10183,2023-09-12
2023-09-12 19:30:00,126.045,126.05,125.9,125.905,12145,2023-09-12
2023-09-12 19:35:00,125.89,125.89,125.8,125.82,11634,2023-09-12
2023-09-12 19:40:00,125.825,125.87,125.81,125.85,11230,2023-09-12
2023-09-12 19:45:00,125.855,125.89,125.76,125.8099,8018,2023-09-12
2023-09-12 19:50:00,125.8,125.82,125.77,125.81,10803,2023-09-12
2023-09-12 19:55:00,125.855,125.855,125.8,125.82,6035,2023-09-12
2023-09-12 20:00:00,125.84,126.09,125.835,126,27137,2023-09-12
2023-09-12 20:05:00,126.01,126.0641,125.99,126.03,8583,2023-09-12
2023-09-12 20:10:00,126.05,126.1,125.95,125.99,9570,2023-09-12
2023-09-12 20:15:00,125.99,126.02,125.94,125.955,9611,2023-09-12
2023-09-12 20:20:00,125.94,126.03,125.94,126.015,21800,2023-09-12
2023-09-12 20:25:00,125.9904,125.9959,125.92,125.94,11674,2023-09-12
2023-09-12 20:30:00,125.94,125.99,125.94,125.98,7757,2023-09-12
2023-09-12 20:35:00,125.97,126.02,125.95,126,10241,2023-09-12
2023-09-12 20:40:00,125.97,125.99,125.95,125.96,4783,2023-09-12
2023-09-12 20:45:00,125.975,125.975,125.78,125.81,7538,2023-09-12
2023-09-12 20:50:00,125.8,125.805,125.73,125.76,9170,2023-09-12
2023-09-12 20:55:00,125.74,125.77,125.67,125.6825,19278,2023-09-12
2023-09-12 21:00:00,125.67,125.675,125.54,125.59,9487,2023-09-12
2023-09-12 21:05:00,125.58,125.595,125.53,125.53,7118,2023-09-12
2023-09-12 21:10:00,125.525,125.535,125.445,125.46,10175,2023-09-12
2023-09-12 21:15:00,125.46,125.5,125.4126,125.5,13304,2023-09-12
2023-09-12 21:20:00,125.495,125.54,125.35,125.3834,12368,2023-09-12
2023-09-12 21:25:00,125.37,125.38,125.27,125.28,12317,2023-09-12
2023-09-12 21:30:00,125.275,125.365,125.26,125.31,10657,2023-09-12
2023-09-12 21:35:00,125.305,125.4,125.2916,125.31,11564,2023-09-12
2023-09-12 21:40:00,125.3,125.31,125.19,125.2,12874,2023-09-12
2023-09-12 21:45:00,125.2,125.235,125.2,125.235,10313,2023-09-12
2023-09-12 21:50:00,125.22,125.22,125.04,125.045,18016,2023-09-12
2023-09-12 21:55:00,125.045,125.12,125.03,125.06,21204,2023-09-12
2023-09-12 22:00:00,125.06,125.065,124.88,124.92,23003,2023-09-12
2023-09-12 22:05:00,124.92,125.02,124.88,125.02,15921,2023-09-12
2023-09-12 22:10:00,125.035,125.065,124.95,124.9799,11203,2023-09-12
2023-09-12 22:15:00,124.945,124.945,124.89,124.94,9833,2023-09-12
2023-09-12 22:20:00,124.95,124.96,124.745,124.75,13293,2023-09-12
2023-09-12 22:25:00,124.755,124.79,124.71,124.75,16996,2023-09-12
2023-09-12 22:30:00,124.74,124.85,124.74,124.7471,25398,2023-09-12
2023-09-12 22:35:00,124.75,124.77,124.71,124.72,21051,2023-09-12
2023-09-12 22:40:00,124.72,124.84,124.72,124.8,25455,2023-09-12
2023-09-12 22:45:00,124.79,124.8,124.64,124.69,43033,2023-09-12
2023-09-12 22:50:00,124.68,124.8,124.68,124.75,63752,2023-09-12
2023-09-12 22:55:00,124.75,125.11,124.69,124.87,276055,2023-09-12
2023-09-12 23:00:00,124.83,124.83,124.83,124.83,14298,2023-09-12
2023-09-12 23:35:00,124.83,124.83,124.83,124.83,15500,2023-09-12
2023-09-13 00:40:00,124.95,124.95,124.95,124.95,100,2023-09-12
2023-09-13 16:25:00,125.29,126,125.29,126,500,2023-09-13
2023-09-13 16:30:00,125.365,125.79,125.365,125.725,26787,2023-09-13
2023-09-13 16:35:00,125.76,125.76,125.18,125.38,7576,2023-09-13
2023-09-13 16:40:00,125.305,125.34,125.15,125.15,4346,2023-09-13
2023-09-13 16:45:00,125.2,125.275,125.1519,125.22,3090,2023-09-13
2023-09-13 16:50:00,125.172,125.39,125.172,125.3025,8189,2023-09-13
2023-09-13 16:55:00,125.295,125.3,125.19,125.3,5247,2023-09-13
2023-09-13 17:00:00,125.305,125.4499,125.2501,125.3,9874,2023-09-13
2023-09-13 17:05:00,125.32,125.4,125.26,125.29,12413,2023-09-13
2023-09-13 17:10:00,125.28,125.31,125.23,125.23,5009,2023-09-13
2023-09-13 17:15:00,125.24,125.25,125.03,125.0301,14109,2023-09-13
2023-09-13 17:20:00,125.03,125.03,124.89,124.89,9389,2023-09-13
2023-09-13 17:25:00,124.89,124.92,124.83,124.83,7904,2023-09-13
2023-09-13 17:30:00,124.86,124.9,124.75,124.86,11775,2023-09-13
2023-09-13 17:35:00,124.84,124.91,124.79,124.79,12374,2023-09-13
2023-09-13 17:40:00,124.81,124.84,124.76,124.78,6674,2023-09-13
2023-09-13 17:45:00,124.78,124.815,124.74,124.8,6455,2023-09-13
2023-09-13 17:50:00,124.8,124.97,124.78,124.97,9342,2023-09-13
2023-09-13 17:55:00,124.96,125.03,124.93,125.03,12369,2023-09-13
2023-09-13 18:00:00,125.04,125.06,124.95,125.01,9633,2023-09-13
2023-09-13 18:05:00,125.035,125.08,124.985,125.055,4339,2023-09-13
2023-09-13 18:10:00,125.06,125.13,125,125.13,8581,2023-09-13
2023-09-13 18:15:00,125.13,125.23,125.13,125.23,7937,2023-09-13
2023-09-13 18:20:00,125.225,125.225,125.15,125.19,2949,2023-09-13
2023-09-13 18:25:00,125.22,125.28,125.195,125.26,4502,2023-09-13
2023-09-13 18:30:00,125.25,125.335,125.24,125.29,13116,2023-09-13
2023-09-13 18:35:00,125.29,125.32,125.23,125.24,13978,2023-09-13
2023-09-13 18:40:00,125.25,125.26,125.2,125.26,4318,2023-09-13
2023-09-13 18:45:00,125.27,125.33,125.25,125.3,3361,2023-09-13
2023-09-13 18:50:00,125.3299,125.37,125.32,125.36,8430,2023-09-13
2023-09-13 18:55:00,125.35,125.39,125.29,125.37,8959,2023-09-13
2023-09-13 19:00:00,125.4,125.47,125.37,125.4,6597,2023-09-13
2023-09-13 19:05:00,125.37,125.41,125.3432,125.41,4701,2023-09-13
2023-09-13 19:10:00,125.41,125.43,125.36,125.379,5944,2023-09-13
2023-09-13 19:15:00,125.37,125.42,125.32,125.37,3901,2023-09-13
2023-09-13 19:20:00,125.39,125.39,125.29,125.3237,4771,2023-09-13
2023-09-13 19:25:00,125.31,125.31,125.19,125.19,6221,2023-09-13
2023-09-13 19:30:00,125.215,125.215,125.09,125.105,4794,2023-09-13
2023-09-13 19:35:00,125.11,125.13,125.03,125.03,5661,2023-09-13
2023-09-13 19:40:00,124.98,125.05,124.98,125.05,7321,2023-09-13
2023-09-13 19:45:00,125.04,125.04,124.98,125.03,6765,2023-09-13
2023-09-13 19:50:00,125.01,125.17,125,125.1537,8591,2023-09-13
2023-09-13 19:55:00,125.18,125.2093,125.165,125.1956,3152,2023-09-13
2023-09-13 20:00:00,125.2099,125.21,125.15,125.18,5448,2023-09-13
2023-09-13 20:05:00,125.2097,125.27,125.2097,125.25,3128,2023-09-13
2023-09-13 20:10:00,125.27,125.2799,125.25,125.27,3578,2023-09-13
2023-09-13 20:15:00,125.28,125.29,125.27,125.28,4556,2023-09-13
2023-09-13 20:20:00,125.29,125.414,125.265,125.4,9743,2023-09-13
2023-09-13 20:25:00,125.415,125.4289,125.33,125.35,4481,2023-09-13
2023-09-13 20:30:00,125.33,125.3791,125.29,125.37,6286,2023-09-13
2023-09-13 20:35:00,125.4,125.4,125.34,125.34,5999,2023-09-13
2023-09-13 20:40:00,125.33,125.35,125.31,125.33,2565,2023-09-13
2023-09-13 20:45:00,125.31,125.35,125.2828,125.32,6052,2023-09-13
2023-09-13 20:50:00,125.345,125.39,125.3,125.38,4660,2023-09-13
2023-09-13 20:55:00,125.38,125.45,125.38,125.44,5823,2023-09-13
2023-09-13 21:00:00,125.44,125.58,125.43,125.54,4632,2023-09-13
2023-09-13 21:05:00,125.555,125.57,125.52,125.55,6310,2023-09-13
2023-09-13 21:10:00,125.5468,125.65,125.5468,125.595,7790,2023-09-13
2023-09-13 21:15:00,125.585,125.59,125.565,125.565,4285,2023-09-13
2023-09-13 21:20:00,125.57,125.65,125.57,125.65,9819,2023-09-13
2023-09-13 21:25:00,125.64,125.7,125.6,125.645,13498,2023-09-13
2023-09-13 21:30:00,125.645,125.68,125.605,125.67,7186,2023-09-13
2023-09-13 21:35:00,125.66,125.67,125.6278,125.645,6225,2023-09-13
2023-09-13 21:40:00,125.62,125.62,125.56,125.56,4861,2023-09-13
2023-09-13 21:45:00,125.57,125.62,125.56,125.59,7413,2023-09-13
2023-09-13 21:50:00,125.595,125.605,125.56,125.57,7233,2023-09-13
2023-09-13 21:55:00,125.5557,125.63,125.5101,125.54,9990,2023-09-13
2023-09-13 22:00:00,125.56,125.56,125.305,125.31,8452,2023-09-13
2023-09-13 22:05:00,125.3,125.33,125.22,125.25,18685,2023-09-13
2023-09-13 22:10:00,125.24,125.27,125.22,125.255,12176,2023-09-13
2023-09-13 22:15:00,125.23,125.26,125.19,125.25,8732,2023-09-13
2023-09-13 22:20:00,125.25,125.25,125.1601,125.1775,10041,2023-09-13
2023-09-13 22:25:00,125.18,125.23,125.18,125.185,8371,2023-09-13
2023-09-13 22:30:00,125.185,125.185,124.96,124.97,15697,2023-09-13
2023-09-13 22:35:00,124.96,124.99,124.86,124.95,15325,2023-09-13
2023-09-13 22:40:00,124.98,125.09,124.95,125,36198,2023-09-13
2023-09-13 22:45:00,124.97,125.11,124.87,125.09,42254,2023-09-13
2023-09-13 22:50:00,125.09,125.16,124.9,124.97,44720,2023-09-13
2023-09-13 22:55:00,124.98,125.1,124.94,125.01,99674,2023-09-13
2023-09-13 23:00:00,124.99,124.99,124.99,124.99,10592,2023-09-13
2023-09-14 16:30:00,125.25,125.275,124.85,125,24104,2023-09-14
2023-09-14 16:35:00,125.11,125.39,124.89,125.29,9187,2023-09-14
2023-09-14 16:40:00,125.29,125.33,125.025,125.065,8035,2023-09-14
2023-09-14 16:45:00,125.14,125.485,125.14,125.485,6766,2023-09-14
2023-09-14 16:50:00,125.42,125.56,125.335,125.555,9457,2023-09-14
2023-09-14 16:55:00,125.55,125.59,125.5,125.52,9761,2023-09-14
2023-09-14 17:00:00,125.56,125.57,125.48,125.48,9442,2023-09-14
2023-09-14 17:05:00,125.44,125.465,125.375,125.42,6086,2023-09-14
2023-09-14 17:10:00,125.46,125.542,125.445,125.51,8496,2023-09-14
2023-09-14 17:15:00,125.515,125.7537,125.515,125.7,10146,2023-09-14
2023-09-14 17:20:00,125.67,125.7,125.51,125.51,5026,2023-09-14
2023-09-14 17:25:00,125.455,125.5,125.3485,125.42,5492,2023-09-14
2023-09-14 17:30:00,125.41,125.42,125.37,125.375,2575,2023-09-14
2023-09-14 17:35:00,125.39,125.415,125.311,125.311,7061,2023-09-14
2023-09-14 17:40:00,125.37,125.43,125.15,125.15,5449,2023-09-14
2023-09-14 17:45:00,125.12,125.18,125.04,125.04,9634,2023-09-14
2023-09-14 17:50:00,125.02,125.06,124.95,124.95,7911,2023-09-14
2023-09-14 17:55:00,124.94,125.035,124.88,125.035,7081,2023-09-14
2023-09-14 18:00:00,125.03,125.07,125.005,125.07,4548,2023-09-14
2023-09-14 18:05:00,125.05,125.05,124.97,125.04,6721,2023-09-14
2023-09-14 18:10:00,125.02,125.07,125.02,125.065,4480,2023-09-14
2023-09-14 18:15:00,125.1013,125.13,125.05,125.0892,3584,2023-09-14
2023-09-14 18:20:00,125.13,125.21,125.13,125.18,5172,2023-09-14
2023-09-14 18:25:00,125.16,125.16,125.1152,125.16,4617,2023-09-14
2023-09-14 18:30:00,125.18,125.35,125.16,125.335,11772,2023-09-14
2023-09-14 18:35:00,125.38,125.38,125.27,125.3,3257,2023-09-14
2023-09-14 18:40:00,125.35,125.51,125.33,125.51,4662,2023-09-14
2023-09-14 18:45:00,125.52,125.55,125.4937,125.52,3058,2023-09-14
2023-09-14 18:50:00,125.51,125.54,125.49,125.51,3862,2023-09-14
2023-09-14 18:55:00,125.51,125.52,125.4862,125.52,3891,2023-09-14
2023-09-14 19:00:00,125.49,125.54,125.49,125.5254,3728,2023-09-14
2023-09-14 19:05:00,125.55,125.56,125.5,125.51,7596,2023-09-14
2023-09-14 19:10:00,125.53,125.54,125.48,125.49,3314,2023-09-14
2023-09-14 19:15:00,125.49,125.61,125.49,125.5941,2761,2023-09-14
2023-09-14 19:20:00,125.582,125.61,125.57,125.6,2245,2023-09-14
2023-09-14 19:25:00,125.6017,125.65,125.5825,125.64,3294,2023-09-14
2023-09-14 19:30:00,125.62,125.68,125.62,125.66,5967,2023-09-14
2023-09-14 19:35:00,125.69,125.731,125.66,125.665,12245,2023-09-14
2023-09-14 19:40:00,125.66,125.68,125.63,125.64,4176,2023-09-14
2023-09-14 19:45:00,125.66,125.74,125.64,125.7299,6632,2023-09-14
2023-09-14 19:50:00,125.71,125.72,125.66,125.66,2552,2023-09-14
2023-09-14 19:55:00,125.63,125.65,125.6018,125.6159,2021,2023-09-14
2023-09-14 20:00:00,125.61,125.6411,125.61,125.6411,1749,2023-09-14
2023-09-14 20:05:00,125.65,125.75,125.645,125.73,6734,2023-09-14
2023-09-14 20:10:00,125.75,125.75,125.69,125.69,6014,2023-09-14
2023-09-14 20:15:00,125.685,125.685,125.65,125.66,5380,2023-09-14
2023-09-14 20:20:00,125.65,125.65,125.5607,125.6002,7245,2023-09-14
2023-09-14 20:25:00,125.58,125.58,125.54,125.54,2614,2023-09-14
2023-09-14 20:30:00,125.54,125.5536,125.5,125.52,4544,2023-09-14
2023-09-14 20:35:00,125.53,125.61,125.53,125.585,6551,2023-09-14
2023-09-14 20:40:00,125.58,125.58,125.511,125.525,3347,2023-09-14
2023-09-14 20:45:00,125.535,125.56,125.51,125.51,1915,2023-09-14
2023-09-14 20:50:00,125.54,125.555,125.52,125.54,5475,2023-09-14
2023-09-14 20:55:00,125.52,125.52,125.48,125.51,3644,2023-09-14
2023-09-14 21:00:00,125.515,125.57,125.515,125.53,4779,2023-09-14
2023-09-14 21:05:00,125.5408,125.57,125.51,125.55,3850,2023-09-14
2023-09-14 21:10:00,125.6,125.63,125.56,125.61,8960,2023-09-14
2023-09-14 21:15:00,125.605,125.605,125.58,125.58,2652,2023-09-14
2023-09-14 21:20:00,125.59,125.6519,125.56,125.63,5459,2023-09-14
2023-09-14 21:25:00,125.62,125.64,125.54,125.63,9448,2023-09-14
2023-09-14 21:30:00,125.62,125.63,125.54,125.57,5181,2023-09-14
2023-09-14 21:35:00,125.59,125.66,125.56,125.64,7481,2023-09-14
2023-09-14 21:40:00,125.6525,125.71,125.6525,125.66,6579,2023-09-14
2023-09-14 21:45:00,125.655,125.69,125.64,125.69,5284,2023-09-14
2023-09-14 21:50:00,125.7,125.7,125.66,125.67,5271,2023-09-14
2023-09-14 21:55:00,125.69,125.69,125.641,125.67,4115,2023-09-14
2023-09-14 22:00:00,125.68,125.767,125.68,125.73,13743,2023-09-14
2023-09-14 22:05:00,125.72,125.85,125.6929,125.72,11468,2023-09-14
2023-09-14 22:10:00,125.71,125.73,125.65,125.65,7229,2023-09-14
2023-09-14 22:15:00,125.68,125.74,125.68,125.725,9919,2023-09-14
2023-09-14 22:20:00,125.725,125.78,125.68,125.77,11678,2023-09-14
2023-09-14 22:25:00,125.76,125.81,125.72,125.72,14300,2023-09-14
2023-09-14 22:30:00,125.72,125.8,125.72,125.78,12467,2023-09-14
2023-09-14 22:35:00,125.8,125.83,125.7175,125.7175,15618,2023-09-14
2023-09-14 22:40:00,125.72,126.11,125.715,126.095,50033,2023-09-14
2023-09-14 22:45:00,126.1,126.13,125.81,125.85,29474,2023-09-14
2023-09-14 22:50:00,125.88,125.97,125.78,125.95,63229,2023-09-14
2023-09-14 22:55:00,125.96,125.97,125.771,125.89,72783,2023-09-14
2023-09-14 23:00:00,125.88,125.88,125.88,125.88,9327,2023-09-14
2023-09-15 16:15:00,126,126,126,126,100,2023-09-15
2023-09-15 16:25:00,125.4,125.4,125.4,125.4,302,2023-09-15
2023-09-15 16:30:00,125.705,125.88,125.48,125.8,310723,2023-09-15
2023-09-15 16:35:00,125.845,126.58,125.82,126.52,15212,2023-09-15
2023-09-15 16:40:00,126.45,126.83,126.4,126.56,11020,2023-09-15
2023-09-15 16:45:00,126.53,126.56,126.35,126.51,9655,2023-09-15
2023-09-15 16:50:00,126.47,126.53,126.4,126.45,11509,2023-09-15
2023-09-15 16:55:00,126.46,126.57,126.42,126.55,10368,2023-09-15
2023-09-15 17:00:00,126.59,126.64,126.49,126.49,10084,2023-09-15
2023-09-15 17:05:00,126.45,126.45,126.26,126.33,7573,2023-09-15
2023-09-15 17:10:00,126.325,126.38,126.21,126.21,10217,2023-09-15
2023-09-15 17:15:00,126.22,126.28,126.0878,126.28,8906,2023-09-15
2023-09-15 17:20:00,126.28,126.31,126.17,126.17,8197,2023-09-15
2023-09-15 17:25:00,126.18,126.21,126.08,126.08,5910,2023-09-15
2023-09-15 17:30:00,126.06,126.06,125.97,125.99,7412,2023-09-15
2023-09-15 17:35:00,126,126.02,125.94,125.97,11226,2023-09-15
2023-09-15 17:40:00,125.95,125.97,125.92,125.95,9232,2023-09-15
2023-09-15 17:45:00,125.95,126.06,125.95,125.985,19828,2023-09-15
2023-09-15 17:50:00,125.995,126.025,125.882,125.882,10253,2023-09-15
2023-09-15 17:55:00,125.88,125.9,125.62,125.635,13753,2023-09-15
2023-09-15 18:00:00,125.65,125.68,125.47,125.57,11941,2023-09-15
2023-09-15 18:05:00,125.56,125.57,125.5,125.54,8323,2023-09-15
2023-09-15 18:10:00,125.5,125.505,125.36,125.36,8593,2023-09-15
2023-09-15 18:15:00,125.34,125.435,125.34,125.435,10760,2023-09-15
2023-09-15 18:20:00,125.4544,125.49,125.37,125.41,6492,2023-09-15
2023-09-15 18:25:00,125.39,125.5,125.32,125.5,12281,2023-09-15
2023-09-15 18:30:00,125.5,125.6,125.44,125.5,8927,2023-09-15
2023-09-15 18:35:00,125.5,125.555,125.4601,125.49,9200,2023-09-15
2023-09-15 18:40:00,125.53,125.7,125.5,125.7,6989,2023-09-15
2023-09-15 18:45:00,125.69,125.86,125.64,125.86,6139,2023-09-15
2023-09-15 18:50:00,125.83,125.9199,125.79,125.8499,7522,2023-09-15
2023-09-15 18:55:00,125.85,125.88,125.81,125.81,6271,2023-09-15
2023-09-15 19:00:00,125.805,125.81,125.65,125.67,8083,2023-09-15
2023-09-15 19:05:00,125.68,125.68,125.56,125.56,4975,2023-09-15
2023-09-15 19:10:00,125.555,125.58,125.48,125.48,8932,2023-09-15
2023-09-15 19:15:00,125.5,125.5257,125.475,125.48,8241,2023-09-15
2023-09-15 19:20:00,125.5,125.57,125.4999,125.54,10207,2023-09-15
2023-09-15 19:25:00,125.55,125.6337,125.48,125.625,8198,2023-09-15
2023-09-15 19:30:00,125.63,125.67,125.62,125.62,6866,2023-09-15
2023-09-15 19:35:00,125.64,125.67,125.63,125.65,3478,2023-09-15
2023-09-15 19:40:00,125.6565,125.69,125.56,125.59,14078,2023-09-15
2023-09-15 19:45:00,125.56,125.605,125.52,125.57,8206,2023-09-15
2023-09-15 19:50:00,125.57,125.63,125.56,125.615,6796,2023-09-15
2023-09-15 19:55:00,125.59,125.59,125.42,125.42,7783,2023-09-15
2023-09-15 20:00:00,125.42,125.5,125.31,125.465,26475,2023-09-15
2023-09-15 20:05:00,125.45,125.538,125.45,125.538,9473,2023-09-15
2023-09-15 20:10:00,125.53,125.53,125.44,125.47,11281,2023-09-15
2023-09-15 20:15:00,125.47,125.47,125.41,125.42,11363,2023-09-15
2023-09-15 20:20:00,125.43,125.48,125.42,125.48,10702,2023-09-15
2023-09-15 20:25:00,125.5,125.53,125.5,125.52,5406,2023-09-15
2023-09-15 20:30:00,125.51,125.56,125.44,125.56,7926,2023-09-15
2023-09-15 20:35:00,125.61,125.67,125.535,125.645,8458,2023-09-15
2023-09-15 20:40:00,125.64,125.78,125.595,125.77,9605,2023-09-15
2023-09-15 20:45:00,125.77,125.84,125.77,125.8,9942,2023-09-15
2023-09-15 20:50:00,125.79,125.82,125.775,125.785,5176,2023-09-15
2023-09-15 20:55:00,125.79,125.7904,125.695,125.72,8042,2023-09-15
2023-09-15 21:00:00,125.71,125.79,125.64,125.79,10889,2023-09-15
2023-09-15 21:05:00,125.78,125.78,125.71,125.72,9951,2023-09-15
2023-09-15 21:10:00,125.71,125.77,125.66,125.66,9850,2023-09-15
2023-09-15 21:15:00,125.67,125.72,125.66,125.71,8846,2023-09-15
2023-09-15 21:20:00,125.73,125.78,125.72,125.745,11547,2023-09-15
2023-09-15 21:25:00,125.74,125.8,125.705,125.71,9075,2023-09-15
2023-09-15 21:30:00,125.72,125.79,125.71,125.7542,9266,2023-09-15
2023-09-15 21:35:00,125.75,125.755,125.705,125.705,10171,2023-09-15
2023-09-15 21:40:00,125.715,125.72,125.68,125.72,8692,2023-09-15
2023-09-15 21:45:00,125.71,125.7313,125.635,125.655,9364,2023-09-15
2023-09-15 21:50:00,125.65,125.73,125.65,125.69,15956,2023-09-15
2023-09-15 21:55:00,125.705,125.77,125.705,125.76,11192,2023-09-15
2023-09-15 22:00:00,125.8,125.8,125.69,125.71,10901,2023-09-15
2023-09-15 22:05:00,125.72,125.76,125.69,125.76,13783,2023-09-15
2023-09-15 22:10:00,125.76,125.76,125.63,125.65,8619,2023-09-15
2023-09-15 22:15:00,125.65,125.65,125.45,125.45,9909,2023-09-15
2023-09-15 22:20:00,125.4515,125.47,125.37,125.38,11762,2023-09-15
2023-09-15 22:25:00,125.37,125.38,125.31,125.345,18655,2023-09-15
2023-09-15 22:30:00,125.33,125.34,125.19,125.21,17822,2023-09-15
2023-09-15 22:35:00,125.2,125.26,125.15,125.16,18779,2023-09-15
2023-09-15 22:40:00,125.15,125.32,125.15,125.255,22835,2023-09-15
2023-09-15 22:45:00,125.25,125.3,125.09,125.095,27008,2023-09-15
2023-09-15 22:50:00,125.06,125.08,124.98,125.02,60081,2023-09-15
2023-09-15 22:55:00,125.01,125.02,124.77,125.01,162633,2023-09-15
2023-09-15 23:00:00,125.01,125.01,125.01,125.01,119581,2023-09-15
2023-09-15 23:25:00,125.01,125.01,125.01,125.01,106,2023-09-15
2023-09-15 23:40:00,125.01,125.01,125.01,125.01,182,2023-09-15
2023-09-15 23:45:00,125.15,125.15,125.15,125.15,458,2023-09-15
2023-09-15 23:55:00,125.01,125.01,125.01,125.01,2806,2023-09-15
2023-09-16 00:05:00,125.01,125.01,125.01,125.01,3760,2023-09-15
2023-09-18 16:30:00,125.39,125.4,124.59,124.59,50260,2023-09-18
2023-09-18 16:35:00,124.67,124.75,124.54,124.7,20585,2023-09-18
2023-09-18 16:40:00,124.75,124.995,124.75,124.795,6408,2023-09-18
2023-09-18 16:45:00,124.88,125.17,124.85,125.05,5703,2023-09-18
2023-09-18 16:50:00,124.84,124.85,124.62,124.62,6268,2023-09-18
2023-09-18 16:55:00,124.685,124.96,124.65,124.92,27620,2023-09-18
2023-09-18 17:00:00,124.96,125.105,124.96,125.025,14567,2023-09-18
2023-09-18 17:05:00,125.0241,125.06,124.93,124.9425,4838,2023-09-18
2023-09-18 17:10:00,124.94,124.96,124.84,124.855,7328,2023-09-18
2023-09-18 17:15:00,124.84,124.95,124.79,124.95,6945,2023-09-18
2023-09-18 17:20:00,124.97,125.16,124.9429,125.105,8735,2023-09-18
2023-09-18 17:25:00,125.12,125.25,125.1,125.14,7135,2023-09-18
2023-09-18 17:30:00,125.2,125.25,125.11,125.155,8404,2023-09-18
2023-09-18 17:35:00,125.178,125.22,125.1,125.14,8959,2023-09-18
2023-09-18 17:40:00,125.16,125.18,125.095,125.16,18093,2023-09-18
2023-09-18 17:45:00,125.14,125.28,125.12,125.125,22932,2023-09-18
2023-09-18 17:50:00,125.085,125.11,125.02,125.02,3678,2023-09-18
2023-09-18 17:55:00,124.97,125.01,124.89,124.955,14718,2023-09-18
2023-09-18 18:00:00,124.93,124.93,124.87,124.91,10300,2023-09-18
2023-09-18 18:05:00,124.915,124.985,124.87,124.94,15689,2023-09-18
2023-09-18 18:10:00,124.945,124.97,124.89,124.94,11952,2023-09-18
2023-09-18 18:15:00,124.96,125.01,124.945,124.98,9719,2023-09-18
2023-09-18 18:20:00,124.97,125.07,124.97,125.0482,7140,2023-09-18
2023-09-18 18:25:00,125.03,125.16,125.01,125.16,6535,2023-09-18
2023-09-18 18:30:00,125.185,125.2969,125.15,125.175,6309,2023-09-18
2023-09-18 18:35:00,125.18,125.225,125.17,125.205,7488,2023-09-18
2023-09-18 18:40:00,125.21,125.24,125.19,125.205,3827,2023-09-18
2023-09-18 18:45:00,125.205,125.2841,125.185,125.2,5791,2023-09-18
2023-09-18 18:50:00,125.19,125.25,125.1775,125.195,6490,2023-09-18
2023-09-18 18:55:00,125.16,125.23,125.16,125.2,5807,2023-09-18
2023-09-18 19:00:00,125.22,125.305,125.199,125.305,5145,2023-09-18
2023-09-18 19:05:00,125.29,125.3081,125.245,125.29,6769,2023-09-18
2023-09-18 19:10:00,125.29,125.33,125.2664,125.3,6203,2023-09-18
2023-09-18 19:15:00,125.34,125.44,125.34,125.405,11435,2023-09-18
2023-09-18 19:20:00,125.41,125.46,125.4,125.46,5110,2023-09-18
2023-09-18 19:25:00,125.45,125.48,125.385,125.385,4866,2023-09-18
2023-09-18 19:30:00,125.4,125.5,125.4,125.495,8117,2023-09-18
2023-09-18 19:35:00,125.47,125.47,125.435,125.4639,6158,2023-09-18
2023-09-18 19:40:00,125.465,125.5252,125.4534,125.5,7074,2023-09-18
2023-09-18 19:45:00,125.5,125.53,125.485,125.5,5446,2023-09-18
2023-09-18 19:50:00,125.5,125.515,125.5,125.5,1000,2023-09-18
2023-09-18 19:55:00,125.5057,125.53,125.5,125.52,3039,2023-09-18
2023-09-18 20:00:00,125.52,125.66,125.52,125.66,5292,2023-09-18
2023-09-18 20:05:00,125.62,125.62,125.61,125.61,2134,2023-09-18
2023-09-18 20:10:00,125.64,125.68,125.62,125.66,4829,2023-09-18
2023-09-18 20:15:00,125.69,125.72,125.64,125.665,5863,2023-09-18
2023-09-18 20:20:00,125.69,125.73,125.675,125.68,3983,2023-09-18
2023-09-18 20:25:00,125.685,125.7159,125.68,125.7,3736,2023-09-18
2023-09-18 20:30:00,125.68,125.7607,125.68,125.76,5318,2023-09-18
2023-09-18 20:35:00,125.78,125.78,125.72,125.72,4223,2023-09-18
2023-09-18 20:40:00,125.72,125.72,125.5904,125.61,6043,2023-09-18
2023-09-18 20:45:00,125.6,125.605,125.56,125.57,5308,2023-09-18
2023-09-18 20:50:00,125.6,125.65,125.58,125.65,6774,2023-09-18
2023-09-18 20:55:00,125.64,125.64,125.58,125.61,3311,2023-09-18
2023-09-18 21:00:00,125.59,125.635,125.57,125.57,5370,2023-09-18
2023-09-18 21:05:00,125.5515,125.565,125.51,125.53,6873,2023-09-18
2023-09-18 21:10:00,125.51,125.54,125.47,125.53,7671,2023-09-18
2023-09-18 21:15:00,125.55,125.55,125.47,125.5,5351,2023-09-18
2023-09-18 21:20:00,125.49,125.5999,125.48,125.52,7699,2023-09-18
2023-09-18 21:25:00,125.52,125.5387,125.492,125.492,4874,2023-09-18
2023-09-18 21:30:00,125.5,125.54,125.495,125.52,7199,2023-09-18
2023-09-18 21:35:00,125.49,125.49,125.43,125.43,5157,2023-09-18
2023-09-18 21:40:00,125.4299,125.48,125.4299,125.47,6902,2023-09-18
2023-09-18 21:45:00,125.48,125.545,125.48,125.495,7075,2023-09-18
2023-09-18 21:50:00,125.49,125.615,125.47,125.58,10822,2023-09-18
2023-09-18 21:55:00,125.57,125.58,125.49,125.515,8151,2023-09-18
2023-09-18 22:00:00,125.5,125.5,125.44,125.445,10023,2023-09-18
2023-09-18 22:05:00,125.46,125.46,125.41,125.41,6552,2023-09-18
2023-09-18 22:10:00,125.4,125.41,125.33,125.36,9824,2023-09-18
2023-09-18 22:15:00,125.36,125.36,125.28,125.3,9380,2023-09-18
2023-09-18 22:20:00,125.29,125.315,125.24,125.24,9160,2023-09-18
2023-09-18 22:25:00,125.225,125.255,125.2,125.255,13599,2023-09-18
2023-09-18 22:30:00,125.25,125.277,125.21,125.2315,12250,2023-09-18
2023-09-18 22:35:00,125.257,125.257,125.21,125.23,17936,2023-09-18
2023-09-18 22:40:00,125.22,125.275,125.21,125.235,21333,2023-09-18
2023-09-18 22:45:00,125.24,125.24,125.16,125.17,30919,2023-09-18
2023-09-18 22:50:00,125.16,125.27,125.08,125.12,56724,2023-09-18
2023-09-18 22:55:00,125.11,125.18,125.03,125.11,118322,2023-09-18
2023-09-18 23:00:00,125.12,125.12,125.12,125.12,111298,2023-09-18
2023-09-18 23:10:00,125.12,125.12,125.12,125.12,1652,2023-09-18
2023-09-19 15:15:00,125.6,125.6,125.6,125.6,100,2023-09-19
2023-09-19 16:30:00,124.74,124.94,124.11,124.1252,24834,2023-09-19
2023-09-19 16:35:00,124.12,124.35,124.12,124.295,2116,2023-09-19
2023-09-19 16:40:00,124.2347,124.275,123.94,124.165,8163,2023-09-19
2023-09-19 16:45:00,124.18,124.33,124.165,124.33,10592,2023-09-19
2023-09-19 16:50:00,124.34,124.46,124.32,124.445,6730,2023-09-19
2023-09-19 16:55:00,124.39,124.52,124.3,124.52,8412,2023-09-19
2023-09-19 17:00:00,124.545,124.55,124.35,124.35,10237,2023-09-19
2023-09-19 17:05:00,124.3,124.36,124.14,124.175,9764,2023-09-19
2023-09-19 17:10:00,124.2,124.2,124.01,124.09,10148,2023-09-19
2023-09-19 17:15:00,124.08,124.08,123.8475,123.92,9608,2023-09-19
2023-09-19 17:20:00,123.91,123.9751,123.91,123.97,6964,2023-09-19
2023-09-19 17:25:00,123.96,124.05,123.9,124.045,9106,2023-09-19
2023-09-19 17:30:00,124.07,124.07,123.92,123.935,7729,2023-09-19
2023-09-19 17:35:00,123.94,124.04,123.89,124.04,10974,2023-09-19
2023-09-19 17:40:00,124.06,124.15,124.01,124.115,6483,2023-09-19
2023-09-19 17:45:00,124.09,124.19,124.09,124.13,7755,2023-09-19
2023-09-19 17:50:00,124.18,124.335,124.17,124.335,15304,2023-09-19
2023-09-19 17:55:00,124.335,124.3599,124.2925,124.335,3349,2023-09-19
2023-09-19 18:00:00,124.31,124.37,124.26,124.32,5634,2023-09-19
2023-09-19 18:05:00,124.3,124.41,124.24,124.41,6362,2023-09-19
2023-09-19 18:10:00,124.36,124.36,124.29,124.34,3707,2023-09-19
2023-09-19 18:15:00,124.32,124.39,124.28,124.34,6602,2023-09-19
2023-09-19 18:20:00,124.345,124.36,124.31,124.31,2030,2023-09-19
2023-09-19 18:25:00,124.3,124.36,124.3,124.36,3168,2023-09-19
2023-09-19 18:30:00,124.34,124.44,124.27,124.43,18738,2023-09-19
2023-09-19 18:35:00,124.39,124.39,124.29,124.29,13233,2023-09-19
2023-09-19 18:40:00,124.28,124.33,124.225,124.2877,6647,2023-09-19
2023-09-19 18:45:00,124.245,124.256,124.195,124.22,3205,2023-09-19
2023-09-19 18:50:00,124.21,124.21,124,124,7887,2023-09-19
2023-09-19 18:55:00,124.0195,124.04,123.93,123.93,17330,2023-09-19
2023-09-19 19:00:00,123.89,124.02,123.89,123.9949,6217,2023-09-19
2023-09-19 19:05:00,123.95,124.045,123.95,124.03,7531,2023-09-19
2023-09-19 19:10:00,124.03,124.03,123.87,123.92,8801,2023-09-19
2023-09-19 19:15:00,123.92,123.9306,123.87,123.895,3398,2023-09-19
2023-09-19 19:20:00,123.9,123.93,123.89,123.93,5410,2023-09-19
2023-09-19 19:25:00,123.9199,124.077,123.89,124.0179,14618,2023-09-19
2023-09-19 19:30:00,124.02,124.09,124.02,124.08,6776,2023-09-19
2023-09-19 19:35:00,124.08,124.135,124.04,124.135,8344,2023-09-19
2023-09-19 19:40:00,124.17,124.24,124.14,124.16,7582,2023-09-19
2023-09-19 19:45:00,124.165,124.185,124.13,124.18,4490,2023-09-19
2023-09-19 19:50:00,124.185,124.22,124.16,124.22,4096,2023-09-19
2023-09-19 19:55:00,124.21,124.24,124.1701,124.21,3055,2023-09-19
2023-09-19 20:00:00,124.2,124.235,124.12,124.13,7272,2023-09-19
2023-09-19 20:05:00,124.11,124.11,124,124,4454,2023-09-19
2023-09-19 20:10:00,124.02,124.13,124.01,124.13,5372,2023-09-19
2023-09-19 20:15:00,124.15,124.15,124.075,124.105,7206,2023-09-19
2023-09-19 20:20:00,124.115,124.15,124.085,124.13,5808,2023-09-19
2023-09-19 20:25:00,124.135,124.19,124.105,124.19,5956,2023-09-19
2023-09-19 20:30:00,124.193,124.22,124.15,124.15,4461,2023-09-19
2023-09-19 20:35:00,124.16,124.23,124.16,124.23,4562,2023-09-19
2023-09-19 20:40:00,124.19,124.275,124.19,124.23,5607,2023-09-19
2023-09-19 20:45:00,124.25,124.31,124.25,124.265,4330,2023-09-19
2023-09-19 20:50:00,124.265,124.33,124.265,124.3,2337,2023-09-19
2023-09-19 20:55:00,124.27,124.2747,124.2305,124.26,3814,2023-09-19
2023-09-19 21:00:00,124.24,124.25,124.21,124.22,4057,2023-09-19
2023-09-19 21:05:00,124.22,124.225,124.19,124.225,4503,2023-09-19
2023-09-19 21:10:00,124.24,124.3,124.22,124.2402,2983,2023-09-19
2023-09-19 21:15:00,124.25,124.251,124.22,124.2399,7031,2023-09-19
2023-09-19 21:20:00,124.21,124.22,124.18,124.19,4664,2023-09-19
2023-09-19 21:25:00,124.175,124.25,124.175,124.245,4884,2023-09-19
2023-09-19 21:30:00,124.24,124.3399,124.24,124.3399,8705,2023-09-19
2023-09-19 21:35:00,124.34,124.57,124.33,124.56,12729,2023-09-19
2023-09-19 21:40:00,124.55,124.63,124.545,124.6014,10324,2023-09-19
2023-09-19 21:45:00,124.615,124.66,124.5908,124.5908,8171,2023-09-19
2023-09-19 21:50:00,124.61,124.63,124.56,124.595,9093,2023-09-19
2023-09-19 21:55:00,124.6,124.6,124.521,124.54,5494,2023-09-19
2023-09-19 22:00:00,124.5004,124.55,124.5,124.5455,5105,2023-09-19
2023-09-19 22:05:00,124.51,124.51,124.43,124.4302,6432,2023-09-19
2023-09-19 22:10:00,124.43,124.51,124.43,124.5,11048,2023-09-19
2023-09-19 22:15:00,124.49,124.51,124.4166,124.46,7981,2023-09-19
2023-09-19 22:20:00,124.455,124.455,124.41,124.44,5079,2023-09-19
2023-09-19 22:25:00,124.47,124.47,124.4,124.44,7995,2023-09-19
2023-09-19 22:30:00,124.44,124.47,124.413,124.46,6444,2023-09-19
2023-09-19 22:35:00,124.45,124.505,124.38,124.43,9833,2023-09-19
2023-09-19 22:40:00,124.42,124.43,124.365,124.42,12192,2023-09-19
2023-09-19 22:45:00,124.45,124.62,124.45,124.55,19588,2023-09-19
2023-09-19 22:50:00,124.54,124.54,124.43,124.45,39646,2023-09-19
2023-09-19 22:55:00,124.45,124.45,124.31,124.38,91687,2023-09-19
2023-09-19 23:00:00,124.37,124.37,124.37,124.37,9841,2023-09-19
2023-09-19 23:10:00,124.37,124.37,124.37,124.37,888,2023-09-19
2023-09-20 15:20:00,124.6,124.6,124.6,124.6,100,2023-09-20
2023-09-20 15:55:00,124.56,124.56,124.56,124.56,100,2023-09-20
2023-09-20 16:30:00,124.9,125,124.7301,124.78,12690,2023-09-20
2023-09-20 16:35:00,124.91,124.91,124.64,124.74,6576,2023-09-20
2023-09-20 16:40:00,124.54,124.54,124.3601,124.3601,6851,2023-09-20
2023-09-20 16:45:00,124.36,124.38,124.26,124.335,3681,2023-09-20
2023-09-20 16:50:00,124.3206,124.5,124.3206,124.445,3479,2023-09-20
2023-09-20 16:55:00,124.36,124.57,124.36,124.494,18058,2023-09-20
2023-09-20 17:00:00,124.49,124.61,124.49,124.61,6272,2023-09-20
2023-09-20 17:05:00,124.62,124.62,124.54,124.56,3562,2023-09-20
2023-09-20 17:10:00,124.56,124.6,124.495,124.6,7503,2023-09-20
2023-09-20 17:15:00,124.61,124.75,124.61,124.67,8315,2023-09-20
2023-09-20 17:20:00,124.72,124.76,124.67,124.67,3199,2023-09-20
2023-09-20 17:25:00,124.67,124.72,124.6425,124.715,2614,2023-09-20
2023-09-20 17:30:00,124.71,124.74,124.71,124.725,2197,2023-09-20
2023-09-20 17:35:00,124.7001,124.7399,124.6601,124.71,5840,2023-09-20
2023-09-20 17:40:00,124.73,124.82,124.71,124.82,5880,2023-09-20
2023-09-20 17:45:00,124.825,124.915,124.79,124.91,5410,2023-09-20
2023-09-20 17:50:00,124.93,125.0245,124.9,125.02,8129,2023-09-20
2023-09-20 17:55:00,125.01,125.095,124.99,125.07,7234,2023-09-20
2023-09-20 18:00:00,125.065,125.065,125,125.05,1663,2023-09-20
2023-09-20 18:05:00,125.05,125.15,125.05,125.15,5599,2023-09-20
2023-09-20 18:10:00,125.165,125.315,125.16,125.315,6545,2023-09-20
2023-09-20 18:15:00,125.33,125.34,125.28,125.33,6722,2023-09-20
2023-09-20 18:20:00,125.325,125.42,125.29,125.395,13395,2023-09-20
2023-09-20 18:25:00,125.38,125.41,125.2406,125.32,10295,2023-09-20
2023-09-20 18:30:00,125.335,125.365,125.315,125.34,6998,2023-09-20
2023-09-20 18:35:00,125.335,125.455,125.335,125.455,4170,2023-09-20
2023-09-20 18:40:00,125.46,125.54,125.45,125.51,7216,2023-09-20
2023-09-20 18:45:00,125.52,125.645,125.52,125.59,15480,2023-09-20
2023-09-20 18:50:00,125.57,125.63,125.55,125.6,7973,2023-09-20
2023-09-20 18:55:00,125.6211,125.68,125.61,125.625,13085,2023-09-20
2023-09-20 19:00:00,125.625,125.7,125.61,125.68,10330,2023-09-20
2023-09-20 19:05:00,125.685,125.7,125.605,125.605,12971,2023-09-20
2023-09-20 19:10:00,125.6,125.665,125.5558,125.59,11950,2023-09-20
2023-09-20 19:15:00,125.6,125.69,125.6,125.645,5583,2023-09-20
2023-09-20 19:20:00,125.63,125.6799,125.63,125.66,6044,2023-09-20
2023-09-20 19:25:00,125.66,125.68,125.565,125.64,10436,2023-09-20
2023-09-20 19:30:00,125.67,125.68,125.605,125.63,14956,2023-09-20
2023-09-20 19:35:00,125.63,125.63,125.55,125.55,5883,2023-09-20
2023-09-20 19:40:00,125.5699,125.67,125.541,125.645,16448,2023-09-20
2023-09-20 19:45:00,125.7,125.775,125.7,125.7275,15380,2023-09-20
2023-09-20 19:50:00,125.71,125.78,125.71,125.75,11658,2023-09-20
2023-09-20 19:55:00,125.78,125.84,125.775,125.8256,7704,2023-09-20
2023-09-20 20:00:00,125.82,125.82,125.74,125.74,16601,2023-09-20
2023-09-20 20:05:00,125.7,125.71,125.605,125.605,4599,2023-09-20
2023-09-20 20:10:00,125.59,125.61,125.505,125.57,8070,2023-09-20
2023-09-20 20:15:00,125.61,125.64,125.49,125.51,9711,2023-09-20
2023-09-20 20:20:00,125.5,125.635,125.495,125.58,8116,2023-09-20
2023-09-20 20:25:00,125.6008,125.61,125.53,125.56,7632,2023-09-20
2023-09-20 20:30:00,125.55,125.59,125.54,125.58,3844,2023-09-20
2023-09-20 20:35:00,125.59,125.59,125.53,125.56,8962,2023-09-20
2023-09-20 20:40:00,125.5,125.54,125.495,125.51,5771,2023-09-20
2023-09-20 20:45:00,125.54,125.58,125.54,125.5647,2051,2023-09-20
2023-09-20 20:50:00,125.555,125.63,125.555,125.61,3961,2023-09-20
2023-09-20 20:55:00,125.59,125.6147,125.59,125.605,3200,2023-09-20
2023-09-20 21:00:00,125.63,125.66,125.3,125.35,9613,2023-09-20
2023-09-20 21:05:00,125.335,125.42,125.335,125.3575,3871,2023-09-20
2023-09-20 21:10:00,125.35,125.4294,125.28,125.37,5065,2023-09-20
2023-09-20 21:15:00,125.37,125.44,125.3575,125.43,11010,2023-09-20
2023-09-20 21:20:00,125.41,125.41,125.24,125.24,8021,2023-09-20
2023-09-20 21:25:00,125.26,125.3099,125.26,125.27,3130,2023-09-20
2023-09-20 21:30:00,125.2413,125.315,125.1712,125.28,11381,2023-09-20
2023-09-20 21:35:00,125.29,125.305,125.21,125.26,5343,2023-09-20
2023-09-20 21:40:00,125.28,125.37,125.28,125.37,8187,2023-09-20
2023-09-20 21:45:00,125.36,125.365,125.27,125.27,5392,2023-09-20
2023-09-20 21:50:00,125.24,125.24,125.12,125.18,6195,2023-09-20
2023-09-20 21:55:00,125.1822,125.22,125.03,125.045,9756,2023-09-20
2023-09-20 22:00:00,125.02,125.02,124.96,124.97,10018,2023-09-20
2023-09-20 22:05:00,125.03,125.04,124.95,125,9004,2023-09-20
2023-09-20 22:10:00,124.99,125.04,124.97,125.02,10184,2023-09-20
2023-09-20 22:15:00,125.035,125.17,125.01,125.17,9028,2023-09-20
2023-09-20 22:20:00,125.16,125.23,125.125,125.16,11625,2023-09-20
2023-09-20 22:25:00,125.175,125.175,125.03,125.08,8836,2023-09-20
2023-09-20 22:30:00,125.08,125.09,124.94,124.965,14788,2023-09-20
2023-09-20 22:35:00,124.97,125.01,124.94,125,11165,2023-09-20
2023-09-20 22:40:00,125.01,125.05,124.98,125.05,16514,2023-09-20
2023-09-20 22:45:00,125.065,125.07,124.9,124.94,22952,2023-09-20
2023-09-20 22:50:00,124.92,125.05,124.86,124.95,48331,2023-09-20
2023-09-20 22:55:00,124.94,124.97,124.83,124.93,121461,2023-09-20
2023-09-20 23:00:00,124.93,124.93,124.93,124.93,76127,2023-09-20
2023-09-20 23:05:00,124.93,124.93,124.93,124.93,894,2023-09-20
2023-09-21 16:25:00,125.08,125.59,125.08,125.44,851,2023-09-21
2023-09-21 16:30:00,125.6,125.75,125.1028,125.31,30449,2023-09-21
2023-09-21 16:35:00,125.23,125.43,125.17,125.34,18751,2023-09-21
2023-09-21 16:40:00,125.4,125.51,125.27,125.345,20682,2023-09-21
2023-09-21 16:45:00,125.39,125.43,125.29,125.34,10092,2023-09-21
2023-09-21 16:50:00,125.41,126.01,125.41,126.01,20694,2023-09-21
2023-09-21 16:55:00,125.96,125.97,125.74,125.845,27526,2023-09-21
2023-09-21 17:00:00,125.87,126.03,125.865,125.89,23520,2023-09-21
2023-09-21 17:05:00,125.88,125.97,125.76,125.84,22855,2023-09-21
2023-09-21 17:10:00,125.815,126.18,125.8,126.18,28381,2023-09-21
2023-09-21 17:15:00,126.18,126.185,125.67,125.77,23186,2023-09-21
2023-09-21 17:20:00,125.79,125.925,125.79,125.92,16557,2023-09-21
2023-09-21 17:25:00,125.89,125.97,125.89,125.93,14678,2023-09-21
2023-09-21 17:30:00,125.89,125.89,125.72,125.835,17437,2023-09-21
2023-09-21 17:35:00,125.835,126.03,125.8,125.95,37235,2023-09-21
2023-09-21 17:40:00,125.94,125.95,125.815,125.89,18435,2023-09-21
2023-09-21 17:45:00,125.89,125.95,125.815,125.95,19206,2023-09-21
2023-09-21 17:50:00,125.94,126.14,125.94,126.01,37722,2023-09-21
2023-09-21 17:55:00,126.01,126.01,125.825,125.91,12496,2023-09-21
2023-09-21 18:00:00,125.88,126.15,125.85,126.15,20783,2023-09-21
2023-09-21 18:05:00,126.125,126.125,125.98,126.05,17772,2023-09-21
2023-09-21 18:10:00,126.055,126.2,126.05,126.2,14721,2023-09-21
2023-09-21 18:15:00,126.17,126.17,126.02,126.06,34699,2023-09-21
2023-09-21 18:20:00,126.06,126.23,125.985,126.23,23024,2023-09-21
2023-09-21 18:25:00,126.23,126.3,126.17,126.19,26224,2023-09-21
2023-09-21 18:30:00,126.18,126.25,126.085,126.11,16660,2023-09-21
2023-09-21 18:35:00,126.09,126.2,126.04,126.2,19654,2023-09-21
2023-09-21 18:40:00,126.19,126.305,126.179,126.305,15870,2023-09-21
2023-09-21 18:45:00,126.29,126.32,126.195,126.195,14504,2023-09-21
2023-09-21 18:50:00,126.2076,126.2475,126.06,126.2475,12131,2023-09-21
2023-09-21 18:55:00,126.225,126.25,126.155,126.155,10173,2023-09-21
2023-09-21 19:00:00,126.15,126.31,126.13,126.31,21160,2023-09-21
2023-09-21 19:05:00,126.31,126.385,126.25,126.31,14669,2023-09-21
2023-09-21 19:10:00,126.305,126.35,126.255,126.35,15919,2023-09-21
2023-09-21 19:15:00,126.345,126.345,126.17,126.2199,11336,2023-09-21
2023-09-21 19:20:00,126.22,126.24,126.17,126.1799,10944,2023-09-21
2023-09-21 19:25:00,126.18,126.2499,126.18,126.205,15789,2023-09-21
2023-09-21 19:30:00,126.205,126.24,126.12,126.2225,14786,2023-09-21
2023-09-21 19:35:00,126.225,126.3,126.15,126.28,27932,2023-09-21
2023-09-21 19:40:00,126.28,126.36,126.28,126.3,9122,2023-09-21
2023-09-21 19:45:00,126.295,126.35,126.26,126.27,9966,2023-09-21
2023-09-21 19:50:00,126.2719,126.28,126.225,126.24,14217,2023-09-21
2023-09-21 19:55:00,126.25,126.28,126.18,126.18,6987,2023-09-21
2023-09-21 20:00:00,126.12,126.17,126.06,126.065,12317,2023-09-21
2023-09-21 20:05:00,126.055,126.065,125.82,125.845,7507,2023-09-21
2023-09-21 20:10:00,125.84,125.9,125.78,125.9,13505,2023-09-21
2023-09-21 20:15:00,125.87,125.87,125.8,125.87,5603,2023-09-21
2023-09-21 20:20:00,125.8503,125.93,125.8503,125.92,5971,2023-09-21
2023-09-21 20:25:00,125.92,125.95,125.87,125.91,7009,2023-09-21
2023-09-21 20:30:00,125.9,125.95,125.84,125.87,6033,2023-09-21
2023-09-21 20:35:00,125.88,125.88,125.81,125.83,4978,2023-09-21
2023-09-21 20:40:00,125.85,125.93,125.84,125.92,4834,2023-09-21
2023-09-21 20:45:00,125.93,126.0999,125.92,126.055,15541,2023-09-21
2023-09-21 20:50:00,126.065,126.08,126,126.02,10989,2023-09-21
2023-09-21 20:55:00,126.015,126.015,125.95,125.95,3505,2023-09-21
2023-09-21 21:00:00,125.97,126.03,125.94,125.97,11572,2023-09-21
2023-09-21 21:05:00,125.98,125.98,125.81,125.81,12625,2023-09-21
2023-09-21 21:10:00,125.8299,125.91,125.8,125.91,16999,2023-09-21
2023-09-21 21:15:00,125.905,125.94,125.88,125.9,4619,2023-09-21
2023-09-21 21:20:00,125.89,125.91,125.78,125.82,8391,2023-09-21
2023-09-21 21:25:00,125.8216,125.845,125.79,125.8,7678,2023-09-21
2023-09-21 21:30:00,125.78,125.8,125.7645,125.8,8760,2023-09-21
2023-09-21 21:35:00,125.798,125.91,125.77,125.89,9047,2023-09-21
2023-09-21 21:40:00,125.89,126,125.86,125.945,19041,2023-09-21
2023-09-21 21:45:00,125.98,125.985,125.91,125.925,7001,2023-09-21
2023-09-21 21:50:00,125.91,125.97,125.84,125.93,12240,2023-09-21
2023-09-21 21:55:00,125.945,125.945,125.86,125.92,8449,2023-09-21
2023-09-21 22:00:00,125.9,125.9,125.69,125.71,9460,2023-09-21
2023-09-21 22:05:00,125.72,125.77,125.68,125.72,9152,2023-09-21
2023-09-21 22:10:00,125.73,125.77,125.69,125.76,10107,2023-09-21
2023-09-21 22:15:00,125.73,125.73,125.6,125.68,14368,2023-09-21
2023-09-21 22:20:00,125.67,125.76,125.67,125.68,12280,2023-09-21
2023-09-21 22:25:00,125.685,125.685,125.52,125.53,8748,2023-09-21
2023-09-21 22:30:00,125.52,125.52,125.3501,125.36,13116,2023-09-21
2023-09-21 22:35:00,125.36,125.49,125.36,125.46,21433,2023-09-21
2023-09-21 22:40:00,125.45,125.58,125.44,125.51,26701,2023-09-21
2023-09-21 22:45:00,125.48,125.53,125.35,125.41,27364,2023-09-21
2023-09-21 22:50:00,125.42,125.44,125.31,125.31,75790,2023-09-21
2023-09-21 22:55:00,125.33,125.38,125.24,125.28,109514,2023-09-21
2023-09-21 23:00:00,125.27,125.27,125.27,125.27,30355,2023-09-21
2023-09-21 23:05:00,125.27,125.27,125.27,125.27,1489,2023-09-21
2023-09-22 16:25:00,125,125,125,125,250,2023-09-22
2023-09-22 16:30:00,125.08,125.215,124.78,124.91,22519,2023-09-22
2023-09-22 16:35:00,124.79,125.3299,124.77,125.16,9079,2023-09-22
2023-09-22 16:40:00,125.16,125.67,125.085,125.295,7246,2023-09-22
2023-09-22 16:45:00,125.255,125.31,125.145,125.22,9557,2023-09-22
2023-09-22 16:50:00,125.2,125.28,125.11,125.11,6985,2023-09-22
2023-09-22 16:55:00,125.11,125.15,124.92,124.99,9320,2023-09-22
2023-09-22 17:00:00,124.98,125.03,124.92,124.97,7537,2023-09-22
2023-09-22 17:05:00,124.945,124.945,124.78,124.835,6485,2023-09-22
2023-09-22 17:10:00,124.86,124.88,124.61,124.65,6450,2023-09-22
2023-09-22 17:15:00,124.69,124.7,124.48,124.48,8605,2023-09-22
2023-09-22 17:20:00,124.49,124.76,124.49,124.72,15058,2023-09-22
2023-09-22 17:25:00,124.76,124.8,124.69,124.71,2861,2023-09-22
2023-09-22 17:30:00,124.75,124.8326,124.65,124.69,7430,2023-09-22
2023-09-22 17:35:00,124.65,124.65,124.395,124.395,8531,2023-09-22
2023-09-22 17:40:00,124.4,124.51,124.39,124.5,9197,2023-09-22
2023-09-22 17:45:00,124.49,124.66,124.49,124.66,6848,2023-09-22
2023-09-22 17:50:00,124.67,124.82,124.67,124.82,8705,2023-09-22
2023-09-22 17:55:00,124.82,124.89,124.8,124.85,8979,2023-09-22
2023-09-22 18:00:00,124.85,124.91,124.82,124.885,9840,2023-09-22
2023-09-22 18:05:00,124.86,124.9,124.83,124.89,11544,2023-09-22
2023-09-22 18:10:00,124.85,124.915,124.81,124.83,8532,2023-09-22
2023-09-22 18:15:00,124.8,124.94,124.8,124.81,6081,2023-09-22
2023-09-22 18:20:00,124.77,124.88,124.76,124.88,9591,2023-09-22
2023-09-22 18:25:00,124.91,124.935,124.83,124.9,9659,2023-09-22
2023-09-22 18:30:00,124.97,125.07,124.97,125.07,4981,2023-09-22
2023-09-22 18:35:00,125.08,125.08,125.0401,125.06,4643,2023-09-22
2023-09-22 18:40:00,125.03,125.05,124.94,124.94,4589,2023-09-22
2023-09-22 18:45:00,124.93,124.955,124.87,124.87,6126,2023-09-22
2023-09-22 18:50:00,124.8604,124.8604,124.7501,124.8,5191,2023-09-22
2023-09-22 18:55:00,124.82,124.82,124.68,124.73,7549,2023-09-22
2023-09-22 19:00:00,124.7,124.7,124.62,124.69,2531,2023-09-22
2023-09-22 19:05:00,124.7,124.7155,124.67,124.7025,5981,2023-09-22
2023-09-22 19:10:00,124.7,124.77,124.69,124.7445,4116,2023-09-22
2023-09-22 19:15:00,124.79,124.8,124.6878,124.7,6228,2023-09-22
2023-09-22 19:20:00,124.66,124.75,124.65,124.7,8313,2023-09-22
2023-09-22 19:25:00,124.655,124.76,124.655,124.76,3974,2023-09-22
2023-09-22 19:30:00,124.7545,124.762,124.67,124.7606,6450,2023-09-22
2023-09-22 19:35:00,124.76,124.89,124.76,124.89,5201,2023-09-22
2023-09-22 19:40:00,124.91,124.93,124.88,124.88,3852,2023-09-22
2023-09-22 19:45:00,124.88,124.95,124.88,124.94,5794,2023-09-22
2023-09-22 19:50:00,124.91,124.91,124.86,124.88,3944,2023-09-22
2023-09-22 19:55:00,124.875,124.93,124.84,124.89,3691,2023-09-22
2023-09-22 20:00:00,124.83,124.85,124.828,124.83,1733,2023-09-22
2023-09-22 20:05:00,124.83,124.87,124.8,124.81,6301,2023-09-22
2023-09-22 20:10:00,124.76,124.76,124.66,124.685,5661,2023-09-22
2023-09-22 20:15:00,124.69,124.7,124.6514,124.67,4804,2023-09-22
2023-09-22 20:20:00,124.65,124.66,124.57,124.57,6894,2023-09-22
2023-09-22 20:25:00,124.62,124.72,124.615,124.67,7462,2023-09-22
2023-09-22 20:30:00,124.66,124.66,124.56,124.606,4400,2023-09-22
2023-09-22 20:35:00,124.58,124.645,124.54,124.63,14190,2023-09-22
2023-09-22 20:40:00,124.59,124.59,124.4273,124.4537,6007,2023-09-22
2023-09-22 20:45:00,124.4566,124.52,124.42,124.5,5125,2023-09-22
2023-09-22 20:50:00,124.4991,124.61,124.4745,124.61,5305,2023-09-22
2023-09-22 20:55:00,124.65,124.65,124.54,124.57,1488,2023-09-22
2023-09-22 21:00:00,124.575,124.62,124.56,124.58,5625,2023-09-22
2023-09-22 21:05:00,124.58,124.58,124.53,124.53,1252,2023-09-22
2023-09-22 21:10:00,124.53,124.55,124.495,124.55,5706,2023-09-22
2023-09-22 21:15:00,124.56,124.605,124.556,124.605,5692,2023-09-22
2023-09-22 21:20:00,124.64,124.69,124.64,124.69,4551,2023-09-22
2023-09-22 21:25:00,124.7,124.72,124.67,124.68,5316,2023-09-22
2023-09-22 21:30:00,124.68,124.68,124.635,124.6571,7701,2023-09-22
2023-09-22 21:35:00,124.65,124.65,124.54,124.54,7605,2023-09-22
2023-09-22 21:40:00,124.52,124.53,124.355,124.355,7909,2023-09-22
2023-09-22 21:45:00,124.345,124.45,124.33,124.43,10904,2023-09-22
2023-09-22 21:50:00,124.452,124.5114,124.44,124.47,7521,2023-09-22
2023-09-22 21:55:00,124.44,124.49,124.43,124.48,5566,2023-09-22
2023-09-22 22:00:00,124.46,124.6133,124.435,124.5706,5821,2023-09-22
2023-09-22 22:05:00,124.59,124.69,124.54,124.6736,8171,2023-09-22
2023-09-22 22:10:00,124.71,124.8109,124.71,124.8,7471,2023-09-22
2023-09-22 22:15:00,124.8,124.81,124.74,124.78,8192,2023-09-22
2023-09-22 22:20:00,124.73,124.74,124.66,124.66,7791,2023-09-22
2023-09-22 22:25:00,124.67,124.67,124.5874,124.59,7179,2023-09-22
2023-09-22 22:30:00,124.58,124.6,124.4701,124.485,7288,2023-09-22
2023-09-22 22:35:00,124.47,124.48,124.38,124.39,12983,2023-09-22
2023-09-22 22:40:00,124.36,124.36,124.16,124.16,16175,2023-09-22
2023-09-22 22:45:00,124.18,124.27,124.07,124.13,22116,2023-09-22
2023-09-22 22:50:00,124.09,124.1,123.75,123.83,88942,2023-09-22
2023-09-22 22:55:00,123.84,124.08,123.84,123.99,118002,2023-09-22
2023-09-22 23:00:00,123.97,123.97,123.97,123.97,14786,2023-09-22
2023-09-22 23:15:00,123.97,123.97,123.97,123.97,171,2023-09-22
2023-09-25 16:30:00,123.96,123.96,123.52,123.745,15732,2023-09-25
2023-09-25 16:35:00,123.745,123.9306,123.71,123.73,4553,2023-09-25
2023-09-25 16:40:00,123.755,123.81,123.7,123.8,9254,2023-09-25
2023-09-25 16:45:00,123.75,123.81,123.67,123.795,15001,2023-09-25
2023-09-25 16:50:00,123.8,123.83,123.66,123.75,7008,2023-09-25
2023-09-25 16:55:00,123.84,123.84,123.7,123.755,12303,2023-09-25
2023-09-25 17:00:00,123.74,123.815,123.74,123.81,7263,2023-09-25
2023-09-25 17:05:00,123.78,123.87,123.7147,123.73,4139,2023-09-25
2023-09-25 17:10:00,123.77,123.83,123.72,123.72,4843,2023-09-25
2023-09-25 17:15:00,123.705,123.705,123.55,123.58,13012,2023-09-25
2023-09-25 17:20:00,123.57,123.63,123.55,123.56,6410,2023-09-25
2023-09-25 17:25:00,123.6499,123.71,123.59,123.71,3833,2023-09-25
2023-09-25 17:30:00,123.71,123.8,123.655,123.795,6913,2023-09-25
2023-09-25 17:35:00,123.76,123.89,123.71,123.89,7114,2023-09-25
2023-09-25 17:40:00,123.93,124.25,123.925,124.25,8612,2023-09-25
2023-09-25 17:45:00,124.255,124.38,124.23,124.35,16883,2023-09-25
2023-09-25 17:50:00,124.315,124.36,124.2,124.24,8844,2023-09-25
2023-09-25 17:55:00,124.16,124.21,124,124.01,4699,2023-09-25
2023-09-25 18:00:00,124,124.05,123.94,123.98,15098,2023-09-25
2023-09-25 18:05:00,123.95,123.98,123.875,123.91,13730,2023-09-25
2023-09-25 18:10:00,123.92,123.94,123.87,123.93,17354,2023-09-25
2023-09-25 18:15:00,123.96,124.12,123.91,124.11,23446,2023-09-25
2023-09-25 18:20:00,124.12,124.23,124.09,124.145,10823,2023-09-25
2023-09-25 18:25:00,124.12,124.19,124,124.02,7096,2023-09-25
2023-09-25 18:30:00,124,124.12,123.96,124.02,23314,2023-09-25
2023-09-25 18:35:00,124.03,124.03,123.94,123.96,14319,2023-09-25
2023-09-25 18:40:00,123.99,124.09,123.89,124.0475,13649,2023-09-25
2023-09-25 18:45:00,124.05,124.05,123.95,123.97,11823,2023-09-25
2023-09-25 18:50:00,123.98,124.07,123.96,123.98,8116,2023-09-25
2023-09-25 18:55:00,123.995,124.1,123.97,124.09,6448,2023-09-25
2023-09-25 19:00:00,124.08,124.16,124.01,124.05,11166,2023-09-25
2023-09-25 19:05:00,124.07,124.12,124.07,124.09,4522,2023-09-25
2023-09-25 19:10:00,124.11,124.2012,124.08,124.2,9530,2023-09-25
2023-09-25 19:15:00,124.22,124.235,124.11,124.165,16994,2023-09-25
2023-09-25 19:20:00,124.16,124.22,124.085,124.1,11820,2023-09-25
2023-09-25 19:25:00,124.075,124.075,124.01,124.01,2981,2023-09-25
2023-09-25 19:30:00,123.99,123.99,123.86,123.93,5397,2023-09-25
2023-09-25 19:35:00,123.93,123.965,123.8383,123.965,6704,2023-09-25
2023-09-25 19:40:00,123.97,123.97,123.88,123.89,4296,2023-09-25
2023-09-25 19:45:00,123.9,123.9,123.82,123.82,3243,2023-09-25
2023-09-25 19:50:00,123.78,123.8,123.76,123.795,3959,2023-09-25
2023-09-25 19:55:00,123.78,123.78,123.67,123.75,7897,2023-09-25
2023-09-25 20:00:00,123.765,123.7699,123.68,123.69,5754,2023-09-25
2023-09-25 20:05:00,123.705,123.705,123.67,123.7,2629,2023-09-25
2023-09-25 20:10:00,123.68,123.7662,123.67,123.73,6636,2023-09-25
2023-09-25 20:15:00,123.73,123.755,123.625,123.63,6585,2023-09-25
2023-09-25 20:20:00,123.62,123.6559,123.55,123.59,18380,2023-09-25
2023-09-25 20:25:00,123.63,123.68,123.578,123.61,6535,2023-09-25
2023-09-25 20:30:00,123.6,123.6,123.525,123.54,3989,2023-09-25
2023-09-25 20:35:00,123.54,123.54,123.42,123.45,10531,2023-09-25
2023-09-25 20:40:00,123.44,123.515,123.44,123.49,8684,2023-09-25
2023-09-25 20:45:00,123.4974,123.5374,123.375,123.49,10004,2023-09-25
2023-09-25 20:50:00,123.51,123.544,123.4901,123.505,5111,2023-09-25
2023-09-25 20:55:00,123.54,123.585,123.54,123.58,2644,2023-09-25
2023-09-25 21:00:00,123.62,123.71,123.62,123.635,7402,2023-09-25
2023-09-25 21:05:00,123.62,123.6643,123.59,123.6323,5806,2023-09-25
2023-09-25 21:10:00,123.62,123.65,123.53,123.54,4960,2023-09-25
2023-09-25 21:15:00,123.55,123.55,123.425,123.44,6451,2023-09-25
2023-09-25 21:20:00,123.4203,123.44,123.26,123.26,7392,2023-09-25
2023-09-25 21:25:00,123.26,123.28,123.17,123.19,13537,2023-09-25
2023-09-25 21:30:00,123.2,123.2,123.12,123.17,12145,2023-09-25
2023-09-25 21:35:00,123.17,123.2763,123.17,123.24,11773,2023-09-25
2023-09-25 21:40:00,123.2296,123.3,123.195,123.29,11867,2023-09-25
2023-09-25 21:45:00,123.31,123.35,123.308,123.31,3696,2023-09-25
2023-09-25 21:50:00,123.29,123.31,123.275,123.275,5756,2023-09-25
2023-09-25 21:55:00,123.31,123.33,123.2401,123.255,4499,2023-09-25
2023-09-25 22:00:00,123.24,123.24,123.1,123.105,7808,2023-09-25
2023-09-25 22:05:00,123.08,123.12,123.01,123.106,9968,2023-09-25
2023-09-25 22:10:00,123.09,123.17,123.06,123.17,7157,2023-09-25
2023-09-25 22:15:00,123.19,123.34,123.18,123.33,9757,2023-09-25
2023-09-25 22:20:00,123.34,123.515,123.34,123.415,11485,2023-09-25
2023-09-25 22:25:00,123.41,123.43,123.29,123.365,8081,2023-09-25
2023-09-25 22:30:00,123.37,123.45,123.37,123.42,12060,2023-09-25
2023-09-25 22:35:00,123.43,123.55,123.41,123.55,13713,2023-09-25
2023-09-25 22:40:00,123.56,123.57,123.43,123.43,16275,2023-09-25
2023-09-25 22:45:00,123.42,123.51,123.35,123.4,22944,2023-09-25
2023-09-25 22:50:00,123.38,123.53,123.38,123.48,32872,2023-09-25
2023-09-25 22:55:00,123.49,123.63,123.46,123.49,138798,2023-09-25
2023-09-25 23:00:00,123.48,123.48,123.48,123.48,17695,2023-09-25
2023-09-26 01:45:00,122.65,122.65,122.65,122.65,400,2023-09-25
2023-09-26 16:30:00,122.88,123.61,122.88,123.61,15526,2023-09-26
2023-09-26 16:35:00,123.605,123.76,123.42,123.44,6215,2023-09-26
2023-09-26 16:40:00,123.4,123.4,123.12,123.395,4064,2023-09-26
2023-09-26 16:45:00,123.45,123.53,123.3394,123.53,4957,2023-09-26
2023-09-26 16:50:00,123.45,123.59,123.45,123.5525,9217,2023-09-26
2023-09-26 16:55:00,123.565,123.71,123.55,123.71,7409,2023-09-26
2023-09-26 17:00:00,123.72,123.72,123.51,123.51,14233,2023-09-26
2023-09-26 17:05:00,123.51,123.6,123.37,123.39,14087,2023-09-26
2023-09-26 17:10:00,123.4,123.43,123.35,123.41,7735,2023-09-26
2023-09-26 17:15:00,123.385,123.41,123.32,123.41,8505,2023-09-26
2023-09-26 17:20:00,123.43,123.61,123.42,123.55,10894,2023-09-26
2023-09-26 17:25:00,123.51,123.56,123.43,123.43,15337,2023-09-26
2023-09-26 17:30:00,123.43,123.43,123.182,123.295,6401,2023-09-26
2023-09-26 17:35:00,123.325,123.35,123.2401,123.26,9576,2023-09-26
2023-09-26 17:40:00,123.25,123.38,123.25,123.34,9286,2023-09-26
2023-09-26 17:45:00,123.32,123.35,123.28,123.28,10728,2023-09-26
2023-09-26 17:50:00,123.26,123.39,123.23,123.37,27637,2023-09-26
2023-09-26 17:55:00,123.39,123.53,123.33,123.53,16067,2023-09-26
2023-09-26 18:00:00,123.54,123.6338,123.51,123.53,6358,2023-09-26
2023-09-26 18:05:00,123.51,123.64,123.4499,123.64,10389,2023-09-26
2023-09-26 18:10:00,123.645,123.73,123.6,123.71,16120,2023-09-26
2023-09-26 18:15:00,123.735,123.79,123.695,123.79,20071,2023-09-26
2023-09-26 18:20:00,123.795,123.905,123.75,123.905,10775,2023-09-26
2023-09-26 18:25:00,123.93,123.97,123.84,123.84,5531,2023-09-26
2023-09-26 18:30:00,123.85,123.92,123.8,123.92,15125,2023-09-26
2023-09-26 18:35:00,123.91,124.02,123.86,124.02,10838,2023-09-26
2023-09-26 18:40:00,124,124.11,123.945,124.04,20536,2023-09-26
2023-09-26 18:45:00,124.045,124.15,124.035,124.09,10474,2023-09-26
2023-09-26 18:50:00,124.13,124.29,124.115,124.21,20038,2023-09-26
2023-09-26 18:55:00,124.205,124.29,124.19,124.225,8954,2023-09-26
2023-09-26 19:00:00,124.2347,124.3,124.15,124.15,7447,2023-09-26
2023-09-26 19:05:00,124.145,124.2,124.11,124.11,5480,2023-09-26
2023-09-26 19:10:00,124.14,124.28,124.14,124.275,11072,2023-09-26
2023-09-26 19:15:00,124.245,124.265,124.12,124.12,8574,2023-09-26
2023-09-26 19:20:00,124.03,124.04,123.905,123.949,4868,2023-09-26
2023-09-26 19:25:00,123.96,124.046,123.93,123.99,9305,2023-09-26
2023-09-26 19:30:00,123.96,123.9701,123.94,123.94,4322,2023-09-26
2023-09-26 19:35:00,123.97,123.99,123.92,123.99,7042,2023-09-26
2023-09-26 19:40:00,124,124.02,123.95,123.965,7796,2023-09-26
2023-09-26 19:45:00,123.95,124.11,123.95,124.11,4524,2023-09-26
2023-09-26 19:50:00,124.07,124.1,124.03,124.1,7720,2023-09-26
2023-09-26 19:55:00,124.12,124.12,124.03,124.03,5296,2023-09-26
2023-09-26 20:00:00,124.025,124.13,124.01,124.07,10198,2023-09-26
2023-09-26 20:05:00,124.07,124.22,124.065,124.22,6389,2023-09-26
2023-09-26 20:10:00,124.2,124.2,124.1082,124.13,11168,2023-09-26
2023-09-26 20:15:00,124.13,124.16,124.085,124.085,5561,2023-09-26
2023-09-26 20:20:00,124.085,124.085,123.99,124.02,8629,2023-09-26
2023-09-26 20:25:00,124.02,124.0463,123.98,124.0352,7835,2023-09-26
2023-09-26 20:30:00,124.05,124.0653,123.985,123.985,10044,2023-09-26
2023-09-26 20:35:00,124.005,124.02,123.91,123.99,8535,2023-09-26
2023-09-26 20:40:00,124,124.0048,123.93,123.98,8069,2023-09-26
2023-09-26 20:45:00,123.98,124.02,123.98,124.005,5107,2023-09-26
2023-09-26 20:50:00,124,124.045,123.98,124.005,7822,2023-09-26
2023-09-26 20:55:00,124.03,124.09,124.03,124.05,5578,2023-09-26
2023-09-26 21:00:00,124.03,124.05,123.91,123.92,9616,2023-09-26
2023-09-26 21:05:00,123.915,123.915,123.8,123.8,6434,2023-09-26
2023-09-26 21:10:00,123.74,123.8,123.74,123.78,7672,2023-09-26
2023-09-26 21:15:00,123.83,123.85,123.81,123.845,4417,2023-09-26
2023-09-26 21:20:00,123.8201,123.85,123.7924,123.84,6996,2023-09-26
2023-09-26 21:25:00,123.85,123.85,123.78,123.82,8921,2023-09-26
2023-09-26 21:30:00,123.82,123.82,123.68,123.69,10156,2023-09-26
2023-09-26 21:35:00,123.71,123.75,123.65,123.745,4174,2023-09-26
2023-09-26 21:40:00,123.74,123.79,123.71,123.79,8748,2023-09-26
2023-09-26 21:45:00,123.77,123.77,123.66,123.675,9994,2023-09-26
2023-09-26 21:50:00,123.69,123.72,123.65,123.71,8533,2023-09-26
2023-09-26 21:55:00,123.71,123.77,123.71,123.755,9103,2023-09-26
2023-09-26 22:00:00,123.755,123.89,123.73,123.89,9016,2023-09-26
2023-09-26 22:05:00,123.89,124.025,123.86,123.99,13545,2023-09-26
2023-09-26 22:10:00,123.97,124.05,123.93,123.97,11387,2023-09-26
2023-09-26 22:15:00,123.95,123.965,123.77,123.79,10733,2023-09-26
2023-09-26 22:20:00,123.78,123.78,123.71,123.71,11463,2023-09-26
2023-09-26 22:25:00,123.715,123.76,123.685,123.76,10557,2023-09-26
2023-09-26 22:30:00,123.76,123.805,123.7,123.735,17274,2023-09-26
2023-09-26 22:35:00,123.75,123.87,123.75,123.87,13011,2023-09-26
2023-09-26 22:40:00,123.88,124,123.88,123.95,21832,2023-09-26
2023-09-26 22:45:00,123.95,123.96,123.67,123.74,28071,2023-09-26
2023-09-26 22:50:00,123.72,123.83,123.6,123.6,56375,2023-09-26
2023-09-26 22:55:00,123.63,123.71,123.51,123.54,124284,2023-09-26
2023-09-26 23:00:00,123.53,123.53,123.53,123.53,37397,2023-09-26
2023-09-26 23:05:00,123.53,123.53,123.53,123.53,1014,2023-09-26
2023-09-27 16:30:00,123.58,123.93,123.58,123.82,17136,2023-09-27
2023-09-27 16:35:00,123.81,123.84,123.4,123.5183,5967,2023-09-27
2023-09-27 16:40:00,123.43,123.64,123.41,123.62,7641,2023-09-27
2023-09-27 16:45:00,123.5,123.5,123.26,123.3589,4452,2023-09-27
2023-09-27 16:50:00,123.36,123.375,123.2,123.2,3229,2023-09-27
2023-09-27 16:55:00,123.24,123.3,123.07,123.07,3780,2023-09-27
2023-09-27 17:00:00,123.055,123.055,122.86,123,12519,2023-09-27
2023-09-27 17:05:00,123.05,123.08,122.95,122.98,8860,2023-09-27
2023-09-27 17:10:00,123,123.27,123,123.21,12579,2023-09-27
2023-09-27 17:15:00,123.295,123.37,123.27,123.299,8474,2023-09-27
2023-09-27 17:20:00,123.28,123.44,123.18,123.4,22342,2023-09-27
2023-09-27 17:25:00,123.36,123.41,123.19,123.25,5612,2023-09-27
2023-09-27 17:30:00,123.23,123.24,123.1,123.21,13855,2023-09-27
2023-09-27 17:35:00,123.23,123.25,122.91,122.91,6546,2023-09-27
2023-09-27 17:40:00,122.88,122.905,122.73,122.76,8737,2023-09-27
2023-09-27 17:45:00,122.82,122.83,122.58,122.6425,14757,2023-09-27
2023-09-27 17:50:00,122.62,122.73,122.62,122.655,7014,2023-09-27
2023-09-27 17:55:00,122.62,122.68,122.52,122.57,5989,2023-09-27
2023-09-27 18:00:00,122.54,122.54,122.32,122.33,11581,2023-09-27
2023-09-27 18:05:00,122.32,122.32,122.1,122.15,11886,2023-09-27
2023-09-27 18:10:00,122.13,122.27,122.12,122.27,14737,2023-09-27
2023-09-27 18:15:00,122.2132,122.26,122.11,122.26,7328,2023-09-27
2023-09-27 18:20:00,122.2,122.2075,121.95,122.05,15481,2023-09-27
2023-09-27 18:25:00,122.045,122.125,121.96,121.96,11919,2023-09-27
2023-09-27 18:30:00,121.965,122.13,121.965,122.06,13746,2023-09-27
2023-09-27 18:35:00,122.055,122.1393,121.99,122.1393,11228,2023-09-27
2023-09-27 18:40:00,122.125,122.139,121.98,122.05,13102,2023-09-27
2023-09-27 18:45:00,122.03,122.03,121.9,121.97,6637,2023-09-27
2023-09-27 18:50:00,121.99,121.99,121.86,121.905,6760,2023-09-27
2023-09-27 18:55:00,121.9,121.9,121.71,121.77,17798,2023-09-27
2023-09-27 19:00:00,121.79,121.84,121.74,121.75,9065,2023-09-27
2023-09-27 19:05:00,121.76,121.79,121.65,121.75,12482,2023-09-27
2023-09-27 19:10:00,121.81,121.83,121.62,121.69,12736,2023-09-27
2023-09-27 19:15:00,121.68,121.755,121.67,121.685,16967,2023-09-27
2023-09-27 19:20:00,121.68,121.7,121.53,121.61,32799,2023-09-27
2023-09-27 19:25:00,121.605,121.63,121.5,121.57,14092,2023-09-27
2023-09-27 19:30:00,121.59,121.69,121.54,121.54,69308,2023-09-27
2023-09-27 19:35:00,121.57,121.62,121.54,121.55,16916,2023-09-27
2023-09-27 19:40:00,121.51,121.77,121.475,121.72,16293,2023-09-27
2023-09-27 19:45:00,121.71,121.73,121.64,121.69,11497,2023-09-27
2023-09-27 19:50:00,121.6888,121.8099,121.65,121.74,14634,2023-09-27
2023-09-27 19:55:00,121.715,121.72,121.67,121.68,6793,2023-09-27
2023-09-27 20:00:00,121.69,121.69,121.625,121.67,7146,2023-09-27
2023-09-27 20:05:00,121.67,121.67,121.55,121.56,9350,2023-09-27
2023-09-27 20:10:00,121.57,121.679,121.55,121.57,12635,2023-09-27
2023-09-27 20:15:00,121.565,121.59,121.41,121.43,7952,2023-09-27
2023-09-27 20:20:00,121.4407,121.5,121.4,121.5,11317,2023-09-27
2023-09-27 20:25:00,121.48,121.48,121.17,121.21,23685,2023-09-27
2023-09-27 20:30:00,121.18,121.25,121.11,121.205,22045,2023-09-27
2023-09-27 20:35:00,121.23,121.34,121.2154,121.2351,13641,2023-09-27
2023-09-27 20:40:00,121.27,121.3,121.04,121.07,13657,2023-09-27
2023-09-27 20:45:00,121.045,121.12,120.9833,121.01,9884,2023-09-27
2023-09-27 20:50:00,121.03,121.15,121,121.11,14239,2023-09-27
2023-09-27 20:55:00,121.14,121.485,121.1,121.485,18435,2023-09-27
2023-09-27 21:00:00,121.475,121.53,121.46,121.5,11847,2023-09-27
2023-09-27 21:05:00,121.5545,121.58,121.48,121.4927,6456,2023-09-27
2023-09-27 21:10:00,121.48,121.53,121.44,121.49,8095,2023-09-27
2023-09-27 21:15:00,121.48,121.5,121.3908,121.437,8148,2023-09-27
2023-09-27 21:20:00,121.43,121.43,121.3,121.3,10390,2023-09-27
2023-09-27 21:25:00,121.28,121.52,121.265,121.505,10569,2023-09-27
2023-09-27 21:30:00,121.52,121.87,121.5,121.775,14258,2023-09-27
2023-09-27 21:35:00,121.79,121.82,121.7038,121.81,9960,2023-09-27
2023-09-27 21:40:00,121.79,121.9,121.7818,121.85,9288,2023-09-27
2023-09-27 21:45:00,121.8906,121.98,121.82,121.84,18473,2023-09-27
2023-09-27 21:50:00,121.85,121.98,121.73,121.98,13053,2023-09-27
2023-09-27 21:55:00,121.975,121.98,121.91,121.94,9648,2023-09-27
2023-09-27 22:00:00,121.92,122,121.84,122,9713,2023-09-27
2023-09-27 22:05:00,121.98,121.98,121.88,121.95,15250,2023-09-27
2023-09-27 22:10:00,121.99,122.09,121.98,121.9804,11226,2023-09-27
2023-09-27 22:15:00,122.009,122.009,121.85,121.86,12255,2023-09-27
2023-09-27 22:20:00,121.889,121.988,121.8,121.94,13631,2023-09-27
2023-09-27 22:25:00,121.945,122.04,121.93,121.99,9810,2023-09-27
2023-09-27 22:30:00,121.96,121.96,121.84,121.915,19989,2023-09-27
2023-09-27 22:35:00,121.93,121.985,121.79,121.81,22274,2023-09-27
2023-09-27 22:40:00,121.8,121.81,121.51,121.59,14992,2023-09-27
2023-09-27 22:45:00,121.56,121.675,121.52,121.64,24444,2023-09-27
2023-09-27 22:50:00,121.64,121.805,121.64,121.79,45771,2023-09-27
2023-09-27 22:55:00,121.78,121.79,121.64,121.67,135427,2023-09-27
2023-09-27 23:00:00,121.66,121.66,121.66,121.66,22526,2023-09-27
2023-09-27 23:05:00,121.66,121.66,121.66,121.66,496,2023-09-27
2023-09-28 16:30:00,122.12,122.27,121.96,122.0601,29070,2023-09-28
2023-09-28 16:35:00,122.06,122.16,121.44,121.65,10753,2023-09-28
2023-09-28 16:40:00,121.67,121.74,121.39,121.56,11520,2023-09-28
2023-09-28 16:45:00,121.54,121.54,121.08,121.24,11011,2023-09-28
2023-09-28 16:50:00,121.165,121.319,121.03,121.24,16284,2023-09-28
2023-09-28 16:55:00,121.24,121.2802,121.07,121.165,28559,2023-09-28
2023-09-28 17:00:00,121.16,121.37,121.125,121.35,12770,2023-09-28
2023-09-28 17:05:00,121.28,121.509,121.254,121.34,17209,2023-09-28
2023-09-28 17:10:00,121.39,121.67,121.39,121.67,10293,2023-09-28
2023-09-28 17:15:00,121.645,121.75,121.57,121.75,9409,2023-09-28
2023-09-28 17:20:00,121.74,121.76,121.52,121.52,8021,2023-09-28
2023-09-28 17:25:00,121.56,121.75,121.56,121.65,7279,2023-09-28
2023-09-28 17:30:00,121.585,121.63,121.42,121.58,14482,2023-09-28
2023-09-28 17:35:00,121.64,121.74,121.4301,121.4301,11258,2023-09-28
2023-09-28 17:40:00,121.539,121.539,121.382,121.482,5668,2023-09-28
2023-09-28 17:45:00,121.47,121.599,121.47,121.5,15765,2023-09-28
2023-09-28 17:50:00,121.4525,121.52,121.42,121.48,10801,2023-09-28
2023-09-28 17:55:00,121.465,121.49,121.43,121.49,6014,2023-09-28
2023-09-28 18:00:00,121.49,121.58,121.465,121.49,5917,2023-09-28
2023-09-28 18:05:00,121.49,121.66,121.48,121.645,12723,2023-09-28
2023-09-28 18:10:00,121.68,121.777,121.65,121.777,8958,2023-09-28
2023-09-28 18:15:00,121.7737,121.8727,121.53,121.53,12150,2023-09-28
2023-09-28 18:20:00,121.56,121.619,121.53,121.595,8739,2023-09-28
2023-09-28 18:25:00,121.55,121.659,121.46,121.561,30546,2023-09-28
2023-09-28 18:30:00,121.605,121.739,121.585,121.67,6632,2023-09-28
2023-09-28 18:35:00,121.65,121.7,121.56,121.6,6081,2023-09-28
2023-09-28 18:40:00,121.56,121.66,121.56,121.6367,8531,2023-09-28
2023-09-28 18:45:00,121.65,121.71,121.6,121.677,6402,2023-09-28
2023-09-28 18:50:00,121.63,121.65,121.56,121.56,12491,2023-09-28
2023-09-28 18:55:00,121.56,121.56,121.31,121.33,8376,2023-09-28
2023-09-28 19:00:00,121.25,121.32,121.11,121.17,7971,2023-09-28
2023-09-28 19:05:00,121.163,121.18,121.06,121.09,6183,2023-09-28
2023-09-28 19:10:00,121.1,121.14,120.95,121.02,4676,2023-09-28
2023-09-28 19:15:00,121.039,121.12,121.0057,121.09,5188,2023-09-28
2023-09-28 19:20:00,121.1,121.17,121.003,121.17,7316,2023-09-28
2023-09-28 19:25:00,121.155,121.2899,121.1,121.24,6279,2023-09-28
2023-09-28 19:30:00,121.265,121.37,121.265,121.35,4766,2023-09-28
2023-09-28 19:35:00,121.36,121.4,121.33,121.36,5528,2023-09-28
2023-09-28 19:40:00,121.3404,121.39,121.3,121.31,6943,2023-09-28
2023-09-28 19:45:00,121.29,121.29,121.1401,121.1798,6841,2023-09-28
2023-09-28 19:50:00,121.165,121.23,121.15,121.15,5661,2023-09-28
2023-09-28 19:55:00,121.165,121.22,121.131,121.17,6452,2023-09-28
2023-09-28 20:00:00,121.17,121.18,121.09,121.1145,7730,2023-09-28
2023-09-28 20:05:00,121.105,121.23,121.1,121.23,6445,2023-09-28
2023-09-28 20:10:00,121.211,121.229,121.17,121.205,6902,2023-09-28
2023-09-28 20:15:00,121.19,121.195,121.145,121.15,5029,2023-09-28
2023-09-28 20:20:00,121.18,121.24,121.14,121.155,6450,2023-09-28
2023-09-28 20:25:00,121.16,121.23,121.15,121.19,8682,2023-09-28
2023-09-28 20:30:00,121.2,121.23,121.12,121.12,8688,2023-09-28
2023-09-28 20:35:00,121.125,121.3601,121.11,121.31,8290,2023-09-28
2023-09-28 20:40:00,121.3305,121.37,121.29,121.31,6798,2023-09-28
2023-09-28 20:45:00,121.319,121.44,121.2915,121.44,5145,2023-09-28
2023-09-28 20:50:00,121.42,121.47,121.42,121.43,7711,2023-09-28
2023-09-28 20:55:00,121.43,121.65,121.405,121.65,9555,2023-09-28
2023-09-28 21:00:00,121.71,121.73,121.58,121.66,12603,2023-09-28
2023-09-28 21:05:00,121.65,121.69,121.65,121.69,5410,2023-09-28
2023-09-28 21:10:00,121.7,121.73,121.625,121.625,10758,2023-09-28
2023-09-28 21:15:00,121.64,121.71,121.64,121.675,6098,2023-09-28
2023-09-28 21:20:00,121.67,121.75,121.67,121.74,9177,2023-09-28
2023-09-28 21:25:00,121.745,121.84,121.745,121.8,9895,2023-09-28
2023-09-28 21:30:00,121.81,121.85,121.6802,121.7,20792,2023-09-28
2023-09-28 21:35:00,121.65,121.66,121.535,121.61,8624,2023-09-28
2023-09-28 21:40:00,121.61,121.725,121.59,121.72,8432,2023-09-28
2023-09-28 21:45:00,121.7,121.7,121.66,121.7,8622,2023-09-28
2023-09-28 21:50:00,121.7,121.74,121.64,121.74,8271,2023-09-28
2023-09-28 21:55:00,121.75,121.76,121.67,121.74,7514,2023-09-28
2023-09-28 22:00:00,121.74,121.77,121.6708,121.77,12213,2023-09-28
2023-09-28 22:05:00,121.76,121.76,121.55,121.6,11430,2023-09-28
2023-09-28 22:10:00,121.61,121.73,121.59,121.73,13150,2023-09-28
2023-09-28 22:15:00,121.73,121.83,121.725,121.82,12873,2023-09-28
2023-09-28 22:20:00,121.83,121.93,121.83,121.92,16570,2023-09-28
2023-09-28 22:25:00,121.93,121.9999,121.89,121.92,11370,2023-09-28
2023-09-28 22:30:00,121.93,121.98,121.69,121.76,17650,2023-09-28
2023-09-28 22:35:00,121.74,121.77,121.6,121.63,19709,2023-09-28
2023-09-28 22:40:00,121.618,121.72,121.53,121.57,21046,2023-09-28
2023-09-28 22:45:00,121.57,121.66,121.55,121.65,24619,2023-09-28
2023-09-28 22:50:00,121.67,121.71,121.585,121.64,62145,2023-09-28
2023-09-28 22:55:00,121.6321,121.7,121.55,121.65,115055,2023-09-28
2023-09-28 23:00:00,121.6,121.6,121.6,121.6,26752,2023-09-28
2023-09-28 23:05:00,121.6,121.6,121.6,121.6,1094,2023-09-28
2023-09-29 01:05:00,121.22,121.22,121.2,121.2,839,2023-09-28
2023-09-29 11:15:00,121.5,121.5,121.5,121.5,164,2023-09-29
2023-09-29 16:30:00,122.25,122.26,122.02,122.02,15183,2023-09-29
2023-09-29 16:35:00,122.11,122.23,121.7,121.72,24925,2023-09-29
2023-09-29 16:40:00,121.7,121.72,121.425,121.54,8879,2023-09-29
2023-09-29 16:45:00,121.435,121.46,121.09,121.12,9820,2023-09-29
2023-09-29 16:50:00,121.12,121.135,121,121.075,13610,2023-09-29
2023-09-29 16:55:00,121.085,121.38,121.085,121.255,13974,2023-09-29
2023-09-29 17:00:00,121.25,121.305,121.0649,121.09,17513,2023-09-29
2023-09-29 17:05:00,121.115,121.4,121.115,121.4,10875,2023-09-29
2023-09-29 17:10:00,121.5,121.5,121.28,121.2916,8859,2023-09-29
2023-09-29 17:15:00,121.25,121.39,121.23,121.3,9341,2023-09-29
2023-09-29 17:20:00,121.29,121.41,121.25,121.4,8175,2023-09-29
2023-09-29 17:25:00,121.41,121.47,121.39,121.39,8806,2023-09-29
2023-09-29 17:30:00,121.385,121.52,121.315,121.44,23961,2023-09-29
2023-09-29 17:35:00,121.42,121.48,121.295,121.35,7613,2023-09-29
2023-09-29 17:40:00,121.29,121.3138,121.24,121.27,9282,2023-09-29
2023-09-29 17:45:00,121.28,121.62,121.27,121.605,11859,2023-09-29
2023-09-29 17:50:00,121.61,121.865,121.6,121.865,34022,2023-09-29
2023-09-29 17:55:00,121.855,121.95,121.84,121.895,20629,2023-09-29
2023-09-29 18:00:00,121.87,121.929,121.66,121.675,12019,2023-09-29
2023-09-29 18:05:00,121.66,121.72,121.62,121.62,10221,2023-09-29
2023-09-29 18:10:00,121.62,121.67,121.49,121.505,9594,2023-09-29
2023-09-29 18:15:00,121.505,121.54,121.425,121.425,9103,2023-09-29
2023-09-29 18:20:00,121.415,121.63,121.4,121.62,27385,2023-09-29
2023-09-29 18:25:00,121.65,121.65,121.56,121.5941,11088,2023-09-29
2023-09-29 18:30:00,121.55,121.61,121.53,121.57,15707,2023-09-29
2023-09-29 18:35:00,121.565,121.565,121.36,121.36,16777,2023-09-29
2023-09-29 18:40:00,121.265,121.35,121.2518,121.3,7183,2023-09-29
2023-09-29 18:45:00,121.305,121.305,121.16,121.19,7591,2023-09-29
2023-09-29 18:50:00,121.18,121.27,121.14,121.213,7814,2023-09-29
2023-09-29 18:55:00,121.23,121.26,121.205,121.245,3426,2023-09-29
2023-09-29 19:00:00,121.235,121.24,121.13,121.19,13364,2023-09-29
2023-09-29 19:05:00,121.2,121.25,121.11,121.25,10967,2023-09-29
2023-09-29 19:10:00,121.23,121.26,121.06,121.0977,6511,2023-09-29
2023-09-29 19:15:00,121.08,121.085,120.97,121.085,9117,2023-09-29
2023-09-29 19:20:00,121.08,121.145,121.02,121.14,25792,2023-09-29
2023-09-29 19:25:00,121.12,121.31,121.1,121.31,6236,2023-09-29
2023-09-29 19:30:00,121.3249,121.38,121.28,121.345,8539,2023-09-29
2023-09-29 19:35:00,121.34,121.345,121.2847,121.29,5021,2023-09-29
2023-09-29 19:40:00,121.3,121.31,121.24,121.24,4122,2023-09-29
2023-09-29 19:45:00,121.23,121.28,121.13,121.14,9353,2023-09-29
2023-09-29 19:50:00,121.12,121.1249,121.02,121.02,4459,2023-09-29
2023-09-29 19:55:00,121.0188,121.07,121.01,121.06,5546,2023-09-29
2023-09-29 20:00:00,121.08,121.09,120.99,121.02,12175,2023-09-29
2023-09-29 20:05:00,121,121,120.7536,120.795,11120,2023-09-29
2023-09-29 20:10:00,120.8008,120.8015,120.689,120.72,6462,2023-09-29
2023-09-29 20:15:00,120.7,120.73,120.68,120.69,6304,2023-09-29
2023-09-29 20:20:00,120.68,120.83,120.68,120.81,8637,2023-09-29
2023-09-29 20:25:00,120.835,120.89,120.835,120.85,6925,2023-09-29
2023-09-29 20:30:00,120.87,120.92,120.87,120.89,5577,2023-09-29
2023-09-29 20:35:00,120.91,121.02,120.91,120.99,5071,2023-09-29
2023-09-29 20:40:00,120.995,121.045,120.97,120.9944,7746,2023-09-29
2023-09-29 20:45:00,120.96,120.98,120.8001,120.8001,4173,2023-09-29
2023-09-29 20:50:00,120.82,120.82,120.71,120.745,7455,2023-09-29
2023-09-29 20:55:00,120.735,120.75,120.54,120.55,7642,2023-09-29
2023-09-29 21:00:00,120.565,120.565,120.36,120.45,11798,2023-09-29
2023-09-29 21:05:00,120.46,120.51,120.42,120.47,16501,2023-09-29
2023-09-29 21:10:00,120.47,120.56,120.46,120.51,13925,2023-09-29
2023-09-29 21:15:00,120.5,120.69,120.465,120.67,26938,2023-09-29
2023-09-29 21:20:00,120.7,120.86,120.62,120.85,8373,2023-09-29
2023-09-29 21:25:00,120.87,120.88,120.78,120.79,9729,2023-09-29
2023-09-29 21:30:00,120.79,120.81,120.62,120.62,7563,2023-09-29
2023-09-29 21:35:00,120.63,120.72,120.56,120.61,11813,2023-09-29
2023-09-29 21:40:00,120.645,120.7932,120.6287,120.7932,10781,2023-09-29
2023-09-29 21:45:00,120.76,120.76,120.62,120.64,12522,2023-09-29
2023-09-29 21:50:00,120.621,120.7348,120.621,120.7,10999,2023-09-29
2023-09-29 21:55:00,120.72,121,120.72,120.93,13740,2023-09-29
2023-09-29 22:00:00,120.98,121.03,120.69,120.76,36352,2023-09-29
2023-09-29 22:05:00,120.7724,120.82,120.65,120.69,21176,2023-09-29
2023-09-29 22:10:00,120.705,120.89,120.69,120.86,14312,2023-09-29
2023-09-29 22:15:00,120.87,120.92,120.815,120.894,12260,2023-09-29
2023-09-29 22:20:00,120.88,120.885,120.74,120.765,15672,2023-09-29
2023-09-29 22:25:00,120.765,120.92,120.76,120.905,20218,2023-09-29
2023-09-29 22:30:00,120.905,120.96,120.68,120.7,21492,2023-09-29
2023-09-29 22:35:00,120.68,120.68,120.55,120.62,27272,2023-09-29
2023-09-29 22:40:00,120.62,120.7382,120.595,120.66,30531,2023-09-29
2023-09-29 22:45:00,120.665,120.87,120.66,120.83,26204,2023-09-29
2023-09-29 22:50:00,120.82,120.97,120.755,120.91,90581,2023-09-29
2023-09-29 22:55:00,120.95,120.95,120.74,120.84,151327,2023-09-29
2023-09-29 23:00:00,120.85,120.85,120.85,120.85,18450,2023-09-29
2023-09-29 23:05:00,120.5,120.5,120.5,120.5,150,2023-09-29
2023-09-29 23:15:00,120.85,120.85,120.85,120.85,11927,2023-09-29
2023-09-30 00:00:00,120.85,120.85,120.85,120.85,2300,2023-09-29
2023-10-02 14:00:00,120,120.24,119.96,119.96,534,2023-10-02
2023-10-02 16:30:00,120.26,120.6,120.125,120.135,28777,2023-10-02
2023-10-02 16:35:00,120.165,120.325,119.78,119.78,19327,2023-10-02
2023-10-02 16:40:00,119.63,120.125,119.53,120.115,15215,2023-10-02
2023-10-02 16:45:00,120.14,120.185,120.015,120.1,19284,2023-10-02
2023-10-02 16:50:00,120.12,120.135,119.97,120.03,12938,2023-10-02
2023-10-02 16:55:00,119.97,120.13,119.935,120.095,26026,2023-10-02
2023-10-02 17:00:00,120.095,120.14,119.69,119.75,17066,2023-10-02
2023-10-02 17:05:00,119.73,119.83,119.68,119.75,12227,2023-10-02
2023-10-02 17:10:00,119.77,119.805,119.67,119.76,29680,2023-10-02
2023-10-02 17:15:00,119.73,119.8,119.645,119.8,17971,2023-10-02
2023-10-02 17:20:00,119.79,119.82,119.66,119.715,19977,2023-10-02
2023-10-02 17:25:00,119.73,119.77,119.56,119.6,20101,2023-10-02
2023-10-02 17:30:00,119.6,119.62,119.46,119.46,18896,2023-10-02
2023-10-02 17:35:00,119.46,119.55,119.39,119.4,17316,2023-10-02
2023-10-02 17:40:00,119.35,119.38,119.22,119.25,19682,2023-10-02
2023-10-02 17:45:00,119.26,119.3,119.1082,119.3,17659,2023-10-02
2023-10-02 17:50:00,119.31,119.365,119.23,119.25,14850,2023-10-02
2023-10-02 17:55:00,119.21,119.21,119.05,119.145,15418,2023-10-02
2023-10-02 18:00:00,119.16,119.27,119.16,119.16,14916,2023-10-02
2023-10-02 18:05:00,119.17,119.17,119.08,119.09,8030,2023-10-02
2023-10-02 18:10:00,119.1,119.11,118.92,118.975,24110,2023-10-02
2023-10-02 18:15:00,118.97,119.04,118.93,118.95,21412,2023-10-02
2023-10-02 18:20:00,118.95,119.14,118.93,119.065,28082,2023-10-02
2023-10-02 18:25:00,119.11,119.15,118.98,119.03,13365,2023-10-02
2023-10-02 18:30:00,119.04,119.13,119.01,119.01,39234,2023-10-02
2023-10-02 18:35:00,119.01,119.04,118.76,118.785,20195,2023-10-02
2023-10-02 18:40:00,118.76,118.76,118.53,118.545,20092,2023-10-02
2023-10-02 18:45:00,118.54,118.58,118.46,118.46,13118,2023-10-02
2023-10-02 18:50:00,118.465,118.49,118.35,118.35,12681,2023-10-02
2023-10-02 18:55:00,118.36,118.45,118.31,118.44,13369,2023-10-02
2023-10-02 19:00:00,118.46,118.67,118.46,118.665,13674,2023-10-02
2023-10-02 19:05:00,118.697,118.7,118.54,118.55,15458,2023-10-02
2023-10-02 19:10:00,118.57,118.76,118.55,118.68,30374,2023-10-02
2023-10-02 19:15:00,118.695,118.84,118.6337,118.819,9656,2023-10-02
2023-10-02 19:20:00,118.8,118.81,118.68,118.6899,5181,2023-10-02
2023-10-02 19:25:00,118.69,118.75,118.56,118.56,13002,2023-10-02
2023-10-02 19:30:00,118.55,118.63,118.53,118.61,10059,2023-10-02
2023-10-02 19:35:00,118.62,118.62,118.5,118.555,11960,2023-10-02
2023-10-02 19:40:00,118.56,118.57,118.43,118.455,9470,2023-10-02
2023-10-02 19:45:00,118.46,118.4604,118.18,118.18,12782,2023-10-02
2023-10-02 19:50:00,118.17,118.32,118.17,118.285,8659,2023-10-02
2023-10-02 19:55:00,118.29,118.38,118.27,118.38,8619,2023-10-02
2023-10-02 20:00:00,118.39,118.49,118.38,118.42,19325,2023-10-02
2023-10-02 20:05:00,118.44,118.59,118.4,118.59,8793,2023-10-02
2023-10-02 20:10:00,118.62,118.76,118.61,118.74,14597,2023-10-02
2023-10-02 20:15:00,118.73,118.85,118.73,118.845,8854,2023-10-02
2023-10-02 20:20:00,118.81,118.89,118.7108,118.865,20570,2023-10-02
2023-10-02 20:25:00,118.87,118.87,118.78,118.81,8539,2023-10-02
2023-10-02 20:30:00,118.83,118.83,118.76,118.79,9511,2023-10-02
2023-10-02 20:35:00,118.8,118.825,118.745,118.76,10810,2023-10-02
2023-10-02 20:40:00,118.75,118.935,118.71,118.93,14877,2023-10-02
2023-10-02 20:45:00,118.925,118.9896,118.84,118.86,14452,2023-10-02
2023-10-02 20:50:00,118.89,118.95,118.89,118.9,5412,2023-10-02
2023-10-02 20:55:00,118.89,118.98,118.87,118.97,13190,2023-10-02
2023-10-02 21:00:00,118.97,119.13,118.97,119.1,21253,2023-10-02
2023-10-02 21:05:00,119.09,119.225,119.04,119.215,14336,2023-10-02
2023-10-02 21:10:00,119.28,119.3,119.23,119.25,9953,2023-10-02
2023-10-02 21:15:00,119.25,119.25,119.05,119.065,9912,2023-10-02
2023-10-02 21:20:00,119.05,119.05,118.95,118.97,9593,2023-10-02
2023-10-02 21:25:00,118.96,118.98,118.76,118.76,15848,2023-10-02
2023-10-02 21:30:00,118.76,118.96,118.75,118.93,14000,2023-10-02
2023-10-02 21:35:00,118.94,118.96,118.69,118.7,9183,2023-10-02
2023-10-02 21:40:00,118.72,118.73,118.69,118.725,10355,2023-10-02
2023-10-02 21:45:00,118.74,118.8,118.7,118.74,13570,2023-10-02
2023-10-02 21:50:00,118.745,118.94,118.7369,118.87,16941,2023-10-02
2023-10-02 21:55:00,118.88,118.93,118.82,118.8532,22711,2023-10-02
2023-10-02 22:00:00,118.88,118.88,118.68,118.68,12954,2023-10-02
2023-10-02 22:05:00,118.6708,118.89,118.66,118.855,15542,2023-10-02
2023-10-02 22:10:00,118.84,118.93,118.77,118.8,19647,2023-10-02
2023-10-02 22:15:00,118.7975,118.93,118.7975,118.91,12666,2023-10-02
2023-10-02 22:20:00,118.89,119.02,118.89,119.017,12932,2023-10-02
2023-10-02 22:25:00,119.01,119.04,118.88,118.94,11722,2023-10-02
2023-10-02 22:30:00,118.92,119.04,118.9,119.01,17852,2023-10-02
2023-10-02 22:35:00,119.01,119.07,118.9,119.06,18992,2023-10-02
2023-10-02 22:40:00,119.08,119.17,119.02,119.105,21673,2023-10-02
2023-10-02 22:45:00,119.1,119.195,118.95,118.95,35551,2023-10-02
2023-10-02 22:50:00,118.95,119.12,118.8995,119.12,57393,2023-10-02
2023-10-02 22:55:00,119.12,119.12,118.98,119.04,116143,2023-10-02
2023-10-02 23:00:00,119.01,119.01,119.01,119.01,31333,2023-10-02
2023-10-02 23:05:00,119.01,119.01,119.01,119.01,747,2023-10-02
2023-10-03 16:05:00,119.16,119.19,119.16,119.19,400,2023-10-03
2023-10-03 16:30:00,119.09,119.91,119.01,119.91,59202,2023-10-03
2023-10-03 16:35:00,119.87,120.17,119.7,120.07,24129,2023-10-03
2023-10-03 16:40:00,120.08,120.57,120.03,120.57,18142,2023-10-03
2023-10-03 16:45:00,120.4481,120.54,120.27,120.36,20542,2023-10-03
2023-10-03 16:50:00,120.38,120.38,120.08,120.22,13259,2023-10-03
2023-10-03 16:55:00,120.155,120.51,120.13,120.51,16531,2023-10-03
2023-10-03 17:00:00,120.515,120.53,120.26,120.53,24098,2023-10-03
2023-10-03 17:05:00,120.47,120.47,120.195,120.24,27377,2023-10-03
2023-10-03 17:10:00,120.27,120.63,120.27,120.6,21076,2023-10-03
2023-10-03 17:15:00,120.51,120.7,120.49,120.505,17815,2023-10-03
2023-10-03 17:20:00,120.505,120.7507,120.505,120.7507,15157,2023-10-03
2023-10-03 17:25:00,120.73,120.75,120.53,120.56,19394,2023-10-03
2023-10-03 17:30:00,120.56,120.59,120.46,120.47,14468,2023-10-03
2023-10-03 17:35:00,120.47,120.575,120.33,120.37,12528,2023-10-03
2023-10-03 17:40:00,120.35,120.65,120.31,120.565,13029,2023-10-03
2023-10-03 17:45:00,120.53,120.61,120.43,120.57,19846,2023-10-03
2023-10-03 17:50:00,120.56,120.67,120.41,120.67,14110,2023-10-03
2023-10-03 17:55:00,120.645,120.73,120.6,120.695,10426,2023-10-03
2023-10-03 18:00:00,120.67,120.79,120.67,120.7,6670,2023-10-03
2023-10-03 18:05:00,120.7,120.82,120.69,120.78,6415,2023-10-03
2023-10-03 18:10:00,120.77,120.84,120.68,120.84,9512,2023-10-03
2023-10-03 18:15:00,120.83,120.89,120.79,120.89,6881,2023-10-03
2023-10-03 18:20:00,120.915,121.06,120.9,121.01,16834,2023-10-03
2023-10-03 18:25:00,121.005,121.005,120.89,120.95,10346,2023-10-03
2023-10-03 18:30:00,120.92,120.92,120.665,120.745,11559,2023-10-03
2023-10-03 18:35:00,120.71,120.7833,120.69,120.75,5232,2023-10-03
2023-10-03 18:40:00,120.82,120.82,120.63,120.6779,7989,2023-10-03
2023-10-03 18:45:00,120.68,120.78,120.67,120.67,6161,2023-10-03
2023-10-03 18:50:00,120.66,120.77,120.66,120.7,9124,2023-10-03
2023-10-03 18:55:00,120.71,120.86,120.7,120.86,5190,2023-10-03
2023-10-03 19:00:00,120.845,120.9146,120.845,120.89,10350,2023-10-03
2023-10-03 19:05:00,120.88,120.91,120.77,120.79,8959,2023-10-03
2023-10-03 19:10:00,120.7628,120.845,120.7,120.74,20118,2023-10-03
2023-10-03 19:15:00,120.74,120.83,120.7,120.73,17262,2023-10-03
2023-10-03 19:20:00,120.74,120.77,120.57,120.61,12866,2023-10-03
2023-10-03 19:25:00,120.625,120.89,120.5806,120.89,14364,2023-10-03
2023-10-03 19:30:00,120.92,120.96,120.86,120.88,12608,2023-10-03
2023-10-03 19:35:00,120.84,120.939,120.82,120.885,7337,2023-10-03
2023-10-03 19:40:00,120.89,120.92,120.675,120.675,12184,2023-10-03
2023-10-03 19:45:00,120.6691,120.77,120.6691,120.74,8027,2023-10-03
2023-10-03 19:50:00,120.71,120.788,120.685,120.77,9555,2023-10-03
2023-10-03 19:55:00,120.79,120.91,120.75,120.85,6448,2023-10-03
2023-10-03 20:00:00,120.88,121.01,120.88,121.005,16245,2023-10-03
2023-10-03 20:05:00,121.01,121.13,120.99,121.09,15241,2023-10-03
2023-10-03 20:10:00,121.07,121.22,121.042,121.19,11497,2023-10-03
2023-10-03 20:15:00,121.2,121.24,121.17,121.2,7268,2023-10-03
2023-10-03 20:20:00,121.22,121.34,121.14,121.34,13930,2023-10-03
2023-10-03 20:25:00,121.33,121.35,121.27,121.34,8738,2023-10-03
2023-10-03 20:30:00,121.31,121.32,121.25,121.305,10124,2023-10-03
2023-10-03 20:35:00,121.3,121.3,121.23,121.24,10952,2023-10-03
2023-10-03 20:40:00,121.24,121.295,121.21,121.26,15870,2023-10-03
2023-10-03 20:45:00,121.23,121.27,121.2,121.215,11528,2023-10-03
2023-10-03 20:50:00,121.22,121.23,121.11,121.15,7371,2023-10-03
2023-10-03 20:55:00,121.13,121.145,120.985,121.01,15478,2023-10-03
2023-10-03 21:00:00,121.01,121.025,120.9,120.99,10109,2023-10-03
2023-10-03 21:05:00,120.99,121.02,120.9045,120.935,16265,2023-10-03
2023-10-03 21:10:00,120.9,120.97,120.845,120.86,19208,2023-10-03
2023-10-03 21:15:00,120.86,120.98,120.8401,120.98,14662,2023-10-03
2023-10-03 21:20:00,120.965,120.965,120.83,120.88,10627,2023-10-03
2023-10-03 21:25:00,120.91,121.05,120.91,121.045,10756,2023-10-03
2023-10-03 21:30:00,121.05,121.078,121,121.01,13197,2023-10-03
2023-10-03 21:35:00,121.02,121.03,120.9,120.98,14844,2023-10-03
2023-10-03 21:40:00,121.0025,121.08,120.9,121.06,15718,2023-10-03
2023-10-03 21:45:00,121.05,121.11,121.02,121.09,21769,2023-10-03
2023-10-03 21:50:00,121.09,121.145,121.01,121.109,19234,2023-10-03
2023-10-03 21:55:00,121.12,121.19,121.1,121.11,17175,2023-10-03
2023-10-03 22:00:00,121.09,121.15,121.05,121.05,15491,2023-10-03
2023-10-03 22:05:00,121.04,121.06,120.97,121.04,19476,2023-10-03
2023-10-03 22:10:00,121.04,121.07,120.96,120.995,21436,2023-10-03
2023-10-03 22:15:00,121,121.075,120.97,121.01,21185,2023-10-03
2023-10-03 22:20:00,121.01,121.1,121.0037,121.05,11194,2023-10-03
2023-10-03 22:25:00,121.07,121.08,120.98,121.05,19856,2023-10-03
2023-10-03 22:30:00,121.055,121.055,120.85,120.87,28777,2023-10-03
2023-10-03 22:35:00,120.855,120.88,120.71,120.755,25733,2023-10-03
2023-10-03 22:40:00,120.75,120.88,120.74,120.825,38649,2023-10-03
2023-10-03 22:45:00,120.81,120.84,120.61,120.64,47325,2023-10-03
2023-10-03 22:50:00,120.62,120.7,120.55,120.55,75230,2023-10-03
2023-10-03 22:55:00,120.53,120.57,120.38,120.57,145914,2023-10-03
2023-10-03 23:00:00,120.55,120.55,120.55,120.55,30180,2023-10-03
2023-10-03 23:10:00,120.55,120.55,120.55,120.55,3470,2023-10-03
2023-10-04 16:30:00,120.67,121.12,120.67,121.12,16023,2023-10-04
2023-10-04 16:35:00,120.9,120.98,120.54,120.54,8106,2023-10-04
2023-10-04 16:40:00,120.6,120.67,120.36,120.39,15765,2023-10-04
2023-10-04 16:45:00,120.37,120.59,120.37,120.37,9930,2023-10-04
2023-10-04 16:50:00,120.42,120.55,120.34,120.49,9935,2023-10-04
2023-10-04 16:55:00,120.44,120.58,120.3209,120.4,7877,2023-10-04
2023-10-04 17:00:00,120.41,120.51,120.314,120.42,23140,2023-10-04
2023-10-04 17:05:00,120.4,120.46,120.37,120.4,31553,2023-10-04
2023-10-04 17:10:00,120.41,120.47,120.27,120.305,23451,2023-10-04
2023-10-04 17:15:00,120.3,120.385,120.05,120.05,22633,2023-10-04
2023-10-04 17:20:00,120.05,120.145,119.98,119.98,18261,2023-10-04
2023-10-04 17:25:00,119.98,120.04,119.925,120.01,14641,2023-10-04
2023-10-04 17:30:00,120,120.03,119.8,119.83,12364,2023-10-04
2023-10-04 17:35:00,119.81,119.855,119.65,119.855,44834,2023-10-04
2023-10-04 17:40:00,119.87,119.9,119.5608,119.59,11410,2023-10-04
2023-10-04 17:45:00,119.565,119.61,119.505,119.52,9500,2023-10-04
2023-10-04 17:50:00,119.52,119.6099,119.395,119.46,20060,2023-10-04
2023-10-04 17:55:00,119.45,119.59,119.19,119.59,13021,2023-10-04
2023-10-04 18:00:00,119.57,119.94,119.56,119.94,10236,2023-10-04
2023-10-04 18:05:00,119.93,120.065,119.91,120.005,28915,2023-10-04
2023-10-04 18:10:00,120.03,120.1,119.94,119.99,11453,2023-10-04
2023-10-04 18:15:00,119.975,120.465,119.9407,120.46,97249,2023-10-04
2023-10-04 18:20:00,120.49,120.53,120.32,120.44,22603,2023-10-04
2023-10-04 18:25:00,120.47,120.565,120.43,120.431,8671,2023-10-04
2023-10-04 18:30:00,120.47,120.48,120.25,120.25,6880,2023-10-04
2023-10-04 18:35:00,120.255,120.32,120.18,120.2674,9424,2023-10-04
2023-10-04 18:40:00,120.25,120.27,120.195,120.215,4001,2023-10-04
2023-10-04 18:45:00,120.24,120.4176,120.18,120.325,7552,2023-10-04
2023-10-04 18:50:00,120.325,120.45,120.3,120.435,6698,2023-10-04
2023-10-04 18:55:00,120.46,120.5,120.42,120.485,11876,2023-10-04
2023-10-04 19:00:00,120.5,120.57,120.42,120.46,18320,2023-10-04
2023-10-04 19:05:00,120.48,120.53,120.445,120.47,5420,2023-10-04
2023-10-04 19:10:00,120.47,120.525,120.46,120.525,7903,2023-10-04
2023-10-04 19:15:00,120.51,120.63,120.495,120.55,8187,2023-10-04
2023-10-04 19:20:00,120.55,120.55,120.43,120.43,9944,2023-10-04
2023-10-04 19:25:00,120.43,120.49,120.395,120.49,12048,2023-10-04
2023-10-04 19:30:00,120.52,120.61,120.41,120.475,11389,2023-10-04
2023-10-04 19:35:00,120.4575,120.4845,120.36,120.41,7358,2023-10-04
2023-10-04 19:40:00,120.43,120.48,120.295,120.36,8580,2023-10-04
2023-10-04 19:45:00,120.355,120.36,120.31,120.36,7101,2023-10-04
2023-10-04 19:50:00,120.36,120.41,120.19,120.24,8547,2023-10-04
2023-10-04 19:55:00,120.26,120.3,120.235,120.3,4821,2023-10-04
2023-10-04 20:00:00,120.31,120.32,120.26,120.27,6112,2023-10-04
2023-10-04 20:05:00,120.275,120.42,120.275,120.41,6057,2023-10-04
2023-10-04 20:10:00,120.4,120.42,120.33,120.34,12259,2023-10-04
2023-10-04 20:15:00,120.32,120.53,120.31,120.49,12841,2023-10-04
2023-10-04 20:20:00,120.5,120.55,120.415,120.4316,11906,2023-10-04
2023-10-04 20:25:00,120.415,120.415,120.35,120.38,7247,2023-10-04
2023-10-04 20:30:00,120.38,120.385,120.27,120.33,11620,2023-10-04
2023-10-04 20:35:00,120.31,120.31,120.185,120.22,9308,2023-10-04
2023-10-04 20:40:00,120.24,120.28,120.18,120.21,6251,2023-10-04
2023-10-04 20:45:00,120.24,120.3,120.24,120.28,4736,2023-10-04
2023-10-04 20:50:00,120.28,120.28,120.2,120.25,7077,2023-10-04
2023-10-04 20:55:00,120.26,120.28,120.205,120.215,7749,2023-10-04
2023-10-04 21:00:00,120.23,120.24,120.055,120.13,13508,2023-10-04
2023-10-04 21:05:00,120.13,120.15,120.09,120.1,5547,2023-10-04
2023-10-04 21:10:00,120.07,120.23,120.065,120.2,11087,2023-10-04
2023-10-04 21:15:00,120.19,120.23,120.185,120.21,3572,2023-10-04
2023-10-04 21:20:00,120.21,120.23,120.03,120.05,9058,2023-10-04
2023-10-04 21:25:00,120.03,120.2,120.03,120.135,17609,2023-10-04
2023-10-04 21:30:00,120.14,120.28,120.14,120.24,7435,2023-10-04
2023-10-04 21:35:00,120.25,120.38,120.21,120.38,8138,2023-10-04
2023-10-04 21:40:00,120.345,120.41,120.32,120.4,10777,2023-10-04
2023-10-04 21:45:00,120.395,120.445,120.3611,120.3611,11004,2023-10-04
2023-10-04 21:50:00,120.36,120.41,120.355,120.39,6072,2023-10-04
2023-10-04 21:55:00,120.39,120.475,120.37,120.475,9099,2023-10-04
2023-10-04 22:00:00,120.52,120.52,120.43,120.49,8988,2023-10-04
2023-10-04 22:05:00,120.49,120.53,120.47,120.485,9668,2023-10-04
2023-10-04 22:10:00,120.5,120.54,120.49,120.535,12639,2023-10-04
2023-10-04 22:15:00,120.525,120.7,120.525,120.64,14473,2023-10-04
2023-10-04 22:20:00,120.61,120.73,120.55,120.69,12985,2023-10-04
2023-10-04 22:25:00,120.671,120.7,120.62,120.67,11943,2023-10-04
2023-10-04 22:30:00,120.67,120.83,120.67,120.78,15912,2023-10-04
2023-10-04 22:35:00,120.79,120.92,120.78,120.82,28096,2023-10-04
2023-10-04 22:40:00,120.81,120.92,120.81,120.86,27369,2023-10-04
2023-10-04 22:45:00,120.84,120.85,120.7,120.81,38549,2023-10-04
2023-10-04 22:50:00,120.8,120.99,120.74,120.99,57505,2023-10-04
2023-10-04 22:55:00,120.97,121.08,120.9,120.98,121944,2023-10-04
2023-10-04 23:00:00,121.02,121.02,121.02,121.02,40600,2023-10-04
2023-10-04 23:15:00,120.5,120.5,120.5,120.5,509,2023-10-04
2023-10-04 23:25:00,120.44,120.44,120.44,120.44,100,2023-10-04
2023-10-05 16:30:00,120.33,120.68,120.1,120.24,28192,2023-10-05
2023-10-05 16:35:00,120.21,120.21,119.935,120.04,7847,2023-10-05
2023-10-05 16:40:00,120.035,120.19,120.01,120.02,11479,2023-10-05
2023-10-05 16:45:00,120.06,120.09,119.695,119.785,9873,2023-10-05
2023-10-05 16:50:00,119.86,120.465,119.86,120.46,7464,2023-10-05
2023-10-05 16:55:00,120.41,120.54,120.39,120.435,9672,2023-10-05
2023-10-05 17:00:00,120.5,120.5,120.3301,120.44,10676,2023-10-05
2023-10-05 17:05:00,120.44,120.44,120.02,120.02,13478,2023-10-05
2023-10-05 17:10:00,120.03,120.05,119.915,119.99,16270,2023-10-05
2023-10-05 17:15:00,119.96,119.975,119.655,119.75,12279,2023-10-05
2023-10-05 17:20:00,119.71,119.73,119.545,119.69,23357,2023-10-05
2023-10-05 17:25:00,119.701,119.82,119.505,119.57,14699,2023-10-05
2023-10-05 17:30:00,119.552,119.57,119.1804,119.365,25804,2023-10-05
2023-10-05 17:35:00,119.39,119.44,119.2,119.2,12909,2023-10-05
2023-10-05 17:40:00,119.2,119.26,119.14,119.26,22621,2023-10-05
2023-10-05 17:45:00,119.24,119.24,119.05,119.05,19507,2023-10-05
2023-10-05 17:50:00,119.025,119.08,118.8,118.83,20673,2023-10-05
2023-10-05 17:55:00,118.8,119.15,118.8,119.11,9819,2023-10-05
2023-10-05 18:00:00,119.08,119.19,119.07,119.07,27406,2023-10-05
2023-10-05 18:05:00,119.01,119.16,119.01,119.12,8457,2023-10-05
2023-10-05 18:10:00,119.13,119.49,119.13,119.44,18284,2023-10-05
2023-10-05 18:15:00,119.526,119.63,119.44,119.505,11051,2023-10-05
2023-10-05 18:20:00,119.557,119.63,119.52,119.61,6298,2023-10-05
2023-10-05 18:25:00,119.5417,119.5417,119.31,119.31,9961,2023-10-05
2023-10-05 18:30:00,119.2975,119.32,119.14,119.14,9198,2023-10-05
2023-10-05 18:35:00,119.13,119.19,119.04,119.06,7477,2023-10-05
2023-10-05 18:40:00,119.06,119.08,118.79,118.79,9668,2023-10-05
2023-10-05 18:45:00,118.82,118.8358,118.78,118.8358,8517,2023-10-05
2023-10-05 18:50:00,118.8,119.0278,118.75,119.0278,12536,2023-10-05
2023-10-05 18:55:00,118.99,119.03,118.94,119,6660,2023-10-05
2023-10-05 19:00:00,118.96,118.96,118.78,118.78,9535,2023-10-05
2023-10-05 19:05:00,118.81,118.81,118.66,118.72,9082,2023-10-05
2023-10-05 19:10:00,118.68,118.87,118.68,118.8005,7421,2023-10-05
2023-10-05 19:15:00,118.81,118.82,118.68,118.78,9605,2023-10-05
2023-10-05 19:20:00,118.82,118.96,118.82,118.94,9798,2023-10-05
2023-10-05 19:25:00,118.96,119.02,118.94,119.02,8051,2023-10-05
2023-10-05 19:30:00,119.03,119.07,118.88,118.93,7872,2023-10-05
2023-10-05 19:35:00,118.9,118.958,118.83,118.8725,5631,2023-10-05
2023-10-05 19:40:00,118.835,118.93,118.8,118.9,8189,2023-10-05
2023-10-05 19:45:00,118.895,118.92,118.805,118.81,5909,2023-10-05
2023-10-05 19:50:00,118.79,118.79,118.68,118.68,5665,2023-10-05
2023-10-05 19:55:00,118.7,118.73,118.65,118.73,8297,2023-10-05
2023-10-05 20:00:00,118.76,118.85,118.76,118.81,6130,2023-10-05
2023-10-05 20:05:00,118.81,118.879,118.8,118.83,5344,2023-10-05
2023-10-05 20:10:00,118.82,118.93,118.8,118.9011,8761,2023-10-05
2023-10-05 20:15:00,118.94,118.94,118.79,118.87,6742,2023-10-05
2023-10-05 20:20:00,118.886,118.9,118.82,118.82,7883,2023-10-05
2023-10-05 20:25:00,118.805,118.86,118.77,118.81,7124,2023-10-05
2023-10-05 20:30:00,118.84,118.98,118.76,118.95,15944,2023-10-05
2023-10-05 20:35:00,118.92,119.025,118.92,118.94,7962,2023-10-05
2023-10-05 20:40:00,118.95,119.04,118.93,119.04,9486,2023-10-05
2023-10-05 20:45:00,119.05,119.1,119.01,119.04,7596,2023-10-05
2023-10-05 20:50:00,119.035,119.08,118.97,118.99,8431,2023-10-05
2023-10-05 20:55:00,118.955,118.989,118.89,118.95,7804,2023-10-05
2023-10-05 21:00:00,118.95,119.075,118.95,119.03,9322,2023-10-05
2023-10-05 21:05:00,119,119.02,118.96,118.975,6443,2023-10-05
2023-10-05 21:10:00,118.95,118.95,118.8175,118.83,10140,2023-10-05
2023-10-05 21:15:00,118.86,118.86,118.76,118.775,13065,2023-10-05
2023-10-05 21:20:00,118.77,118.86,118.74,118.86,9193,2023-10-05
2023-10-05 21:25:00,118.86,119.105,118.85,119.09,12418,2023-10-05
2023-10-05 21:30:00,119.12,119.23,119.12,119.18,6690,2023-10-05
2023-10-05 21:35:00,119.18,119.18,119.05,119.14,12742,2023-10-05
2023-10-05 21:40:00,119.15,119.2,119.005,119.01,10236,2023-10-05
2023-10-05 21:45:00,119,119.01,118.843,118.8741,17772,2023-10-05
2023-10-05 21:50:00,118.86,118.98,118.82,118.94,89490,2023-10-05
2023-10-05 21:55:00,118.94,118.98,118.895,118.965,11137,2023-10-05
2023-10-05 22:00:00,118.97,118.975,118.88,118.88,11510,2023-10-05
2023-10-05 22:05:00,118.865,118.93,118.84,118.84,9906,2023-10-05
2023-10-05 22:10:00,118.79,118.82,118.72,118.77,17237,2023-10-05
2023-10-05 22:15:00,118.76,118.83,118.685,118.83,13635,2023-10-05
2023-10-05 22:20:00,118.79,118.84,118.735,118.825,11931,2023-10-05
2023-10-05 22:25:00,118.88,118.92,118.79,118.83,14464,2023-10-05
2023-10-05 22:30:00,118.83,118.87,118.76,118.76,18121,2023-10-05
2023-10-05 22:35:00,118.77,118.79,118.58,118.58,22205,2023-10-05
2023-10-05 22:40:00,118.59,118.6,118.415,118.47,33227,2023-10-05
2023-10-05 22:45:00,118.46,118.6,118.46,118.49,34329,2023-10-05
2023-10-05 22:50:00,118.51,118.53,118.3,118.31,71131,2023-10-05
2023-10-05 22:55:00,118.3,118.58,118.3,118.54,135403,2023-10-05
2023-10-05 23:00:00,118.49,118.49,118.49,118.49,28857,2023-10-05
2023-10-05 23:05:00,118.49,118.49,118.49,118.49,1368,2023-10-05
2023-10-06 16:30:00,118.28,118.33,117.84,118.015,23173,2023-10-06
2023-10-06 16:35:00,117.9025,117.985,117.43,117.605,11091,2023-10-06
2023-10-06 16:40:00,117.555,117.61,117.02,117.02,9849,2023-10-06
2023-10-06 16:45:00,117.1,117.36,117.09,117.13,10387,2023-10-06
2023-10-06 16:50:00,117.07,117.1225,116.6155,116.6155,13844,2023-10-06
2023-10-06 16:55:00,116.61,116.86,116.46,116.79,25136,2023-10-06
2023-10-06 17:00:00,116.79,116.79,116.4,116.4022,8349,2023-10-06
2023-10-06 17:05:00,116.4,116.63,116.317,116.4,15310,2023-10-06
2023-10-06 17:10:00,116.4,116.87,116.375,116.845,50307,2023-10-06
2023-10-06 17:15:00,116.85,116.88,116.62,116.62,10611,2023-10-06
2023-10-06 17:20:00,116.61,116.815,116.48,116.66,43883,2023-10-06
2023-10-06 17:25:00,116.66,116.67,116.445,116.625,16133,2023-10-06
2023-10-06 17:30:00,116.67,116.845,116.67,116.78,4908,2023-10-06
2023-10-06 17:35:00,116.83,117.205,116.83,117.205,9858,2023-10-06
2023-10-06 17:40:00,117.21,117.45,117.21,117.45,6946,2023-10-06
2023-10-06 17:45:00,117.45,117.5,117.39,117.44,10422,2023-10-06
2023-10-06 17:50:00,117.5,117.62,117.44,117.45,22068,2023-10-06
2023-10-06 17:55:00,117.5,117.52,117.41,117.519,8437,2023-10-06
2023-10-06 18:00:00,117.54,117.69,117.49,117.69,7156,2023-10-06
2023-10-06 18:05:00,117.69,117.795,117.575,117.795,11112,2023-10-06
2023-10-06 18:10:00,117.865,117.89,117.6,117.64,12458,2023-10-06
2023-10-06 18:15:00,117.66,117.81,117.66,117.67,9366,2023-10-06
2023-10-06 18:20:00,117.72,117.8,117.66,117.66,15015,2023-10-06
2023-10-06 18:25:00,117.67,118.07,117.61,118.055,19615,2023-10-06
2023-10-06 18:30:00,118.1,118.12,117.98,118.09,10311,2023-10-06
2023-10-06 18:35:00,118.08,118.105,117.99,118.08,7197,2023-10-06
2023-10-06 18:40:00,118.09,118.28,118.09,118.27,8963,2023-10-06
2023-10-06 18:45:00,118.3,118.43,118.245,118.43,9103,2023-10-06
2023-10-06 18:50:00,118.435,118.65,118.35,118.65,11084,2023-10-06
2023-10-06 18:55:00,118.65,118.84,118.6,118.78,20446,2023-10-06
2023-10-06 19:00:00,118.8,118.81,118.51,118.55,13852,2023-10-06
2023-10-06 19:05:00,118.58,118.605,118.48,118.6,10138,2023-10-06
2023-10-06 19:10:00,118.58,118.58,118.18,118.2596,26179,2023-10-06
2023-10-06 19:15:00,118.225,118.35,118.2,118.33,8488,2023-10-06
2023-10-06 19:20:00,118.35,118.35,118.19,118.2,9733,2023-10-06
2023-10-06 19:25:00,118.2,118.255,118.2,118.255,7434,2023-10-06
2023-10-06 19:30:00,118.27,118.32,118.0875,118.0875,8413,2023-10-06
2023-10-06 19:35:00,118.17,118.19,118.06,118.08,4828,2023-10-06
2023-10-06 19:40:00,118.065,118.13,118.05,118.13,7558,2023-10-06
2023-10-06 19:45:00,118.15,118.229,118.12,118.229,10614,2023-10-06
2023-10-06 19:50:00,118.26,118.265,118.155,118.155,7332,2023-10-06
2023-10-06 19:55:00,118.175,118.1799,118.08,118.1418,3840,2023-10-06
2023-10-06 20:00:00,118.17,118.2,118.13,118.13,3345,2023-10-06
2023-10-06 20:05:00,118.17,118.28,118.17,118.235,5795,2023-10-06
2023-10-06 20:10:00,118.22,118.34,118.14,118.34,8249,2023-10-06
2023-10-06 20:15:00,118.355,118.43,118.35,118.35,7578,2023-10-06
2023-10-06 20:20:00,118.2823,118.44,118.2671,118.405,6908,2023-10-06
2023-10-06 20:25:00,118.42,118.49,118.42,118.46,3613,2023-10-06
2023-10-06 20:30:00,118.47,118.58,118.453,118.58,6504,2023-10-06
2023-10-06 20:35:00,118.55,118.55,118.43,118.46,6642,2023-10-06
2023-10-06 20:40:00,118.47,118.5,118.42,118.42,8316,2023-10-06
2023-10-06 20:45:00,118.405,118.52,118.34,118.47,11940,2023-10-06
2023-10-06 20:50:00,118.47,118.47,118.32,118.435,7022,2023-10-06
2023-10-06 20:55:00,118.42,118.495,118.4,118.41,6627,2023-10-06
2023-10-06 21:00:00,118.4,118.41,118.35,118.4,5146,2023-10-06
2023-10-06 21:05:00,118.38,118.51,118.3286,118.51,6311,2023-10-06
2023-10-06 21:10:00,118.52,118.625,118.52,118.58,6043,2023-10-06
2023-10-06 21:15:00,118.59,118.67,118.59,118.65,4616,2023-10-06
2023-10-06 21:20:00,118.629,118.64,118.55,118.6,5794,2023-10-06
2023-10-06 21:25:00,118.62,118.84,118.62,118.84,9880,2023-10-06
2023-10-06 21:30:00,118.82,118.84,118.72,118.8337,10155,2023-10-06
2023-10-06 21:35:00,118.87,119.1,118.87,119.1,8803,2023-10-06
2023-10-06 21:40:00,119.14,119.21,119.06,119.12,9521,2023-10-06
2023-10-06 21:45:00,119.145,119.16,119,119.01,6387,2023-10-06
2023-10-06 21:50:00,119.02,119.05,118.93,118.94,7785,2023-10-06
2023-10-06 21:55:00,118.96,118.97,118.91,118.92,7811,2023-10-06
2023-10-06 22:00:00,118.9227,118.93,118.73,118.73,7230,2023-10-06
2023-10-06 22:05:00,118.73,118.9,118.71,118.83,9434,2023-10-06
2023-10-06 22:10:00,118.85,118.89,118.825,118.87,6494,2023-10-06
2023-10-06 22:15:00,118.8796,118.88,118.7574,118.81,13005,2023-10-06
2023-10-06 22:20:00,118.85,118.97,118.8,118.97,8897,2023-10-06
2023-10-06 22:25:00,118.93,118.9783,118.89,118.93,12162,2023-10-06
2023-10-06 22:30:00,118.95,119.03,118.93,118.97,14236,2023-10-06
2023-10-06 22:35:00,118.955,119.06,118.91,119.06,13242,2023-10-06
2023-10-06 22:40:00,119.02,119.05,118.93,118.94,13915,2023-10-06
2023-10-06 22:45:00,118.93,118.98,118.868,118.87,29002,2023-10-06
2023-10-06 22:50:00,118.82,118.87,118.78,118.8,50208,2023-10-06
2023-10-06 22:55:00,118.78,118.83,118.64,118.82,120922,2023-10-06
2023-10-06 23:00:00,118.81,118.81,118.81,118.81,11978,2023-10-06
2023-10-06 23:20:00,118.81,118.81,118.81,118.81,2469,2023-10-06
2023-10-09 16:30:00,118.78,119.0875,118.4,119.0875,25411,2023-10-09
2023-10-09 16:35:00,119.03,119.22,118.695,118.715,11148,2023-10-09
2023-10-09 16:40:00,118.805,118.82,118.36,118.595,5219,2023-10-09
2023-10-09 16:45:00,118.61,118.66,118.35,118.385,6775,2023-10-09
2023-10-09 16:50:00,118.48,118.635,118.36,118.42,11293,2023-10-09
2023-10-09 16:55:00,118.455,118.63,118.4117,118.54,3530,2023-10-09
2023-10-09 17:00:00,118.51,118.57,118.35,118.39,15838,2023-10-09
2023-10-09 17:05:00,118.37,118.42,118.3287,118.39,22203,2023-10-09
2023-10-09 17:10:00,118.39,118.39,118.105,118.11,5307,2023-10-09
2023-10-09 17:15:00,118.105,118.11,117.87,117.88,8652,2023-10-09
2023-10-09 17:20:00,117.78,117.85,117.6854,117.7,7970,2023-10-09
2023-10-09 17:25:00,117.675,117.88,117.675,117.8101,8335,2023-10-09
2023-10-09 17:30:00,117.755,117.76,117.47,117.475,4820,2023-10-09
2023-10-09 17:35:00,117.45,117.57,117.4268,117.49,10637,2023-10-09
2023-10-09 17:40:00,117.4301,117.5,117.415,117.49,8002,2023-10-09
2023-10-09 17:45:00,117.52,117.63,117.43,117.43,11256,2023-10-09
2023-10-09 17:50:00,117.39,117.52,117.38,117.43,9259,2023-10-09
2023-10-09 17:55:00,117.42,117.6,117.34,117.6,12028,2023-10-09
2023-10-09 18:00:00,117.56,117.755,117.52,117.74,23093,2023-10-09
2023-10-09 18:05:00,117.75,117.84,117.68,117.84,7539,2023-10-09
2023-10-09 18:10:00,117.81,117.87,117.75,117.75,5752,2023-10-09
2023-10-09 18:15:00,117.765,117.79,117.71,117.76,5936,2023-10-09
2023-10-09 18:20:00,117.79,117.8,117.65,117.66,5376,2023-10-09
2023-10-09 18:25:00,117.6,117.7,117.58,117.67,5785,2023-10-09
2023-10-09 18:30:00,117.67,117.77,117.67,117.74,4593,2023-10-09
2023-10-09 18:35:00,117.71,117.785,117.64,117.72,7760,2023-10-09
2023-10-09 18:40:00,117.74,117.81,117.73,117.79,13048,2023-10-09
2023-10-09 18:45:00,117.72,117.77,117.508,117.545,8708,2023-10-09
2023-10-09 18:50:00,117.56,117.81,117.55,117.81,5262,2023-10-09
2023-10-09 18:55:00,117.8125,117.93,117.8125,117.91,6877,2023-10-09
2023-10-09 19:00:00,117.96,117.96,117.785,117.795,9356,2023-10-09
2023-10-09 19:05:00,117.79,117.98,117.79,117.9371,5093,2023-10-09
2023-10-09 19:10:00,117.92,118.12,117.92,118.0991,6231,2023-10-09
2023-10-09 19:15:00,118.06,118.085,117.97,117.9903,5300,2023-10-09
2023-10-09 19:20:00,117.98,118.0615,117.95,118.03,5181,2023-10-09
2023-10-09 19:25:00,118.02,118.045,117.99,117.99,3449,2023-10-09
2023-10-09 19:30:00,118.005,118.005,117.92,117.9285,5631,2023-10-09
2023-10-09 19:35:00,117.96,117.9924,117.87,117.87,10469,2023-10-09
2023-10-09 19:40:00,117.87,117.92,117.821,117.86,8630,2023-10-09
2023-10-09 19:45:00,117.89,117.9,117.8,117.8,5483,2023-10-09
2023-10-09 19:50:00,117.78,117.87,117.745,117.745,6310,2023-10-09
2023-10-09 19:55:00,117.74,117.79,117.6806,117.76,4962,2023-10-09
2023-10-09 20:00:00,117.75,117.75,117.62,117.745,9224,2023-10-09
2023-10-09 20:05:00,117.735,117.88,117.71,117.88,3774,2023-10-09
2023-10-09 20:10:00,117.9,117.96,117.88,117.93,6232,2023-10-09
2023-10-09 20:15:00,117.94,117.95,117.89,117.9,3117,2023-10-09
2023-10-09 20:20:00,117.92,117.92,117.85,117.87,8493,2023-10-09
2023-10-09 20:25:00,117.86,117.94,117.86,117.89,4972,2023-10-09
2023-10-09 20:30:00,117.91,118.14,117.91,118.125,8575,2023-10-09
2023-10-09 20:35:00,118.11,118.16,118.0609,118.08,6834,2023-10-09
2023-10-09 20:40:00,118.08,118.325,118.08,118.27,5244,2023-10-09
2023-10-09 20:45:00,118.29,118.4,118.29,118.36,4857,2023-10-09
2023-10-09 20:50:00,118.3625,118.44,118.345,118.41,8438,2023-10-09
2023-10-09 20:55:00,118.4,118.42,118.32,118.39,23248,2023-10-09
2023-10-09 21:00:00,118.42,118.44,118.3623,118.38,12209,2023-10-09
2023-10-09 21:05:00,118.36,118.601,118.36,118.57,12331,2023-10-09
2023-10-09 21:10:00,118.55,118.565,118.49,118.5,6003,2023-10-09
2023-10-09 21:15:00,118.5,118.53,118.44,118.44,8338,2023-10-09
2023-10-09 21:20:00,118.45,118.45,118.3,118.315,9364,2023-10-09
2023-10-09 21:25:00,118.315,118.38,118.3,118.36,8953,2023-10-09
2023-10-09 21:30:00,118.37,118.41,118.34,118.39,8809,2023-10-09
2023-10-09 21:35:00,118.375,118.375,118.27,118.355,7516,2023-10-09
2023-10-09 21:40:00,118.34,118.52,118.33,118.51,9257,2023-10-09
2023-10-09 21:45:00,118.505,118.61,118.505,118.6,12147,2023-10-09
2023-10-09 21:50:00,118.61,118.61,118.485,118.535,10257,2023-10-09
2023-10-09 21:55:00,118.525,118.67,118.525,118.66,11456,2023-10-09
2023-10-09 22:00:00,118.67,118.68,118.51,118.5101,11305,2023-10-09
2023-10-09 22:05:00,118.52,118.56,118.49,118.51,12564,2023-10-09
2023-10-09 22:10:00,118.53,118.61,118.49,118.595,12820,2023-10-09
2023-10-09 22:15:00,118.58,118.695,118.5611,118.6,9169,2023-10-09
2023-10-09 22:20:00,118.57,118.61,118.41,118.52,9866,2023-10-09
2023-10-09 22:25:00,118.5,118.53,118.465,118.4901,13881,2023-10-09
2023-10-09 22:30:00,118.505,118.58,118.49,118.55,16822,2023-10-09
2023-10-09 22:35:00,118.545,118.68,118.54,118.68,13274,2023-10-09
2023-10-09 22:40:00,118.675,118.7,118.53,118.565,22629,2023-10-09
2023-10-09 22:45:00,118.55,118.59,118.5,118.5,26648,2023-10-09
2023-10-09 22:50:00,118.48,118.645,118.44,118.565,40312,2023-10-09
2023-10-09 22:55:00,118.58,118.62,118.49,118.58,105432,2023-10-09
2023-10-09 23:00:00,118.57,118.57,118.57,118.57,27465,2023-10-09
2023-10-10 16:25:00,119.36,119.86,119.36,119.86,1000,2023-10-10
2023-10-10 16:30:00,119.56,119.76,119.0006,119.4,45309,2023-10-10
2023-10-10 16:35:00,119.355,119.66,119.255,119.29,14892,2023-10-10
2023-10-10 16:40:00,119.35,119.68,119.25,119.68,12626,2023-10-10
2023-10-10 16:45:00,119.67,119.79,119.55,119.55,5636,2023-10-10
2023-10-10 16:50:00,119.6852,119.9,119.635,119.895,14004,2023-10-10
2023-10-10 16:55:00,119.895,119.895,119.42,119.5,17743,2023-10-10
2023-10-10 17:00:00,119.5,119.62,119.43,119.47,12741,2023-10-10
2023-10-10 17:05:00,119.48,119.73,119.48,119.675,12118,2023-10-10
2023-10-10 17:10:00,119.685,119.75,119.63,119.68,13097,2023-10-10
2023-10-10 17:15:00,119.71,119.81,119.71,119.76,12768,2023-10-10
2023-10-10 17:20:00,119.775,119.85,119.7,119.72,13740,2023-10-10
2023-10-10 17:25:00,119.75,119.825,119.74,119.8,6687,2023-10-10
2023-10-10 17:30:00,119.74,119.8272,119.53,119.53,9653,2023-10-10
2023-10-10 17:35:00,119.49,119.703,119.48,119.58,34440,2023-10-10
2023-10-10 17:40:00,119.53,119.54,119.28,119.32,12985,2023-10-10
2023-10-10 17:45:00,119.25,119.32,119.24,119.27,12950,2023-10-10
2023-10-10 17:50:00,119.275,119.31,119.13,119.13,27062,2023-10-10
2023-10-10 17:55:00,119.13,119.135,118.91,118.91,36544,2023-10-10
2023-10-10 18:00:00,118.89,119.13,118.76,119.13,16787,2023-10-10
2023-10-10 18:05:00,119.145,119.435,119.12,119.425,12981,2023-10-10
2023-10-10 18:10:00,119.46,119.55,119.42,119.46,10179,2023-10-10
2023-10-10 18:15:00,119.46,119.675,119.46,119.64,11808,2023-10-10
2023-10-10 18:20:00,119.64,119.66,119.5956,119.5956,8868,2023-10-10
2023-10-10 18:25:00,119.59,119.645,119.4974,119.62,11310,2023-10-10
2023-10-10 18:30:00,119.66,119.765,119.6398,119.765,7738,2023-10-10
2023-10-10 18:35:00,119.76,119.79,119.6,119.68,9850,2023-10-10
2023-10-10 18:40:00,119.66,119.795,119.66,119.77,6042,2023-10-10
2023-10-10 18:45:00,119.74,119.77,119.6,119.62,8346,2023-10-10
2023-10-10 18:50:00,119.63,119.67,119.6,119.66,6091,2023-10-10
2023-10-10 18:55:00,119.67,119.76,119.67,119.74,6739,2023-10-10
2023-10-10 19:00:00,119.76,119.78,119.72,119.76,5407,2023-10-10
2023-10-10 19:05:00,119.71,119.76,119.71,119.72,5432,2023-10-10
2023-10-10 19:10:00,119.715,119.87,119.715,119.865,9212,2023-10-10
2023-10-10 19:15:00,119.86,119.875,119.83,119.84,7311,2023-10-10
2023-10-10 19:20:00,119.86,119.9,119.85,119.87,8216,2023-10-10
2023-10-10 19:25:00,119.86,119.985,119.82,119.83,14576,2023-10-10
2023-10-10 19:30:00,119.82,119.915,119.82,119.89,10743,2023-10-10
2023-10-10 19:35:00,119.87,120.0647,119.865,120.02,25366,2023-10-10
2023-10-10 19:40:00,120.015,120.0253,119.97,120.01,5264,2023-10-10
2023-10-10 19:45:00,119.98,120.07,119.97,120.07,4472,2023-10-10
2023-10-10 19:50:00,120.09,120.09,120.03,120.04,6142,2023-10-10
2023-10-10 19:55:00,120.03,120.08,119.99,120.08,7740,2023-10-10
2023-10-10 20:00:00,120.05,120.14,119.93,119.93,7291,2023-10-10
2023-10-10 20:05:00,119.89,119.89,119.8,119.825,7826,2023-10-10
2023-10-10 20:10:00,119.89,119.98,119.88,119.96,5276,2023-10-10
2023-10-10 20:15:00,119.94,120.0179,119.89,119.98,8603,2023-10-10
2023-10-10 20:20:00,119.955,120.005,119.85,119.85,7042,2023-10-10
2023-10-10 20:25:00,119.845,119.845,119.6701,119.725,7457,2023-10-10
2023-10-10 20:30:00,119.73,119.73,119.6,119.63,8468,2023-10-10
2023-10-10 20:35:00,119.6278,119.6511,119.505,119.53,8803,2023-10-10
2023-10-10 20:40:00,119.58,119.655,119.54,119.655,6981,2023-10-10
2023-10-10 20:45:00,119.645,119.665,119.59,119.599,6776,2023-10-10
2023-10-10 20:50:00,119.625,119.69,119.62,119.685,6261,2023-10-10
2023-10-10 20:55:00,119.715,119.9136,119.715,119.84,15092,2023-10-10
2023-10-10 21:00:00,119.835,119.875,119.81,119.87,7119,2023-10-10
2023-10-10 21:05:00,119.83,119.85,119.75,119.75,6256,2023-10-10
2023-10-10 21:10:00,119.75,119.759,119.62,119.62,4153,2023-10-10
2023-10-10 21:15:00,119.56,119.61,119.54,119.6,14895,2023-10-10
2023-10-10 21:20:00,119.62,119.63,119.51,119.53,7112,2023-10-10
2023-10-10 21:25:00,119.53,119.72,119.52,119.69,5749,2023-10-10
2023-10-10 21:30:00,119.67,119.74,119.67,119.74,4633,2023-10-10
2023-10-10 21:35:00,119.74,119.76,119.57,119.5777,7773,2023-10-10
2023-10-10 21:40:00,119.595,119.6,119.56,119.59,6142,2023-10-10
2023-10-10 21:45:00,119.58,119.7,119.58,119.6,8188,2023-10-10
2023-10-10 21:50:00,119.58,119.58,119.34,119.34,7188,2023-10-10
2023-10-10 21:55:00,119.33,119.33,119.26,119.31,7750,2023-10-10
2023-10-10 22:00:00,119.31,119.34,119.27,119.305,10026,2023-10-10
2023-10-10 22:05:00,119.305,119.36,119.25,119.36,9505,2023-10-10
2023-10-10 22:10:00,119.34,119.47,119.32,119.438,13024,2023-10-10
2023-10-10 22:15:00,119.47,119.575,119.46,119.52,13080,2023-10-10
2023-10-10 22:20:00,119.53,119.53,119.45,119.47,9028,2023-10-10
2023-10-10 22:25:00,119.465,119.53,119.465,119.5,12246,2023-10-10
2023-10-10 22:30:00,119.51,119.6,119.51,119.52,11316,2023-10-10
2023-10-10 22:35:00,119.54,119.64,119.52,119.64,12548,2023-10-10
2023-10-10 22:40:00,119.65,119.74,119.6444,119.735,15858,2023-10-10
2023-10-10 22:45:00,119.7362,119.88,119.73,119.88,24785,2023-10-10
2023-10-10 22:50:00,119.88,119.88,119.78,119.81,37959,2023-10-10
2023-10-10 22:55:00,119.81,119.868,119.71,119.71,81269,2023-10-10
2023-10-10 23:00:00,119.71,119.71,119.71,119.71,3711,2023-10-10
2023-10-10 23:20:00,119.71,119.71,119.71,119.71,210,2023-10-10
2023-10-11 16:20:00,119.75,119.75,119.75,119.75,300,2023-10-11
2023-10-11 16:30:00,120.16,120.29,119.89,120.035,21088,2023-10-11
2023-10-11 16:35:00,120.055,120.13,119.775,119.95,14317,2023-10-11
2023-10-11 16:40:00,120.01,120.01,119.59,119.635,8545,2023-10-11
2023-10-11 16:45:00,119.605,119.805,119.58,119.805,6101,2023-10-11
2023-10-11 16:50:00,119.805,119.82,119.415,119.415,18345,2023-10-11
2023-10-11 16:55:00,119.43,119.66,119.34,119.66,6960,2023-10-11
2023-10-11 17:00:00,119.65,119.84,119.63,119.825,4378,2023-10-11
2023-10-11 17:05:00,119.88,119.89,119.72,119.79,5164,2023-10-11
2023-10-11 17:10:00,119.765,119.765,119.35,119.35,9959,2023-10-11
2023-10-11 17:15:00,119.365,119.44,119.28,119.28,9297,2023-10-11
2023-10-11 17:20:00,119.31,119.32,119.14,119.22,6833,2023-10-11
2023-10-11 17:25:00,119.195,119.43,119.175,119.43,6196,2023-10-11
2023-10-11 17:30:00,119.47,119.51,119.47,119.51,4190,2023-10-11
2023-10-11 17:35:00,119.545,119.675,119.545,119.6,6389,2023-10-11
2023-10-11 17:40:00,119.545,119.66,119.53,119.566,7629,2023-10-11
2023-10-11 17:45:00,119.55,119.55,119.34,119.34,5045,2023-10-11
2023-10-11 17:50:00,119.344,119.344,119.17,119.17,5958,2023-10-11
2023-10-11 17:55:00,119.155,119.23,119.13,119.2,4925,2023-10-11
2023-10-11 18:00:00,119.18,119.24,119.08,119.17,7641,2023-10-11
2023-10-11 18:05:00,119.14,119.2,119.005,119.01,5226,2023-10-11
2023-10-11 18:10:00,118.99,119,118.861,118.861,6436,2023-10-11
2023-10-11 18:15:00,118.86,118.91,118.635,118.71,14749,2023-10-11
2023-10-11 18:20:00,118.69,118.76,118.6734,118.71,3766,2023-10-11
2023-10-11 18:25:00,118.76,118.83,118.73,118.81,21487,2023-10-11
2023-10-11 18:30:00,118.84,119.01,118.84,119.01,8192,2023-10-11
2023-10-11 18:35:00,119.015,119.025,118.97,118.97,6394,2023-10-11
2023-10-11 18:40:00,118.96,119.13,118.92,119.13,7710,2023-10-11
2023-10-11 18:45:00,119.125,119.21,119.1068,119.19,10277,2023-10-11
2023-10-11 18:50:00,119.22,119.33,119.19,119.33,9751,2023-10-11
2023-10-11 18:55:00,119.29,119.33,119.15,119.16,13880,2023-10-11
2023-10-11 19:00:00,119.15,119.17,119.06,119.1,11209,2023-10-11
2023-10-11 19:05:00,119.0921,119.35,119.08,119.32,6273,2023-10-11
2023-10-11 19:10:00,119.34,119.42,119.32,119.34,10604,2023-10-11
2023-10-11 19:15:00,119.32,119.39,119.28,119.33,10206,2023-10-11
2023-10-11 19:20:00,119.31,119.35,119.25,119.31,11808,2023-10-11
2023-10-11 19:25:00,119.28,119.32,119.2,119.2,7003,2023-10-11
2023-10-11 19:30:00,119.2,119.28,119.19,119.26,11742,2023-10-11
2023-10-11 19:35:00,119.2303,119.32,119.2303,119.305,4262,2023-10-11
2023-10-11 19:40:00,119.3,119.3,119.2028,119.24,3887,2023-10-11
2023-10-11 19:45:00,119.25,119.32,119.25,119.32,6554,2023-10-11
2023-10-11 19:50:00,119.33,119.34,119.21,119.21,5578,2023-10-11
2023-10-11 19:55:00,119.1827,119.1827,119.11,119.15,4641,2023-10-11
2023-10-11 20:00:00,119.14,119.14,119.005,119.005,6020,2023-10-11
2023-10-11 20:05:00,118.98,119.02,118.98,119.02,2782,2023-10-11
2023-10-11 20:10:00,119.04,119.19,119.04,119.19,4042,2023-10-11
2023-10-11 20:15:00,119.2,119.23,119.115,119.13,5548,2023-10-11
2023-10-11 20:20:00,119.14,119.14,119.09,119.095,3615,2023-10-11
2023-10-11 20:25:00,119.08,119.205,119.0715,119.15,6334,2023-10-11
2023-10-11 20:30:00,119.15,119.155,119.05,119.0701,4838,2023-10-11
2023-10-11 20:35:00,119.07,119.12,119.04,119.085,4175,2023-10-11
2023-10-11 20:40:00,119.11,119.11,119.06,119.09,4535,2023-10-11
2023-10-11 20:45:00,119.085,119.085,118.915,118.925,5490,2023-10-11
2023-10-11 20:50:00,118.95,119,118.94,119,5616,2023-10-11
2023-10-11 20:55:00,118.96,119.045,118.96,119.04,4017,2023-10-11
2023-10-11 21:00:00,118.9708,119.08,118.96,118.96,6581,2023-10-11
2023-10-11 21:05:00,118.97,118.97,118.8703,118.945,15924,2023-10-11
2023-10-11 21:10:00,118.93,119.12,118.92,119.1,15082,2023-10-11
2023-10-11 21:15:00,119.1177,119.33,119.1177,119.28,8881,2023-10-11
2023-10-11 21:20:00,119.28,119.28,119.17,119.25,4389,2023-10-11
2023-10-11 21:25:00,119.25,119.298,119.23,119.26,5129,2023-10-11
2023-10-11 21:30:00,119.2726,119.36,119.27,119.34,5442,2023-10-11
2023-10-11 21:35:00,119.35,119.35,119.3,119.3,4668,2023-10-11
2023-10-11 21:40:00,119.28,119.3,119.24,119.3,6698,2023-10-11
2023-10-11 21:45:00,119.31,119.32,119.27,119.3,5754,2023-10-11
2023-10-11 21:50:00,119.29,119.4,119.2709,119.3916,7677,2023-10-11
2023-10-11 21:55:00,119.4011,119.4011,119.335,119.335,5968,2023-10-11
2023-10-11 22:00:00,119.32,119.38,119.3,119.33,8754,2023-10-11
2023-10-11 22:05:00,119.3,119.35,119.265,119.35,11558,2023-10-11
2023-10-11 22:10:00,119.37,119.44,119.33,119.35,9414,2023-10-11
2023-10-11 22:15:00,119.33,119.37,119.3,119.359,10011,2023-10-11
2023-10-11 22:20:00,119.34,119.38,119.31,119.335,8112,2023-10-11
2023-10-11 22:25:00,119.32,119.32,119.22,119.26,12098,2023-10-11
2023-10-11 22:30:00,119.26,119.37,119.19,119.37,16428,2023-10-11
2023-10-11 22:35:00,119.36,119.43,119.3,119.43,18840,2023-10-11
2023-10-11 22:40:00,119.43,119.47,119.36,119.47,24248,2023-10-11
2023-10-11 22:45:00,119.465,119.64,119.45,119.495,26460,2023-10-11
2023-10-11 22:50:00,119.51,119.535,119.36,119.42,43325,2023-10-11
2023-10-11 22:55:00,119.43,119.46,119.28,119.35,96018,2023-10-11
2023-10-11 23:00:00,119.35,119.35,119.35,119.35,4029,2023-10-11
2023-10-11 23:05:00,119.35,119.35,119.35,119.35,3040,2023-10-11
2023-10-11 23:25:00,119.99,119.99,119.99,119.99,100,2023-10-11
2023-10-12 11:50:00,120.03,120.03,120.03,120.03,200,2023-10-12
2023-10-12 15:00:00,121,121,121,121,101,2023-10-12
2023-10-12 16:05:00,121.07,121.07,121.07,121.07,298,2023-10-12
2023-10-12 16:30:00,119.98,120.01,119.3,119.32,37275,2023-10-12
2023-10-12 16:35:00,119.36,119.49,119.06,119.4084,9516,2023-10-12
2023-10-12 16:40:00,119.35,119.58,119.27,119.53,8516,2023-10-12
2023-10-12 16:45:00,119.56,119.7,119.42,119.4305,15520,2023-10-12
2023-10-12 16:50:00,119.5,119.55,119.21,119.21,9794,2023-10-12
2023-10-12 16:55:00,119.15,119.15,118.88,118.975,10951,2023-10-12
2023-10-12 17:00:00,118.9075,118.95,118.72,118.73,15107,2023-10-12
2023-10-12 17:05:00,118.73,118.75,118.405,118.45,11065,2023-10-12
2023-10-12 17:10:00,118.45,118.615,118.36,118.6039,11443,2023-10-12
2023-10-12 17:15:00,118.6,118.91,118.57,118.9075,9721,2023-10-12
2023-10-12 17:20:00,118.94,119.01,118.85,118.87,14558,2023-10-12
2023-10-12 17:25:00,118.86,119.1499,118.82,119.12,33474,2023-10-12
2023-10-12 17:30:00,119.085,119.14,118.76,118.81,20029,2023-10-12
2023-10-12 17:35:00,118.81,118.875,118.67,118.875,13180,2023-10-12
2023-10-12 17:40:00,118.86,118.86,118.675,118.71,11894,2023-10-12
2023-10-12 17:45:00,118.73,119,118.73,118.94,16679,2023-10-12
2023-10-12 17:50:00,118.925,118.987,118.85,118.88,16164,2023-10-12
2023-10-12 17:55:00,118.851,119.2,118.83,119.19,16013,2023-10-12
2023-10-12 18:00:00,119.18,119.24,119.06,119.095,20426,2023-10-12
2023-10-12 18:05:00,119.08,119.125,118.97,119.09,22956,2023-10-12
2023-10-12 18:10:00,119.12,119.21,119.08,119.135,17523,2023-10-12
2023-10-12 18:15:00,119.13,119.14,119.07,119.13,13613,2023-10-12
2023-10-12 18:20:00,119.16,119.31,119.08,119.22,23077,2023-10-12
2023-10-12 18:25:00,119.25,119.42,119.25,119.39,20534,2023-10-12
2023-10-12 18:30:00,119.35,119.37,119.28,119.305,11236,2023-10-12
2023-10-12 18:35:00,119.295,119.4,119.295,119.38,8670,2023-10-12
2023-10-12 18:40:00,119.375,119.4,119.225,119.3,17163,2023-10-12
2023-10-12 18:45:00,119.3,119.38,119.3,119.37,7067,2023-10-12
2023-10-12 18:50:00,119.35,119.4934,119.31,119.49,10396,2023-10-12
2023-10-12 18:55:00,119.5,119.79,119.5,119.78,8966,2023-10-12
2023-10-12 19:00:00,119.79,120.11,119.78,120.09,18261,2023-10-12
2023-10-12 19:05:00,120.09,120.28,120.09,120.225,24593,2023-10-12
2023-10-12 19:10:00,120.19,120.27,120.1,120.1,16996,2023-10-12
2023-10-12 19:15:00,120.08,120.28,120.06,120.26,14751,2023-10-12
2023-10-12 19:20:00,120.24,120.3,120.15,120.3,11296,2023-10-12
2023-10-12 19:25:00,120.3,120.39,120.24,120.24,15271,2023-10-12
2023-10-12 19:30:00,120.28,120.31,120.2,120.29,14961,2023-10-12
2023-10-12 19:35:00,120.29,120.36,120.18,120.36,7414,2023-10-12
2023-10-12 19:40:00,120.34,120.34,120.28,120.34,9807,2023-10-12
2023-10-12 19:45:00,120.33,120.38,120.25,120.33,16211,2023-10-12
2023-10-12 19:50:00,120.34,120.38,120.28,120.28,10931,2023-10-12
2023-10-12 19:55:00,120.28,120.32,120.23,120.32,16316,2023-10-12
2023-10-12 20:00:00,120.32,120.32,120.01,120.12,44115,2023-10-12
2023-10-12 20:05:00,120.09,120.11,119.95,120.02,23146,2023-10-12
2023-10-12 20:10:00,119.99,120.13,119.96,120.09,10825,2023-10-12
2023-10-12 20:15:00,120.09,120.23,120.06,120.23,13463,2023-10-12
2023-10-12 20:20:00,120.25,120.26,120.21,120.26,7742,2023-10-12
2023-10-12 20:25:00,120.26,120.295,120.08,120.08,9926,2023-10-12
2023-10-12 20:30:00,120.03,120.0782,119.98,120.01,15757,2023-10-12
2023-10-12 20:35:00,120,120.06,119.955,120.06,12329,2023-10-12
2023-10-12 20:40:00,120.115,120.17,120.06,120.065,40259,2023-10-12
2023-10-12 20:45:00,120.065,120.11,119.905,119.95,10837,2023-10-12
2023-10-12 20:50:00,119.97,119.99,119.9,119.98,16367,2023-10-12
2023-10-12 20:55:00,119.99,120.005,119.86,119.86,21801,2023-10-12
2023-10-12 21:00:00,119.85,120.04,119.84,119.965,96301,2023-10-12
2023-10-12 21:05:00,119.965,119.98,119.86,119.92,15836,2023-10-12
2023-10-12 21:10:00,119.93,120.0025,119.9,119.97,12590,2023-10-12
2023-10-12 21:15:00,119.96,120,119.87,119.95,14461,2023-10-12
2023-10-12 21:20:00,119.965,120.14,119.965,120.115,14314,2023-10-12
2023-10-12 21:25:00,120.1,120.26,120.1,120.19,34234,2023-10-12
2023-10-12 21:30:00,120.18,120.185,120.065,120.115,17836,2023-10-12
2023-10-12 21:35:00,120.13,120.18,120.04,120.065,12829,2023-10-12
2023-10-12 21:40:00,120.0638,120.0642,119.94,119.945,17003,2023-10-12
2023-10-12 21:45:00,119.96,120.015,119.901,119.9792,17306,2023-10-12
2023-10-12 21:50:00,119.97,120.03,119.93,119.97,21932,2023-10-12
2023-10-12 21:55:00,119.99,120.01,119.94,119.99,14005,2023-10-12
2023-10-12 22:00:00,120,120.02,119.93,119.94,14761,2023-10-12
2023-10-12 22:05:00,119.93,120.02,119.93,119.98,18731,2023-10-12
2023-10-12 22:10:00,119.97,120.04,119.955,120.0349,19014,2023-10-12
2023-10-12 22:15:00,120.005,120.005,119.91,119.93,13696,2023-10-12
2023-10-12 22:20:00,119.93,119.965,119.88,119.88,19853,2023-10-12
2023-10-12 22:25:00,119.87,119.87,119.68,119.74,20913,2023-10-12
2023-10-12 22:30:00,119.75,119.91,119.7,119.86,22498,2023-10-12
2023-10-12 22:35:00,119.87,119.96,119.825,119.96,26088,2023-10-12
2023-10-12 22:40:00,119.96,120.01,119.78,119.78,36024,2023-10-12
2023-10-12 22:45:00,119.79,119.92,119.761,119.86,43732,2023-10-12
2023-10-12 22:50:00,119.85,119.97,119.71,119.77,76067,2023-10-12
2023-10-12 22:55:00,119.76,119.83,119.67,119.8,189915,2023-10-12
2023-10-12 23:00:00,119.75,119.75,119.75,119.75,6416,2023-10-12
2023-10-12 23:10:00,119.75,119.75,119.75,119.75,2610,2023-10-12
2023-10-13 16:30:00,120.07,120.38,120.04,120.08,15317,2023-10-13
2023-10-13 16:35:00,119.9902,120.27,119.99,120.13,7428,2023-10-13
2023-10-13 16:40:00,120.125,120.455,120.06,120.405,20646,2023-10-13
2023-10-13 16:45:00,120.39,120.76,120.39,120.63,12162,2023-10-13
2023-10-13 16:50:00,120.625,120.87,120.58,120.85,22938,2023-10-13
2023-10-13 16:55:00,120.85,120.99,120.6401,120.94,19005,2023-10-13
2023-10-13 17:00:00,120.66,120.67,120.52,120.66,9838,2023-10-13
2023-10-13 17:05:00,120.66,120.73,120.53,120.73,11998,2023-10-13
2023-10-13 17:10:00,120.67,120.67,120.56,120.56,8911,2023-10-13
2023-10-13 17:15:00,120.51,120.5501,120.455,120.52,9244,2023-10-13
2023-10-13 17:20:00,120.54,120.59,120.49,120.52,8076,2023-10-13
2023-10-13 17:25:00,120.505,120.67,120.505,120.67,8209,2023-10-13
2023-10-13 17:30:00,120.64,120.75,120.575,120.7455,14139,2023-10-13
2023-10-13 17:35:00,120.71,120.79,120.54,120.555,8922,2023-10-13
2023-10-13 17:40:00,120.455,120.4748,120.36,120.4,4597,2023-10-13
2023-10-13 17:45:00,120.37,120.565,120.3555,120.55,7115,2023-10-13
2023-10-13 17:50:00,120.54,120.57,120.42,120.455,8613,2023-10-13
2023-10-13 17:55:00,120.46,120.4899,120.22,120.23,19072,2023-10-13
2023-10-13 18:00:00,120.19,120.24,120.14,120.14,7878,2023-10-13
2023-10-13 18:05:00,120.12,120.12,119.95,120.095,12684,2023-10-13
2023-10-13 18:10:00,120.17,120.205,120.05,120.14,4808,2023-10-13
2023-10-13 18:15:00,120.16,120.415,120.16,120.37,7089,2023-10-13
2023-10-13 18:20:00,120.38,120.53,120.33,120.335,11713,2023-10-13
2023-10-13 18:25:00,120.29,120.29,120.1601,120.29,7439,2023-10-13
2023-10-13 18:30:00,120.375,120.375,120.22,120.22,11342,2023-10-13
2023-10-13 18:35:00,120.22,120.29,120.17,120.24,6948,2023-10-13
2023-10-13 18:40:00,120.2262,120.34,120.2,120.33,7956,2023-10-13
2023-10-13 18:45:00,120.37,120.42,120.32,120.39,6363,2023-10-13
2023-10-13 18:50:00,120.38,120.38,120.17,120.17,5780,2023-10-13
2023-10-13 18:55:00,120.17,120.17,120.02,120.06,5172,2023-10-13
2023-10-13 19:00:00,120.05,120.26,120.045,120.26,4954,2023-10-13
2023-10-13 19:05:00,120.245,120.41,120.245,120.39,5500,2023-10-13
2023-10-13 19:10:00,120.39,120.46,120.385,120.44,5168,2023-10-13
2023-10-13 19:15:00,120.42,120.525,120.37,120.51,6976,2023-10-13
2023-10-13 19:20:00,120.5141,120.6,120.47,120.495,10032,2023-10-13
2023-10-13 19:25:00,120.51,120.61,120.465,120.61,7005,2023-10-13
2023-10-13 19:30:00,120.65,120.7,120.58,120.685,5483,2023-10-13
2023-10-13 19:35:00,120.67,120.68,120.61,120.62,9054,2023-10-13
2023-10-13 19:40:00,120.605,120.645,120.6,120.6,6405,2023-10-13
2023-10-13 19:45:00,120.58,120.64,120.51,120.51,7598,2023-10-13
2023-10-13 19:50:00,120.47,120.48,120.1,120.12,9489,2023-10-13
2023-10-13 19:55:00,120.17,120.22,120.14,120.21,4018,2023-10-13
2023-10-13 20:00:00,120.2,120.37,120.2,120.34,6011,2023-10-13
2023-10-13 20:05:00,120.39,120.42,120.27,120.42,4825,2023-10-13
2023-10-13 20:10:00,120.4,120.4999,120.36,120.42,7755,2023-10-13
2023-10-13 20:15:00,120.41,120.56,120.4,120.49,9484,2023-10-13
2023-10-13 20:20:00,120.53,120.55,120.445,120.52,7215,2023-10-13
2023-10-13 20:25:00,120.48,120.515,120.305,120.35,8042,2023-10-13
2023-10-13 20:30:00,120.32,120.38,120.29,120.38,5354,2023-10-13
2023-10-13 20:35:00,120.4,120.5305,120.35,120.5305,5521,2023-10-13
2023-10-13 20:40:00,120.56,121,120.56,120.92,8363,2023-10-13
2023-10-13 20:45:00,120.935,120.935,120.7894,120.86,5090,2023-10-13
2023-10-13 20:50:00,120.92,120.96,120.88,120.945,8059,2023-10-13
2023-10-13 20:55:00,120.94,120.96,120.88,120.895,7765,2023-10-13
2023-10-13 21:00:00,120.88,120.93,120.8279,120.89,8264,2023-10-13
2023-10-13 21:05:00,120.905,120.98,120.815,120.833,13067,2023-10-13
2023-10-13 21:10:00,120.84,120.9,120.81,120.83,9326,2023-10-13
2023-10-13 21:15:00,120.875,120.93,120.84,120.84,10386,2023-10-13
2023-10-13 21:20:00,120.88,120.92,120.85,120.85,5717,2023-10-13
2023-10-13 21:25:00,120.83,120.85,120.75,120.76,7917,2023-10-13
2023-10-13 21:30:00,120.75,120.785,120.69,120.69,9799,2023-10-13
2023-10-13 21:35:00,120.7,120.72,120.43,120.44,7126,2023-10-13
2023-10-13 21:40:00,120.445,120.525,120.445,120.49,9772,2023-10-13
2023-10-13 21:45:00,120.49,120.52,120.27,120.28,8888,2023-10-13
2023-10-13 21:50:00,120.27,120.6,120.25,120.58,8280,2023-10-13
2023-10-13 21:55:00,120.59,120.6,120.52,120.56,8609,2023-10-13
2023-10-13 22:00:00,120.5629,120.63,120.52,120.63,7740,2023-10-13
2023-10-13 22:05:00,120.62,120.62,120.39,120.54,11044,2023-10-13
2023-10-13 22:10:00,120.51,120.66,120.47,120.66,10315,2023-10-13
2023-10-13 22:15:00,120.685,120.705,120.53,120.53,10754,2023-10-13
2023-10-13 22:20:00,120.54,120.59,120.42,120.44,11487,2023-10-13
2023-10-13 22:25:00,120.44,120.465,120.26,120.31,14145,2023-10-13
2023-10-13 22:30:00,120.33,120.61,120.31,120.44,16285,2023-10-13
2023-10-13 22:35:00,120.445,120.485,120.28,120.28,17221,2023-10-13
2023-10-13 22:40:00,120.25,120.28,120.13,120.16,27228,2023-10-13
2023-10-13 22:45:00,120.18,120.195,120.02,120.165,29398,2023-10-13
2023-10-13 22:50:00,120.13,120.46,120.13,120.46,52446,2023-10-13
2023-10-13 22:55:00,120.48,120.53,120.34,120.44,146838,2023-10-13
2023-10-13 23:00:00,120.41,120.41,120.41,120.41,4948,2023-10-13
2023-10-16 16:30:00,121.11,121.37,120.895,121.14,19065,2023-10-16
2023-10-16 16:35:00,121.08,121.11,120.82,120.915,7895,2023-10-16
2023-10-16 16:40:00,120.825,120.96,120.645,120.89,9901,2023-10-16
2023-10-16 16:45:00,120.905,121.33,120.905,121.25,18936,2023-10-16
2023-10-16 16:50:00,121.195,121.35,121.005,121.105,13065,2023-10-16
2023-10-16 16:55:00,121.045,121.15,120.975,121.12,9471,2023-10-16
2023-10-16 17:00:00,121.06,121.4825,121.06,121.34,13332,2023-10-16
2023-10-16 17:05:00,121.34,121.38,121.095,121.18,17723,2023-10-16
2023-10-16 17:10:00,121.2,121.46,121.12,121.405,13476,2023-10-16
2023-10-16 17:15:00,121.455,121.59,121.38,121.54,10053,2023-10-16
2023-10-16 17:20:00,121.5,121.65,121.5,121.65,9552,2023-10-16
2023-10-16 17:25:00,121.645,121.73,121.58,121.68,38572,2023-10-16
2023-10-16 17:30:00,121.68,121.95,121.65,121.81,19468,2023-10-16
2023-10-16 17:35:00,121.8475,122.1,121.8475,122.1,31097,2023-10-16
2023-10-16 17:40:00,122.1,122.12,121.92,121.95,36687,2023-10-16
2023-10-16 17:45:00,121.93,122.04,121.86,122.04,12213,2023-10-16
2023-10-16 17:50:00,122.01,122.06,121.93,121.93,11140,2023-10-16
2023-10-16 17:55:00,121.91,122,121.87,122,10628,2023-10-16
2023-10-16 18:00:00,122.02,122.26,122.01,122.17,12625,2023-10-16
2023-10-16 18:05:00,122.16,122.19,122.04,122.075,9623,2023-10-16
2023-10-16 18:10:00,122.08,122.14,122.06,122.0986,8891,2023-10-16
2023-10-16 18:15:00,122.08,122.12,122.04,122.0801,12634,2023-10-16
2023-10-16 18:20:00,122.1,122.1,121.88,121.88,12594,2023-10-16
2023-10-16 18:25:00,121.86,121.89,121.77,121.81,10793,2023-10-16
2023-10-16 18:30:00,121.825,121.83,121.62,121.65,19135,2023-10-16
2023-10-16 18:35:00,121.625,121.625,121.49,121.49,9653,2023-10-16
2023-10-16 18:40:00,121.52,121.55,121.45,121.45,9640,2023-10-16
2023-10-16 18:45:00,121.49,121.4946,121.3202,121.37,7783,2023-10-16
2023-10-16 18:50:00,121.39,121.65,121.365,121.65,17902,2023-10-16
2023-10-16 18:55:00,121.64,121.74,121.62,121.74,10330,2023-10-16
2023-10-16 19:00:00,121.72,121.79,121.71,121.73,16055,2023-10-16
2023-10-16 19:05:00,121.7,121.79,121.7,121.79,11367,2023-10-16
2023-10-16 19:10:00,121.78,121.845,121.77,121.77,10458,2023-10-16
2023-10-16 19:15:00,121.765,121.8884,121.76,121.8884,9070,2023-10-16
2023-10-16 19:20:00,121.89,121.9299,121.63,121.71,17603,2023-10-16
2023-10-16 19:25:00,121.695,121.79,121.68,121.79,7966,2023-10-16
2023-10-16 19:30:00,121.815,121.87,121.76,121.87,11664,2023-10-16
2023-10-16 19:35:00,121.82,121.9,121.77,121.83,8670,2023-10-16
2023-10-16 19:40:00,121.82,121.915,121.805,121.875,12976,2023-10-16
2023-10-16 19:45:00,121.87,121.91,121.85,121.86,6865,2023-10-16
2023-10-16 19:50:00,121.87,121.89,121.8,121.87,20614,2023-10-16
2023-10-16 19:55:00,121.83,121.88,121.77,121.84,8516,2023-10-16
2023-10-16 20:00:00,121.86,122.12,121.86,122.09,9503,2023-10-16
2023-10-16 20:05:00,122.11,122.14,122.045,122.05,9790,2023-10-16
2023-10-16 20:10:00,122.02,122.055,121.97,122.04,13053,2023-10-16
2023-10-16 20:15:00,122.03,122.05,121.91,121.91,9526,2023-10-16
2023-10-16 20:20:00,121.9,121.965,121.67,121.965,13482,2023-10-16
2023-10-16 20:25:00,121.92,122.055,121.81,122.01,13082,2023-10-16
2023-10-16 20:30:00,122.025,122.05,121.88,121.88,7568,2023-10-16
2023-10-16 20:35:00,121.9,121.96,121.84,121.88,12166,2023-10-16
2023-10-16 20:40:00,121.94,122.01,121.905,121.96,11053,2023-10-16
2023-10-16 20:45:00,121.9787,121.9787,121.92,121.93,7903,2023-10-16
2023-10-16 20:50:00,121.94,121.98,121.9,121.94,11341,2023-10-16
2023-10-16 20:55:00,121.96,121.99,121.92,121.945,11405,2023-10-16
2023-10-16 21:00:00,121.93,121.93,121.84,121.89,8690,2023-10-16
2023-10-16 21:05:00,121.89,121.89,121.81,121.84,8038,2023-10-16
2023-10-16 21:10:00,121.85,121.86,121.7,121.72,8754,2023-10-16
2023-10-16 21:15:00,121.75,121.75,121.68,121.7,6355,2023-10-16
2023-10-16 21:20:00,121.7,121.71,121.59,121.6,3611,2023-10-16
2023-10-16 21:25:00,121.59,121.6,121.53,121.545,8484,2023-10-16
2023-10-16 21:30:00,121.52,121.6099,121.5,121.595,8558,2023-10-16
2023-10-16 21:35:00,121.595,121.61,121.48,121.61,13600,2023-10-16
2023-10-16 21:40:00,121.58,121.65,121.58,121.61,8172,2023-10-16
2023-10-16 21:45:00,121.61,121.68,121.58,121.67,9482,2023-10-16
2023-10-16 21:50:00,121.685,121.8,121.685,121.8,7133,2023-10-16
2023-10-16 21:55:00,121.795,121.96,121.795,121.94,9971,2023-10-16
2023-10-16 22:00:00,121.9489,121.98,121.9211,121.965,11971,2023-10-16
2023-10-16 22:05:00,121.965,121.99,121.91,121.98,14412,2023-10-16
2023-10-16 22:10:00,121.98,122,121.915,121.92,16753,2023-10-16
2023-10-16 22:15:00,121.93,121.94,121.8871,121.8871,11152,2023-10-16
2023-10-16 22:20:00,121.9,121.92,121.87,121.88,11200,2023-10-16
2023-10-16 22:25:00,121.87,121.88,121.8,121.84,12212,2023-10-16
2023-10-16 22:30:00,121.845,121.87,121.69,121.7075,18699,2023-10-16
2023-10-16 22:35:00,121.7,121.72,121.65,121.66,16616,2023-10-16
2023-10-16 22:40:00,121.655,121.8,121.655,121.7099,30763,2023-10-16
2023-10-16 22:45:00,121.71,121.89,121.7,121.81,53447,2023-10-16
2023-10-16 22:50:00,121.8,121.81,121.66,121.78,63063,2023-10-16
2023-10-16 22:55:00,121.78,121.83,121.64,121.71,105426,2023-10-16
2023-10-16 23:00:00,121.7,121.7,121.7,121.7,13465,2023-10-16
2023-10-16 23:20:00,121.7,121.7,121.7,121.7,1216,2023-10-16
2023-10-17 16:30:00,121.43,121.56,121.02,121.26,69270,2023-10-17
2023-10-17 16:35:00,121.17,121.335,120.92,121.335,11074,2023-10-17
2023-10-17 16:40:00,121.395,121.485,121.14,121.14,11286,2023-10-17
2023-10-17 16:45:00,121.16,121.72,121.15,121.69,14165,2023-10-17
2023-10-17 16:50:00,121.69,121.94,121.51,121.51,12710,2023-10-17
2023-10-17 16:55:00,121.505,121.505,121.09,121.16,15516,2023-10-17
2023-10-17 17:00:00,121.19,121.465,121.1577,121.435,16822,2023-10-17
2023-10-17 17:05:00,121.445,121.5,121.345,121.415,11881,2023-10-17
2023-10-17 17:10:00,121.415,121.83,121.38,121.79,13995,2023-10-17
2023-10-17 17:15:00,121.76,121.76,121.54,121.54,13731,2023-10-17
2023-10-17 17:20:00,121.47,121.65,121.47,121.6,72903,2023-10-17
2023-10-17 17:25:00,121.57,121.57,121.4,121.4,8951,2023-10-17
2023-10-17 17:30:00,121.41,121.43,121.2525,121.28,9236,2023-10-17
2023-10-17 17:35:00,121.265,121.475,121.25,121.46,10536,2023-10-17
2023-10-17 17:40:00,121.43,121.48,121.365,121.425,9440,2023-10-17
2023-10-17 17:45:00,121.41,121.44,121.15,121.17,17122,2023-10-17
2023-10-17 17:50:00,121.2,121.265,121.17,121.2,15681,2023-10-17
2023-10-17 17:55:00,121.23,121.36,121.12,121.35,18021,2023-10-17
2023-10-17 18:00:00,121.35,121.6,121.35,121.56,13674,2023-10-17
2023-10-17 18:05:00,121.58,121.6,121.14,121.16,13851,2023-10-17
2023-10-17 18:10:00,121.16,121.28,121.085,121.28,9211,2023-10-17
2023-10-17 18:15:00,121.2616,121.36,121.215,121.345,17336,2023-10-17
2023-10-17 18:20:00,121.38,121.47,121.31,121.44,21058,2023-10-17
2023-10-17 18:25:00,121.48,121.65,121.47,121.59,15901,2023-10-17
2023-10-17 18:30:00,121.58,121.72,121.53,121.54,13545,2023-10-17
2023-10-17 18:35:00,121.54,121.84,121.54,121.815,10411,2023-10-17
2023-10-17 18:40:00,121.8,121.83,121.75,121.76,14342,2023-10-17
2023-10-17 18:45:00,121.77,121.94,121.77,121.94,13862,2023-10-17
2023-10-17 18:50:00,121.9,121.99,121.88,121.915,13757,2023-10-17
2023-10-17 18:55:00,121.9,121.91,121.8,121.88,8101,2023-10-17
2023-10-17 19:00:00,121.87,121.89,121.76,121.82,14561,2023-10-17
2023-10-17 19:05:00,121.81,121.86,121.74,121.8425,14996,2023-10-17
2023-10-17 19:10:00,121.84,121.88,121.77,121.8,8774,2023-10-17
2023-10-17 19:15:00,121.8,121.91,121.795,121.82,8356,2023-10-17
2023-10-17 19:20:00,121.82,121.887,121.79,121.87,4713,2023-10-17
2023-10-17 19:25:00,121.87,121.9151,121.785,121.85,11272,2023-10-17
2023-10-17 19:30:00,121.855,121.935,121.75,121.75,14638,2023-10-17
2023-10-17 19:35:00,121.755,121.77,121.585,121.62,8182,2023-10-17
2023-10-17 19:40:00,121.62,121.66,121.555,121.57,8455,2023-10-17
2023-10-17 19:45:00,121.57,121.58,121.49,121.57,10907,2023-10-17
2023-10-17 19:50:00,121.54,121.63,121.51,121.6,6627,2023-10-17
2023-10-17 19:55:00,121.61,121.66,121.45,121.49,7367,2023-10-17
2023-10-17 20:00:00,121.49,121.57,121.49,121.524,4537,2023-10-17
2023-10-17 20:05:00,121.56,121.57,121.5,121.55,7638,2023-10-17
2023-10-17 20:10:00,121.57,121.575,121.505,121.515,6040,2023-10-17
2023-10-17 20:15:00,121.525,121.55,121.465,121.53,7887,2023-10-17
2023-10-17 20:20:00,121.52,121.59,121.52,121.57,6426,2023-10-17
2023-10-17 20:25:00,121.615,121.73,121.6146,121.71,6203,2023-10-17
2023-10-17 20:30:00,121.72,121.72,121.4847,121.5,8371,2023-10-17
2023-10-17 20:35:00,121.54,121.54,121.38,121.38,10773,2023-10-17
2023-10-17 20:40:00,121.38,121.45,121.38,121.39,7695,2023-10-17
2023-10-17 20:45:00,121.41,121.41,121.215,121.23,8927,2023-10-17
2023-10-17 20:50:00,121.22,121.243,121.1,121.1425,8212,2023-10-17
2023-10-17 20:55:00,121.14,121.37,121.13,121.35,7747,2023-10-17
2023-10-17 21:00:00,121.335,121.335,121.21,121.21,8579,2023-10-17
2023-10-17 21:05:00,121.21,121.21,121.13,121.135,5367,2023-10-17
2023-10-17 21:10:00,121.15,121.16,121.07,121.11,7107,2023-10-17
2023-10-17 21:15:00,121.08,121.13,121.08,121.12,5689,2023-10-17
2023-10-17 21:20:00,121.09,121.16,121.08,121.12,9024,2023-10-17
2023-10-17 21:25:00,121.1,121.16,121.07,121.13,8873,2023-10-17
2023-10-17 21:30:00,121.135,121.135,121.06,121.08,9439,2023-10-17
2023-10-17 21:35:00,121.1,121.16,121.04,121.16,8731,2023-10-17
2023-10-17 21:40:00,121.15,121.23,121.15,121.15,7178,2023-10-17
2023-10-17 21:45:00,121.17,121.23,121.17,121.1902,7334,2023-10-17
2023-10-17 21:50:00,121.2,121.24,121.035,121.035,12935,2023-10-17
2023-10-17 21:55:00,121.04,121.13,120.992,121.05,9909,2023-10-17
2023-10-17 22:00:00,121.06,121.16,121.04,121.16,9669,2023-10-17
2023-10-17 22:05:00,121.175,121.46,121.175,121.445,18660,2023-10-17
2023-10-17 22:10:00,121.47,121.58,121.47,121.55,12846,2023-10-17
2023-10-17 22:15:00,121.58,121.59,121.51,121.54,9963,2023-10-17
2023-10-17 22:20:00,121.56,121.58,121.47,121.56,14649,2023-10-17
2023-10-17 22:25:00,121.56,121.707,121.55,121.685,25725,2023-10-17
2023-10-17 22:30:00,121.685,121.7,121.62,121.65,23627,2023-10-17
2023-10-17 22:35:00,121.65,121.7,121.6,121.64,19509,2023-10-17
2023-10-17 22:40:00,121.65,121.65,121.42,121.48,17489,2023-10-17
2023-10-17 22:45:00,121.47,121.61,121.43,121.58,25796,2023-10-17
2023-10-17 22:50:00,121.59,121.71,121.59,121.69,44096,2023-10-17
2023-10-17 22:55:00,121.68,121.78,121.62,121.78,97830,2023-10-17
2023-10-17 23:00:00,121.77,121.77,121.77,121.77,15639,2023-10-17
2023-10-17 23:20:00,121.77,121.77,121.77,121.77,150,2023-10-17
2023-10-18 15:00:00,121.2,121.39,121.2,121.39,1158,2023-10-18
2023-10-18 16:25:00,122.35,122.5,122.35,122.5,2252,2023-10-18
2023-10-18 16:30:00,122.79,123.045,122.48,122.97,41089,2023-10-18
2023-10-18 16:35:00,123.06,123.075,122.7,122.805,17629,2023-10-18
2023-10-18 16:40:00,122.68,123.39,122.68,123.27,8897,2023-10-18
2023-10-18 16:45:00,123.42,123.48,123.19,123.34,11182,2023-10-18
2023-10-18 16:50:00,123.27,123.3,122.99,123.025,8061,2023-10-18
2023-10-18 16:55:00,123,123.14,122.96,123.14,9011,2023-10-18
2023-10-18 17:00:00,123.105,123.53,123.105,123.503,19252,2023-10-18
2023-10-18 17:05:00,123.51,123.7,123.47,123.585,28026,2023-10-18
2023-10-18 17:10:00,123.61,123.61,123.28,123.55,23104,2023-10-18
2023-10-18 17:15:00,123.61,123.8,123.475,123.8,24527,2023-10-18
2023-10-18 17:20:00,123.77,123.77,123.48,123.54,12449,2023-10-18
2023-10-18 17:25:00,123.54,123.58,123.33,123.33,11814,2023-10-18
2023-10-18 17:30:00,123.3,123.5648,123.26,123.51,16166,2023-10-18
2023-10-18 17:35:00,123.515,123.595,123.48,123.52,14662,2023-10-18
2023-10-18 17:40:00,123.51,123.51,123.26,123.28,12315,2023-10-18
2023-10-18 17:45:00,123.315,123.3351,123.125,123.17,9988,2023-10-18
2023-10-18 17:50:00,123.19,123.25,123.125,123.16,14645,2023-10-18
2023-10-18 17:55:00,123.13,123.42,123.12,123.42,14833,2023-10-18
2023-10-18 18:00:00,123.4,123.415,123.26,123.37,10910,2023-10-18
2023-10-18 18:05:00,123.405,123.47,123.36,123.4,18591,2023-10-18
2023-10-18 18:10:00,123.375,123.38,122.99,122.99,15035,2023-10-18
2023-10-18 18:15:00,123.03,123.09,122.8,122.95,35286,2023-10-18
2023-10-18 18:20:00,122.975,123.03,122.9,122.93,12657,2023-10-18
2023-10-18 18:25:00,122.965,123.09,122.84,122.84,10741,2023-10-18
2023-10-18 18:30:00,122.81,122.835,122.59,122.77,9147,2023-10-18
2023-10-18 18:35:00,122.795,122.9,122.79,122.79,9577,2023-10-18
2023-10-18 18:40:00,122.78,122.78,122.7,122.71,8347,2023-10-18
2023-10-18 18:45:00,122.76,122.77,122.575,122.58,8632,2023-10-18
2023-10-18 18:50:00,122.63,122.74,122.56,122.73,9891,2023-10-18
2023-10-18 18:55:00,122.73,122.815,122.61,122.815,12105,2023-10-18
2023-10-18 19:00:00,122.77,122.95,122.67,122.89,16109,2023-10-18
2023-10-18 19:05:00,122.905,123.015,122.78,123.01,12433,2023-10-18
2023-10-18 19:10:00,123.03,123.03,122.78,122.78,9033,2023-10-18
2023-10-18 19:15:00,122.8,122.815,122.72,122.74,6933,2023-10-18
2023-10-18 19:20:00,122.78,122.82,122.71,122.77,11241,2023-10-18
2023-10-18 19:25:00,122.76,122.86,122.75,122.78,8033,2023-10-18
2023-10-18 19:30:00,122.78,122.78,122.706,122.73,6771,2023-10-18
2023-10-18 19:35:00,122.725,122.73,122.65,122.7,7670,2023-10-18
2023-10-18 19:40:00,122.69,122.785,122.68,122.78,10621,2023-10-18
2023-10-18 19:45:00,122.8,122.8278,122.75,122.78,9185,2023-10-18
2023-10-18 19:50:00,122.76,122.77,122.71,122.76,7178,2023-10-18
2023-10-18 19:55:00,122.75,122.79,122.73,122.73,6218,2023-10-18
2023-10-18 20:00:00,122.74,123.16,122.69,123.16,8817,2023-10-18
2023-10-18 20:05:00,123.13,123.258,123.09,123.23,9877,2023-10-18
2023-10-18 20:10:00,123.21,123.27,123.1079,123.17,6995,2023-10-18
2023-10-18 20:15:00,123.21,123.3,123.12,123.12,5549,2023-10-18
2023-10-18 20:20:00,123.15,123.15,123.01,123.01,6313,2023-10-18
2023-10-18 20:25:00,123.04,123.24,123.04,123.23,8080,2023-10-18
2023-10-18 20:30:00,123.23,123.23,122.95,123.03,7716,2023-10-18
2023-10-18 20:35:00,122.98,123.12,122.97,123.12,11346,2023-10-18
2023-10-18 20:40:00,123.155,123.332,123.155,123.332,6098,2023-10-18
2023-10-18 20:45:00,123.33,123.375,123.31,123.36,60962,2023-10-18
2023-10-18 20:50:00,123.39,123.505,123.36,123.39,106885,2023-10-18
2023-10-18 20:55:00,123.405,123.405,123.285,123.395,9712,2023-10-18
2023-10-18 21:00:00,123.41,123.54,123.4,123.44,10531,2023-10-18
2023-10-18 21:05:00,123.46,123.68,123.385,123.645,14814,2023-10-18
2023-10-18 21:10:00,123.63,123.65,123.55,123.63,5811,2023-10-18
2023-10-18 21:15:00,123.6,123.81,123.55,123.75,71157,2023-10-18
2023-10-18 21:20:00,123.74,123.76,123.67,123.69,6077,2023-10-18
2023-10-18 21:25:00,123.66,123.72,123.55,123.56,8231,2023-10-18
2023-10-18 21:30:00,123.53,123.67,123.53,123.62,11211,2023-10-18
2023-10-18 21:35:00,123.64,123.7,123.6,123.7,13609,2023-10-18
2023-10-18 21:40:00,123.71,123.75,123.64,123.69,11950,2023-10-18
2023-10-18 21:45:00,123.71,123.74,123.67,123.67,9874,2023-10-18
2023-10-18 21:50:00,123.61,123.63,123.47,123.56,12516,2023-10-18
2023-10-18 21:55:00,123.58,123.75,123.56,123.71,15465,2023-10-18
2023-10-18 22:00:00,123.705,123.705,123.52,123.63,16050,2023-10-18
2023-10-18 22:05:00,123.68,123.73,123.5998,123.62,16904,2023-10-18
2023-10-18 22:10:00,123.61,123.735,123.59,123.7,19492,2023-10-18
2023-10-18 22:15:00,123.7,123.74,123.62,123.65,19203,2023-10-18
2023-10-18 22:20:00,123.65,123.695,123.575,123.615,27695,2023-10-18
2023-10-18 22:25:00,123.6,123.63,123.49,123.57,24104,2023-10-18
2023-10-18 22:30:00,123.58,123.64,123.49,123.55,42147,2023-10-18
2023-10-18 22:35:00,123.55,123.56,123.47,123.5,30234,2023-10-18
2023-10-18 22:40:00,123.49,123.53,123.45,123.45,42050,2023-10-18
2023-10-18 22:45:00,123.45,123.45,123.24,123.375,45127,2023-10-18
2023-10-18 22:50:00,123.405,123.58,123.395,123.53,66150,2023-10-18
2023-10-18 22:55:00,123.52,123.61,123.43,123.43,165032,2023-10-18
2023-10-18 23:00:00,123.43,124.0718,123.43,124.0718,2231,2023-10-18
2023-10-18 23:20:00,123.43,123.43,123.43,123.43,2308,2023-10-18
2023-10-19 02:20:00,122.73,122.73,122.73,122.73,412,2023-10-18
2023-10-19 16:30:00,123.5,124.2115,123.5,123.65,28508,2023-10-19
2023-10-19 16:35:00,124.035,124.035,123.63,123.88,9679,2023-10-19
2023-10-19 16:40:00,123.845,124,123.72,123.905,9061,2023-10-19
2023-10-19 16:45:00,123.981,124,123.64,123.865,25498,2023-10-19
2023-10-19 16:50:00,123.84,123.84,123.45,123.52,18063,2023-10-19
2023-10-19 16:55:00,123.56,123.8,123.41,123.735,19010,2023-10-19
2023-10-19 17:00:00,123.765,123.765,123.52,123.555,12483,2023-10-19
2023-10-19 17:05:00,123.555,123.56,123.03,123.06,13797,2023-10-19
2023-10-19 17:10:00,123.05,123.05,122.72,122.84,19660,2023-10-19
2023-10-19 17:15:00,122.91,122.91,122.535,122.585,9334,2023-10-19
2023-10-19 17:20:00,122.59,122.675,122.55,122.6108,11516,2023-10-19
2023-10-19 17:25:00,122.648,122.81,122.5,122.51,21471,2023-10-19
2023-10-19 17:30:00,122.56,122.67,122.55,122.61,17953,2023-10-19
2023-10-19 17:35:00,122.59,122.63,122.4,122.46,13724,2023-10-19
2023-10-19 17:40:00,122.47,122.625,122.47,122.61,11618,2023-10-19
2023-10-19 17:45:00,122.62,122.69,122.56,122.59,17716,2023-10-19
2023-10-19 17:50:00,122.61,122.655,122.56,122.5834,19400,2023-10-19
2023-10-19 17:55:00,122.58,122.58,122.34,122.5,24361,2023-10-19
2023-10-19 18:00:00,122.48,122.57,122.44,122.4906,10071,2023-10-19
2023-10-19 18:05:00,122.5,122.54,122.3,122.38,21001,2023-10-19
2023-10-19 18:10:00,122.38,122.4463,122.2725,122.375,23171,2023-10-19
2023-10-19 18:15:00,122.37,122.46,122.25,122.39,10961,2023-10-19
2023-10-19 18:20:00,122.425,122.69,122.37,122.65,14599,2023-10-19
2023-10-19 18:25:00,122.67,122.87,122.67,122.82,12096,2023-10-19
2023-10-19 18:30:00,122.82,123.02,122.76,122.99,10925,2023-10-19
2023-10-19 18:35:00,122.985,123.1,122.96,123.02,5960,2023-10-19
2023-10-19 18:40:00,123.04,123.37,123.04,123.35,12759,2023-10-19
2023-10-19 18:45:00,123.35,123.37,123.23,123.26,11581,2023-10-19
2023-10-19 18:50:00,123.24,123.27,123.12,123.15,11031,2023-10-19
2023-10-19 18:55:00,123.15,123.16,123.12,123.13,6315,2023-10-19
2023-10-19 19:00:00,123.13,123.38,122.91,123.21,35609,2023-10-19
2023-10-19 19:05:00,123.16,123.2,122.97,123.13,15030,2023-10-19
2023-10-19 19:10:00,123.1224,123.24,123.07,123.18,7647,2023-10-19
2023-10-19 19:15:00,123.18,123.27,123.06,123.085,13474,2023-10-19
2023-10-19 19:20:00,123.07,123.365,123.0475,123.0475,14693,2023-10-19
2023-10-19 19:25:00,122.97,122.975,122.42,122.43,12427,2023-10-19
2023-10-19 19:30:00,122.47,122.91,122.47,122.71,36189,2023-10-19
2023-10-19 19:35:00,122.55,122.78,122.46,122.78,7783,2023-10-19
2023-10-19 19:40:00,122.77,122.95,122.736,122.88,10096,2023-10-19
2023-10-19 19:45:00,122.9,123.38,122.9,123.38,14013,2023-10-19
2023-10-19 19:50:00,123.41,123.67,123.3001,123.6,6582,2023-10-19
2023-10-19 19:55:00,123.75,123.75,123.64,123.65,6115,2023-10-19
2023-10-19 20:00:00,123.65,123.79,123.55,123.55,12770,2023-10-19
2023-10-19 20:05:00,123.555,123.68,123.53,123.57,8346,2023-10-19
2023-10-19 20:10:00,123.4944,123.5562,123.35,123.35,5112,2023-10-19
2023-10-19 20:15:00,123.32,123.62,123.29,123.48,11238,2023-10-19
2023-10-19 20:20:00,123.51,123.525,123.21,123.3,11025,2023-10-19
2023-10-19 20:25:00,123.26,123.51,123.23,123.49,37753,2023-10-19
2023-10-19 20:30:00,123.51,123.58,123.33,123.37,12734,2023-10-19
2023-10-19 20:35:00,123.365,123.375,123.15,123.2,10321,2023-10-19
2023-10-19 20:40:00,123.2,123.26,123.18,123.23,10415,2023-10-19
2023-10-19 20:45:00,123.24,123.28,123.13,123.155,10718,2023-10-19
2023-10-19 20:50:00,123.13,123.31,123.13,123.31,11272,2023-10-19
2023-10-19 20:55:00,123.32,123.43,123.21,123.21,9556,2023-10-19
2023-10-19 21:00:00,123.22,123.36,123.13,123.31,11075,2023-10-19
2023-10-19 21:05:00,123.3,123.37,123.27,123.2709,15175,2023-10-19
2023-10-19 21:10:00,123.28,123.31,123.19,123.22,9695,2023-10-19
2023-10-19 21:15:00,123.22,123.34,123.19,123.2352,10978,2023-10-19
2023-10-19 21:20:00,123.23,123.23,123.03,123.06,11261,2023-10-19
2023-10-19 21:25:00,123.03,123.0852,122.98,123.07,10597,2023-10-19
2023-10-19 21:30:00,123.05,123.06,122.91,123.03,11826,2023-10-19
2023-10-19 21:35:00,123.02,123.11,122.99,123,17663,2023-10-19
2023-10-19 21:40:00,122.98,122.98,122.83,122.84,8186,2023-10-19
2023-10-19 21:45:00,122.84,122.98,122.84,122.92,12934,2023-10-19
2023-10-19 21:50:00,122.91,122.99,122.9,122.95,9902,2023-10-19
2023-10-19 21:55:00,122.975,123.0799,122.88,123.01,14088,2023-10-19
2023-10-19 22:00:00,122.955,122.96,122.84,122.88,8333,2023-10-19
2023-10-19 22:05:00,122.85,122.87,122.76,122.78,12795,2023-10-19
2023-10-19 22:10:00,122.79,122.89,122.74,122.74,13029,2023-10-19
2023-10-19 22:15:00,122.72,122.74,122.59,122.74,11764,2023-10-19
2023-10-19 22:20:00,122.75,122.85,122.71,122.84,18094,2023-10-19
2023-10-19 22:25:00,122.85,122.85,122.74,122.8,17680,2023-10-19
2023-10-19 22:30:00,122.83,122.92,122.79,122.87,16671,2023-10-19
2023-10-19 22:35:00,122.86,123,122.79,122.79,43066,2023-10-19
2023-10-19 22:40:00,122.8,122.91,122.7,122.88,30685,2023-10-19
2023-10-19 22:45:00,122.87,123.0735,122.8,123.0735,45857,2023-10-19
2023-10-19 22:50:00,123.075,123.19,122.96,122.971,58588,2023-10-19
2023-10-19 22:55:00,122.97,123.05,122.85,122.85,119693,2023-10-19
2023-10-19 23:00:00,122.86,122.86,122.86,122.86,2880,2023-10-19
2023-10-20 14:05:00,122.86,122.86,122.86,122.86,100,2023-10-20
2023-10-20 16:30:00,123.59,123.86,123.45,123.5209,111851,2023-10-20
2023-10-20 16:35:00,123.61,123.945,123.255,123.255,9245,2023-10-20
2023-10-20 16:40:00,123.195,123.29,123.07,123.22,16365,2023-10-20
2023-10-20 16:45:00,123.19,123.37,123.1109,123.22,15780,2023-10-20
2023-10-20 16:50:00,123.22,123.23,123.04,123.2,17157,2023-10-20
2023-10-20 16:55:00,123.15,123.15,122.8,122.805,14180,2023-10-20
2023-10-20 17:00:00,122.8,122.945,122.7,122.8,13396,2023-10-20
2023-10-20 17:05:00,122.82,122.96,122.79,122.9,14733,2023-10-20
2023-10-20 17:10:00,122.87,123.16,122.65,123.16,11308,2023-10-20
2023-10-20 17:15:00,123.14,123.205,123.09,123.18,9415,2023-10-20
2023-10-20 17:20:00,123.18,123.23,123.005,123.145,27416,2023-10-20
2023-10-20 17:25:00,123.15,123.23,123.06,123.21,21577,2023-10-20
2023-10-20 17:30:00,123.15,123.45,123.15,123.45,37023,2023-10-20
2023-10-20 17:35:00,123.42,123.46,123.13,123.13,15764,2023-10-20
2023-10-20 17:40:00,123.13,123.38,123.085,123.38,10455,2023-10-20
2023-10-20 17:45:00,123.335,123.52,123.33,123.455,75960,2023-10-20
2023-10-20 17:50:00,123.45,123.465,123.29,123.38,46049,2023-10-20
2023-10-20 17:55:00,123.4,123.64,123.35,123.57,50581,2023-10-20
2023-10-20 18:00:00,123.67,123.78,123.58,123.65,25942,2023-10-20
2023-10-20 18:05:00,123.65,123.77,123.54,123.54,34898,2023-10-20
2023-10-20 18:10:00,123.54,123.61,123.45,123.61,14077,2023-10-20
2023-10-20 18:15:00,123.595,123.75,123.59,123.7,19168,2023-10-20
2023-10-20 18:20:00,123.69,123.69,123.47,123.48,16621,2023-10-20
2023-10-20 18:25:00,123.51,123.65,123.485,123.55,16532,2023-10-20
2023-10-20 18:30:00,123.53,123.53,123.23,123.26,19569,2023-10-20
2023-10-20 18:35:00,123.27,123.36,123.2,123.295,14147,2023-10-20
2023-10-20 18:40:00,123.29,123.38,123.27,123.36,11021,2023-10-20
2023-10-20 18:45:00,123.37,123.59,123.34,123.59,7729,2023-10-20
2023-10-20 18:50:00,123.53,123.54,123.355,123.5,14416,2023-10-20
2023-10-20 18:55:00,123.51,123.53,123.44,123.44,9609,2023-10-20
2023-10-20 19:00:00,123.47,123.47,123.21,123.31,15010,2023-10-20
2023-10-20 19:05:00,123.31,123.31,123.04,123.12,11321,2023-10-20
2023-10-20 19:10:00,123.09,123.16,123.04,123.11,19667,2023-10-20
2023-10-20 19:15:00,123.1725,123.18,123.07,123.07,8590,2023-10-20
2023-10-20 19:20:00,123.08,123.61,123.05,123.61,15326,2023-10-20
2023-10-20 19:25:00,123.63,123.64,123.26,123.48,8419,2023-10-20
2023-10-20 19:30:00,123.52,123.57,123.43,123.474,8287,2023-10-20
2023-10-20 19:35:00,123.44,123.63,123.43,123.61,13100,2023-10-20
2023-10-20 19:40:00,123.605,123.605,123.42,123.455,12468,2023-10-20
2023-10-20 19:45:00,123.45,123.5399,123.44,123.49,8674,2023-10-20
2023-10-20 19:50:00,123.49,123.52,123.4,123.425,10295,2023-10-20
2023-10-20 19:55:00,123.46,123.51,123.37,123.49,13000,2023-10-20
2023-10-20 20:00:00,123.485,123.485,123.305,123.305,7027,2023-10-20
2023-10-20 20:05:00,123.305,123.305,123.18,123.27,9092,2023-10-20
2023-10-20 20:10:00,123.27,123.335,123.205,123.27,11082,2023-10-20
2023-10-20 20:15:00,123.268,123.61,123.26,123.55,16231,2023-10-20
2023-10-20 20:20:00,123.5,123.5,123.36,123.4378,10724,2023-10-20
2023-10-20 20:25:00,123.42,123.42,123.185,123.26,9150,2023-10-20
2023-10-20 20:30:00,123.26,123.27,123.16,123.27,11444,2023-10-20
2023-10-20 20:35:00,123.33,123.33,123.235,123.235,5730,2023-10-20
2023-10-20 20:40:00,123.26,123.3899,123.235,123.3899,8976,2023-10-20
2023-10-20 20:45:00,123.345,123.43,123.34,123.38,7910,2023-10-20
2023-10-20 20:50:00,123.395,123.48,123.34,123.48,11482,2023-10-20
2023-10-20 20:55:00,123.48,123.53,123.46,123.48,8273,2023-10-20
2023-10-20 21:00:00,123.52,123.56,123.49,123.54,11030,2023-10-20
2023-10-20 21:05:00,123.55,123.66,123.51,123.56,11670,2023-10-20
2023-10-20 21:10:00,123.57,123.57,123.47,123.4938,8594,2023-10-20
2023-10-20 21:15:00,123.53,123.57,123.4001,123.53,23950,2023-10-20
2023-10-20 21:20:00,123.52,123.53,123.29,123.37,12435,2023-10-20
2023-10-20 21:25:00,123.34,123.5,123.33,123.41,59175,2023-10-20
2023-10-20 21:30:00,123.38,123.45,123.33,123.4375,11255,2023-10-20
2023-10-20 21:35:00,123.45,123.63,123.41,123.445,47209,2023-10-20
2023-10-20 21:40:00,123.47,123.52,123.35,123.52,17192,2023-10-20
2023-10-20 21:45:00,123.51,123.515,123.37,123.39,17898,2023-10-20
2023-10-20 21:50:00,123.39,123.405,123.335,123.35,14604,2023-10-20
2023-10-20 21:55:00,123.355,123.41,123.3,123.325,13242,2023-10-20
2023-10-20 22:00:00,123.35,123.42,123.32,123.34,19416,2023-10-20
2023-10-20 22:05:00,123.36,123.43,123.33,123.33,14832,2023-10-20
2023-10-20 22:10:00,123.31,123.325,123.13,123.25,12921,2023-10-20
2023-10-20 22:15:00,123.23,123.4,123.18,123.4,18004,2023-10-20
2023-10-20 22:20:00,123.39,123.4,123.26,123.26,21975,2023-10-20
2023-10-20 22:25:00,123.26,123.33,123.14,123.3232,18049,2023-10-20
2023-10-20 22:30:00,123.335,123.36,123.105,123.13,23614,2023-10-20
2023-10-20 22:35:00,123.12,123.12,122.94,122.975,24792,2023-10-20
2023-10-20 22:40:00,122.93,122.93,122.73,122.85,26926,2023-10-20
2023-10-20 22:45:00,122.85,123,122.74,123,46818,2023-10-20
2023-10-20 22:50:00,123,123.14,122.86,123.07,80058,2023-10-20
2023-10-20 22:55:00,123.09,123.16,122.93,123.09,218307,2023-10-20
2023-10-20 23:00:00,123.09,123.09,123.09,123.09,9432,2023-10-20
2023-10-20 23:20:00,123.09,123.09,123.09,123.09,3263,2023-10-20
2023-10-23 16:30:00,123.18,123.18,122.535,122.535,55219,2023-10-23
2023-10-23 16:35:00,122.53,122.82,122.525,122.61,17647,2023-10-23
2023-10-23 16:40:00,122.695,122.7127,122.285,122.455,19977,2023-10-23
2023-10-23 16:45:00,122.455,122.92,122.36,122.67,28226,2023-10-23
2023-10-23 16:50:00,122.665,122.8525,122.39,122.8525,12107,2023-10-23
2023-10-23 16:55:00,122.74,122.96,122.65,122.96,38299,2023-10-23
2023-10-23 17:00:00,122.97,122.97,122.63,122.75,24042,2023-10-23
2023-10-23 17:05:00,122.78,122.82,122.7,122.745,21188,2023-10-23
2023-10-23 17:10:00,122.75,122.91,122.71,122.75,25174,2023-10-23
2023-10-23 17:15:00,122.71,122.94,122.61,122.82,18530,2023-10-23
2023-10-23 17:20:00,122.89,123.08,122.89,123.045,26126,2023-10-23
2023-10-23 17:25:00,123.07,123.07,122.77,122.77,37123,2023-10-23
2023-10-23 17:30:00,122.76,122.83,122.67,122.7,14637,2023-10-23
2023-10-23 17:35:00,122.72,122.81,122.6501,122.778,15150,2023-10-23
2023-10-23 17:40:00,122.79,122.81,122.66,122.74,15451,2023-10-23
2023-10-23 17:45:00,122.7865,122.975,122.75,122.885,33462,2023-10-23
2023-10-23 17:50:00,122.9,123.13,122.9,123.13,90962,2023-10-23
2023-10-23 17:55:00,123.14,123.22,123.0181,123.055,28387,2023-10-23
2023-10-23 18:00:00,123.12,123.186,122.95,122.99,16151,2023-10-23
2023-10-23 18:05:00,122.98,122.98,122.72,122.78,12369,2023-10-23
2023-10-23 18:10:00,122.78,122.835,122.66,122.71,12530,2023-10-23
2023-10-23 18:15:00,122.71,122.75,122.47,122.58,12512,2023-10-23
2023-10-23 18:20:00,122.58,122.79,122.58,122.75,14790,2023-10-23
2023-10-23 18:25:00,122.74,122.91,122.74,122.85,14712,2023-10-23
2023-10-23 18:30:00,122.85,122.92,122.83,122.9,12301,2023-10-23
2023-10-23 18:35:00,122.92,122.9312,122.86,122.9312,13106,2023-10-23
2023-10-23 18:40:00,122.925,122.935,122.76,122.8475,15189,2023-10-23
2023-10-23 18:45:00,122.88,123,122.7,122.785,22014,2023-10-23
2023-10-23 18:50:00,122.79,122.89,122.75,122.85,11029,2023-10-23
2023-10-23 18:55:00,122.89,123.038,122.88,123.01,11465,2023-10-23
2023-10-23 19:00:00,123.03,123.12,122.96,123.05,13339,2023-10-23
2023-10-23 19:05:00,123.05,123.18,123.025,123.125,15227,2023-10-23
2023-10-23 19:10:00,123.12,123.32,123.01,123.27,20840,2023-10-23
2023-10-23 19:15:00,123.265,123.28,122.95,123.02,43317,2023-10-23
2023-10-23 19:20:00,123.01,123.1,122.99,123.02,26468,2023-10-23
2023-10-23 19:25:00,122.99,123.12,122.99,123.04,31346,2023-10-23
2023-10-23 19:30:00,123.02,123.07,122.96,123.01,42602,2023-10-23
2023-10-23 19:35:00,123.01,123.089,122.98,123.035,27150,2023-10-23
2023-10-23 19:40:00,123.04,123.069,122.94,122.95,25905,2023-10-23
2023-10-23 19:45:00,122.9416,123.03,122.88,122.958,17952,2023-10-23
2023-10-23 19:50:00,122.99,123.03,122.895,123.02,14633,2023-10-23
2023-10-23 19:55:00,123.03,123.2,123.03,123.2,46417,2023-10-23
2023-10-23 20:00:00,123.19,123.23,123.01,123.0475,28248,2023-10-23
2023-10-23 20:05:00,123.04,123.12,122.93,123,23852,2023-10-23
2023-10-23 20:10:00,123,123.0385,122.99,123.005,45554,2023-10-23
2023-10-23 20:15:00,123.01,123.05,122.8,122.8,62549,2023-10-23
2023-10-23 20:20:00,122.855,122.86,122.7479,122.79,8917,2023-10-23
2023-10-23 20:25:00,122.795,122.92,122.73,122.92,16972,2023-10-23
2023-10-23 20:30:00,122.92,122.99,122.8,122.93,20484,2023-10-23
2023-10-23 20:35:00,122.9,123.02,122.89,122.975,31686,2023-10-23
2023-10-23 20:40:00,123,123.1,122.97,123.05,14191,2023-10-23
2023-10-23 20:45:00,123.06,123.16,123.01,123.02,22986,2023-10-23
2023-10-23 20:50:00,123,123.06,122.935,123.03,19520,2023-10-23
2023-10-23 20:55:00,123.05,123.08,122.93,122.975,16287,2023-10-23
2023-10-23 21:00:00,122.97,122.97,122.6,122.69,16186,2023-10-23
2023-10-23 21:05:00,122.71,122.85,122.69,122.81,11809,2023-10-23
2023-10-23 21:10:00,122.8075,122.815,122.71,122.76,15217,2023-10-23
2023-10-23 21:15:00,122.75,122.81,122.74,122.78,12931,2023-10-23
2023-10-23 21:20:00,122.76,122.82,122.7,122.82,17607,2023-10-23
2023-10-23 21:25:00,122.825,122.89,122.78,122.8,17853,2023-10-23
2023-10-23 21:30:00,122.81,122.94,122.81,122.88,16535,2023-10-23
2023-10-23 21:35:00,122.86,123.07,122.84,123.065,19355,2023-10-23
2023-10-23 21:40:00,123.07,123.155,122.89,122.92,28740,2023-10-23
2023-10-23 21:45:00,122.92,123.005,122.9,122.92,13949,2023-10-23
2023-10-23 21:50:00,122.925,122.93,122.86,122.91,16817,2023-10-23
2023-10-23 21:55:00,122.9,122.92,122.84,122.895,21540,2023-10-23
2023-10-23 22:00:00,122.91,122.9599,122.82,122.89,20836,2023-10-23
2023-10-23 22:05:00,122.88,122.8874,122.75,122.78,25650,2023-10-23
2023-10-23 22:10:00,122.795,122.904,122.74,122.82,39722,2023-10-23
2023-10-23 22:15:00,122.82,122.88,122.745,122.75,23810,2023-10-23
2023-10-23 22:20:00,122.74,122.74,122.54,122.61,29683,2023-10-23
2023-10-23 22:25:00,122.61,122.63,122.42,122.47,24582,2023-10-23
2023-10-23 22:30:00,122.45,122.504,122.32,122.37,42004,2023-10-23
2023-10-23 22:35:00,122.365,122.365,122.17,122.215,80874,2023-10-23
2023-10-23 22:40:00,122.21,122.33,122.155,122.25,76214,2023-10-23
2023-10-23 22:45:00,122.26,122.315,122.14,122.15,87959,2023-10-23
2023-10-23 22:50:00,122.15,122.29,121.93,121.99,123327,2023-10-23
2023-10-23 22:55:00,121.99,122.02,121.68,121.8,286873,2023-10-23
2023-10-23 23:00:00,121.81,121.81,121.81,121.81,3237,2023-10-23
2023-10-23 23:20:00,121.81,121.81,121.81,121.81,267,2023-10-23
2023-10-24 01:50:00,121.99,121.99,121.99,121.99,100,2023-10-23
2023-10-24 02:35:00,121.81,121.81,121.81,121.81,200,2023-10-23
2023-10-24 16:20:00,122.5,122.5,122.5,122.5,200,2023-10-24
2023-10-24 16:30:00,122.5,123.48,120.71,120.78,96744,2023-10-24
2023-10-24 16:35:00,121.2,121.72,120.93,121.54,63650,2023-10-24
2023-10-24 16:40:00,121.535,122.055,121.5,121.7234,52392,2023-10-24
2023-10-24 16:45:00,121.84,122.28,121.69,122.165,63978,2023-10-24
2023-10-24 16:50:00,122.21,122.3,121.26,121.33,63192,2023-10-24
2023-10-24 16:55:00,121.315,121.4,120.33,120.445,101785,2023-10-24
2023-10-24 17:00:00,120.445,120.63,120.2201,120.38,53849,2023-10-24
2023-10-24 17:05:00,120.41,120.9,120.36,120.79,41248,2023-10-24
2023-10-24 17:10:00,120.79,120.94,120.62,120.635,34166,2023-10-24
2023-10-24 17:15:00,120.635,120.65,120.24,120.25,35227,2023-10-24
2023-10-24 17:20:00,120.34,120.34,119.6,119.6,64175,2023-10-24
2023-10-24 17:25:00,119.64,120.43,119.64,120.43,49799,2023-10-24
2023-10-24 17:30:00,120.43,120.45,120.05,120.42,49812,2023-10-24
2023-10-24 17:35:00,120.455,120.455,119.515,119.585,39479,2023-10-24
2023-10-24 17:40:00,119.63,119.67,119.32,119.37,35383,2023-10-24
2023-10-24 17:45:00,119.425,119.46,119.03,119.14,34679,2023-10-24
2023-10-24 17:50:00,119.11,119.48,119.075,119.4265,54049,2023-10-24
2023-10-24 17:55:00,119.41,119.615,119.23,119.615,35714,2023-10-24
2023-10-24 18:00:00,119.635,119.635,118.655,119.04,48670,2023-10-24
2023-10-24 18:05:00,119.02,119.2725,118.95,118.955,42698,2023-10-24
2023-10-24 18:10:00,118.9,119.075,118.83,119,29516,2023-10-24
2023-10-24 18:15:00,118.98,119.08,118.8,119,40287,2023-10-24
2023-10-24 18:20:00,119,119.22,118.91,118.98,39579,2023-10-24
2023-10-24 18:25:00,118.93,119.04,118.86,119.02,25752,2023-10-24
2023-10-24 18:30:00,119.02,119.08,118.83,118.88,41700,2023-10-24
2023-10-24 18:35:00,118.89,119.4,118.89,119.36,26123,2023-10-24
2023-10-24 18:40:00,119.355,119.355,118.89,118.98,48533,2023-10-24
2023-10-24 18:45:00,118.995,119.06,118.8111,118.8111,23022,2023-10-24
2023-10-24 18:50:00,118.82,118.95,118.7,118.945,18217,2023-10-24
2023-10-24 18:55:00,118.93,119.15,118.84,119.12,29079,2023-10-24
2023-10-24 19:00:00,119.11,119.31,119.04,119.1375,32780,2023-10-24
2023-10-24 19:05:00,119.14,119.25,119.14,119.18,33668,2023-10-24
2023-10-24 19:10:00,119.17,119.205,119.03,119.09,33820,2023-10-24
2023-10-24 19:15:00,119.095,119.12,118.84,118.875,28088,2023-10-24
2023-10-24 19:20:00,118.88,118.95,118.7,118.83,24443,2023-10-24
2023-10-24 19:25:00,118.835,118.955,118.8,118.875,17362,2023-10-24
2023-10-24 19:30:00,118.9,119.035,118.85,118.96,22009,2023-10-24
2023-10-24 19:35:00,118.965,119.075,118.92,119.0315,29512,2023-10-24
2023-10-24 19:40:00,119.045,119.2,119.04,119.17,19078,2023-10-24
2023-10-24 19:45:00,119.195,119.195,118.9,118.91,22127,2023-10-24
2023-10-24 19:50:00,118.91,118.92,118.715,118.715,20319,2023-10-24
2023-10-24 19:55:00,118.725,118.825,118.57,118.58,24327,2023-10-24
2023-10-24 20:00:00,118.56,118.805,118.41,118.75,35233,2023-10-24
2023-10-24 20:05:00,118.75,118.9,118.67,118.845,17297,2023-10-24
2023-10-24 20:10:00,118.82,118.9,118.76,118.83,16658,2023-10-24
2023-10-24 20:15:00,118.82,118.92,118.75,118.855,19292,2023-10-24
2023-10-24 20:20:00,118.91,118.98,118.82,118.95,32682,2023-10-24
2023-10-24 20:25:00,118.93,118.98,118.79,118.96,16564,2023-10-24
2023-10-24 20:30:00,118.94,119.075,118.89,118.96,12595,2023-10-24
2023-10-24 20:35:00,118.98,119.01,118.89,118.98,16752,2023-10-24
2023-10-24 20:40:00,118.985,119,118.91,118.97,14081,2023-10-24
2023-10-24 20:45:00,118.955,118.96,118.8,118.82,15073,2023-10-24
2023-10-24 20:50:00,118.82,118.825,118.68,118.785,19286,2023-10-24
2023-10-24 20:55:00,118.78,118.78,118.4218,118.47,25323,2023-10-24
2023-10-24 21:00:00,118.46,118.6075,118.3763,118.585,35584,2023-10-24
2023-10-24 21:05:00,118.56,118.76,118.46,118.75,51577,2023-10-24
2023-10-24 21:10:00,118.735,119.0875,118.7,118.9771,30893,2023-10-24
2023-10-24 21:15:00,119.02,119.04,118.81,119.02,21018,2023-10-24
2023-10-24 21:20:00,119.02,119.14,118.95,119.04,77824,2023-10-24
2023-10-24 21:25:00,119.08,119.31,119.03,119.21,83671,2023-10-24
2023-10-24 21:30:00,119.2,119.71,119.08,119.475,111383,2023-10-24
2023-10-24 21:35:00,119.495,119.8,119.475,119.8,49466,2023-10-24
2023-10-24 21:40:00,119.77,119.87,119.61,119.87,30302,2023-10-24
2023-10-24 21:45:00,119.865,119.99,119.82,119.94,29848,2023-10-24
2023-10-24 21:50:00,119.945,120.09,119.92,120.08,40469,2023-10-24
2023-10-24 21:55:00,120.08,120.15,119.97,120.12,40775,2023-10-24
2023-10-24 22:00:00,120.12,120.1825,120.07,120.16,32632,2023-10-24
2023-10-24 22:05:00,120.155,120.155,119.8204,119.89,30928,2023-10-24
2023-10-24 22:10:00,119.865,119.99,119.83,119.925,23379,2023-10-24
2023-10-24 22:15:00,119.92,119.955,119.78,119.8,37448,2023-10-24
2023-10-24 22:20:00,119.8,119.93,119.74,119.74,34455,2023-10-24
2023-10-24 22:25:00,119.745,120,119.7,119.97,28012,2023-10-24
2023-10-24 22:30:00,120.005,120.11,119.9,120.07,48501,2023-10-24
2023-10-24 22:35:00,120.085,120.135,119.99,120.06,41161,2023-10-24
2023-10-24 22:40:00,120.065,120.23,120.03,120.13,69071,2023-10-24
2023-10-24 22:45:00,120.12,120.25,120.06,120.21,84727,2023-10-24
2023-10-24 22:50:00,120.23,120.32,120.05,120.3,138929,2023-10-24
2023-10-24 22:55:00,120.295,120.53,120.24,120.51,332155,2023-10-24
2023-10-24 23:00:00,120.5,120.5,120.5,120.5,9366,2023-10-24
2023-10-24 23:05:00,120.5,120.5,120.5,120.5,6230,2023-10-24
2023-10-24 23:20:00,120.5,120.5,120.5,120.5,2593,2023-10-24
2023-10-25 16:25:00,120.85,120.85,120.85,120.85,212,2023-10-25
2023-10-25 16:30:00,120.94,121.43,120.94,121.11,39205,2023-10-25
2023-10-25 16:35:00,121.115,121.1225,120.745,120.75,29663,2023-10-25
2023-10-25 16:40:00,120.81,120.9,120.46,120.56,46664,2023-10-25
2023-10-25 16:45:00,120.5,120.53,120.29,120.44,26881,2023-10-25
2023-10-25 16:50:00,120.43,120.58,120.3,120.3,25581,2023-10-25
2023-10-25 16:55:00,120.36,120.38,119.85,119.915,21854,2023-10-25
2023-10-25 17:00:00,119.835,119.835,118.92,118.92,56414,2023-10-25
2023-10-25 17:05:00,118.98,119.04,118.57,118.635,65202,2023-10-25
2023-10-25 17:10:00,118.64,118.94,118.54,118.69,72863,2023-10-25
2023-10-25 17:15:00,118.68,118.88,118.52,118.865,44687,2023-10-25
2023-10-25 17:20:00,118.865,119.095,118.85,118.88,59047,2023-10-25
2023-10-25 17:25:00,118.87,119.015,118.83,118.83,38171,2023-10-25
2023-10-25 17:30:00,118.84,119,118.77,118.92,49270,2023-10-25
2023-10-25 17:35:00,118.93,118.995,118.74,118.95,43141,2023-10-25
2023-10-25 17:40:00,118.95,119.095,118.85,119.05,27721,2023-10-25
2023-10-25 17:45:00,119.01,119.22,118.86,119.17,44393,2023-10-25
2023-10-25 17:50:00,119.2,119.65,119.14,119.56,44327,2023-10-25
2023-10-25 17:55:00,119.58,119.58,119.28,119.4,34346,2023-10-25
2023-10-25 18:00:00,119.39,119.59,119.36,119.59,37894,2023-10-25
2023-10-25 18:05:00,119.56,119.59,119.17,119.2,31979,2023-10-25
2023-10-25 18:10:00,119.23,119.41,119.205,119.4,18968,2023-10-25
2023-10-25 18:15:00,119.4,119.675,119.35,119.64,20696,2023-10-25
2023-10-25 18:20:00,119.61,119.64,119.155,119.35,75749,2023-10-25
2023-10-25 18:25:00,119.36,119.83,119.335,119.48,50906,2023-10-25
2023-10-25 18:30:00,119.49,119.49,119.36,119.41,29680,2023-10-25
2023-10-25 18:35:00,119.42,119.7,119.4,119.69,37495,2023-10-25
2023-10-25 18:40:00,119.675,119.71,119.46,119.55,37754,2023-10-25
2023-10-25 18:45:00,119.58,119.9,119.57,119.67,42812,2023-10-25
2023-10-25 18:50:00,119.68,119.98,119.66,119.9,37398,2023-10-25
2023-10-25 18:55:00,119.905,119.905,119.56,119.565,38866,2023-10-25
2023-10-25 19:00:00,119.55,119.89,119.51,119.8335,51014,2023-10-25
2023-10-25 19:05:00,119.83,119.85,119.625,119.755,25067,2023-10-25
2023-10-25 19:10:00,119.68,119.72,119.35,119.35,27409,2023-10-25
2023-10-25 19:15:00,119.34,119.47,119.33,119.385,42031,2023-10-25
2023-10-25 19:20:00,119.38,119.47,119.193,119.2,37238,2023-10-25
2023-10-25 19:25:00,119.152,119.2,118.92,119.06,26924,2023-10-25
2023-10-25 19:30:00,119.04,119.11,119.01,119.11,23968,2023-10-25
2023-10-25 19:35:00,119.095,119.11,118.97,119.05,14712,2023-10-25
2023-10-25 19:40:00,119.03,119.28,119.01,119.24,40847,2023-10-25
2023-10-25 19:45:00,119.21,119.36,119.19,119.36,19750,2023-10-25
2023-10-25 19:50:00,119.32,119.325,119.235,119.29,21330,2023-10-25
2023-10-25 19:55:00,119.24,119.26,119.07,119.13,21923,2023-10-25
2023-10-25 20:00:00,119.11,119.3,119.105,119.255,23223,2023-10-25
2023-10-25 20:05:00,119.27,119.34,119.1,119.18,37407,2023-10-25
2023-10-25 20:10:00,119.16,119.38,119.16,119.2836,24266,2023-10-25
2023-10-25 20:15:00,119.2999,119.2999,119.15,119.27,21252,2023-10-25
2023-10-25 20:20:00,119.28,119.3,119.1,119.24,16256,2023-10-25
2023-10-25 20:25:00,119.23,119.23,119.12,119.19,14628,2023-10-25
2023-10-25 20:30:00,119.18,119.2,119.1,119.15,17070,2023-10-25
2023-10-25 20:35:00,119.17,119.19,118.94,118.94,14718,2023-10-25
2023-10-25 20:40:00,118.96,119.11,118.947,119.07,12650,2023-10-25
2023-10-25 20:45:00,119.08,119.09,118.92,118.92,20937,2023-10-25
2023-10-25 20:50:00,118.925,119.28,118.9,119.25,16766,2023-10-25
2023-10-25 20:55:00,119.25,119.291,119.11,119.11,19683,2023-10-25
2023-10-25 21:00:00,119.105,119.115,119.04,119.08,30388,2023-10-25
2023-10-25 21:05:00,119.06,119.06,118.84,118.905,29937,2023-10-25
2023-10-25 21:10:00,118.91,119.085,118.87,119.05,36407,2023-10-25
2023-10-25 21:15:00,119.05,119.25,119.02,119.2,30552,2023-10-25
2023-10-25 21:20:00,119.2,119.415,119.18,119.3,83889,2023-10-25
2023-10-25 21:25:00,119.32,119.32,119.07,119.09,21095,2023-10-25
2023-10-25 21:30:00,119.08,119.13,119.02,119.05,23393,2023-10-25
2023-10-25 21:35:00,119.05,119.1,118.9005,118.91,22379,2023-10-25
2023-10-25 21:40:00,118.91,119.03,118.88,119.02,29628,2023-10-25
2023-10-25 21:45:00,119.02,119.035,118.92,118.92,25604,2023-10-25
2023-10-25 21:50:00,118.92,119.05,118.91,119.04,25921,2023-10-25
2023-10-25 21:55:00,119.05,119.12,118.9,118.91,32982,2023-10-25
2023-10-25 22:00:00,118.91,118.975,118.855,118.975,15135,2023-10-25
2023-10-25 22:05:00,118.99,119.13,118.97,119.09,69859,2023-10-25
2023-10-25 22:10:00,119.08,119.09,118.9,118.9,38882,2023-10-25
2023-10-25 22:15:00,118.89,118.925,118.84,118.9004,32488,2023-10-25
2023-10-25 22:20:00,118.93,118.98,118.84,118.95,39501,2023-10-25
2023-10-25 22:25:00,118.93,118.97,118.81,118.85,33574,2023-10-25
2023-10-25 22:30:00,118.84,118.945,118.805,118.82,50819,2023-10-25
2023-10-25 22:35:00,118.82,118.889,118.685,118.69,34782,2023-10-25
2023-10-25 22:40:00,118.69,118.769,118.63,118.66,60633,2023-10-25
2023-10-25 22:45:00,118.66,118.7,118.555,118.675,116717,2023-10-25
2023-10-25 22:50:00,118.69,118.74,118.47,118.595,176746,2023-10-25
2023-10-25 22:55:00,118.595,118.84,118.57,118.76,293587,2023-10-25
2023-10-25 23:00:00,118.78,118.78,118.78,118.78,7513,2023-10-25
2023-10-26 16:30:00,118.56,118.92,118.45,118.92,39258,2023-10-26
2023-10-26 16:35:00,119.05,120.34,118.93,120.34,28541,2023-10-26
2023-10-26 16:40:00,120.355,121.255,119.85,121.145,63472,2023-10-26
2023-10-26 16:45:00,121.235,121.55,120.64,121.515,99289,2023-10-26
2023-10-26 16:50:00,121.6,121.825,121.245,121.825,57593,2023-10-26
2023-10-26 16:55:00,121.79,122.125,121.73,122.015,56118,2023-10-26
2023-10-26 17:00:00,121.93,122.05,121.51,121.79,40054,2023-10-26
2023-10-26 17:05:00,121.81,121.975,121.66,121.915,31935,2023-10-26
2023-10-26 17:10:00,121.92,122.05,121.77,121.89,38057,2023-10-26
2023-10-26 17:15:00,121.89,121.93,121.311,121.56,37942,2023-10-26
2023-10-26 17:20:00,121.5425,121.5425,121.34,121.385,22879,2023-10-26
2023-10-26 17:25:00,121.38,121.69,121.2,121.225,22564,2023-10-26
2023-10-26 17:30:00,121.2,121.34,120.76,120.84,48287,2023-10-26
2023-10-26 17:35:00,120.7997,120.855,120.56,120.66,65532,2023-10-26
2023-10-26 17:40:00,120.64,120.82,120.42,120.56,47037,2023-10-26
2023-10-26 17:45:00,120.56,120.71,120.41,120.635,54546,2023-10-26
2023-10-26 17:50:00,120.58,120.63,120.29,120.325,86159,2023-10-26
2023-10-26 17:55:00,120.325,120.45,120.12,120.4,33828,2023-10-26
2023-10-26 18:00:00,120.4,120.53,120.25,120.32,25081,2023-10-26
2023-10-26 18:05:00,120.32,120.435,120.215,120.31,26209,2023-10-26
2023-10-26 18:10:00,120.36,120.39,120.065,120.175,25624,2023-10-26
2023-10-26 18:15:00,120.2,120.2,120.0101,120.06,25150,2023-10-26
2023-10-26 18:20:00,120.02,120.19,120.02,120.115,27223,2023-10-26
2023-10-26 18:25:00,120.155,120.28,120.13,120.25,29222,2023-10-26
2023-10-26 18:30:00,120.26,120.63,120.165,120.605,31134,2023-10-26
2023-10-26 18:35:00,120.6,120.875,120.57,120.86,30653,2023-10-26
2023-10-26 18:40:00,120.83,121.09,120.72,121.09,42367,2023-10-26
2023-10-26 18:45:00,121.08,121.11,120.89,120.93,36653,2023-10-26
2023-10-26 18:50:00,120.92,120.92,120.585,120.7,27300,2023-10-26
2023-10-26 18:55:00,120.72,120.9625,120.7025,120.915,40973,2023-10-26
2023-10-26 19:00:00,120.91,121.04,120.86,120.98,56907,2023-10-26
2023-10-26 19:05:00,120.97,121.19,120.91,121.185,17253,2023-10-26
2023-10-26 19:10:00,121.185,121.235,120.99,121,23115,2023-10-26
2023-10-26 19:15:00,121,121.12,120.97,121.0225,26844,2023-10-26
2023-10-26 19:20:00,121,121.2099,120.99,121.185,16081,2023-10-26
2023-10-26 19:25:00,121.175,121.175,121.02,121.11,19059,2023-10-26
2023-10-26 19:30:00,121.13,121.18,121.09,121.175,15041,2023-10-26
2023-10-26 19:35:00,121.17,121.26,121.08,121.08,17737,2023-10-26
2023-10-26 19:40:00,121.1,121.14,120.92,121.03,25506,2023-10-26
2023-10-26 19:45:00,121.03,121.145,121,121.145,13622,2023-10-26
2023-10-26 19:50:00,121.17,121.3,121.03,121.03,39505,2023-10-26
2023-10-26 19:55:00,121,121.13,120.99,121.045,22661,2023-10-26
2023-10-26 20:00:00,121.01,121.15,120.93,121.03,25790,2023-10-26
2023-10-26 20:05:00,121.025,121.08,120.88,121.06,46194,2023-10-26
2023-10-26 20:10:00,121.065,121.065,120.9,121.01,46920,2023-10-26
2023-10-26 20:15:00,121,121.15,120.94,121.02,46501,2023-10-26
2023-10-26 20:20:00,121.01,121.025,120.95,120.99,46381,2023-10-26
2023-10-26 20:25:00,120.985,121.04,120.95,121,27388,2023-10-26
2023-10-26 20:30:00,121,121.1,120.96,121.04,27895,2023-10-26
2023-10-26 20:35:00,121.075,121.1275,121.02,121.08,13595,2023-10-26
2023-10-26 20:40:00,121.065,121.09,120.99,121.03,24334,2023-10-26
2023-10-26 20:45:00,121.025,121.025,120.685,120.84,23153,2023-10-26
2023-10-26 20:50:00,120.835,120.9592,120.8,120.93,10948,2023-10-26
2023-10-26 20:55:00,120.93,120.95,120.775,120.85,20246,2023-10-26
2023-10-26 21:00:00,120.835,120.835,120.75,120.77,13048,2023-10-26
2023-10-26 21:05:00,120.77,120.78,120.66,120.67,15311,2023-10-26
2023-10-26 21:10:00,120.66,120.78,120.64,120.75,15079,2023-10-26
2023-10-26 21:15:00,120.76,120.76,120.54,120.595,18008,2023-10-26
2023-10-26 21:20:00,120.595,120.63,120.46,120.49,17573,2023-10-26
2023-10-26 21:25:00,120.46,120.46,120.39,120.435,14766,2023-10-26
2023-10-26 21:30:00,120.41,120.52,120.39,120.505,25144,2023-10-26
2023-10-26 21:35:00,120.4963,120.56,120.44,120.455,29602,2023-10-26
2023-10-26 21:40:00,120.47,120.71,120.47,120.62,24797,2023-10-26
2023-10-26 21:45:00,120.62,120.65,120.52,120.53,18261,2023-10-26
2023-10-26 21:50:00,120.56,120.58,120.46,120.57,16445,2023-10-26
2023-10-26 21:55:00,120.57,120.625,120.56,120.595,17670,2023-10-26
2023-10-26 22:00:00,120.5925,120.625,120.49,120.495,26192,2023-10-26
2023-10-26 22:05:00,120.51,120.52,120.36,120.37,12927,2023-10-26
2023-10-26 22:10:00,120.39,120.47,120.29,120.29,21996,2023-10-26
2023-10-26 22:15:00,120.305,120.32,120.26,120.28,21284,2023-10-26
2023-10-26 22:20:00,120.28,120.445,120.28,120.3,128599,2023-10-26
2023-10-26 22:25:00,120.31,120.31,120.125,120.14,22469,2023-10-26
2023-10-26 22:30:00,120.13,120.39,120.1,120.36,35498,2023-10-26
2023-10-26 22:35:00,120.34,120.39,120.1296,120.29,39840,2023-10-26
2023-10-26 22:40:00,120.29,120.3,120.17,120.18,40837,2023-10-26
2023-10-26 22:45:00,120.2,120.36,120.1,120.34,63712,2023-10-26
2023-10-26 22:50:00,120.37,120.41,120.19,120.22,105432,2023-10-26
2023-10-26 22:55:00,120.2,120.23,120.07,120.13,267267,2023-10-26
2023-10-26 23:00:00,120.17,120.17,120.17,120.17,2066,2023-10-26
2023-10-26 23:20:00,120.17,120.17,120.17,120.17,907,2023-10-26
2023-10-27 13:55:00,120.3,120.3,120.3,120.3,538,2023-10-27
2023-10-27 14:50:00,120,120,120,120,200,2023-10-27
2023-10-27 15:30:00,120.09,120.09,120.09,120.09,100,2023-10-27
2023-10-27 15:40:00,120.1,120.1,120.1,120.1,100,2023-10-27
2023-10-27 15:55:00,120.1,120.1,120.1,120.1,100,2023-10-27
2023-10-27 16:10:00,120.1,120.1,120.1,120.1,100,2023-10-27
2023-10-27 16:25:00,120,120,119.85,119.85,515,2023-10-27
2023-10-27 16:30:00,119.51,119.84,119.51,119.53,23398,2023-10-27
2023-10-27 16:35:00,119.54,119.735,119.38,119.475,15179,2023-10-27
2023-10-27 16:40:00,119.41,119.46,119.03,119.14,26673,2023-10-27
2023-10-27 16:45:00,119.165,119.23,119.06,119.21,10524,2023-10-27
2023-10-27 16:50:00,119.13,119.16,118.78,119.1341,12381,2023-10-27
2023-10-27 16:55:00,119.1,119.16,118.99,119.115,13262,2023-10-27
2023-10-27 17:00:00,119.07,119.17,118.91,119.13,15972,2023-10-27
2023-10-27 17:05:00,119.09,119.09,118.89,118.995,10551,2023-10-27
2023-10-27 17:10:00,118.995,119.03,118.77,119.005,33807,2023-10-27
2023-10-27 17:15:00,119.02,119.125,118.9,118.9,21058,2023-10-27
2023-10-27 17:20:00,118.9,119.1,118.84,118.975,45059,2023-10-27
2023-10-27 17:25:00,118.975,119.09,118.93,119.02,22369,2023-10-27
2023-10-27 17:30:00,119.01,119.02,118.92,118.93,26080,2023-10-27
2023-10-27 17:35:00,118.93,119.09,118.93,119.04,18343,2023-10-27
2023-10-27 17:40:00,119.05,119.12,118.9,118.99,27327,2023-10-27
2023-10-27 17:45:00,119.01,119.27,118.97,119.205,46888,2023-10-27
2023-10-27 17:50:00,119.23,119.395,119.195,119.36,28311,2023-10-27
2023-10-27 17:55:00,119.36,119.55,119.36,119.54,46400,2023-10-27
2023-10-27 18:00:00,119.53,119.585,118.99,118.99,75650,2023-10-27
2023-10-27 18:05:00,118.99,119.06,118.86,118.86,27382,2023-10-27
2023-10-27 18:10:00,118.84,118.84,118.4,118.41,32388,2023-10-27
2023-10-27 18:15:00,118.47,118.49,118.03,118.08,22404,2023-10-27
2023-10-27 18:20:00,118.04,118.04,117.43,117.475,31462,2023-10-27
2023-10-27 18:25:00,117.47,117.8248,117.44,117.72,27289,2023-10-27
2023-10-27 18:30:00,117.76,117.82,117.64,117.755,44929,2023-10-27
2023-10-27 18:35:00,117.71,117.75,117.565,117.62,56312,2023-10-27
2023-10-27 18:40:00,117.63,117.665,117.42,117.55,33901,2023-10-27
2023-10-27 18:45:00,117.55,117.725,117.34,117.7,24182,2023-10-27
2023-10-27 18:50:00,117.7,117.74,117.62,117.63,14826,2023-10-27
2023-10-27 18:55:00,117.64,117.71,117.45,117.59,11685,2023-10-27
2023-10-27 19:00:00,117.55,117.615,117.46,117.49,12477,2023-10-27
2023-10-27 19:05:00,117.49,117.535,117.42,117.455,10820,2023-10-27
2023-10-27 19:10:00,117.423,117.53,117.34,117.345,13426,2023-10-27
2023-10-27 19:15:00,117.32,117.36,117.27,117.31,12449,2023-10-27
2023-10-27 19:20:00,117.3299,117.3299,117.15,117.165,9891,2023-10-27
2023-10-27 19:25:00,117.17,117.19,117.04,117.14,14986,2023-10-27
2023-10-27 19:30:00,117.15,117.29,117.07,117.27,14119,2023-10-27
2023-10-27 19:35:00,117.27,117.35,117.18,117.34,32582,2023-10-27
2023-10-27 19:40:00,117.335,117.48,117.29,117.44,24027,2023-10-27
2023-10-27 19:45:00,117.46,117.525,117.24,117.31,17995,2023-10-27
2023-10-27 19:50:00,117.3,117.31,117.17,117.18,7743,2023-10-27
2023-10-27 19:55:00,117.17,117.2,117.01,117.07,16904,2023-10-27
2023-10-27 20:00:00,117.05,117.3,117.04,117.3,15491,2023-10-27
2023-10-27 20:05:00,117.24,117.3314,117.155,117.3314,26832,2023-10-27
2023-10-27 20:10:00,117.27,117.33,117.16,117.22,25461,2023-10-27
2023-10-27 20:15:00,117.23,117.25,116.95,117.12,35589,2023-10-27
2023-10-27 20:20:00,117.05,117.285,117.05,117.285,20109,2023-10-27
2023-10-27 20:25:00,117.3,117.32,117.1,117.12,20341,2023-10-27
2023-10-27 20:30:00,117.15,117.18,117.0501,117.155,14095,2023-10-27
2023-10-27 20:35:00,117.14,117.14,116.9921,117.06,14515,2023-10-27
2023-10-27 20:40:00,117.12,117.36,117.105,117.3,11963,2023-10-27
2023-10-27 20:45:00,117.29,117.35,117.2,117.285,25566,2023-10-27
2023-10-27 20:50:00,117.3,117.3338,117.25,117.3338,12896,2023-10-27
2023-10-27 20:55:00,117.24,117.245,117.169,117.18,10384,2023-10-27
2023-10-27 21:00:00,117.18,117.34,117.18,117.28,10761,2023-10-27
2023-10-27 21:05:00,117.3,117.44,117.27,117.415,8383,2023-10-27
2023-10-27 21:10:00,117.39,117.525,117.385,117.42,12136,2023-10-27
2023-10-27 21:15:00,117.41,117.51,117.32,117.345,19956,2023-10-27
2023-10-27 21:20:00,117.34,117.355,117.07,117.13,20278,2023-10-27
2023-10-27 21:25:00,117.1,117.1345,116.98,117.045,12806,2023-10-27
2023-10-27 21:30:00,117.05,117.32,117.03,117.27,29946,2023-10-27
2023-10-27 21:35:00,117.25,117.27,117.05,117.095,24088,2023-10-27
2023-10-27 21:40:00,117.05,117.13,117.01,117.08,17955,2023-10-27
2023-10-27 21:45:00,117.095,117.1445,116.96,116.96,15170,2023-10-27
2023-10-27 21:50:00,116.995,116.995,116.83,116.83,11220,2023-10-27
2023-10-27 21:55:00,116.85,116.86,116.65,116.73,16191,2023-10-27
2023-10-27 22:00:00,116.76,116.82,116.67,116.71,13814,2023-10-27
2023-10-27 22:05:00,116.71,116.75,116.64,116.74,13955,2023-10-27
2023-10-27 22:10:00,116.71,116.99,116.63,116.94,21323,2023-10-27
2023-10-27 22:15:00,116.93,116.955,116.8,116.88,13345,2023-10-27
2023-10-27 22:20:00,116.88,117,116.87,116.9248,25968,2023-10-27
2023-10-27 22:25:00,116.945,117.11,116.94,117.1,17739,2023-10-27
2023-10-27 22:30:00,117.12,117.22,116.94,116.94,31076,2023-10-27
2023-10-27 22:35:00,116.93,116.95,116.78,116.79,23564,2023-10-27
2023-10-27 22:40:00,116.79,116.955,116.725,116.8,42745,2023-10-27
2023-10-27 22:45:00,116.81,116.92,116.76,116.92,46299,2023-10-27
2023-10-27 22:50:00,116.91,117.02,116.84,116.98,95837,2023-10-27
2023-10-27 22:55:00,116.97,116.99,116.65,116.87,284320,2023-10-27
2023-10-27 23:00:00,116.86,116.86,116.86,116.86,16041,2023-10-27
2023-10-27 23:20:00,116.86,116.86,116.86,116.86,77198,2023-10-27
2023-10-28 00:00:00,116.94,116.94,116.89,116.89,361,2023-10-27
2023-10-28 01:15:00,117.17,117.17,117.17,117.17,238,2023-10-27
2023-10-30 16:30:00,117.7,118.5,117.46,118.14,30939,2023-10-30
2023-10-30 16:35:00,118.19,118.36,117.79,117.795,15831,2023-10-30
2023-10-30 16:40:00,117.78,118.13,117.73,117.955,39311,2023-10-30
2023-10-30 16:45:00,117.97,118.17,117.82,117.825,20098,2023-10-30
2023-10-30 16:50:00,117.89,118.02,117.85,117.92,14765,2023-10-30
2023-10-30 16:55:00,118.015,118.05,117.835,117.835,30237,2023-10-30
2023-10-30 17:00:00,117.815,118.04,117.79,117.87,14338,2023-10-30
2023-10-30 17:05:00,117.79,117.9161,117.765,117.86,9561,2023-10-30
2023-10-30 17:10:00,117.88,117.88,117.5,117.59,12551,2023-10-30
2023-10-30 17:15:00,117.525,117.94,117.505,117.815,12916,2023-10-30
2023-10-30 17:20:00,117.87,118.02,117.84,117.915,20284,2023-10-30
2023-10-30 17:25:00,117.9,118.19,117.9,118.025,30876,2023-10-30
2023-10-30 17:30:00,118.03,118.03,117.765,117.84,16710,2023-10-30
2023-10-30 17:35:00,117.835,117.86,117.78,117.79,9491,2023-10-30
2023-10-30 17:40:00,117.805,118.02,117.74,118.02,35966,2023-10-30
2023-10-30 17:45:00,118.01,118.25,117.98,117.9901,32961,2023-10-30
2023-10-30 17:50:00,117.99,118.09,117.92,117.94,32659,2023-10-30
2023-10-30 17:55:00,117.91,118.05,117.8,117.935,18145,2023-10-30
2023-10-30 18:00:00,117.91,118.065,117.89,118.05,29760,2023-10-30
2023-10-30 18:05:00,118.0401,118.065,117.94,118.02,27608,2023-10-30
2023-10-30 18:10:00,117.99,118.07,117.95,118.009,16815,2023-10-30
2023-10-30 18:15:00,118,118.03,117.78,117.783,19307,2023-10-30
2023-10-30 18:20:00,117.81,117.87,117.64,117.78,44345,2023-10-30
2023-10-30 18:25:00,117.735,118,117.615,117.885,23361,2023-10-30
2023-10-30 18:30:00,117.885,117.99,117.825,117.88,17247,2023-10-30
2023-10-30 18:35:00,117.9,117.97,117.86,117.9075,12193,2023-10-30
2023-10-30 18:40:00,117.98,118.03,117.9,118.02,9191,2023-10-30
2023-10-30 18:45:00,117.98,118.015,117.9,117.9,8525,2023-10-30
2023-10-30 18:50:00,117.945,117.96,117.82,117.865,5448,2023-10-30
2023-10-30 18:55:00,117.9,118,117.865,117.96,9155,2023-10-30
2023-10-30 19:00:00,117.97,118.08,117.94,118.04,7169,2023-10-30
2023-10-30 19:05:00,118.04,118.17,117.98,118.16,11888,2023-10-30
2023-10-30 19:10:00,118.16,118.34,118.16,118.28,7834,2023-10-30
2023-10-30 19:15:00,118.3376,118.34,118.25,118.3031,11587,2023-10-30
2023-10-30 19:20:00,118.3013,118.37,118.25,118.36,11449,2023-10-30
2023-10-30 19:25:00,118.35,118.42,118.3,118.335,13002,2023-10-30
2023-10-30 19:30:00,118.33,118.405,118.3,118.38,9727,2023-10-30
2023-10-30 19:35:00,118.37,118.38,118.31,118.37,8490,2023-10-30
2023-10-30 19:40:00,118.34,118.35,118.27,118.33,10871,2023-10-30
2023-10-30 19:45:00,118.33,118.425,118.27,118.33,11238,2023-10-30
2023-10-30 19:50:00,118.3301,118.41,118.31,118.345,6937,2023-10-30
2023-10-30 19:55:00,118.365,118.46,118.365,118.41,8621,2023-10-30
2023-10-30 20:00:00,118.46,118.505,118.45,118.5,8104,2023-10-30
2023-10-30 20:05:00,118.52,118.62,118.45,118.62,9495,2023-10-30
2023-10-30 20:10:00,118.66,118.79,118.65,118.79,6836,2023-10-30
2023-10-30 20:15:00,118.785,118.8,118.74,118.78,8722,2023-10-30
2023-10-30 20:20:00,118.78,118.91,118.75,118.91,12578,2023-10-30
2023-10-30 20:25:00,118.91,119.1499,118.88,119.12,21293,2023-10-30
2023-10-30 20:30:00,119.12,119.16,118.863,118.93,24872,2023-10-30
2023-10-30 20:35:00,118.93,119.1,118.873,119.06,16114,2023-10-30
2023-10-30 20:40:00,119.07,119.1,119.02,119.095,10361,2023-10-30
2023-10-30 20:45:00,119.105,119.1798,119.06,119.13,22266,2023-10-30
2023-10-30 20:50:00,119.14,119.24,119.12,119.18,13203,2023-10-30
2023-10-30 20:55:00,119.18,119.185,119.09,119.1,9842,2023-10-30
2023-10-30 21:00:00,119.11,119.11,118.95,119.01,10735,2023-10-30
2023-10-30 21:05:00,118.98,118.98,118.845,118.87,10126,2023-10-30
2023-10-30 21:10:00,118.89,118.91,118.86,118.885,6505,2023-10-30
2023-10-30 21:15:00,118.885,119.21,118.885,119.21,20670,2023-10-30
2023-10-30 21:20:00,119.19,119.31,119.15,119.27,28377,2023-10-30
2023-10-30 21:25:00,119.27,119.45,119.26,119.375,16142,2023-10-30
2023-10-30 21:30:00,119.41,119.47,119.395,119.465,14976,2023-10-30
2023-10-30 21:35:00,119.45,119.6,119.44,119.55,12406,2023-10-30
2023-10-30 21:40:00,119.55,119.59,119.5,119.54,12828,2023-10-30
2023-10-30 21:45:00,119.55,119.64,119.52,119.57,16373,2023-10-30
2023-10-30 21:50:00,119.56,119.56,119.46,119.49,11277,2023-10-30
2023-10-30 21:55:00,119.5068,119.5068,119.42,119.485,13053,2023-10-30
2023-10-30 22:00:00,119.51,119.58,119.425,119.58,21132,2023-10-30
2023-10-30 22:05:00,119.58,119.64,119.52,119.59,40275,2023-10-30
2023-10-30 22:10:00,119.565,119.62,119.53,119.59,15811,2023-10-30
2023-10-30 22:15:00,119.595,119.62,119.53,119.58,12069,2023-10-30
2023-10-30 22:20:00,119.57,119.59,119.39,119.39,15501,2023-10-30
2023-10-30 22:25:00,119.39,119.57,119.33,119.47,50417,2023-10-30
2023-10-30 22:30:00,119.5,119.5,119.31,119.31,22392,2023-10-30
2023-10-30 22:35:00,119.31,119.6,119.25,119.545,40835,2023-10-30
2023-10-30 22:40:00,119.55,119.59,119.37,119.53,32533,2023-10-30
2023-10-30 22:45:00,119.52,119.56,119.44,119.5,48453,2023-10-30
2023-10-30 22:50:00,119.5,119.61,119.46,119.52,91488,2023-10-30
2023-10-30 22:55:00,119.54,119.6,119.35,119.49,180233,2023-10-30
2023-10-30 23:00:00,119.52,119.52,119.52,119.52,2005,2023-10-30
2023-10-30 23:05:00,119.52,119.52,119.52,119.52,1873,2023-10-30
2023-10-30 23:20:00,119.52,119.52,119.52,119.52,545,2023-10-30
2023-10-31 16:15:00,119.52,119.52,119.52,119.52,67682,2023-10-31
2023-10-31 16:30:00,119.92,120.38,119.62,120,28065,2023-10-31
2023-10-31 16:35:00,120,120.08,119.65,119.825,14945,2023-10-31
2023-10-31 16:40:00,119.9,120.1379,119.75,119.78,14198,2023-10-31
2023-10-31 16:45:00,119.8,119.8,119.44,119.545,12282,2023-10-31
2023-10-31 16:50:00,119.59,119.7143,119.44,119.64,11860,2023-10-31
2023-10-31 16:55:00,119.625,119.775,119.4,119.4,20989,2023-10-31
2023-10-31 17:00:00,119.4,119.4,119.07,119.14,9677,2023-10-31
2023-10-31 17:05:00,119.1577,119.46,119.11,119.38,14299,2023-10-31
2023-10-31 17:10:00,119.37,119.58,119.37,119.47,13874,2023-10-31
2023-10-31 17:15:00,119.47,119.5,119.12,119.12,8064,2023-10-31
2023-10-31 17:20:00,119.12,119.12,118.87,118.92,13417,2023-10-31
2023-10-31 17:25:00,118.97,119.135,118.96,119.135,13994,2023-10-31
2023-10-31 17:30:00,119.22,119.34,119.185,119.28,16840,2023-10-31
2023-10-31 17:35:00,119.31,119.41,119.265,119.32,25831,2023-10-31
2023-10-31 17:40:00,119.34,119.55,119.3,119.38,14365,2023-10-31
2023-10-31 17:45:00,119.39,119.51,119.39,119.425,17073,2023-10-31
2023-10-31 17:50:00,119.41,119.43,119.23,119.24,21163,2023-10-31
2023-10-31 17:55:00,119.22,119.2875,119.15,119.15,23422,2023-10-31
2023-10-31 18:00:00,119.215,119.3575,119.14,119.1401,14345,2023-10-31
2023-10-31 18:05:00,119.14,119.17,119.06,119.13,8203,2023-10-31
2023-10-31 18:10:00,119.15,119.33,119.15,119.275,12381,2023-10-31
2023-10-31 18:15:00,119.26,119.26,119,119.055,12507,2023-10-31
2023-10-31 18:20:00,119.045,119.232,119.03,119.19,19437,2023-10-31
2023-10-31 18:25:00,119.18,119.335,119.155,119.3,16386,2023-10-31
2023-10-31 18:30:00,119.3,119.3,119.13,119.14,11221,2023-10-31
2023-10-31 18:35:00,119.175,119.19,119.02,119.07,11604,2023-10-31
2023-10-31 18:40:00,119.06,119.11,118.99,119.08,12776,2023-10-31
2023-10-31 18:45:00,119.1,119.2285,119.08,119.17,5379,2023-10-31
2023-10-31 18:50:00,119.21,119.21,119.02,119.02,9442,2023-10-31
2023-10-31 18:55:00,119.045,119.29,119.01,119.26,24027,2023-10-31
2023-10-31 19:00:00,119.26,119.34,119.15,119.17,10908,2023-10-31
2023-10-31 19:05:00,119.17,119.17,118.94,119.07,14346,2023-10-31
2023-10-31 19:10:00,119.08,119.08,118.87,118.87,8543,2023-10-31
2023-10-31 19:15:00,118.885,118.96,118.76,118.91,24670,2023-10-31
2023-10-31 19:20:00,118.91,119,118.88,118.92,10223,2023-10-31
2023-10-31 19:25:00,118.9,118.97,118.85,118.9566,16596,2023-10-31
2023-10-31 19:30:00,118.99,119.095,118.91,119.07,20383,2023-10-31
2023-10-31 19:35:00,119.045,119.13,119,119.07,21277,2023-10-31
2023-10-31 19:40:00,119.0592,119.26,119.05,119.25,8686,2023-10-31
2023-10-31 19:45:00,119.24,119.28,119.12,119.16,9051,2023-10-31
2023-10-31 19:50:00,119.14,119.1499,119.04,119.09,11549,2023-10-31
2023-10-31 19:55:00,119.08,119.13,119.0175,119.0675,14958,2023-10-31
2023-10-31 20:00:00,119.03,119.25,119.03,119.245,13289,2023-10-31
2023-10-31 20:05:00,119.24,119.39,119.195,119.39,23651,2023-10-31
2023-10-31 20:10:00,119.39,119.42,119.25,119.28,9605,2023-10-31
2023-10-31 20:15:00,119.36,119.4,119.31,119.4,5764,2023-10-31
2023-10-31 20:20:00,119.42,119.42,119.28,119.3,5135,2023-10-31
2023-10-31 20:25:00,119.3,119.37,119.23,119.36,7103,2023-10-31
2023-10-31 20:30:00,119.41,119.49,119.41,119.47,6864,2023-10-31
2023-10-31 20:35:00,119.46,119.49,119.34,119.38,8049,2023-10-31
2023-10-31 20:40:00,119.37,119.55,119.35,119.52,10435,2023-10-31
2023-10-31 20:45:00,119.5,119.52,119.46,119.46,7516,2023-10-31
2023-10-31 20:50:00,119.45,119.51,119.38,119.48,5695,2023-10-31
2023-10-31 20:55:00,119.51,119.55,119.45,119.47,6949,2023-10-31
2023-10-31 21:00:00,119.475,119.515,119.43,119.4735,15768,2023-10-31
2023-10-31 21:05:00,119.455,119.5,119.43,119.49,7903,2023-10-31
2023-10-31 21:10:00,119.49,119.545,119.33,119.33,12498,2023-10-31
2023-10-31 21:15:00,119.38,119.38,119.3,119.3,13120,2023-10-31
2023-10-31 21:20:00,119.315,119.345,119.3,119.32,7829,2023-10-31
2023-10-31 21:25:00,119.3,119.39,119.3,119.35,12177,2023-10-31
2023-10-31 21:30:00,119.35,119.38,119.32,119.355,10197,2023-10-31
2023-10-31 21:35:00,119.38,119.39,119.27,119.27,11460,2023-10-31
2023-10-31 21:40:00,119.29,119.46,119.29,119.46,15163,2023-10-31
2023-10-31 21:45:00,119.445,119.45,119.38,119.44,12224,2023-10-31
2023-10-31 21:50:00,119.46,119.54,119.42,119.42,8420,2023-10-31
2023-10-31 21:55:00,119.45,119.53,119.43,119.44,12630,2023-10-31
2023-10-31 22:00:00,119.4301,119.55,119.43,119.55,25448,2023-10-31
2023-10-31 22:05:00,119.55,119.55,119.46,119.49,9248,2023-10-31
2023-10-31 22:10:00,119.495,119.58,119.44,119.44,19036,2023-10-31
2023-10-31 22:15:00,119.42,119.46,119.37,119.41,10715,2023-10-31
2023-10-31 22:20:00,119.43,119.44,119.38,119.44,16344,2023-10-31
2023-10-31 22:25:00,119.45,119.487,119.34,119.41,17049,2023-10-31
2023-10-31 22:30:00,119.422,119.44,119.21,119.29,36807,2023-10-31
2023-10-31 22:35:00,119.27,119.3,119.16,119.25,18780,2023-10-31
2023-10-31 22:40:00,119.23,119.35,119.21,119.34,27600,2023-10-31
2023-10-31 22:45:00,119.33,119.419,119.27,119.419,39784,2023-10-31
2023-10-31 22:50:00,119.39,119.51,119.3287,119.46,72279,2023-10-31
2023-10-31 22:55:00,119.46,119.66,119.45,119.58,244839,2023-10-31
2023-10-31 23:00:00,119.64,119.64,119.64,119.64,5986,2023-10-31
2023-10-31 23:05:00,119.64,119.64,119.64,119.64,586,2023-10-31
2023-11-01 16:25:00,119.8,119.8,119.8,119.8,263,2023-11-01
2023-11-01 16:30:00,120,120,119.35,119.43,23483,2023-11-01
2023-11-01 16:35:00,119.35,119.52,119.17,119.23,11026,2023-11-01
2023-11-01 16:40:00,119.37,119.59,118.89,119.07,16693,2023-11-01
2023-11-01 16:45:00,119.1163,119.54,118.95,119.5,9616,2023-11-01
2023-11-01 16:50:00,119.56,119.685,119.22,119.33,16755,2023-11-01
2023-11-01 16:55:00,119.37,119.475,119.18,119.24,11794,2023-11-01
2023-11-01 17:00:00,119.19,119.36,119.12,119.15,26326,2023-11-01
2023-11-01 17:05:00,119.15,119.49,119.13,119.485,12586,2023-11-01
2023-11-01 17:10:00,119.48,119.73,119.33,119.73,8707,2023-11-01
2023-11-01 17:15:00,119.62,119.7385,119.55,119.69,8251,2023-11-01
2023-11-01 17:20:00,119.7777,119.8,119.58,119.75,10145,2023-11-01
2023-11-01 17:25:00,119.7,119.8,119.61,119.7175,7725,2023-11-01
2023-11-01 17:30:00,119.75,119.76,119.56,119.64,11389,2023-11-01
2023-11-01 17:35:00,119.705,119.705,119.43,119.43,11287,2023-11-01
2023-11-01 17:40:00,119.5233,119.545,119.43,119.48,5765,2023-11-01
2023-11-01 17:45:00,119.51,119.61,119.38,119.445,8588,2023-11-01
2023-11-01 17:50:00,119.4,119.56,119.39,119.53,16210,2023-11-01
2023-11-01 17:55:00,119.5,119.5848,119.47,119.475,18105,2023-11-01
2023-11-01 18:00:00,119.465,119.59,119.35,119.45,13195,2023-11-01
2023-11-01 18:05:00,119.43,119.52,119.4,119.49,9992,2023-11-01
2023-11-01 18:10:00,119.47,119.47,119.09,119.19,16639,2023-11-01
2023-11-01 18:15:00,119.14,119.14,119.01,119.05,7713,2023-11-01
2023-11-01 18:20:00,119.05,119.1,118.94,118.9734,8573,2023-11-01
2023-11-01 18:25:00,118.99,119.1,118.951,119.03,16194,2023-11-01
2023-11-01 18:30:00,119.04,119.27,118.96,119.265,10677,2023-11-01
2023-11-01 18:35:00,119.31,119.4499,119.27,119.37,11763,2023-11-01
2023-11-01 18:40:00,119.41,119.568,119.37,119.445,19850,2023-11-01
2023-11-01 18:45:00,119.42,119.55,119.4,119.48,9204,2023-11-01
2023-11-01 18:50:00,119.45,119.49,119.38,119.4,9458,2023-11-01
2023-11-01 18:55:00,119.35,119.38,119.18,119.24,15129,2023-11-01
2023-11-01 19:00:00,119.3,119.32,119.221,119.275,7416,2023-11-01
2023-11-01 19:05:00,119.27,119.34,119.15,119.21,10641,2023-11-01
2023-11-01 19:10:00,119.23,119.24,119.16,119.16,6848,2023-11-01
2023-11-01 19:15:00,119.19,119.19,119,119.06,7918,2023-11-01
2023-11-01 19:20:00,119.096,119.28,119.0716,119.22,18395,2023-11-01
2023-11-01 19:25:00,119.19,119.23,119.13,119.145,9285,2023-11-01
2023-11-01 19:30:00,119.17,119.32,119.15,119.22,9414,2023-11-01
2023-11-01 19:35:00,119.24,119.327,119.24,119.24,7006,2023-11-01
2023-11-01 19:40:00,119.22,119.23,119.09,119.11,7057,2023-11-01
2023-11-01 19:45:00,119.15,119.267,119.13,119.26,6394,2023-11-01
2023-11-01 19:50:00,119.28,119.325,119.24,119.29,6098,2023-11-01
2023-11-01 19:55:00,119.31,119.41,119.25,119.31,7849,2023-11-01
2023-11-01 20:00:00,119.315,119.32,119.265,119.29,5352,2023-11-01
2023-11-01 20:05:00,119.29,119.44,119.28,119.38,6788,2023-11-01
2023-11-01 20:10:00,119.38,119.4646,119.33,119.41,9892,2023-11-01
2023-11-01 20:15:00,119.45,119.57,119.44,119.51,10410,2023-11-01
2023-11-01 20:20:00,119.55,119.55,119.32,119.32,10144,2023-11-01
2023-11-01 20:25:00,119.34,119.39,119.26,119.38,9110,2023-11-01
2023-11-01 20:30:00,119.38,119.42,119.31,119.42,10933,2023-11-01
2023-11-01 20:35:00,119.4,119.57,119.39,119.57,17002,2023-11-01
2023-11-01 20:40:00,119.55,119.57,119.46,119.53,12809,2023-11-01
2023-11-01 20:45:00,119.525,119.57,119.49,119.56,6928,2023-11-01
2023-11-01 20:50:00,119.56,119.71,119.56,119.71,11463,2023-11-01
2023-11-01 20:55:00,119.69,119.69,119.59,119.6,10510,2023-11-01
2023-11-01 21:00:00,119.63,119.75,119.49,119.51,13518,2023-11-01
2023-11-01 21:05:00,119.57,119.58,119.5,119.52,4997,2023-11-01
2023-11-01 21:10:00,119.56,119.56,119.4,119.4,11048,2023-11-01
2023-11-01 21:15:00,119.4,119.4,119.285,119.34,12553,2023-11-01
2023-11-01 21:20:00,119.35,119.58,119.35,119.52,6704,2023-11-01
2023-11-01 21:25:00,119.53,119.6,119.49,119.5597,9364,2023-11-01
2023-11-01 21:30:00,119.48,119.61,119.46,119.47,14630,2023-11-01
2023-11-01 21:35:00,119.48,119.57,119.4,119.43,13728,2023-11-01
2023-11-01 21:40:00,119.415,119.46,119.24,119.39,12876,2023-11-01
2023-11-01 21:45:00,119.45,119.5,119.18,119.26,15771,2023-11-01
2023-11-01 21:50:00,119.2814,119.51,119.275,119.43,11871,2023-11-01
2023-11-01 21:55:00,119.43,119.58,119.41,119.51,7702,2023-11-01
2023-11-01 22:00:00,119.545,119.74,119.5,119.58,12685,2023-11-01
2023-11-01 22:05:00,119.583,119.62,119.51,119.58,12633,2023-11-01
2023-11-01 22:10:00,119.64,119.71,119.57,119.6,19401,2023-11-01
2023-11-01 22:15:00,119.6,119.6742,119.55,119.59,13535,2023-11-01
2023-11-01 22:20:00,119.5801,119.68,119.56,119.625,19565,2023-11-01
2023-11-01 22:25:00,119.59,119.66,119.44,119.585,19130,2023-11-01
2023-11-01 22:30:00,119.61,119.87,119.59,119.7242,26608,2023-11-01
2023-11-01 22:35:00,119.75,119.78,119.59,119.59,29136,2023-11-01
2023-11-01 22:40:00,119.6,119.61,119.525,119.61,20322,2023-11-01
2023-11-01 22:45:00,119.6,119.71,119.45,119.495,45003,2023-11-01
2023-11-01 22:50:00,119.48,119.48,119.35,119.47,52835,2023-11-01
2023-11-01 22:55:00,119.45,119.48,119.275,119.48,204583,2023-11-01
2023-11-01 23:00:00,119.47,119.47,119.47,119.47,4920,2023-11-01
2023-11-01 23:10:00,119.32,119.32,119.3,119.3,1431,2023-11-01
2023-11-01 23:20:00,119.47,119.47,119.4,119.4,1688,2023-11-01
2023-11-01 23:30:00,119.56,119.56,119.51,119.51,300,2023-11-01
2023-11-02 16:30:00,120.23,120.82,120.08,120.2,34388,2023-11-02
2023-11-02 16:35:00,120.31,120.31,119.72,119.765,29164,2023-11-02
2023-11-02 16:40:00,119.63,119.75,119.37,119.37,20174,2023-11-02
2023-11-02 16:45:00,119.465,119.91,119.46,119.555,38215,2023-11-02
2023-11-02 16:50:00,119.575,120.02,119.52,119.765,20800,2023-11-02
2023-11-02 16:55:00,119.79,120.13,119.79,119.98,10354,2023-11-02
2023-11-02 17:00:00,120.01,120.43,120.01,120.19,58812,2023-11-02
2023-11-02 17:05:00,120.19,120.26,119.92,120.19,28570,2023-11-02
2023-11-02 17:10:00,120.19,120.27,119.93,120.03,61061,2023-11-02
2023-11-02 17:15:00,119.9988,120.27,119.9988,120.235,36014,2023-11-02
2023-11-02 17:20:00,120.2595,120.39,120.235,120.325,16398,2023-11-02
2023-11-02 17:25:00,120.325,120.325,120.165,120.261,15247,2023-11-02
2023-11-02 17:30:00,120.32,120.49,120.27,120.27,20901,2023-11-02
2023-11-02 17:35:00,120.29,120.43,120.12,120.13,27516,2023-11-02
2023-11-02 17:40:00,120.14,120.31,120.14,120.2,26244,2023-11-02
2023-11-02 17:45:00,120.185,120.34,120.14,120.22,31770,2023-11-02
2023-11-02 17:50:00,120.18,120.28,119.98,120.25,34832,2023-11-02
2023-11-02 17:55:00,120.255,120.62,120.21,120.555,92976,2023-11-02
2023-11-02 18:00:00,120.575,120.715,120.45,120.505,15730,2023-11-02
2023-11-02 18:05:00,120.51,120.66,120.43,120.63,12786,2023-11-02
2023-11-02 18:10:00,120.63,120.74,120.58,120.635,15085,2023-11-02
2023-11-02 18:15:00,120.635,120.66,120.35,120.62,18192,2023-11-02
2023-11-02 18:20:00,120.64,120.73,120.59,120.72,10188,2023-11-02
2023-11-02 18:25:00,120.705,120.72,120.59,120.59,11572,2023-11-02
2023-11-02 18:30:00,120.6,120.86,120.59,120.825,13948,2023-11-02
2023-11-02 18:35:00,120.82,120.91,120.78,120.85,9193,2023-11-02
2023-11-02 18:40:00,120.85,120.95,120.8,120.86,11590,2023-11-02
2023-11-02 18:45:00,120.8975,120.8975,120.79,120.8,15162,2023-11-02
2023-11-02 18:50:00,120.82,120.855,120.63,120.64,20371,2023-11-02
2023-11-02 18:55:00,120.64,120.642,120.51,120.52,14308,2023-11-02
2023-11-02 19:00:00,120.535,120.535,120.34,120.34,8902,2023-11-02
2023-11-02 19:05:00,120.33,120.36,120.27,120.36,17421,2023-11-02
2023-11-02 19:10:00,120.375,120.375,120.28,120.32,12275,2023-11-02
2023-11-02 19:15:00,120.3,120.32,120.2,120.285,15309,2023-11-02
2023-11-02 19:20:00,120.29,120.4,120.29,120.36,16455,2023-11-02
2023-11-02 19:25:00,120.37,120.53,120.36,120.49,29006,2023-11-02
2023-11-02 19:30:00,120.53,120.59,120.495,120.55,10253,2023-11-02
2023-11-02 19:35:00,120.59,120.65,120.55,120.5575,11797,2023-11-02
2023-11-02 19:40:00,120.56,120.64,120.536,120.57,9663,2023-11-02
2023-11-02 19:45:00,120.575,120.69,120.57,120.69,11449,2023-11-02
2023-11-02 19:50:00,120.71,120.75,120.69,120.69,10092,2023-11-02
2023-11-02 19:55:00,120.71,120.75,120.618,120.66,11375,2023-11-02
2023-11-02 20:00:00,120.685,120.83,120.68,120.82,9182,2023-11-02
2023-11-02 20:05:00,120.83,120.85,120.75,120.84,7618,2023-11-02
2023-11-02 20:10:00,120.87,120.87,120.79,120.83,8253,2023-11-02
2023-11-02 20:15:00,120.85,120.88,120.82,120.87,11969,2023-11-02
2023-11-02 20:20:00,120.86,120.86,120.75,120.79,8089,2023-11-02
2023-11-02 20:25:00,120.79,120.8625,120.76,120.8399,11735,2023-11-02
2023-11-02 20:30:00,120.845,120.8999,120.68,120.68,10345,2023-11-02
2023-11-02 20:35:00,120.675,120.7,120.6357,120.646,8338,2023-11-02
2023-11-02 20:40:00,120.655,120.67,120.615,120.64,8495,2023-11-02
2023-11-02 20:45:00,120.64,120.64,120.56,120.56,10344,2023-11-02
2023-11-02 20:50:00,120.56,120.64,120.53,120.63,11913,2023-11-02
2023-11-02 20:55:00,120.625,120.79,120.625,120.71,13502,2023-11-02
2023-11-02 21:00:00,120.7,120.84,120.66,120.77,16475,2023-11-02
2023-11-02 21:05:00,120.795,120.88,120.775,120.83,12644,2023-11-02
2023-11-02 21:10:00,120.84,120.94,120.8,120.86,17014,2023-11-02
2023-11-02 21:15:00,120.865,120.93,120.855,120.885,11226,2023-11-02
2023-11-02 21:20:00,120.885,120.975,120.85,120.95,17362,2023-11-02
2023-11-02 21:25:00,120.97,121,120.95,120.98,8882,2023-11-02
2023-11-02 21:30:00,120.98,121.07,120.972,121.018,16279,2023-11-02
2023-11-02 21:35:00,121.05,121.11,121.02,121.09,13228,2023-11-02
2023-11-02 21:40:00,121.12,121.13,121.06,121.0848,13494,2023-11-02
2023-11-02 21:45:00,121.07,121.14,121.065,121.09,18653,2023-11-02
2023-11-02 21:50:00,121.12,121.13,121.01,121.01,10673,2023-11-02
2023-11-02 21:55:00,121,121,120.8,120.82,14484,2023-11-02
2023-11-02 22:00:00,120.81,120.921,120.73,120.88,17536,2023-11-02
2023-11-02 22:05:00,120.875,120.91,120.825,120.83,12515,2023-11-02
2023-11-02 22:10:00,120.84,120.84,120.77,120.84,23343,2023-11-02
2023-11-02 22:15:00,120.82,120.9086,120.78,120.78,19410,2023-11-02
2023-11-02 22:20:00,120.785,120.93,120.785,120.85,23251,2023-11-02
2023-11-02 22:25:00,120.83,120.88,120.75,120.88,20323,2023-11-02
2023-11-02 22:30:00,120.88,120.92,120.81,120.912,25316,2023-11-02
2023-11-02 22:35:00,120.92,120.99,120.915,120.925,23214,2023-11-02
2023-11-02 22:40:00,120.938,121.08,120.91,121.08,28489,2023-11-02
2023-11-02 22:45:00,121.07,121.08,120.99,121.015,34310,2023-11-02
2023-11-02 22:50:00,121.01,121.03,120.83,120.99,84682,2023-11-02
2023-11-02 22:55:00,120.99,121.08,120.81,121.05,173528,2023-11-02
2023-11-02 23:00:00,121,121.05,121,121.05,5913,2023-11-02
2023-11-02 23:05:00,121.05,121.05,121.05,121.05,1129,2023-11-02
2023-11-02 23:20:00,121.05,121.05,121.05,121.05,235,2023-11-02
2023-11-03 15:00:00,121.05,121.05,121.05,121.05,411,2023-11-03
2023-11-03 16:30:00,121.29,121.3,121.04,121.19,18866,2023-11-03
2023-11-03 16:35:00,121.14,121.43,120.53,121.43,12104,2023-11-03
2023-11-03 16:40:00,121.37,121.84,121.18,121.68,18197,2023-11-03
2023-11-03 16:45:00,121.67,121.67,121.1715,121.2039,17717,2023-11-03
2023-11-03 16:50:00,121.26,121.345,121.0176,121.25,15082,2023-11-03
2023-11-03 16:55:00,121.23,121.51,121.23,121.42,7332,2023-11-03
2023-11-03 17:00:00,121.58,121.58,121.35,121.35,11610,2023-11-03
2023-11-03 17:05:00,121.31,121.31,121.03,121.03,10764,2023-11-03
2023-11-03 17:10:00,121.03,121.45,121.02,121.3,14867,2023-11-03
2023-11-03 17:15:00,121.26,121.66,121.26,121.6,10430,2023-11-03
2023-11-03 17:20:00,121.55,121.64,121.5001,121.582,7277,2023-11-03
2023-11-03 17:25:00,121.63,121.63,121.35,121.49,8882,2023-11-03
2023-11-03 17:30:00,121.54,121.55,121.28,121.28,8499,2023-11-03
2023-11-03 17:35:00,121.295,121.32,121.07,121.17,17856,2023-11-03
2023-11-03 17:40:00,121.185,121.205,120.87,120.97,17109,2023-11-03
2023-11-03 17:45:00,120.96,120.98,120.76,120.82,22069,2023-11-03
2023-11-03 17:50:00,120.82,120.86,120.67,120.75,24057,2023-11-03
2023-11-03 17:55:00,120.77,120.855,120.66,120.675,22119,2023-11-03
2023-11-03 18:00:00,120.6714,120.675,120.4,120.47,45790,2023-11-03
2023-11-03 18:05:00,120.46,120.55,120.34,120.495,36756,2023-11-03
2023-11-03 18:10:00,120.51,120.53,120.4,120.4,18857,2023-11-03
2023-11-03 18:15:00,120.39,120.4,120.1412,120.19,24487,2023-11-03
2023-11-03 18:20:00,120.215,120.4,120.19,120.3525,17496,2023-11-03
2023-11-03 18:25:00,120.33,120.37,120.16,120.16,37267,2023-11-03
2023-11-03 18:30:00,120.165,120.2734,120.06,120.06,31244,2023-11-03
2023-11-03 18:35:00,120.025,120.06,119.93,120.03,30840,2023-11-03
2023-11-03 18:40:00,120.025,120.04,119.88,119.96,28565,2023-11-03
2023-11-03 18:45:00,119.9725,120.15,119.96,120.015,39235,2023-11-03
2023-11-03 18:50:00,120,120.22,120,120.07,27950,2023-11-03
2023-11-03 18:55:00,120.08,120.23,119.92,120.13,29890,2023-11-03
2023-11-03 19:00:00,120.13,120.29,120.1,120.13,25258,2023-11-03
2023-11-03 19:05:00,120.15,120.15,119.96,119.97,30951,2023-11-03
2023-11-03 19:10:00,119.97,120.105,119.955,119.975,24151,2023-11-03
2023-11-03 19:15:00,119.96,120.01,119.88,119.88,21064,2023-11-03
2023-11-03 19:20:00,119.88,119.92,119.825,119.83,22639,2023-11-03
2023-11-03 19:25:00,119.835,120.065,119.82,120.01,25766,2023-11-03
2023-11-03 19:30:00,120,120.04,119.96,120.01,26138,2023-11-03
2023-11-03 19:35:00,119.98,120.03,119.88,119.935,27077,2023-11-03
2023-11-03 19:40:00,119.92,119.955,119.84,119.855,18576,2023-11-03
2023-11-03 19:45:00,119.85,119.91,119.755,119.88,22824,2023-11-03
2023-11-03 19:50:00,119.91,120.1016,119.91,120.1016,14068,2023-11-03
2023-11-03 19:55:00,120.085,120.085,119.96,119.98,16181,2023-11-03
2023-11-03 20:00:00,119.97,120.015,119.84,119.86,13414,2023-11-03
2023-11-03 20:05:00,119.8452,119.88,119.66,119.67,16588,2023-11-03
2023-11-03 20:10:00,119.67,119.735,119.611,119.64,14690,2023-11-03
2023-11-03 20:15:00,119.64,119.77,119.62,119.6784,15132,2023-11-03
2023-11-03 20:20:00,119.695,119.8073,119.695,119.75,13841,2023-11-03
2023-11-03 20:25:00,119.73,119.825,119.69,119.71,12068,2023-11-03
2023-11-03 20:30:00,119.71,119.82,119.69,119.815,13803,2023-11-03
2023-11-03 20:35:00,119.8,119.824,119.705,119.82,17463,2023-11-03
2023-11-03 20:40:00,119.84,119.8999,119.82,119.84,12079,2023-11-03
2023-11-03 20:45:00,119.845,119.85,119.66,119.69,13000,2023-11-03
2023-11-03 20:50:00,119.72,119.84,119.71,119.755,14679,2023-11-03
2023-11-03 20:55:00,119.79,119.85,119.78,119.8,13585,2023-11-03
2023-11-03 21:00:00,119.8,119.82,119.745,119.745,13602,2023-11-03
2023-11-03 21:05:00,119.755,119.81,119.56,119.755,23780,2023-11-03
2023-11-03 21:10:00,119.74,119.755,119.68,119.7,15008,2023-11-03
2023-11-03 21:15:00,119.7,119.74,119.56,119.59,15645,2023-11-03
2023-11-03 21:20:00,119.62,119.62,119.41,119.4316,13241,2023-11-03
2023-11-03 21:25:00,119.42,119.455,119.36,119.42,20649,2023-11-03
2023-11-03 21:30:00,119.405,119.41,119.33,119.34,24653,2023-11-03
2023-11-03 21:35:00,119.32,119.37,119.24,119.346,33081,2023-11-03
2023-11-03 21:40:00,119.37,119.56,119.37,119.51,20159,2023-11-03
2023-11-03 21:45:00,119.51,119.66,119.51,119.645,18285,2023-11-03
2023-11-03 21:50:00,119.65,119.75,119.63,119.63,19257,2023-11-03
2023-11-03 21:55:00,119.63,119.68,119.58,119.655,26325,2023-11-03
2023-11-03 22:00:00,119.65,119.725,119.65,119.68,22710,2023-11-03
2023-11-03 22:05:00,119.7,119.87,119.7,119.722,29465,2023-11-03
2023-11-03 22:10:00,119.75,119.825,119.64,119.74,24661,2023-11-03
2023-11-03 22:15:00,119.74,119.82,119.71,119.75,20569,2023-11-03
2023-11-03 22:20:00,119.755,119.81,119.5701,119.5701,35157,2023-11-03
2023-11-03 22:25:00,119.5976,119.66,119.26,119.26,75596,2023-11-03
2023-11-03 22:30:00,119.23,119.375,119.13,119.315,76801,2023-11-03
2023-11-03 22:35:00,119.3,119.42,119.3,119.37,38971,2023-11-03
2023-11-03 22:40:00,119.37,119.525,119.34,119.52,49910,2023-11-03
2023-11-03 22:45:00,119.5105,119.52,119.27,119.28,47972,2023-11-03
2023-11-03 22:50:00,119.28,119.37,119.2375,119.3,97852,2023-11-03
2023-11-03 22:55:00,119.3,119.44,119.16,119.39,223328,2023-11-03
2023-11-03 23:00:00,119.39,119.39,119.39,119.39,2823,2023-11-03
2023-11-06 17:30:00,119.39,120.67,119.39,120.44,36925,2023-11-06
2023-11-06 17:35:00,120.495,120.495,120.13,120.25,7862,2023-11-06
2023-11-06 17:40:00,120.245,120.43,120.065,120.33,14747,2023-11-06
2023-11-06 17:45:00,120.4394,120.69,120.24,120.42,20077,2023-11-06
2023-11-06 17:50:00,120.5025,120.505,120.3228,120.48,13466,2023-11-06
2023-11-06 17:55:00,120.52,120.74,120.51,120.74,13041,2023-11-06
2023-11-06 18:00:00,120.69,120.87,120.55,120.61,28922,2023-11-06
2023-11-06 18:05:00,120.55,120.6699,120.32,120.4,15530,2023-11-06
2023-11-06 18:10:00,120.3886,120.4875,120.35,120.4697,9938,2023-11-06
2023-11-06 18:15:00,120.44,120.575,120.39,120.506,14522,2023-11-06
2023-11-06 18:20:00,120.5,120.57,120.378,120.44,18942,2023-11-06
2023-11-06 18:25:00,120.465,120.51,120.425,120.47,8973,2023-11-06
2023-11-06 18:30:00,120.47,120.51,120.43,120.48,27824,2023-11-06
2023-11-06 18:35:00,120.48,120.67,120.46,120.53,28662,2023-11-06
2023-11-06 18:40:00,120.53,120.53,120.36,120.4,9688,2023-11-06
2023-11-06 18:45:00,120.38,120.485,120.36,120.4761,15045,2023-11-06
2023-11-06 18:50:00,120.41,120.48,120.24,120.28,12241,2023-11-06
2023-11-06 18:55:00,120.265,120.48,120.265,120.47,11047,2023-11-06
2023-11-06 19:00:00,120.475,120.54,120.46,120.52,21090,2023-11-06
2023-11-06 19:05:00,120.51,120.52,120.39,120.41,16001,2023-11-06
2023-11-06 19:10:00,120.38,120.39,120.31,120.38,10723,2023-11-06
2023-11-06 19:15:00,120.36,120.455,120.35,120.41,9820,2023-11-06
2023-11-06 19:20:00,120.415,120.56,120.35,120.54,11629,2023-11-06
2023-11-06 19:25:00,120.59,120.63,120.56,120.56,13370,2023-11-06
2023-11-06 19:30:00,120.55,120.6999,120.55,120.655,19387,2023-11-06
2023-11-06 19:35:00,120.65,120.67,120.57,120.57,12085,2023-11-06
2023-11-06 19:40:00,120.57,120.63,120.55,120.57,20901,2023-11-06
2023-11-06 19:45:00,120.575,120.69,120.575,120.62,11821,2023-11-06
2023-11-06 19:50:00,120.62,120.69,120.595,120.6505,15435,2023-11-06
2023-11-06 19:55:00,120.6601,120.72,120.6,120.63,14325,2023-11-06
2023-11-06 20:00:00,120.63,120.71,120.58,120.65,10874,2023-11-06
2023-11-06 20:05:00,120.645,120.645,120.59,120.61,7426,2023-11-06
2023-11-06 20:10:00,120.59,120.625,120.55,120.6,9177,2023-11-06
2023-11-06 20:15:00,120.57,120.62,120.52,120.5975,8917,2023-11-06
2023-11-06 20:20:00,120.6,120.64,120.56,120.63,9775,2023-11-06
2023-11-06 20:25:00,120.625,120.75,120.625,120.735,6746,2023-11-06
2023-11-06 20:30:00,120.75,120.76,120.69,120.71,10902,2023-11-06
2023-11-06 20:35:00,120.73,120.78,120.69,120.705,15957,2023-11-06
2023-11-06 20:40:00,120.705,120.8,120.69,120.8,12302,2023-11-06
2023-11-06 20:45:00,120.81,120.81,120.69,120.7,10334,2023-11-06
2023-11-06 20:50:00,120.68,120.79,120.68,120.79,7845,2023-11-06
2023-11-06 20:55:00,120.795,120.9,120.795,120.865,13713,2023-11-06
2023-11-06 21:00:00,120.89,120.89,120.78,120.8,7753,2023-11-06
2023-11-06 21:05:00,120.815,120.85,120.78,120.8,8791,2023-11-06
2023-11-06 21:10:00,120.81,120.815,120.755,120.77,6226,2023-11-06
2023-11-06 21:15:00,120.75,120.82,120.7346,120.82,8055,2023-11-06
2023-11-06 21:20:00,120.8227,121,120.76,120.96,20640,2023-11-06
2023-11-06 21:25:00,120.9925,120.995,120.9,120.91,6350,2023-11-06
2023-11-06 21:30:00,120.91,120.91,120.78,120.8,8927,2023-11-06
2023-11-06 21:35:00,120.8,120.8,120.63,120.66,10760,2023-11-06
2023-11-06 21:40:00,120.66,120.68,120.62,120.65,7027,2023-11-06
2023-11-06 21:45:00,120.67,120.67,120.57,120.57,6220,2023-11-06
2023-11-06 21:50:00,120.595,120.64,120.595,120.62,7031,2023-11-06
2023-11-06 21:55:00,120.63,120.64,120.58,120.605,9587,2023-11-06
2023-11-06 22:00:00,120.62,120.74,120.62,120.645,14259,2023-11-06
2023-11-06 22:05:00,120.64,120.675,120.605,120.65,16828,2023-11-06
2023-11-06 22:10:00,120.6999,120.7,120.64,120.64,10659,2023-11-06
2023-11-06 22:15:00,120.63,120.63,120.56,120.6,14074,2023-11-06
2023-11-06 22:20:00,120.6,120.71,120.6,120.6731,11526,2023-11-06
2023-11-06 22:25:00,120.69,120.71,120.66,120.68,8424,2023-11-06
2023-11-06 22:30:00,120.67,120.75,120.65,120.71,12046,2023-11-06
2023-11-06 22:35:00,120.72,120.78,120.665,120.77,11270,2023-11-06
2023-11-06 22:40:00,120.775,120.8299,120.75,120.8099,9900,2023-11-06
2023-11-06 22:45:00,120.79,120.85,120.76,120.835,12808,2023-11-06
2023-11-06 22:50:00,120.82,120.88,120.815,120.865,11083,2023-11-06
2023-11-06 22:55:00,120.865,120.91,120.78,120.805,16115,2023-11-06
2023-11-06 23:00:00,120.8,120.93,120.79,120.93,14232,2023-11-06
2023-11-06 23:05:00,120.935,121.01,120.935,120.97,13508,2023-11-06
2023-11-06 23:10:00,120.99,121,120.85,120.85,16927,2023-11-06
2023-11-06 23:15:00,120.855,120.87,120.76,120.76,11411,2023-11-06
2023-11-06 23:20:00,120.78,120.84,120.775,120.815,14502,2023-11-06
2023-11-06 23:25:00,120.8,120.88,120.7662,120.875,17215,2023-11-06
2023-11-06 23:30:00,120.88,120.91,120.82,120.83,20733,2023-11-06
2023-11-06 23:35:00,120.82,120.82,120.71,120.8,29864,2023-11-06
2023-11-06 23:40:00,120.77,120.83,120.72,120.72,42416,2023-11-06
2023-11-06 23:45:00,120.72,120.81,120.645,120.68,50611,2023-11-06
2023-11-06 23:50:00,120.66,120.69,120.57,120.6,46649,2023-11-06
2023-11-06 23:55:00,120.6,120.82,120.59,120.8,158625,2023-11-06
2023-11-07 00:00:00,120.79,120.79,120.79,120.79,2700,2023-11-06
2023-11-07 17:30:00,120.56,121.2,120.33,120.65,31287,2023-11-07
2023-11-07 17:35:00,120.56,120.86,120.51,120.72,13467,2023-11-07
2023-11-07 17:40:00,120.835,120.92,120.74,120.78,14819,2023-11-07
2023-11-07 17:45:00,120.79,120.97,120.78,120.8,12375,2023-11-07
2023-11-07 17:50:00,120.865,120.945,120.675,120.71,7920,2023-11-07
2023-11-07 17:55:00,120.71,121.1,120.71,121.1,5649,2023-11-07
2023-11-07 18:00:00,121.13,121.23,121,121.175,11149,2023-11-07
2023-11-07 18:05:00,121.2,121.325,121.155,121.21,9040,2023-11-07
2023-11-07 18:10:00,121.15,121.295,121.06,121.2,10671,2023-11-07
2023-11-07 18:15:00,121.25,121.3,121.09,121.09,11206,2023-11-07
2023-11-07 18:20:00,121.06,121.08,120.94,121.07,14902,2023-11-07
2023-11-07 18:25:00,121.05,121.32,121.04,121.265,10270,2023-11-07
2023-11-07 18:30:00,121.3027,121.47,121.28,121.35,17508,2023-11-07
2023-11-07 18:35:00,121.36,121.38,121.22,121.22,10054,2023-11-07
2023-11-07 18:40:00,121.24,121.24,121.14,121.14,7610,2023-11-07
2023-11-07 18:45:00,121.15,121.165,121.03,121.0475,9122,2023-11-07
2023-11-07 18:50:00,121.03,121.3,121,121.15,10501,2023-11-07
2023-11-07 18:55:00,121.165,121.165,120.925,120.95,12789,2023-11-07
2023-11-07 19:00:00,120.965,121.085,120.965,120.99,8813,2023-11-07
2023-11-07 19:05:00,121,121.02,120.96,120.985,8502,2023-11-07
2023-11-07 19:10:00,121.02,121.02,120.85,120.879,11124,2023-11-07
2023-11-07 19:15:00,120.9131,121.01,120.87,120.99,6815,2023-11-07
2023-11-07 19:20:00,120.93,121.08,120.93,121.05,9166,2023-11-07
2023-11-07 19:25:00,121.06,121.18,121.05,121.13,9961,2023-11-07
2023-11-07 19:30:00,121.135,121.35,121.135,121.345,16516,2023-11-07
2023-11-07 19:35:00,121.365,121.39,121.27,121.33,7460,2023-11-07
2023-11-07 19:40:00,121.3,121.44,121.285,121.375,8904,2023-11-07
2023-11-07 19:45:00,121.35,121.38,121.21,121.32,12092,2023-11-07
2023-11-07 19:50:00,121.28,121.315,121.1,121.1,8267,2023-11-07
2023-11-07 19:55:00,121.1,121.13,121.07,121.13,7938,2023-11-07
2023-11-07 20:00:00,121.1,121.13,121.02,121.04,10162,2023-11-07
2023-11-07 20:05:00,121.025,121.06,120.96,120.97,10809,2023-11-07
2023-11-07 20:10:00,120.96,120.96,120.81,120.81,9784,2023-11-07
2023-11-07 20:15:00,120.79,120.81,120.7201,120.75,6798,2023-11-07
2023-11-07 20:20:00,120.77,120.855,120.736,120.825,8269,2023-11-07
2023-11-07 20:25:00,120.82,120.82,120.69,120.7,7158,2023-11-07
2023-11-07 20:30:00,120.7,120.79,120.6,120.79,7510,2023-11-07
2023-11-07 20:35:00,120.75,120.81,120.7,120.8,8828,2023-11-07
2023-11-07 20:40:00,120.79,120.83,120.735,120.745,6219,2023-11-07
2023-11-07 20:45:00,120.75,120.85,120.73,120.76,10864,2023-11-07
2023-11-07 20:50:00,120.79,120.895,120.74,120.895,6843,2023-11-07
2023-11-07 20:55:00,120.86,120.99,120.83,120.95,6434,2023-11-07
2023-11-07 21:00:00,120.93,121.0414,120.93,121.015,4832,2023-11-07
2023-11-07 21:05:00,121.01,121.05,120.98,121.04,7790,2023-11-07
2023-11-07 21:10:00,121.06,121.065,120.96,120.99,7197,2023-11-07
2023-11-07 21:15:00,120.99,120.99,120.92,120.94,6273,2023-11-07
2023-11-07 21:20:00,120.95,120.98,120.9,120.94,8972,2023-11-07
2023-11-07 21:25:00,120.95,120.99,120.9079,120.93,9215,2023-11-07
2023-11-07 21:30:00,120.9,120.93,120.8701,120.93,8457,2023-11-07
2023-11-07 21:35:00,120.92,120.94,120.8376,120.8376,11143,2023-11-07
2023-11-07 21:40:00,120.84,120.87,120.815,120.84,8680,2023-11-07
2023-11-07 21:45:00,120.84,120.855,120.745,120.75,10740,2023-11-07
2023-11-07 21:50:00,120.76,120.8,120.685,120.73,12879,2023-11-07
2023-11-07 21:55:00,120.74,120.855,120.68,120.84,13935,2023-11-07
2023-11-07 22:00:00,120.84,120.87,120.8,120.815,13391,2023-11-07
2023-11-07 22:05:00,120.815,120.9,120.8143,120.86,6599,2023-11-07
2023-11-07 22:10:00,120.89,120.89,120.81,120.81,9092,2023-11-07
2023-11-07 22:15:00,120.8043,120.81,120.75,120.77,8347,2023-11-07
2023-11-07 22:20:00,120.765,120.835,120.75,120.825,8791,2023-11-07
2023-11-07 22:25:00,120.81,120.84,120.77,120.77,8683,2023-11-07
2023-11-07 22:30:00,120.78,120.8158,120.69,120.69,10393,2023-11-07
2023-11-07 22:35:00,120.705,120.72,120.59,120.61,8915,2023-11-07
2023-11-07 22:40:00,120.615,120.7,120.6115,120.695,9729,2023-11-07
2023-11-07 22:45:00,120.725,120.915,120.725,120.9,14295,2023-11-07
2023-11-07 22:50:00,120.905,120.92,120.8225,120.8225,14852,2023-11-07
2023-11-07 22:55:00,120.845,120.86,120.79,120.805,10971,2023-11-07
2023-11-07 23:00:00,120.805,120.855,120.76,120.79,17308,2023-11-07
2023-11-07 23:05:00,120.78,120.8,120.705,120.715,11569,2023-11-07
2023-11-07 23:10:00,120.7,120.78,120.68,120.7118,16312,2023-11-07
2023-11-07 23:15:00,120.7142,120.81,120.7142,120.8,20963,2023-11-07
2023-11-07 23:20:00,120.79,120.84,120.76,120.781,18938,2023-11-07
2023-11-07 23:25:00,120.77,120.79,120.74,120.77,18711,2023-11-07
2023-11-07 23:30:00,120.76,120.785,120.73,120.75,19482,2023-11-07
2023-11-07 23:35:00,120.76,120.799,120.64,120.685,29048,2023-11-07
2023-11-07 23:40:00,120.685,120.7,120.59,120.6,25362,2023-11-07
2023-11-07 23:45:00,120.61,120.64,120.431,120.431,42352,2023-11-07
2023-11-07 23:50:00,120.43,120.43,120.19,120.31,75848,2023-11-07
2023-11-07 23:55:00,120.31,120.48,120.22,120.42,126855,2023-11-07
2023-11-08 00:00:00,120.41,120.41,120.41,120.41,118348,2023-11-07
2023-11-08 00:20:00,120.41,120.41,120.41,120.41,4234,2023-11-07
2023-11-08 17:30:00,120.86,121.22,120.65,120.65,34520,2023-11-08
2023-11-08 17:35:00,120.65,120.68,120.37,120.37,15089,2023-11-08
2023-11-08 17:40:00,120.425,120.58,120.37,120.42,10993,2023-11-08
2023-11-08 17:45:00,120.52,120.75,120.4101,120.62,7044,2023-11-08
2023-11-08 17:50:00,120.6,120.645,120.2025,120.34,14991,2023-11-08
2023-11-08 17:55:00,120.355,120.59,120.32,120.465,8594,2023-11-08
2023-11-08 18:00:00,120.46,120.52,120.35,120.435,8888,2023-11-08
2023-11-08 18:05:00,120.42,120.43,120.15,120.27,13297,2023-11-08
2023-11-08 18:10:00,120.27,120.6,120.27,120.545,8386,2023-11-08
2023-11-08 18:15:00,120.64,120.93,120.64,120.76,14301,2023-11-08
2023-11-08 18:20:00,120.76,121,120.76,120.945,8240,2023-11-08
2023-11-08 18:25:00,121.01,121.15,120.96,121.04,8683,2023-11-08
2023-11-08 18:30:00,120.97,121.05,120.89,120.925,7466,2023-11-08
2023-11-08 18:35:00,120.89,120.925,120.76,120.8,11117,2023-11-08
2023-11-08 18:40:00,120.8,121.065,120.8,120.94,11907,2023-11-08
2023-11-08 18:45:00,120.9312,120.99,120.8675,120.915,13541,2023-11-08
2023-11-08 18:50:00,120.935,121.055,120.8,121.02,9328,2023-11-08
2023-11-08 18:55:00,120.99,121.01,120.88,120.9525,11667,2023-11-08
2023-11-08 19:00:00,120.95,120.95,120.72,120.72,6546,2023-11-08
2023-11-08 19:05:00,120.7,120.7,120.54,120.56,7496,2023-11-08
2023-11-08 19:10:00,120.525,120.56,120.45,120.53,8235,2023-11-08
2023-11-08 19:15:00,120.5371,120.58,120.44,120.45,6939,2023-11-08
2023-11-08 19:20:00,120.48,120.48,120.28,120.32,9101,2023-11-08
2023-11-08 19:25:00,120.335,120.335,120.18,120.18,18443,2023-11-08
2023-11-08 19:30:00,120.21,120.215,120.06,120.07,15265,2023-11-08
2023-11-08 19:35:00,120.07,120.075,119.97,120.01,19769,2023-11-08
2023-11-08 19:40:00,120.015,120.26,120,120.24,8514,2023-11-08
2023-11-08 19:45:00,120.2466,120.365,120.24,120.33,4184,2023-11-08
2023-11-08 19:50:00,120.25,120.34,120.22,120.28,3617,2023-11-08
2023-11-08 19:55:00,120.28,120.3925,120.22,120.2272,5276,2023-11-08
2023-11-08 20:00:00,120.225,120.23,119.98,120.02,8797,2023-11-08
2023-11-08 20:05:00,120.08,120.12,119.82,119.855,8129,2023-11-08
2023-11-08 20:10:00,119.865,119.96,119.865,119.915,7179,2023-11-08
2023-11-08 20:15:00,119.92,120.075,119.91,120.06,8206,2023-11-08
2023-11-08 20:20:00,120.03,120.07,120.02,120.03,10303,2023-11-08
2023-11-08 20:25:00,120.035,120.1025,120,120.085,9165,2023-11-08
2023-11-08 20:30:00,120.068,120.15,120.02,120.15,9214,2023-11-08
2023-11-08 20:35:00,120.11,120.1762,120.08,120.14,9551,2023-11-08
2023-11-08 20:40:00,120.135,120.135,120,120.03,16994,2023-11-08
2023-11-08 20:45:00,120.02,120.09,120,120.08,9915,2023-11-08
2023-11-08 20:50:00,120.065,120.065,120,120.03,7076,2023-11-08
2023-11-08 20:55:00,120.03,120.19,119.99,120.17,15055,2023-11-08
2023-11-08 21:00:00,120.21,120.27,120.13,120.215,10314,2023-11-08
2023-11-08 21:05:00,120.19,120.19,120.05,120.065,7340,2023-11-08
2023-11-08 21:10:00,120.04,120.07,119.98,120.01,14639,2023-11-08
2023-11-08 21:15:00,120.01,120.03,119.86,119.895,22625,2023-11-08
2023-11-08 21:20:00,119.895,120,119.84,120,5245,2023-11-08
2023-11-08 21:25:00,120,120.051,119.97,120.03,8297,2023-11-08
2023-11-08 21:30:00,120.035,120.07,119.98,120.03,8654,2023-11-08
2023-11-08 21:35:00,120.06,120.1,120.01,120.09,5808,2023-11-08
2023-11-08 21:40:00,120.09,120.13,120.07,120.115,6056,2023-11-08
2023-11-08 21:45:00,120.11,120.1223,120.01,120.02,5752,2023-11-08
2023-11-08 21:50:00,120.02,120.12,120.02,120.105,9076,2023-11-08
2023-11-08 21:55:00,120.11,120.14,120.015,120.115,12220,2023-11-08
2023-11-08 22:00:00,120.115,120.17,120.09,120.17,12538,2023-11-08
2023-11-08 22:05:00,120.165,120.17,120.11,120.11,4621,2023-11-08
2023-11-08 22:10:00,120.15,120.17,120.0807,120.105,8473,2023-11-08
2023-11-08 22:15:00,120.115,120.28,120.115,120.1965,12748,2023-11-08
2023-11-08 22:20:00,120.21,120.3,120.18,120.3,9574,2023-11-08
2023-11-08 22:25:00,120.295,120.33,120.28,120.32,7592,2023-11-08
2023-11-08 22:30:00,120.31,120.36,120.21,120.23,10211,2023-11-08
2023-11-08 22:35:00,120.245,120.32,120.24,120.27,7508,2023-11-08
2023-11-08 22:40:00,120.3,120.39,120.29,120.33,10778,2023-11-08
2023-11-08 22:45:00,120.31,120.36,120.29,120.335,9825,2023-11-08
2023-11-08 22:50:00,120.31,120.33,120.21,120.22,9300,2023-11-08
2023-11-08 22:55:00,120.2003,120.24,120.2,120.225,10267,2023-11-08
2023-11-08 23:00:00,120.24,120.39,120.233,120.3842,10963,2023-11-08
2023-11-08 23:05:00,120.39,120.3917,120.3401,120.35,7418,2023-11-08
2023-11-08 23:10:00,120.365,120.49,120.365,120.465,10941,2023-11-08
2023-11-08 23:15:00,120.48,120.585,120.48,120.555,12177,2023-11-08
2023-11-08 23:20:00,120.56,120.64,120.535,120.57,14045,2023-11-08
2023-11-08 23:25:00,120.59,120.62,120.51,120.51,14624,2023-11-08
2023-11-08 23:30:00,120.5,120.54,120.49,120.525,11157,2023-11-08
2023-11-08 23:35:00,120.55,120.655,120.55,120.655,17754,2023-11-08
2023-11-08 23:40:00,120.66,120.87,120.66,120.78,21609,2023-11-08
2023-11-08 23:45:00,120.77,120.85,120.76,120.81,25133,2023-11-08
2023-11-08 23:50:00,120.83,120.83,120.68,120.72,42353,2023-11-08
2023-11-08 23:55:00,120.73,120.74,120.61,120.66,96372,2023-11-08
2023-11-09 00:00:00,120.66,120.66,120.66,120.66,13113,2023-11-08
2023-11-09 00:05:00,120.66,120.66,120.66,120.66,2286,2023-11-08
2023-11-09 17:30:00,120.77,121,120.12,120.535,85903,2023-11-09
2023-11-09 17:35:00,120.535,120.59,120.1,120.18,8242,2023-11-09
2023-11-09 17:40:00,120.12,120.19,119.91,119.98,11611,2023-11-09
2023-11-09 17:45:00,119.91,120.325,119.75,120.325,13006,2023-11-09
2023-11-09 17:50:00,120.32,120.355,119.89,119.89,9750,2023-11-09
2023-11-09 17:55:00,119.97,120.145,119.9,120.1,13832,2023-11-09
2023-11-09 18:00:00,120.11,120.2,120.05,120.11,7467,2023-11-09
2023-11-09 18:05:00,120.16,120.3,120.12,120.16,10525,2023-11-09
2023-11-09 18:10:00,120.17,120.36,120.16,120.275,10360,2023-11-09
2023-11-09 18:15:00,120.275,120.315,120.07,120.11,189610,2023-11-09
2023-11-09 18:20:00,120.13,120.34,120.13,120.27,5404,2023-11-09
2023-11-09 18:25:00,120.23,120.345,120.1788,120.2,16348,2023-11-09
2023-11-09 18:30:00,120.195,120.195,119.91,119.91,8441,2023-11-09
2023-11-09 18:35:00,119.935,119.95,119.835,119.835,14800,2023-11-09
2023-11-09 18:40:00,119.87,120.065,119.87,119.915,11142,2023-11-09
2023-11-09 18:45:00,119.925,119.97,119.885,119.915,32146,2023-11-09
2023-11-09 18:50:00,119.9428,119.99,119.82,119.88,7714,2023-11-09
2023-11-09 18:55:00,119.9,119.91,119.75,119.75,9855,2023-11-09
2023-11-09 19:00:00,119.79,119.82,119.72,119.72,7274,2023-11-09
2023-11-09 19:05:00,119.74,119.8802,119.725,119.835,7326,2023-11-09
2023-11-09 19:10:00,119.83,119.91,119.79,119.87,96886,2023-11-09
2023-11-09 19:15:00,119.8956,120.08,119.8956,120.05,4376,2023-11-09
2023-11-09 19:20:00,120.09,120.14,119.84,119.88,18492,2023-11-09
2023-11-09 19:25:00,119.895,119.93,119.83,119.85,6429,2023-11-09
2023-11-09 19:30:00,119.82,119.915,119.72,119.72,6929,2023-11-09
2023-11-09 19:35:00,119.72,119.7489,119.3807,119.55,30661,2023-11-09
2023-11-09 19:40:00,119.55,119.63,119.49,119.57,26276,2023-11-09
2023-11-09 19:45:00,119.52,119.5653,119.48,119.51,5412,2023-11-09
2023-11-09 19:50:00,119.54,119.54,119.24,119.2564,49638,2023-11-09
2023-11-09 19:55:00,119.24,119.37,119.23,119.35,9923,2023-11-09
2023-11-09 20:00:00,119.345,119.52,119.32,119.46,10963,2023-11-09
2023-11-09 20:05:00,119.44,119.54,119.36,119.48,10905,2023-11-09
2023-11-09 20:10:00,119.49,119.65,119.49,119.62,7135,2023-11-09
2023-11-09 20:15:00,119.62,119.65,119.495,119.555,28160,2023-11-09
2023-11-09 20:20:00,119.56,119.56,119.48,119.49,10281,2023-11-09
2023-11-09 20:25:00,119.49,119.5,119.39,119.455,11291,2023-11-09
2023-11-09 20:30:00,119.41,119.41,119.3,119.33,8661,2023-11-09
2023-11-09 20:35:00,119.3,119.405,119.3,119.34,8204,2023-11-09
2023-11-09 20:40:00,119.355,119.424,119.34,119.424,7893,2023-11-09
2023-11-09 20:45:00,119.41,119.52,119.26,119.26,18057,2023-11-09
2023-11-09 20:50:00,119.25,119.38,119.25,119.355,6913,2023-11-09
2023-11-09 20:55:00,119.365,119.44,119.35,119.43,7445,2023-11-09
2023-11-09 21:00:00,119.45,119.48,119.21,119.4,15900,2023-11-09
2023-11-09 21:05:00,119.4233,119.44,119.16,119.16,10556,2023-11-09
2023-11-09 21:10:00,119.205,119.35,119.11,119.35,12284,2023-11-09
2023-11-09 21:15:00,119.3,119.315,119.21,119.21,5163,2023-11-09
2023-11-09 21:20:00,119.19,119.2867,119.18,119.26,6375,2023-11-09
2023-11-09 21:25:00,119.26,119.34,119.24,119.3295,10857,2023-11-09
2023-11-09 21:30:00,119.28,119.39,119.28,119.34,11543,2023-11-09
2023-11-09 21:35:00,119.33,119.47,119.32,119.36,13333,2023-11-09
2023-11-09 21:40:00,119.36,119.36,119.23,119.23,10190,2023-11-09
2023-11-09 21:45:00,119.25,119.3,119.16,119.2,26398,2023-11-09
2023-11-09 21:50:00,119.1834,119.305,119.17,119.305,24109,2023-11-09
2023-11-09 21:55:00,119.34,119.34,119.15,119.15,44885,2023-11-09
2023-11-09 22:00:00,119.12,119.24,119.04,119.2,11469,2023-11-09
2023-11-09 22:05:00,119.23,119.29,119.17,119.29,8396,2023-11-09
2023-11-09 22:10:00,119.29,119.29,119.11,119.12,11630,2023-11-09
2023-11-09 22:15:00,119.09,119.18,119.06,119.14,8279,2023-11-09
2023-11-09 22:20:00,119.14,119.16,119.035,119.1,12937,2023-11-09
2023-11-09 22:25:00,119.125,119.21,119.04,119.05,16926,2023-11-09
2023-11-09 22:30:00,119.08,119.26,119.07,119.24,42158,2023-11-09
2023-11-09 22:35:00,119.22,119.23,119.11,119.155,14310,2023-11-09
2023-11-09 22:40:00,119.155,119.31,119.12,119.28,8942,2023-11-09
2023-11-09 22:45:00,119.335,119.56,119,119.5,337563,2023-11-09
2023-11-09 22:50:00,119.54,119.65,119.49,119.65,7593,2023-11-09
2023-11-09 22:55:00,119.6614,119.68,119.5718,119.67,16588,2023-11-09
2023-11-09 23:00:00,119.69,119.87,119.675,119.78,27967,2023-11-09
2023-11-09 23:05:00,119.78,119.89,119.78,119.85,14635,2023-11-09
2023-11-09 23:10:00,119.87,120.07,119.87,120.06,18456,2023-11-09
2023-11-09 23:15:00,120.05,120.06,119.84,120,26842,2023-11-09
2023-11-09 23:20:00,120,120.15,120,120.135,25534,2023-11-09
2023-11-09 23:25:00,120.125,120.125,120.03,120.07,28622,2023-11-09
2023-11-09 23:30:00,120.087,120.205,120.07,120.205,13756,2023-11-09
2023-11-09 23:35:00,120.21,120.23,120.08,120.085,19488,2023-11-09
2023-11-09 23:40:00,120.085,120.169,120.05,120.12,20611,2023-11-09
2023-11-09 23:45:00,120.12,120.19,120.0294,120.19,25899,2023-11-09
2023-11-09 23:50:00,120.21,120.245,120.11,120.129,45154,2023-11-09
2023-11-09 23:55:00,120.13,120.19,120.07,120.15,107734,2023-11-09
2023-11-10 00:00:00,120.12,120.12,120.12,120.12,5244,2023-11-09
2023-11-10 00:10:00,120.12,120.12,120.12,120.12,1443,2023-11-09
2023-11-10 00:20:00,120.12,120.12,120.12,120.12,618,2023-11-09
2023-11-10 17:30:00,120.74,120.775,120.01,120.39,19831,2023-11-10
2023-11-10 17:35:00,120.41,120.41,119.9247,120.04,7467,2023-11-10
2023-11-10 17:40:00,119.935,120.06,119.9,119.9,4228,2023-11-10
2023-11-10 17:45:00,119.87,120,119.565,120,71670,2023-11-10
2023-11-10 17:50:00,120.09,120.285,120.07,120.285,12076,2023-11-10
2023-11-10 17:55:00,120.26,120.35,120.14,120.3455,12686,2023-11-10
2023-11-10 18:00:00,120.34,120.3484,120.08,120.18,6298,2023-11-10
2023-11-10 18:05:00,120.15,120.415,120.15,120.415,5038,2023-11-10
2023-11-10 18:10:00,120.43,120.48,120.09,120.27,11516,2023-11-10
2023-11-10 18:15:00,120.23,120.485,120.22,120.4131,6544,2023-11-10
2023-11-10 18:20:00,120.445,120.445,120.3101,120.3101,9548,2023-11-10
2023-11-10 18:25:00,120.44,120.57,120.44,120.52,12866,2023-11-10
2023-11-10 18:30:00,120.52,120.635,120.42,120.435,11000,2023-11-10
2023-11-10 18:35:00,120.4,120.44,120.35,120.4,7337,2023-11-10
2023-11-10 18:40:00,120.395,120.54,120.35,120.52,7057,2023-11-10
2023-11-10 18:45:00,120.505,120.68,120.5,120.61,10072,2023-11-10
2023-11-10 18:50:00,120.64,120.71,120.57,120.66,10908,2023-11-10
2023-11-10 18:55:00,120.66,120.675,120.5,120.5,7343,2023-11-10
2023-11-10 19:00:00,120.51,120.69,120.46,120.69,11498,2023-11-10
2023-11-10 19:05:00,120.7,120.765,120.63,120.64,8228,2023-11-10
2023-11-10 19:10:00,120.61,120.665,120.56,120.665,9179,2023-11-10
2023-11-10 19:15:00,120.64,120.79,120.64,120.73,17890,2023-11-10
2023-11-10 19:20:00,120.74,120.87,120.74,120.86,8902,2023-11-10
2023-11-10 19:25:00,120.87,120.88,120.78,120.82,15164,2023-11-10
2023-11-10 19:30:00,120.83,120.92,120.725,120.895,13337,2023-11-10
2023-11-10 19:35:00,120.9,121.04,120.9,120.93,16650,2023-11-10
2023-11-10 19:40:00,120.93,120.93,120.79,120.87,10935,2023-11-10
2023-11-10 19:45:00,120.84,120.84,120.765,120.765,9574,2023-11-10
2023-11-10 19:50:00,120.765,120.77,120.67,120.68,7435,2023-11-10
2023-11-10 19:55:00,120.7,120.7,120.64,120.66,4772,2023-11-10
2023-11-10 20:00:00,120.71,120.74,120.635,120.7,7985,2023-11-10
2023-11-10 20:05:00,120.6711,120.6711,120.635,120.65,3972,2023-11-10
2023-11-10 20:10:00,120.62,120.62,120.53,120.6,5535,2023-11-10
2023-11-10 20:15:00,120.6,120.62,120.54,120.585,7969,2023-11-10
2023-11-10 20:20:00,120.561,120.62,120.42,120.4501,21080,2023-11-10
2023-11-10 20:25:00,120.5,120.53,120.46,120.505,7330,2023-11-10
2023-11-10 20:30:00,120.51,120.69,120.51,120.68,6193,2023-11-10
2023-11-10 20:35:00,120.715,120.91,120.71,120.9,3848,2023-11-10
2023-11-10 20:40:00,120.84,120.88,120.72,120.75,10294,2023-11-10
2023-11-10 20:45:00,120.8,120.8,120.68,120.69,6921,2023-11-10
2023-11-10 20:50:00,120.73,120.89,120.7,120.89,8579,2023-11-10
2023-11-10 20:55:00,120.92,120.92,120.85,120.9,4249,2023-11-10
2023-11-10 21:00:00,120.9,120.91,120.79,120.82,6647,2023-11-10
2023-11-10 21:05:00,120.8,120.8283,120.73,120.8175,6194,2023-11-10
2023-11-10 21:10:00,120.85,120.85,120.76,120.8,15415,2023-11-10
2023-11-10 21:15:00,120.785,120.85,120.75,120.85,11170,2023-11-10
2023-11-10 21:20:00,120.88,120.9,120.825,120.8769,7343,2023-11-10
2023-11-10 21:25:00,120.87,120.9,120.83,120.85,6917,2023-11-10
2023-11-10 21:30:00,120.86,120.96,120.86,120.86,8212,2023-11-10
2023-11-10 21:35:00,120.86,120.95,120.81,120.94,9185,2023-11-10
2023-11-10 21:40:00,120.97,121.01,120.93,120.96,5748,2023-11-10
2023-11-10 21:45:00,120.95,121,120.92,120.924,6502,2023-11-10
2023-11-10 21:50:00,120.945,120.95,120.865,120.91,7719,2023-11-10
2023-11-10 21:55:00,120.91,120.93,120.87,120.88,5631,2023-11-10
2023-11-10 22:00:00,120.89,120.94,120.84,120.89,9225,2023-11-10
2023-11-10 22:05:00,120.9,120.9917,120.84,120.95,9215,2023-11-10
2023-11-10 22:10:00,120.91,121.05,120.91,121.01,5243,2023-11-10
2023-11-10 22:15:00,121.05,121.09,121.01,121.035,6742,2023-11-10
2023-11-10 22:20:00,121.03,121.03,120.9801,120.9801,3908,2023-11-10
2023-11-10 22:25:00,121,121.02,120.94,120.95,9868,2023-11-10
2023-11-10 22:30:00,120.95,120.95,120.87,120.92,6473,2023-11-10
2023-11-10 22:35:00,120.91,120.91,120.8,120.85,5978,2023-11-10
2023-11-10 22:40:00,120.845,120.88,120.83,120.86,8557,2023-11-10
2023-11-10 22:45:00,120.8768,120.91,120.83,120.86,5862,2023-11-10
2023-11-10 22:50:00,120.89,120.9133,120.85,120.85,6307,2023-11-10
2023-11-10 22:55:00,120.84,120.85,120.8,120.83,7766,2023-11-10
2023-11-10 23:00:00,120.81,120.84,120.65,120.72,17834,2023-11-10
2023-11-10 23:05:00,120.805,120.88,120.805,120.85,5295,2023-11-10
2023-11-10 23:10:00,120.85,120.86,120.79,120.79,8300,2023-11-10
2023-11-10 23:15:00,120.79,120.84,120.73,120.83,13305,2023-11-10
2023-11-10 23:20:00,120.83,120.84,120.78,120.805,34472,2023-11-10
2023-11-10 23:25:00,120.805,120.89,120.7157,120.89,10813,2023-11-10
2023-11-10 23:30:00,120.9,120.955,120.82,120.85,12489,2023-11-10
2023-11-10 23:35:00,120.85,120.94,120.83,120.85,16246,2023-11-10
2023-11-10 23:40:00,120.84,120.9,120.79,120.895,14692,2023-11-10
2023-11-10 23:45:00,120.89,121.117,120.87,120.97,29182,2023-11-10
2023-11-10 23:50:00,120.96,121.05,120.9,121.01,37793,2023-11-10
2023-11-10 23:55:00,121.005,121.01,120.8,120.86,142436,2023-11-10
2023-11-11 00:00:00,120.84,120.84,120.84,120.84,12943,2023-11-10
2023-11-11 00:20:00,120.84,120.84,120.84,120.84,2193,2023-11-10
2023-11-13 15:05:00,120.5,120.5,120.5,120.5,205,2023-11-13
2023-11-13 17:10:00,119.6897,119.6897,119.6897,119.6897,295,2023-11-13
2023-11-13 17:30:00,120.79,121.49,120.79,121.14,23296,2023-11-13
2023-11-13 17:35:00,121.23,121.3099,120.99,121.075,8701,2023-11-13
2023-11-13 17:40:00,121.0241,121.33,121.0105,121.31,7067,2023-11-13
2023-11-13 17:45:00,121.31,121.365,121.25,121.29,11580,2023-11-13
2023-11-13 17:50:00,121.25,121.435,121.1,121.22,12669,2023-11-13
2023-11-13 17:55:00,121.23,121.33,121.1365,121.23,6931,2023-11-13
2023-11-13 18:00:00,121.23,121.2787,120.975,120.985,11160,2023-11-13
2023-11-13 18:05:00,121.03,121.12,120.9,120.9,8343,2023-11-13
2023-11-13 18:10:00,120.94,120.97,120.86,120.945,9673,2023-11-13
2023-11-13 18:15:00,120.94,121.1,120.88,120.96,10340,2023-11-13
2023-11-13 18:20:00,120.97,121.05,120.97,121,7853,2023-11-13
2023-11-13 18:25:00,121.025,121.14,121.025,121.14,13836,2023-11-13
2023-11-13 18:30:00,121.21,121.275,121.11,121.13,14544,2023-11-13
2023-11-13 18:35:00,121.085,121.21,121.06,121.2,8439,2023-11-13
2023-11-13 18:40:00,121.2,121.27,121.11,121.19,9110,2023-11-13
2023-11-13 18:45:00,121.22,121.23,121.04,121.07,10200,2023-11-13
2023-11-13 18:50:00,121.14,121.26,121.13,121.22,11828,2023-11-13
2023-11-13 18:55:00,121.2,121.26,121.15,121.19,9343,2023-11-13
2023-11-13 19:00:00,121.16,121.16,120.975,121,12592,2023-11-13
2023-11-13 19:05:00,120.99,121.05,120.83,120.87,8987,2023-11-13
2023-11-13 19:10:00,120.94,120.96,120.85,120.865,5073,2023-11-13
2023-11-13 19:15:00,120.87,120.87,120.73,120.73,9912,2023-11-13
2023-11-13 19:20:00,120.78,120.83,120.725,120.76,8655,2023-11-13
2023-11-13 19:25:00,120.8,120.9,120.76,120.83,11259,2023-11-13
2023-11-13 19:30:00,120.84,121,120.795,120.97,19442,2023-11-13
2023-11-13 19:35:00,120.97,121.0561,120.96,121.0425,10667,2023-11-13
2023-11-13 19:40:00,121.085,121.085,120.95,120.985,8105,2023-11-13
2023-11-13 19:45:00,120.96,121.25,120.95,121.11,8410,2023-11-13
2023-11-13 19:50:00,121.13,121.22,121.11,121.21,5045,2023-11-13
2023-11-13 19:55:00,121.17,121.2246,121.14,121.2,8277,2023-11-13
2023-11-13 20:00:00,121.18,121.22,121.14,121.2,6751,2023-11-13
2023-11-13 20:05:00,121.2176,121.28,121.17,121.195,7306,2023-11-13
2023-11-13 20:10:00,121.19,121.21,121.13,121.18,11884,2023-11-13
2023-11-13 20:15:00,121.17,121.27,121.13,121.21,17100,2023-11-13
2023-11-13 20:20:00,121.2,121.24,121.1574,121.221,7540,2023-11-13
2023-11-13 20:25:00,121.215,121.29,121.215,121.2742,8325,2023-11-13
2023-11-13 20:30:00,121.29,121.31,121.15,121.16,8649,2023-11-13
2023-11-13 20:35:00,121.14,121.16,121.0698,121.0698,5541,2023-11-13
2023-11-13 20:40:00,121.07,121.075,121.01,121.04,4083,2023-11-13
2023-11-13 20:45:00,121.01,121.01,120.9284,120.97,5044,2023-11-13
2023-11-13 20:50:00,121.01,121.01,120.95,120.9975,3213,2023-11-13
2023-11-13 20:55:00,120.97,121.05,120.96,121.05,4572,2023-11-13
2023-11-13 21:00:00,121.095,121.12,121.025,121.025,11731,2023-11-13
2023-11-13 21:05:00,121.025,121.04,120.89,120.89,11930,2023-11-13
2023-11-13 21:10:00,120.89,121.03,120.89,121.03,5441,2023-11-13
2023-11-13 21:15:00,121.045,121.07,121.018,121.07,4622,2023-11-13
2023-11-13 21:20:00,121.07,121.07,121,121.03,5751,2023-11-13
2023-11-13 21:25:00,120.99,120.99,120.88,120.88,4560,2023-11-13
2023-11-13 21:30:00,120.92,120.92,120.825,120.855,6328,2023-11-13
2023-11-13 21:35:00,120.86,120.93,120.83,120.92,6562,2023-11-13
2023-11-13 21:40:00,120.92,121.035,120.88,121.02,8832,2023-11-13
2023-11-13 21:45:00,121.03,121.1266,121.03,121.04,5100,2023-11-13
2023-11-13 21:50:00,121.09,121.1,121.05,121.08,5014,2023-11-13
2023-11-13 21:55:00,121.0849,121.0849,120.98,121.01,7478,2023-11-13
2023-11-13 22:00:00,121.02,121.04,120.93,121.035,5992,2023-11-13
2023-11-13 22:05:00,120.99,121.0888,120.99,121.02,5872,2023-11-13
2023-11-13 22:10:00,121.02,121.07,121.01,121.01,4849,2023-11-13
2023-11-13 22:15:00,121.01,121.01,120.93,121,5729,2023-11-13
2023-11-13 22:20:00,120.98,121.02,120.96,121.02,7283,2023-11-13
2023-11-13 22:25:00,121.105,121.105,121.04,121.05,6755,2023-11-13
2023-11-13 22:30:00,121.06,121.13,121.03,121.07,6639,2023-11-13
2023-11-13 22:35:00,121.1,121.155,121.1,121.14,5626,2023-11-13
2023-11-13 22:40:00,121.14,121.19,121.11,121.15,6329,2023-11-13
2023-11-13 22:45:00,121.15,121.1575,121.1,121.12,6932,2023-11-13
2023-11-13 22:50:00,121.13,121.14,121.09,121.1,6330,2023-11-13
2023-11-13 22:55:00,121.11,121.145,121.09,121.145,8455,2023-11-13
2023-11-13 23:00:00,121.13,121.19,121.09,121.17,8742,2023-11-13
2023-11-13 23:05:00,121.17,121.19,121.12,121.165,6515,2023-11-13
2023-11-13 23:10:00,121.165,121.19,121.14,121.165,9518,2023-11-13
2023-11-13 23:15:00,121.15,121.22,121.14,121.22,7319,2023-11-13
2023-11-13 23:20:00,121.2225,121.29,121.22,121.27,11032,2023-11-13
2023-11-13 23:25:00,121.29,121.37,121.29,121.33,8026,2023-11-13
2023-11-13 23:30:00,121.32,121.37,121.27,121.28,12878,2023-11-13
2023-11-13 23:35:00,121.29,121.3,121.25,121.285,10398,2023-11-13
2023-11-13 23:40:00,121.27,121.29,121.23,121.2503,19915,2023-11-13
2023-11-13 23:45:00,121.2743,121.31,121.22,121.24,27720,2023-11-13
2023-11-13 23:50:00,121.26,121.2776,121.16,121.24,34225,2023-11-13
2023-11-13 23:55:00,121.24,121.29,121.14,121.24,96119,2023-11-13
2023-11-14 00:00:00,121.22,121.22,121.22,121.22,75524,2023-11-13
2023-11-14 00:05:00,121.22,121.22,121.22,121.22,759,2023-11-13
2023-11-14 00:20:00,121.22,121.22,121.22,121.22,1138,2023-11-13
2023-11-14 17:25:00,121.4,121.4,121.4,121.4,100,2023-11-14
2023-11-14 17:30:00,121.39,121.84,121.39,121.49,21878,2023-11-14
2023-11-14 17:35:00,121.506,121.56,121.281,121.293,9480,2023-11-14
2023-11-14 17:40:00,121.3393,121.425,121.06,121.1704,12703,2023-11-14
2023-11-14 17:45:00,121.33,121.56,121.305,121.48,9644,2023-11-14
2023-11-14 17:50:00,121.44,121.5159,121.34,121.41,9797,2023-11-14
2023-11-14 17:55:00,121.41,121.68,121.41,121.665,9230,2023-11-14
2023-11-14 18:00:00,121.62,121.67,121.515,121.54,8375,2023-11-14
2023-11-14 18:05:00,121.48,121.51,121.2301,121.39,10297,2023-11-14
2023-11-14 18:10:00,121.495,121.66,121.495,121.61,10552,2023-11-14
2023-11-14 18:15:00,121.62,121.6951,121.53,121.66,8047,2023-11-14
2023-11-14 18:20:00,121.62,121.635,121.51,121.56,6850,2023-11-14
2023-11-14 18:25:00,121.65,121.654,121.48,121.5,8742,2023-11-14
2023-11-14 18:30:00,121.52,121.71,121.52,121.615,7515,2023-11-14
2023-11-14 18:35:00,121.61,121.65,121.43,121.485,5749,2023-11-14
2023-11-14 18:40:00,121.5175,121.5175,121.39,121.47,8581,2023-11-14
2023-11-14 18:45:00,121.463,121.555,121.38,121.41,8515,2023-11-14
2023-11-14 18:50:00,121.426,121.585,121.42,121.585,6336,2023-11-14
2023-11-14 18:55:00,121.595,121.72,121.56,121.685,10467,2023-11-14
2023-11-14 19:00:00,121.76,121.925,121.715,121.76,9268,2023-11-14
2023-11-14 19:05:00,121.78,121.8599,121.74,121.751,5154,2023-11-14
2023-11-14 19:10:00,121.78,121.88,121.71,121.866,8825,2023-11-14
2023-11-14 19:15:00,121.87,121.92,121.7701,121.78,10121,2023-11-14
2023-11-14 19:20:00,121.84,121.94,121.77,121.91,23623,2023-11-14
2023-11-14 19:25:00,121.935,121.94,121.86,121.88,15791,2023-11-14
2023-11-14 19:30:00,121.9,121.95,121.77,121.885,8654,2023-11-14
2023-11-14 19:35:00,121.85,121.94,121.85,121.9,5595,2023-11-14
2023-11-14 19:40:00,121.9,121.95,121.88,121.93,8195,2023-11-14
2023-11-14 19:45:00,121.93,122.0191,121.86,121.865,11778,2023-11-14
2023-11-14 19:50:00,121.76,121.82,121.75,121.8,6942,2023-11-14
2023-11-14 19:55:00,121.78,121.8267,121.66,121.72,6889,2023-11-14
2023-11-14 20:00:00,121.7,121.725,121.58,121.62,10266,2023-11-14
2023-11-14 20:05:00,121.64,121.64,121.411,121.411,11534,2023-11-14
2023-11-14 20:10:00,121.41,121.48,121.2902,121.39,7602,2023-11-14
2023-11-14 20:15:00,121.38,121.5,121.36,121.38,7917,2023-11-14
2023-11-14 20:20:00,121.35,121.39,121.32,121.32,7369,2023-11-14
2023-11-14 20:25:00,121.325,121.345,121.27,121.33,6220,2023-11-14
2023-11-14 20:30:00,121.345,121.41,121.1803,121.215,8000,2023-11-14
2023-11-14 20:35:00,121.245,121.285,121.19,121.21,4562,2023-11-14
2023-11-14 20:40:00,121.21,121.22,121.07,121.1094,6453,2023-11-14
2023-11-14 20:45:00,121.127,121.17,121.073,121.13,6931,2023-11-14
2023-11-14 20:50:00,121.113,121.185,121.105,121.135,6528,2023-11-14
2023-11-14 20:55:00,121.2,121.245,121.175,121.19,5526,2023-11-14
2023-11-14 21:00:00,121.17,121.2,121.11,121.185,13153,2023-11-14
2023-11-14 21:05:00,121.2,121.24,121.16,121.16,4306,2023-11-14
2023-11-14 21:10:00,121.14,121.14,121,121,5221,2023-11-14
2023-11-14 21:15:00,121.01,121.1,121.005,121.031,6224,2023-11-14
2023-11-14 21:20:00,121.045,121.1,121,121,6060,2023-11-14
2023-11-14 21:25:00,120.9993,121.1,120.98,121.1,7605,2023-11-14
2023-11-14 21:30:00,121.1,121.17,121.08,121.08,6778,2023-11-14
2023-11-14 21:35:00,121.08,121.09,121.02,121.03,4616,2023-11-14
2023-11-14 21:40:00,121.03,121.05,120.95,120.98,8765,2023-11-14
2023-11-14 21:45:00,120.96,121.04,120.95,121.01,4670,2023-11-14
2023-11-14 21:50:00,121.04,121.05,120.9507,120.96,6726,2023-11-14
2023-11-14 21:55:00,120.96,121.01,120.95,120.9719,8962,2023-11-14
2023-11-14 22:00:00,120.96,121.13,120.93,121.09,10488,2023-11-14
2023-11-14 22:05:00,121.08,121.125,121.0201,121.08,7391,2023-11-14
2023-11-14 22:10:00,121.06,121.16,120.97,121.145,12077,2023-11-14
2023-11-14 22:15:00,121.13,121.135,121.03,121.055,6569,2023-11-14
2023-11-14 22:20:00,121.04,121.12,121.04,121.11,5445,2023-11-14
2023-11-14 22:25:00,121.12,121.22,121.1054,121.16,8765,2023-11-14
2023-11-14 22:30:00,121.16,121.19,121.075,121.105,22688,2023-11-14
2023-11-14 22:35:00,121.105,121.24,121.1,121.225,13480,2023-11-14
2023-11-14 22:40:00,121.225,121.335,121.2062,121.29,19317,2023-11-14
2023-11-14 22:45:00,121.2801,121.43,121.26,121.27,8935,2023-11-14
2023-11-14 22:50:00,121.285,121.327,121.27,121.27,7603,2023-11-14
2023-11-14 22:55:00,121.32,121.42,121.29,121.3871,11753,2023-11-14
2023-11-14 23:00:00,121.405,121.47,121.38,121.4,18578,2023-11-14
2023-11-14 23:05:00,121.42,121.55,121.42,121.55,9396,2023-11-14
2023-11-14 23:10:00,121.54,121.56,121.48,121.52,9809,2023-11-14
2023-11-14 23:15:00,121.545,121.545,121.415,121.4882,11329,2023-11-14
2023-11-14 23:20:00,121.47,121.5,121.41,121.45,11313,2023-11-14
2023-11-14 23:25:00,121.42,121.46,121.39,121.4,10060,2023-11-14
2023-11-14 23:30:00,121.41,121.457,121.34,121.34,13212,2023-11-14
2023-11-14 23:35:00,121.32,121.34,121.21,121.25,19506,2023-11-14
2023-11-14 23:40:00,121.24,121.2625,121.1,121.18,23339,2023-11-14
2023-11-14 23:45:00,121.16,121.19,120.94,121,39696,2023-11-14
2023-11-14 23:50:00,121,121.16,120.92,121.15,80962,2023-11-14
2023-11-14 23:55:00,121.16,121.2,120.96,121.14,111770,2023-11-14
2023-11-15 00:00:00,121.14,121.14,121.14,121.14,2590,2023-11-14
2023-11-15 00:05:00,121.14,121.14,121.14,121.14,709,2023-11-14
2023-11-15 00:25:00,121.14,121.14,121.14,121.14,1514,2023-11-14
2023-11-15 00:30:00,122.7,122.7,122.7,122.7,200,2023-11-14
2023-11-15 17:30:00,121.2,121.61,121.2,121.335,28109,2023-11-15
2023-11-15 17:35:00,121.3269,121.65,121.32,121.64,17472,2023-11-15
2023-11-15 17:40:00,121.62,121.749,121.42,121.67,14722,2023-11-15
2023-11-15 17:45:00,121.66,121.79,121.401,121.52,21216,2023-11-15
2023-11-15 17:50:00,121.59,121.68,121.46,121.61,21938,2023-11-15
2023-11-15 17:55:00,121.565,121.75,121.48,121.73,16992,2023-11-15
2023-11-15 18:00:00,121.77,121.8082,121.49,121.55,12907,2023-11-15
2023-11-15 18:05:00,121.53,121.54,121.4,121.54,9378,2023-11-15
2023-11-15 18:10:00,121.58,121.63,121.52,121.61,14350,2023-11-15
2023-11-15 18:15:00,121.615,121.785,121.48,121.51,20665,2023-11-15
2023-11-15 18:20:00,121.5,121.545,121.43,121.43,12990,2023-11-15
2023-11-15 18:25:00,121.49,121.6648,121.49,121.62,11098,2023-11-15
2023-11-15 18:30:00,121.585,121.7,121.3373,121.36,11953,2023-11-15
2023-11-15 18:35:00,121.38,121.4896,121.16,121.295,16115,2023-11-15
2023-11-15 18:40:00,121.27,121.3,121.04,121.07,9950,2023-11-15
2023-11-15 18:45:00,121.07,121.31,120.97,121.22,24384,2023-11-15
2023-11-15 18:50:00,121.3,121.37,121.17,121.325,26701,2023-11-15
2023-11-15 18:55:00,121.33,121.349,121.15,121.176,22655,2023-11-15
2023-11-15 19:00:00,121.17,121.45,121.16,121.44,22753,2023-11-15
2023-11-15 19:05:00,121.45,121.47,121.34,121.38,18343,2023-11-15
2023-11-15 19:10:00,121.43,121.44,121.319,121.32,15156,2023-11-15
2023-11-15 19:15:00,121.37,121.439,121.35,121.4332,18820,2023-11-15
2023-11-15 19:20:00,121.46,121.56,121.39,121.54,27701,2023-11-15
2023-11-15 19:25:00,121.525,121.56,121.36,121.385,10728,2023-11-15
2023-11-15 19:30:00,121.38,121.395,121.18,121.21,12531,2023-11-15
2023-11-15 19:35:00,121.19,121.29,121.125,121.29,8660,2023-11-15
2023-11-15 19:40:00,121.309,121.31,121.11,121.2,14082,2023-11-15
2023-11-15 19:45:00,121.1606,121.2,121.08,121.14,11739,2023-11-15
2023-11-15 19:50:00,121.185,121.45,121.18,121.43,18248,2023-11-15
2023-11-15 19:55:00,121.435,121.61,121.415,121.59,11628,2023-11-15
2023-11-15 20:00:00,121.68,121.8,121.575,121.71,9775,2023-11-15
2023-11-15 20:05:00,121.68,121.68,121.465,121.51,9024,2023-11-15
2023-11-15 20:10:00,121.47,121.5,121.41,121.49,10099,2023-11-15
2023-11-15 20:15:00,121.45,121.46,121.34,121.39,10591,2023-11-15
2023-11-15 20:20:00,121.41,121.55,121.37,121.5,12023,2023-11-15
2023-11-15 20:25:00,121.54,121.63,121.5,121.5107,7124,2023-11-15
2023-11-15 20:30:00,121.51,121.582,121.46,121.53,13786,2023-11-15
2023-11-15 20:35:00,121.544,121.544,121.41,121.45,10348,2023-11-15
2023-11-15 20:40:00,121.43,121.53,121.43,121.527,10954,2023-11-15
2023-11-15 20:45:00,121.49,121.57,121.45,121.57,8929,2023-11-15
2023-11-15 20:50:00,121.55,121.55,121.46,121.4625,9882,2023-11-15
2023-11-15 20:55:00,121.45,121.45,121.3724,121.405,7634,2023-11-15
2023-11-15 21:00:00,121.41,121.47,121.4,121.41,10344,2023-11-15
2023-11-15 21:05:00,121.42,121.56,121.42,121.52,14127,2023-11-15
2023-11-15 21:10:00,121.5,121.58,121.495,121.56,20586,2023-11-15
2023-11-15 21:15:00,121.575,121.61,121.5,121.55,18779,2023-11-15
2023-11-15 21:20:00,121.5725,121.769,121.55,121.69,26822,2023-11-15
2023-11-15 21:25:00,121.705,121.815,121.65,121.815,5766,2023-11-15
2023-11-15 21:30:00,121.79,121.79,121.645,121.645,7883,2023-11-15
2023-11-15 21:35:00,121.66,121.735,121.64,121.715,6140,2023-11-15
2023-11-15 21:40:00,121.74,121.77,121.68,121.68,9264,2023-11-15
2023-11-15 21:45:00,121.7,121.71,121.61,121.65,6709,2023-11-15
2023-11-15 21:50:00,121.64,121.7,121.63,121.685,8140,2023-11-15
2023-11-15 21:55:00,121.655,121.69,121.565,121.61,10680,2023-11-15
2023-11-15 22:00:00,121.5875,121.61,121.5606,121.5875,7022,2023-11-15
2023-11-15 22:05:00,121.61,121.65,121.59,121.63,6901,2023-11-15
2023-11-15 22:10:00,121.62,121.645,121.57,121.59,11569,2023-11-15
2023-11-15 22:15:00,121.6,121.6,121.52,121.55,14616,2023-11-15
2023-11-15 22:20:00,121.54,121.57,121.5,121.57,14644,2023-11-15
2023-11-15 22:25:00,121.56,121.62,121.5,121.605,10390,2023-11-15
2023-11-15 22:30:00,121.605,121.68,121.585,121.64,14790,2023-11-15
2023-11-15 22:35:00,121.65,121.72,121.62,121.695,15051,2023-11-15
2023-11-15 22:40:00,121.705,121.79,121.705,121.74,19518,2023-11-15
2023-11-15 22:45:00,121.74,121.75,121.655,121.66,21095,2023-11-15
2023-11-15 22:50:00,121.66,121.75,121.61,121.7475,27859,2023-11-15
2023-11-15 22:55:00,121.74,121.7684,121.7,121.7,20558,2023-11-15
2023-11-15 23:00:00,121.7,121.76,121.6875,121.6875,25460,2023-11-15
2023-11-15 23:05:00,121.695,121.75,121.6805,121.725,21329,2023-11-15
2023-11-15 23:10:00,121.725,121.81,121.72,121.81,49347,2023-11-15
2023-11-15 23:15:00,121.81,121.91,121.79,121.8567,21691,2023-11-15
2023-11-15 23:20:00,121.8562,121.87,121.81,121.85,23590,2023-11-15
2023-11-15 23:25:00,121.86,121.98,121.8499,121.98,22179,2023-11-15
2023-11-15 23:30:00,121.98,121.985,121.93,121.97,23876,2023-11-15
2023-11-15 23:35:00,121.97,122.07,121.93,121.96,34638,2023-11-15
2023-11-15 23:40:00,121.95,121.96,121.85,121.855,38190,2023-11-15
2023-11-15 23:45:00,121.855,121.86,121.69,121.7,34358,2023-11-15
2023-11-15 23:50:00,121.7,121.705,121.49,121.51,45664,2023-11-15
2023-11-15 23:55:00,121.515,121.63,121.47,121.57,177315,2023-11-15
2023-11-16 00:00:00,121.55,121.55,121.55,121.55,12125,2023-11-15
2023-11-16 00:20:00,121.55,121.55,121.55,121.55,986,2023-11-15
2023-11-16 17:30:00,121.8,121.84,121.53,121.603,20430,2023-11-16
2023-11-16 17:35:00,121.62,121.75,121.42,121.44,10560,2023-11-16
2023-11-16 17:40:00,121.5,121.715,121.47,121.51,14440,2023-11-16
2023-11-16 17:45:00,121.525,121.83,121.52,121.605,17376,2023-11-16
2023-11-16 17:50:00,121.67,121.97,121.67,121.9526,88479,2023-11-16
2023-11-16 17:55:00,121.92,122.16,121.88,122.09,20795,2023-11-16
2023-11-16 18:00:00,122.17,122.18,121.88,121.88,9852,2023-11-16
2023-11-16 18:05:00,121.88,122.18,121.88,122.11,13447,2023-11-16
2023-11-16 18:10:00,122.125,122.48,122.125,122.41,22579,2023-11-16
2023-11-16 18:15:00,122.465,122.48,122.34,122.448,17642,2023-11-16
2023-11-16 18:20:00,122.45,122.59,122.38,122.585,18037,2023-11-16
2023-11-16 18:25:00,122.585,122.67,122.5501,122.615,11856,2023-11-16
2023-11-16 18:30:00,122.64,122.84,122.6,122.69,20751,2023-11-16
2023-11-16 18:35:00,122.63,122.93,122.575,122.9025,16911,2023-11-16
2023-11-16 18:40:00,122.89,122.91,122.74,122.81,19482,2023-11-16
2023-11-16 18:45:00,122.76,122.83,122.63,122.63,21991,2023-11-16
2023-11-16 18:50:00,122.63,122.82,122.6,122.71,50573,2023-11-16
2023-11-16 18:55:00,122.725,122.725,122.23,122.23,16086,2023-11-16
2023-11-16 19:00:00,122.23,122.2925,122.1,122.1,18296,2023-11-16
2023-11-16 19:05:00,122.125,122.15,121.84,121.86,29757,2023-11-16
2023-11-16 19:10:00,121.86,121.88,121.6,121.75,28109,2023-11-16
2023-11-16 19:15:00,121.69,121.88,121.68,121.87,22966,2023-11-16
2023-11-16 19:20:00,121.885,121.885,121.69,121.7,24177,2023-11-16
2023-11-16 19:25:00,121.67,121.83,121.67,121.805,15631,2023-11-16
2023-11-16 19:30:00,121.83,121.97,121.67,121.82,73983,2023-11-16
2023-11-16 19:35:00,121.82,121.9,121.78,121.79,35764,2023-11-16
2023-11-16 19:40:00,121.78,121.78,121.55,121.57,21422,2023-11-16
2023-11-16 19:45:00,121.55,121.65,121.54,121.6,17272,2023-11-16
2023-11-16 19:50:00,121.64,121.66,121.57,121.6,18598,2023-11-16
2023-11-16 19:55:00,121.6,121.615,121.495,121.575,14782,2023-11-16
2023-11-16 20:00:00,121.58,121.715,121.56,121.575,16506,2023-11-16
2023-11-16 20:05:00,121.57,121.6,121.3995,121.41,19820,2023-11-16
2023-11-16 20:10:00,121.41,121.42,121.215,121.215,18470,2023-11-16
2023-11-16 20:15:00,121.215,121.34,121.15,121.26,22580,2023-11-16
2023-11-16 20:20:00,121.23,121.34,121.23,121.295,17884,2023-11-16
2023-11-16 20:25:00,121.27,121.32,121.11,121.13,25394,2023-11-16
2023-11-16 20:30:00,121.09,121.21,121.07,121.08,18367,2023-11-16
2023-11-16 20:35:00,121.085,121.09,120.995,121.065,22356,2023-11-16
2023-11-16 20:40:00,121.07,121.15,120.94,120.97,29890,2023-11-16
2023-11-16 20:45:00,120.94,121.01,120.855,120.87,29808,2023-11-16
2023-11-16 20:50:00,120.85,120.94,120.78,120.9,34456,2023-11-16
2023-11-16 20:55:00,120.9,121.05,120.88,120.95,33748,2023-11-16
2023-11-16 21:00:00,120.97,120.97,120.81,120.92,30172,2023-11-16
2023-11-16 21:05:00,120.92,121.26,120.885,121.22,19026,2023-11-16
2023-11-16 21:10:00,121.21,121.295,121.14,121.22,12942,2023-11-16
2023-11-16 21:15:00,121.23,121.26,121.15,121.205,14158,2023-11-16
2023-11-16 21:20:00,121.205,121.31,121.205,121.255,15066,2023-11-16
2023-11-16 21:25:00,121.245,121.32,121.22,121.23,14275,2023-11-16
2023-11-16 21:30:00,121.22,121.28,121.06,121.12,28273,2023-11-16
2023-11-16 21:35:00,121.1,121.26,121.07,121.23,18737,2023-11-16
2023-11-16 21:40:00,121.215,121.23,121.13,121.16,18373,2023-11-16
2023-11-16 21:45:00,121.16,121.2,121.115,121.125,18649,2023-11-16
2023-11-16 21:50:00,121.125,121.21,121.115,121.17,17718,2023-11-16
2023-11-16 21:55:00,121.17,121.18,121.1,121.17,18006,2023-11-16
2023-11-16 22:00:00,121.19,121.37,121.19,121.28,23535,2023-11-16
2023-11-16 22:05:00,121.27,121.39,121.27,121.3373,16201,2023-11-16
2023-11-16 22:10:00,121.33,121.37,121.2,121.21,17469,2023-11-16
2023-11-16 22:15:00,121.2,121.31,121.2,121.25,14331,2023-11-16
2023-11-16 22:20:00,121.26,121.26,121.155,121.185,12706,2023-11-16
2023-11-16 22:25:00,121.195,121.275,121.175,121.22,18923,2023-11-16
2023-11-16 22:30:00,121.235,121.27,121.2,121.235,22633,2023-11-16
2023-11-16 22:35:00,121.235,121.26,121.15,121.15,21034,2023-11-16
2023-11-16 22:40:00,121.15,121.39,121.15,121.37,30841,2023-11-16
2023-11-16 22:45:00,121.39,121.48,121.39,121.48,14252,2023-11-16
2023-11-16 22:50:00,121.46,121.55,121.46,121.495,16568,2023-11-16
2023-11-16 22:55:00,121.495,121.73,121.495,121.71,25070,2023-11-16
2023-11-16 23:00:00,121.77,121.77,121.585,121.6004,22795,2023-11-16
2023-11-16 23:05:00,121.54,121.55,121.45,121.5,13731,2023-11-16
2023-11-16 23:10:00,121.505,121.58,121.47,121.52,23085,2023-11-16
2023-11-16 23:15:00,121.52,121.52,121.4,121.41,29731,2023-11-16
2023-11-16 23:20:00,121.415,121.425,121.32,121.32,34019,2023-11-16
2023-11-16 23:25:00,121.315,121.47,121.3,121.455,18829,2023-11-16
2023-11-16 23:30:00,121.47,121.7,121.47,121.68,24454,2023-11-16
2023-11-16 23:35:00,121.69,121.71,121.565,121.575,31327,2023-11-16
2023-11-16 23:40:00,121.565,121.589,121.465,121.54,34586,2023-11-16
2023-11-16 23:45:00,121.545,121.649,121.49,121.64,42713,2023-11-16
2023-11-16 23:50:00,121.63,121.72,121.59,121.599,75064,2023-11-16
2023-11-16 23:55:00,121.59,121.76,121.54,121.69,136697,2023-11-16
2023-11-17 00:00:00,121.71,121.71,121.71,121.71,4643,2023-11-16
2023-11-17 00:20:00,121.71,121.71,121.71,121.71,127,2023-11-16
2023-11-17 00:25:00,121.9,121.9,121.85,121.85,580,2023-11-16
2023-11-17 16:55:00,122.15,122.15,122.15,122.15,1000,2023-11-17
2023-11-17 17:05:00,122.13,122.13,122.13,122.13,5702,2023-11-17
2023-11-17 17:15:00,122.1445,122.1445,122.1445,122.1445,100,2023-11-17
2023-11-17 17:25:00,122.14,122.51,121.71,122.37,2608,2023-11-17
2023-11-17 17:30:00,122.26,122.34,121.66,121.89,105475,2023-11-17
2023-11-17 17:35:00,121.845,122.14,121.845,122.01,9785,2023-11-17
2023-11-17 17:40:00,122.17,122.177,121.903,122.12,9840,2023-11-17
2023-11-17 17:45:00,122.16,122.17,122.02,122.045,14004,2023-11-17
2023-11-17 17:50:00,122.04,122.17,121.93,122.095,13950,2023-11-17
2023-11-17 17:55:00,122.08,122.39,122.04,122.38,13513,2023-11-17
2023-11-17 18:00:00,122.39,122.4869,122.23,122.4,21101,2023-11-17
2023-11-17 18:05:00,122.395,122.42,122.08,122.15,11477,2023-11-17
2023-11-17 18:10:00,122.135,122.2,122.02,122.185,15576,2023-11-17
2023-11-17 18:15:00,122.19,122.247,121.985,122,12933,2023-11-17
2023-11-17 18:20:00,121.995,122.115,121.94,122.115,13347,2023-11-17
2023-11-17 18:25:00,122.105,122.15,121.97,122.105,14135,2023-11-17
2023-11-17 18:30:00,122.1,122.1,121.89,121.935,13858,2023-11-17
2023-11-17 18:35:00,121.94,122.03,121.86,121.977,20704,2023-11-17
2023-11-17 18:40:00,121.941,122.14,121.941,122.11,20188,2023-11-17
2023-11-17 18:45:00,122.13,122.235,122.115,122.14,13434,2023-11-17
2023-11-17 18:50:00,122.12,122.13,121.83,121.89,41854,2023-11-17
2023-11-17 18:55:00,121.861,121.96,121.73,121.74,14899,2023-11-17
2023-11-17 19:00:00,121.74,121.84,121.72,121.7781,14391,2023-11-17
2023-11-17 19:05:00,121.774,121.89,121.711,121.74,18452,2023-11-17
2023-11-17 19:10:00,121.72,121.76,121.625,121.63,10638,2023-11-17
2023-11-17 19:15:00,121.631,121.75,121.631,121.75,11786,2023-11-17
2023-11-17 19:20:00,121.75,121.75,121.425,121.44,20424,2023-11-17
2023-11-17 19:25:00,121.441,121.46,121.23,121.255,19881,2023-11-17
2023-11-17 19:30:00,121.24,121.255,121.13,121.13,25928,2023-11-17
2023-11-17 19:35:00,121.14,121.375,121.11,121.33,11875,2023-11-17
2023-11-17 19:40:00,121.28,121.38,121.28,121.35,10524,2023-11-17
2023-11-17 19:45:00,121.375,121.41,121.305,121.351,10941,2023-11-17
2023-11-17 19:50:00,121.39,121.59,121.36,121.59,8201,2023-11-17
2023-11-17 19:55:00,121.57,121.595,121.49,121.541,9878,2023-11-17
2023-11-17 20:00:00,121.57,121.71,121.521,121.631,10765,2023-11-17
2023-11-17 20:05:00,121.74,121.74,121.48,121.52,27534,2023-11-17
2023-11-17 20:10:00,121.51,121.63,121.49,121.55,6892,2023-11-17
2023-11-17 20:15:00,121.55,121.6693,121.55,121.62,10253,2023-11-17
2023-11-17 20:20:00,121.625,121.6275,121.55,121.5724,7663,2023-11-17
2023-11-17 20:25:00,121.571,121.58,121.45,121.54,10806,2023-11-17
2023-11-17 20:30:00,121.565,121.645,121.523,121.605,6985,2023-11-17
2023-11-17 20:35:00,121.601,121.74,121.601,121.72,7122,2023-11-17
2023-11-17 20:40:00,121.705,121.77,121.7,121.75,12427,2023-11-17
2023-11-17 20:45:00,121.72,121.77,121.72,121.755,11577,2023-11-17
2023-11-17 20:50:00,121.77,121.815,121.65,121.69,29454,2023-11-17
2023-11-17 20:55:00,121.65,121.67,121.55,121.64,7519,2023-11-17
2023-11-17 21:00:00,121.66,121.66,121.5,121.5,153302,2023-11-17
2023-11-17 21:05:00,121.515,121.56,121.475,121.54,8660,2023-11-17
2023-11-17 21:10:00,121.555,121.58,121.463,121.575,10777,2023-11-17
2023-11-17 21:15:00,121.571,121.6099,121.55,121.565,7498,2023-11-17
2023-11-17 21:20:00,121.58,121.595,121.533,121.545,9055,2023-11-17
2023-11-17 21:25:00,121.54,121.57,121.49,121.525,14216,2023-11-17
2023-11-17 21:30:00,121.53,121.675,121.53,121.645,8909,2023-11-17
2023-11-17 21:35:00,121.67,121.73,121.63,121.63,12807,2023-11-17
2023-11-17 21:40:00,121.615,121.675,121.615,121.65,5768,2023-11-17
2023-11-17 21:45:00,121.665,121.67,121.6,121.6,8434,2023-11-17
2023-11-17 21:50:00,121.6,121.6148,121.57,121.61,6430,2023-11-17
2023-11-17 21:55:00,121.61,121.66,121.56,121.59,9969,2023-11-17
2023-11-17 22:00:00,121.585,121.59,121.49,121.58,11422,2023-11-17
2023-11-17 22:05:00,121.57,121.65,121.55,121.65,17203,2023-11-17
2023-11-17 22:10:00,121.66,121.725,121.63,121.64,13273,2023-11-17
2023-11-17 22:15:00,121.645,121.68,121.59,121.59,10203,2023-11-17
2023-11-17 22:20:00,121.6399,121.66,121.6,121.6029,5502,2023-11-17
2023-11-17 22:25:00,121.625,121.66,121.57,121.59,9370,2023-11-17
2023-11-17 22:30:00,121.61,121.635,121.52,121.59,10493,2023-11-17
2023-11-17 22:35:00,121.59,121.7,121.59,121.61,12098,2023-11-17
2023-11-17 22:40:00,121.64,121.66,121.58,121.655,11873,2023-11-17
2023-11-17 22:45:00,121.6481,121.7,121.63,121.655,13514,2023-11-17
2023-11-17 22:50:00,121.65,121.66,121.595,121.62,9591,2023-11-17
2023-11-17 22:55:00,121.615,121.65,121.57,121.58,12421,2023-11-17
2023-11-17 23:00:00,121.58,121.64,121.58,121.59,28404,2023-11-17
2023-11-17 23:05:00,121.58,121.64,121.58,121.61,10950,2023-11-17
2023-11-17 23:10:00,121.62,121.74,121.59,121.72,10535,2023-11-17
2023-11-17 23:15:00,121.7,121.725,121.68,121.71,8199,2023-11-17
2023-11-17 23:20:00,121.7131,121.7131,121.64,121.64,11084,2023-11-17
2023-11-17 23:25:00,121.64,121.708,121.6,121.67,19629,2023-11-17
2023-11-17 23:30:00,121.68,121.69,121.58,121.64,13757,2023-11-17
2023-11-17 23:35:00,121.635,121.71,121.49,121.49,15877,2023-11-17
2023-11-17 23:40:00,121.46,121.465,121.31,121.32,20142,2023-11-17
2023-11-17 23:45:00,121.3416,121.48,121.29,121.45,21017,2023-11-17
2023-11-17 23:50:00,121.47,121.48,121.31,121.34,40335,2023-11-17
2023-11-17 23:55:00,121.345,121.37,121.08,121.2,171864,2023-11-17
2023-11-18 00:00:00,121.2,121.2,121.2,121.2,6332,2023-11-17
2023-11-18 00:10:00,121.2,121.2,121.2,121.2,6432,2023-11-17
2023-11-18 00:20:00,121.2,121.2,121.2,121.2,1063,2023-11-17
2023-11-18 00:55:00,121.2,121.2,121.2,121.2,250,2023-11-17
2023-11-20 17:30:00,120.7,121.14,120.66,121.11,46954,2023-11-20
2023-11-20 17:35:00,121.19,121.19,120.86,120.94,12711,2023-11-20
2023-11-20 17:40:00,120.91,121.07,120.83,121.02,20305,2023-11-20
2023-11-20 17:45:00,120.97,121.01,120.7001,120.76,16790,2023-11-20
2023-11-20 17:50:00,120.75,120.915,120.72,120.76,11857,2023-11-20
2023-11-20 17:55:00,120.76,120.81,120.68,120.7,7005,2023-11-20
2023-11-20 18:00:00,120.7,120.78,120.625,120.715,10529,2023-11-20
2023-11-20 18:05:00,120.71,120.93,120.71,120.82,13251,2023-11-20
2023-11-20 18:10:00,120.81,120.81,120.68,120.695,9614,2023-11-20
2023-11-20 18:15:00,120.7472,120.77,120.62,120.6618,15404,2023-11-20
2023-11-20 18:20:00,120.66,120.71,120.62,120.68,10613,2023-11-20
2023-11-20 18:25:00,120.68,120.68,120.58,120.64,7916,2023-11-20
2023-11-20 18:30:00,120.635,120.84,120.59,120.84,11121,2023-11-20
2023-11-20 18:35:00,120.825,120.88,120.715,120.725,10728,2023-11-20
2023-11-20 18:40:00,120.73,120.76,120.66,120.7007,9244,2023-11-20
2023-11-20 18:45:00,120.75,120.86,120.7,120.78,27015,2023-11-20
2023-11-20 18:50:00,120.82,120.83,120.71,120.745,6388,2023-11-20
2023-11-20 18:55:00,120.745,120.745,120.49,120.545,13692,2023-11-20
2023-11-20 19:00:00,120.57,120.71,120.57,120.64,11254,2023-11-20
2023-11-20 19:05:00,120.625,120.77,120.61,120.71,9374,2023-11-20
2023-11-20 19:10:00,120.69,120.69,120.64,120.64,7561,2023-11-20
2023-11-20 19:15:00,120.64,120.69,120.62,120.64,8921,2023-11-20
2023-11-20 19:20:00,120.64,120.71,120.58,120.67,19175,2023-11-20
2023-11-20 19:25:00,120.67,120.72,120.61,120.7,12541,2023-11-20
2023-11-20 19:30:00,120.72,120.75,120.668,120.75,9551,2023-11-20
2023-11-20 19:35:00,120.76,120.79,120.73,120.74,10614,2023-11-20
2023-11-20 19:40:00,120.77,120.77,120.64,120.67,6282,2023-11-20
2023-11-20 19:45:00,120.68,120.75,120.66,120.66,12909,2023-11-20
2023-11-20 19:50:00,120.66,120.72,120.63,120.72,9317,2023-11-20
2023-11-20 19:55:00,120.69,120.71,120.61,120.635,8550,2023-11-20
2023-11-20 20:00:00,120.614,120.78,120.614,120.731,7836,2023-11-20
2023-11-20 20:05:00,120.745,120.78,120.7,120.71,6629,2023-11-20
2023-11-20 20:10:00,120.71,120.71,120.63,120.67,5066,2023-11-20
2023-11-20 20:15:00,120.695,120.75,120.66,120.66,8553,2023-11-20
2023-11-20 20:20:00,120.625,120.63,120.53,120.62,10244,2023-11-20
2023-11-20 20:25:00,120.6,120.61,120.55,120.55,8006,2023-11-20
2023-11-20 20:30:00,120.56,120.57,120.42,120.42,9634,2023-11-20
2023-11-20 20:35:00,120.425,120.47,120.425,120.45,7268,2023-11-20
2023-11-20 20:40:00,120.445,120.47,120.42,120.45,3663,2023-11-20
2023-11-20 20:45:00,120.47,120.53,120.46,120.46,10410,2023-11-20
2023-11-20 20:50:00,120.45,120.4699,120.34,120.34,6972,2023-11-20
2023-11-20 20:55:00,120.34,120.39,120.33,120.355,8264,2023-11-20
2023-11-20 21:00:00,120.355,120.565,120.355,120.565,10694,2023-11-20
2023-11-20 21:05:00,120.54,120.54,120.42,120.44,7229,2023-11-20
2023-11-20 21:10:00,120.44,120.46,120.32,120.38,6578,2023-11-20
2023-11-20 21:15:00,120.35,120.415,120.35,120.35,5323,2023-11-20
2023-11-20 21:20:00,120.395,120.46,120.37,120.37,7778,2023-11-20
2023-11-20 21:25:00,120.35,120.38,120.27,120.27,6252,2023-11-20
2023-11-20 21:30:00,120.28,120.31,120.25,120.31,13986,2023-11-20
2023-11-20 21:35:00,120.3234,120.4987,120.3234,120.465,6826,2023-11-20
2023-11-20 21:40:00,120.4675,120.55,120.43,120.525,20768,2023-11-20
2023-11-20 21:45:00,120.525,120.5276,120.46,120.46,7259,2023-11-20
2023-11-20 21:50:00,120.45,120.54,120.4,120.535,7598,2023-11-20
2023-11-20 21:55:00,120.55,120.55,120.39,120.42,10891,2023-11-20
2023-11-20 22:00:00,120.4,120.45,120.37,120.38,7525,2023-11-20
2023-11-20 22:05:00,120.41,120.565,120.41,120.56,8272,2023-11-20
2023-11-20 22:10:00,120.59,120.63,120.56,120.56,10693,2023-11-20
2023-11-20 22:15:00,120.5333,120.55,120.31,120.37,7719,2023-11-20
2023-11-20 22:20:00,120.3763,120.42,120.34,120.38,10693,2023-11-20
2023-11-20 22:25:00,120.39,120.39,120.255,120.31,11857,2023-11-20
2023-11-20 22:30:00,120.305,120.4652,120.305,120.4652,13497,2023-11-20
2023-11-20 22:35:00,120.435,120.472,120.38,120.43,6888,2023-11-20
2023-11-20 22:40:00,120.42,120.52,120.4,120.475,8565,2023-11-20
2023-11-20 22:45:00,120.46,120.53,120.455,120.49,7300,2023-11-20
2023-11-20 22:50:00,120.47,120.62,120.46,120.5874,7546,2023-11-20
2023-11-20 22:55:00,120.61,120.6483,120.57,120.57,11997,2023-11-20
2023-11-20 23:00:00,120.55,120.65,120.55,120.645,7868,2023-11-20
2023-11-20 23:05:00,120.63,120.725,120.63,120.705,10141,2023-11-20
2023-11-20 23:10:00,120.705,120.825,120.705,120.825,11876,2023-11-20
2023-11-20 23:15:00,120.82,120.825,120.71,120.765,13078,2023-11-20
2023-11-20 23:20:00,120.75,120.9,120.7,120.72,22489,2023-11-20
2023-11-20 23:25:00,120.74,120.88,120.74,120.84,17120,2023-11-20
2023-11-20 23:30:00,120.84,120.9,120.78,120.8095,17671,2023-11-20
2023-11-20 23:35:00,120.79,120.81,120.74,120.81,14649,2023-11-20
2023-11-20 23:40:00,120.83,120.95,120.83,120.8858,19806,2023-11-20
2023-11-20 23:45:00,120.88,120.8942,120.79,120.83,21238,2023-11-20
2023-11-20 23:50:00,120.85,120.85,120.61,120.63,53947,2023-11-20
2023-11-20 23:55:00,120.62,120.635,120.51,120.6,135069,2023-11-20
2023-11-21 00:00:00,120.54,120.54,120.54,120.54,7817,2023-11-20
2023-11-21 00:20:00,120.54,120.54,120.54,120.54,1754,2023-11-20
2023-11-21 03:50:00,120.85,120.85,120.85,120.85,102,2023-11-20
2023-11-21 17:30:00,120.78,121.08,120.53,120.595,28163,2023-11-21
2023-11-21 17:35:00,120.59,120.719,120.434,120.45,12024,2023-11-21
2023-11-21 17:40:00,120.46,120.539,120.367,120.53,8862,2023-11-21
2023-11-21 17:45:00,120.54,120.96,120.54,120.9,9695,2023-11-21
2023-11-21 17:50:00,120.91,120.954,120.76,120.79,14460,2023-11-21
2023-11-21 17:55:00,120.85,121.02,120.85,120.985,11226,2023-11-21
2023-11-21 18:00:00,120.99,121.0802,120.9,121.03,13182,2023-11-21
2023-11-21 18:05:00,120.97,121.22,120.93,121.22,11252,2023-11-21
2023-11-21 18:10:00,121.09,121.149,121.02,121.149,7748,2023-11-21
2023-11-21 18:15:00,121.15,121.4725,121.1216,121.32,19593,2023-11-21
2023-11-21 18:20:00,121.31,121.49,121.26,121.49,14640,2023-11-21
2023-11-21 18:25:00,121.489,121.5,121.39,121.415,21077,2023-11-21
2023-11-21 18:30:00,121.41,121.41,121.15,121.31,22162,2023-11-21
2023-11-21 18:35:00,121.33,121.33,121.1325,121.245,40875,2023-11-21
2023-11-21 18:40:00,121.24,121.24,121.1033,121.2,15572,2023-11-21
2023-11-21 18:45:00,121.16,121.215,121.12,121.17,13483,2023-11-21
2023-11-21 18:50:00,121.168,121.219,121.15,121.2,24449,2023-11-21
2023-11-21 18:55:00,121.2,121.26,121.1,121.25,34919,2023-11-21
2023-11-21 19:00:00,121.25,121.38,121.25,121.36,16326,2023-11-21
2023-11-21 19:05:00,121.36,121.5,121.32,121.5,19399,2023-11-21
2023-11-21 19:10:00,121.47,121.47,121.35,121.379,12890,2023-11-21
2023-11-21 19:15:00,121.37,121.4634,121.3265,121.4525,5385,2023-11-21
2023-11-21 19:20:00,121.49,121.49,121.23,121.23,7239,2023-11-21
2023-11-21 19:25:00,121.27,121.43,121.26,121.41,31192,2023-11-21
2023-11-21 19:30:00,121.427,121.5,121.3989,121.5,26665,2023-11-21
2023-11-21 19:35:00,121.5,121.509,121.26,121.26,26425,2023-11-21
2023-11-21 19:40:00,121.2824,121.34,121.02,121.15,35345,2023-11-21
2023-11-21 19:45:00,121.204,121.209,121.11,121.13,8487,2023-11-21
2023-11-21 19:50:00,121.16,121.22,121.14,121.17,7503,2023-11-21
2023-11-21 19:55:00,121.17,121.175,121.11,121.16,7859,2023-11-21
2023-11-21 20:00:00,121.19,121.299,121.14,121.23,8217,2023-11-21
2023-11-21 20:05:00,121.24,121.289,121.185,121.289,7060,2023-11-21
2023-11-21 20:10:00,121.275,121.41,121.25,121.38,6793,2023-11-21
2023-11-21 20:15:00,121.37,121.416,121.32,121.3221,10140,2023-11-21
2023-11-21 20:20:00,121.34,121.456,121.34,121.38,7496,2023-11-21
2023-11-21 20:25:00,121.385,121.46,121.385,121.45,6847,2023-11-21
2023-11-21 20:30:00,121.43,121.489,121.417,121.445,8394,2023-11-21
2023-11-21 20:35:00,121.44,121.51,121.44,121.5,7648,2023-11-21
2023-11-21 20:40:00,121.49,121.505,121.44,121.5,10165,2023-11-21
2023-11-21 20:45:00,121.49,121.49,121.43,121.43,5269,2023-11-21
2023-11-21 20:50:00,121.447,121.505,121.44,121.5,8270,2023-11-21
2023-11-21 20:55:00,121.48,121.49,121.405,121.405,8070,2023-11-21
2023-11-21 21:00:00,121.38,121.47,121.3,121.46,6107,2023-11-21
2023-11-21 21:05:00,121.46,121.5,121.4259,121.48,8296,2023-11-21
2023-11-21 21:10:00,121.49,121.5185,121.46,121.49,12285,2023-11-21
2023-11-21 21:15:00,121.47,121.52,121.465,121.49,7418,2023-11-21
2023-11-21 21:20:00,121.51,121.67,121.49,121.67,12775,2023-11-21
2023-11-21 21:25:00,121.69,121.726,121.635,121.635,4995,2023-11-21
2023-11-21 21:30:00,121.68,121.7,121.65,121.66,6509,2023-11-21
2023-11-21 21:35:00,121.6599,121.74,121.65,121.65,9097,2023-11-21
2023-11-21 21:40:00,121.67,121.71,121.67,121.7,3280,2023-11-21
2023-11-21 21:45:00,121.7,121.74,121.7,121.7192,3390,2023-11-21
2023-11-21 21:50:00,121.725,121.74,121.635,121.65,9752,2023-11-21
2023-11-21 21:55:00,121.65,121.68,121.6185,121.62,5926,2023-11-21
2023-11-21 22:00:00,121.57,121.59,121.51,121.52,8536,2023-11-21
2023-11-21 22:05:00,121.545,121.5869,121.54,121.54,6408,2023-11-21
2023-11-21 22:10:00,121.55,121.56,121.48,121.51,7364,2023-11-21
2023-11-21 22:15:00,121.51,121.55,121.45,121.52,7545,2023-11-21
2023-11-21 22:20:00,121.51,121.51,121.39,121.4195,7073,2023-11-21
2023-11-21 22:25:00,121.41,121.41,121.35,121.38,4693,2023-11-21
2023-11-21 22:30:00,121.39,121.41,121.3,121.34,5278,2023-11-21
2023-11-21 22:35:00,121.34,121.34,121.22,121.22,5975,2023-11-21
2023-11-21 22:40:00,121.21,121.21,121.13,121.17,7337,2023-11-21
2023-11-21 22:45:00,121.13,121.21,121.12,121.21,5894,2023-11-21
2023-11-21 22:50:00,121.2083,121.23,121.13,121.19,16890,2023-11-21
2023-11-21 22:55:00,121.23,121.355,121.225,121.31,6951,2023-11-21
2023-11-21 23:00:00,121.31,121.39,121.27,121.38,13762,2023-11-21
2023-11-21 23:05:00,121.37,121.37,121.19,121.19,9327,2023-11-21
2023-11-21 23:10:00,121.206,121.24,121.19,121.2,9368,2023-11-21
2023-11-21 23:15:00,121.22,121.24,121.12,121.15,10840,2023-11-21
2023-11-21 23:20:00,121.14,121.14,121.07,121.09,8873,2023-11-21
2023-11-21 23:25:00,121.08,121.087,121.02,121.05,11301,2023-11-21
2023-11-21 23:30:00,121.04,121.13,121.01,121.13,15993,2023-11-21
2023-11-21 23:35:00,121.15,121.33,121.125,121.285,13810,2023-11-21
2023-11-21 23:40:00,121.29,121.41,121.29,121.38,18868,2023-11-21
2023-11-21 23:45:00,121.37,121.41,121.23,121.4,26766,2023-11-21
2023-11-21 23:50:00,121.41,121.49,121.29,121.475,46194,2023-11-21
2023-11-21 23:55:00,121.47,121.56,121.43,121.55,127882,2023-11-21
2023-11-22 00:00:00,121.55,121.55,121.55,121.55,116517,2023-11-21
2023-11-22 17:30:00,122.08,122.52,122.08,122.33,26516,2023-11-22
2023-11-22 17:35:00,122.3,122.32,121.96,122.3,10510,2023-11-22
2023-11-22 17:40:00,122.33,122.4,122.04,122.32,23004,2023-11-22
2023-11-22 17:45:00,122.26,122.57,122.26,122.44,20301,2023-11-22
2023-11-22 17:50:00,122.47,122.5,122.29,122.34,9980,2023-11-22
2023-11-22 17:55:00,122.205,122.25,122.1501,122.18,8155,2023-11-22
2023-11-22 18:00:00,122.23,122.515,122.2,122.46,13471,2023-11-22
2023-11-22 18:05:00,122.46,122.46,122.3,122.455,15582,2023-11-22
2023-11-22 18:10:00,122.46,122.505,122.3,122.39,11234,2023-11-22
2023-11-22 18:15:00,122.37,122.505,122.37,122.39,18601,2023-11-22
2023-11-22 18:20:00,122.39,122.4,122.175,122.22,14792,2023-11-22
2023-11-22 18:25:00,122.22,122.33,122.18,122.221,9228,2023-11-22
2023-11-22 18:30:00,122.26,122.32,122.18,122.19,10544,2023-11-22
2023-11-22 18:35:00,122.19,122.22,122.0739,122.195,10766,2023-11-22
2023-11-22 18:40:00,122.16,122.19,122.085,122.16,9160,2023-11-22
2023-11-22 18:45:00,122.14,122.15,122.07,122.08,13408,2023-11-22
2023-11-22 18:50:00,122.06,122.11,122.05,122.105,11832,2023-11-22
2023-11-22 18:55:00,122.08,122.11,122.01,122.1,9261,2023-11-22
2023-11-22 19:00:00,122.13,122.155,122,122,4757,2023-11-22
2023-11-22 19:05:00,122.005,122.13,121.99,122.06,6540,2023-11-22
2023-11-22 19:10:00,122.075,122.12,122,122.12,9118,2023-11-22
2023-11-22 19:15:00,122.12,122.24,122.12,122.22,8158,2023-11-22
2023-11-22 19:20:00,122.24,122.24,122.14,122.17,8037,2023-11-22
2023-11-22 19:25:00,122.17,122.175,122.05,122.07,8233,2023-11-22
2023-11-22 19:30:00,122.06,122.13,122.06,122.1,8145,2023-11-22
2023-11-22 19:35:00,122.105,122.12,122.02,122.0602,11155,2023-11-22
2023-11-22 19:40:00,122.0793,122.1,121.99,122.09,10857,2023-11-22
2023-11-22 19:45:00,122.1,122.12,122.03,122.03,10624,2023-11-22
2023-11-22 19:50:00,122.05,122.11,122.05,122.08,11769,2023-11-22
2023-11-22 19:55:00,122.1,122.12,122.055,122.09,9554,2023-11-22
2023-11-22 20:00:00,122.09,122.21,122.08,122.15,12568,2023-11-22
2023-11-22 20:05:00,122.17,122.215,122.08,122.19,10778,2023-11-22
2023-11-22 20:10:00,122.15,122.24,122.145,122.21,28996,2023-11-22
2023-11-22 20:15:00,122.2,122.27,122.18,122.27,17640,2023-11-22
2023-11-22 20:20:00,122.28,122.37,122.265,122.33,10577,2023-11-22
2023-11-22 20:25:00,122.325,122.325,122.26,122.26,10619,2023-11-22
2023-11-22 20:30:00,122.275,122.275,122.14,122.16,6849,2023-11-22
2023-11-22 20:35:00,122.095,122.11,121.98,121.98,4994,2023-11-22
2023-11-22 20:40:00,122.02,122.04,121.978,122.03,7129,2023-11-22
2023-11-22 20:45:00,122.04,122.1,122.04,122.0804,5610,2023-11-22
2023-11-22 20:50:00,122.08,122.1695,122.08,122.115,8985,2023-11-22
2023-11-22 20:55:00,122.1125,122.17,122.1125,122.16,6725,2023-11-22
2023-11-22 21:00:00,122.18,122.205,122.095,122.095,7440,2023-11-22
2023-11-22 21:05:00,122.1,122.21,122.1,122.14,8884,2023-11-22
2023-11-22 21:10:00,122.12,122.14,122.01,122.09,11180,2023-11-22
2023-11-22 21:15:00,122.09,122.09,121.91,121.915,10467,2023-11-22
2023-11-22 21:20:00,121.915,121.94,121.88,121.91,9269,2023-11-22
2023-11-22 21:25:00,121.9,121.92,121.86,121.91,9955,2023-11-22
2023-11-22 21:30:00,121.9,121.9,121.82,121.87,12259,2023-11-22
2023-11-22 21:35:00,121.85,121.855,121.77,121.77,6593,2023-11-22
2023-11-22 21:40:00,121.79,121.89,121.78,121.88,8563,2023-11-22
2023-11-22 21:45:00,121.86,121.86,121.73,121.8,8630,2023-11-22
2023-11-22 21:50:00,121.8,121.935,121.77,121.9,8642,2023-11-22
2023-11-22 21:55:00,121.895,121.925,121.82,121.865,7389,2023-11-22
2023-11-22 22:00:00,121.875,121.88,121.85,121.88,7125,2023-11-22
2023-11-22 22:05:00,121.87,121.9,121.85,121.85,11358,2023-11-22
2023-11-22 22:10:00,121.87,121.94,121.85,121.88,9959,2023-11-22
2023-11-22 22:15:00,121.89,121.92,121.855,121.9,5472,2023-11-22
2023-11-22 22:20:00,121.92,121.96,121.9,121.915,8042,2023-11-22
2023-11-22 22:25:00,121.91,122.01,121.91,121.96,15829,2023-11-22
2023-11-22 22:30:00,121.97,122.02,121.94,121.95,10071,2023-11-22
2023-11-22 22:35:00,121.94,121.95,121.755,121.755,9555,2023-11-22
2023-11-22 22:40:00,121.77,121.83,121.76,121.83,9801,2023-11-22
2023-11-22 22:45:00,121.84,122.03,121.83,121.98,8635,2023-11-22
2023-11-22 22:50:00,121.98,122.045,121.94,121.96,6879,2023-11-22
2023-11-22 22:55:00,121.96,122.035,121.895,121.94,9704,2023-11-22
2023-11-22 23:00:00,121.97,122.07,121.91,122.05,9314,2023-11-22
2023-11-22 23:05:00,122.035,122.08,121.98,121.995,12065,2023-11-22
2023-11-22 23:10:00,122,122.1,121.9801,122.095,9311,2023-11-22
2023-11-22 23:15:00,122.09,122.135,122.03,122.03,11644,2023-11-22
2023-11-22 23:20:00,122.07,122.12,121.97,122.065,29753,2023-11-22
2023-11-22 23:25:00,122.065,122.2,122.065,122.19,12594,2023-11-22
2023-11-22 23:30:00,122.19,122.22,122.14,122.22,21220,2023-11-22
2023-11-22 23:35:00,122.21,122.24,122.1219,122.24,18744,2023-11-22
2023-11-22 23:40:00,122.26,122.3,122.19,122.21,31240,2023-11-22
2023-11-22 23:45:00,122.2,122.2099,122.1,122.15,34215,2023-11-22
2023-11-22 23:50:00,122.14,122.2,122.07,122.13,48589,2023-11-22
2023-11-22 23:55:00,122.12,122.367,122.1,122.32,127435,2023-11-22
2023-11-23 00:00:00,122.32,122.32,122.32,122.32,14442,2023-11-22
2023-11-23 00:45:00,122.32,122.32,122.32,122.32,45937,2023-11-22
