2023-11-24 17:30:00,122.45,122.67,122.39,122.54,15209,2023-11-24
2023-11-24 17:35:00,122.54,122.7,122.3779,122.58,7126,2023-11-24
2023-11-24 17:40:00,122.51,122.556,122.1,122.15,8280,2023-11-24
2023-11-24 17:45:00,122.1,122.2,122.025,122.2,8102,2023-11-24
2023-11-24 17:50:00,122.21,122.21,122.14,122.1445,4347,2023-11-24
2023-11-24 17:55:00,122.1728,122.1728,122.04,122.0613,10042,2023-11-24
2023-11-24 18:00:00,122.04,122.24,121.975,122.16,10034,2023-11-24
2023-11-24 18:05:00,122.15,122.15,122.02,122.06,8141,2023-11-24
2023-11-24 18:10:00,122.06,122.11,122.005,122.1,8256,2023-11-24
2023-11-24 18:15:00,122.09,122.22,122.08,122.22,5026,2023-11-24
2023-11-24 18:20:00,122.245,122.292,122.02,122.02,10441,2023-11-24
2023-11-24 18:25:00,122.06,122.12,121.99,122.105,10180,2023-11-24
2023-11-24 18:30:00,122.1,122.17,122.1,122.17,8093,2023-11-24
2023-11-24 18:35:00,122.06,122.09,121.861,121.95,7459,2023-11-24
2023-11-24 18:40:00,121.93,121.935,121.7708,121.82,16820,2023-11-24
2023-11-24 18:45:00,121.845,122.04,121.81,121.99,11901,2023-11-24
2023-11-24 18:50:00,122.0682,122.08,122.01,122.07,9088,2023-11-24
2023-11-24 18:55:00,122.07,122.07,121.915,121.915,8219,2023-11-24
2023-11-24 19:00:00,121.9,122,121.89,122,10216,2023-11-24
2023-11-24 19:05:00,122,122.07,121.961,122.02,9725,2023-11-24
2023-11-24 19:10:00,122.01,122.1,122,122.06,10634,2023-11-24
2023-11-24 19:15:00,122.0518,122.06,121.93,121.94,11536,2023-11-24
2023-11-24 19:20:00,121.94,121.99,121.9,121.97,10473,2023-11-24
2023-11-24 19:25:00,121.96,121.9891,121.93,121.945,10169,2023-11-24
2023-11-24 19:30:00,121.97,122.01,121.925,121.925,11486,2023-11-24
2023-11-24 19:35:00,121.91,121.925,121.78,121.83,8376,2023-11-24
2023-11-24 19:40:00,121.81,121.81,121.7484,121.76,9196,2023-11-24
2023-11-24 19:45:00,121.75,121.785,121.711,121.76,10866,2023-11-24
2023-11-24 19:50:00,121.755,121.885,121.74,121.85,20184,2023-11-24
2023-11-24 19:55:00,121.855,121.9799,121.855,121.95,11239,2023-11-24
2023-11-24 20:00:00,121.9596,122.02,121.91,121.97,12442,2023-11-24
2023-11-24 20:05:00,121.97,121.99,121.91,121.92,8792,2023-11-24
2023-11-24 20:10:00,121.92,121.97,121.874,121.96,9466,2023-11-24
2023-11-24 20:15:00,121.965,121.965,121.851,121.91,12885,2023-11-24
2023-11-24 20:20:00,121.88,121.91,121.84,121.885,12480,2023-11-24
2023-11-24 20:25:00,121.9,121.93,121.85,121.85,11367,2023-11-24
2023-11-24 20:30:00,121.86,122.077,121.86,122.07,14006,2023-11-24
2023-11-24 20:35:00,122.07,122.1,121.96,122.06,14914,2023-11-24
2023-11-24 20:40:00,122.06,122.12,122.045,122.12,16499,2023-11-24
2023-11-24 20:45:00,122.1,122.125,121.96,121.97,18032,2023-11-24
2023-11-24 20:50:00,121.95,122.16,121.95,122.107,20396,2023-11-24
2023-11-24 20:55:00,122.105,122.43,122.105,122.4,46960,2023-11-24
2023-11-24 21:00:00,122.43,122.43,122.43,122.43,100431,2023-11-24
2023-11-27 17:30:00,122.58,122.58,122.22,122.44,21224,2023-11-27
2023-11-27 17:35:00,122.34,122.34,121.84,121.84,5779,2023-11-27
2023-11-27 17:40:00,121.91,122.13,121.71,121.99,10039,2023-11-27
2023-11-27 17:45:00,122.04,122.04,121.6,121.83,10552,2023-11-27
2023-11-27 17:50:00,121.93,121.98,121.81,121.856,11036,2023-11-27
2023-11-27 17:55:00,121.895,121.96,121.76,121.895,3609,2023-11-27
2023-11-27 18:00:00,121.93,121.94,121.81,121.94,7027,2023-11-27
2023-11-27 18:05:00,121.925,121.98,121.75,121.84,11775,2023-11-27
2023-11-27 18:10:00,121.87,122.01,121.85,122.01,14561,2023-11-27
2023-11-27 18:15:00,121.99,122.1674,121.98,121.98,15179,2023-11-27
2023-11-27 18:20:00,122.01,122.15,121.91,122.15,7382,2023-11-27
2023-11-27 18:25:00,122.175,122.23,122.07,122.15,14272,2023-11-27
2023-11-27 18:30:00,122.18,122.23,122.065,122.13,24990,2023-11-27
2023-11-27 18:35:00,122.18,122.355,122.17,122.23,15605,2023-11-27
2023-11-27 18:40:00,122.25,122.2502,122.09,122.18,7933,2023-11-27
2023-11-27 18:45:00,122.15,122.21,122.13,122.13,7413,2023-11-27
2023-11-27 18:50:00,122.08,122.2,122.07,122.2,11706,2023-11-27
2023-11-27 18:55:00,122.2,122.2807,122.14,122.19,9155,2023-11-27
2023-11-27 19:00:00,122.19,122.21,122.1306,122.17,6399,2023-11-27
2023-11-27 19:05:00,122.19,122.255,122.1506,122.205,8947,2023-11-27
2023-11-27 19:10:00,122.2,122.38,122.2,122.3548,8875,2023-11-27
2023-11-27 19:15:00,122.32,122.325,122.24,122.24,6198,2023-11-27
2023-11-27 19:20:00,122.25,122.29,122.18,122.18,9187,2023-11-27
2023-11-27 19:25:00,122.14,122.27,122.12,122.2,7780,2023-11-27
2023-11-27 19:30:00,122.2685,122.2685,122.091,122.13,10213,2023-11-27
2023-11-27 19:35:00,122.13,122.19,122.1,122.12,7947,2023-11-27
2023-11-27 19:40:00,122.135,122.2,122.12,122.2,10440,2023-11-27
2023-11-27 19:45:00,122.195,122.22,122.11,122.19,13494,2023-11-27
2023-11-27 19:50:00,122.17,122.32,122.16,122.3,14206,2023-11-27
2023-11-27 19:55:00,122.28,122.39,122.27,122.27,11489,2023-11-27
2023-11-27 20:00:00,122.23,122.265,122.13,122.14,10429,2023-11-27
2023-11-27 20:05:00,122.13,122.25,122.08,122.16,10009,2023-11-27
2023-11-27 20:10:00,122.18,122.21,122.14,122.1675,11700,2023-11-27
2023-11-27 20:15:00,122.19,122.235,122.165,122.23,13302,2023-11-27
2023-11-27 20:20:00,122.205,122.215,122.15,122.165,12297,2023-11-27
2023-11-27 20:25:00,122.185,122.205,122.1217,122.13,14683,2023-11-27
2023-11-27 20:30:00,122.11,122.22,122.105,122.2,11983,2023-11-27
2023-11-27 20:35:00,122.17,122.185,122.09,122.1,8435,2023-11-27
2023-11-27 20:40:00,122.15,122.2199,122.13,122.2,7874,2023-11-27
2023-11-27 20:45:00,122.2,122.26,122.18,122.195,11950,2023-11-27
2023-11-27 20:50:00,122.18,122.21,122.16,122.16,9372,2023-11-27
2023-11-27 20:55:00,122.15,122.18,122.13,122.14,10812,2023-11-27
2023-11-27 21:00:00,122.135,122.21,122.09,122.205,11181,2023-11-27
2023-11-27 21:05:00,122.19,122.21,122.16,122.2,14844,2023-11-27
2023-11-27 21:10:00,122.2,122.22,122.1598,122.215,11375,2023-11-27
2023-11-27 21:15:00,122.22,122.2499,122.2,122.24,8541,2023-11-27
2023-11-27 21:20:00,122.22,122.295,122.21,122.28,11217,2023-11-27
2023-11-27 21:25:00,122.29,122.3527,122.2327,122.35,15416,2023-11-27
2023-11-27 21:30:00,122.37,122.405,122.27,122.305,9350,2023-11-27
2023-11-27 21:35:00,122.33,122.3827,122.33,122.37,8400,2023-11-27
2023-11-27 21:40:00,122.375,122.48,122.35,122.46,9802,2023-11-27
2023-11-27 21:45:00,122.465,122.465,122.4,122.4,10141,2023-11-27
2023-11-27 21:50:00,122.43,122.46,122.39,122.44,8665,2023-11-27
2023-11-27 21:55:00,122.43,122.51,122.405,122.49,9967,2023-11-27
2023-11-27 22:00:00,122.49,122.49,122.375,122.46,17206,2023-11-27
2023-11-27 22:05:00,122.48,122.48,122.305,122.31,11065,2023-11-27
2023-11-27 22:10:00,122.3216,122.38,122.282,122.38,9335,2023-11-27
2023-11-27 22:15:00,122.3958,122.47,122.37,122.46,9277,2023-11-27
2023-11-27 22:20:00,122.43,122.53,122.43,122.43,9494,2023-11-27
2023-11-27 22:25:00,122.46,122.505,122.45,122.505,11811,2023-11-27
2023-11-27 22:30:00,122.5,122.53,122.45,122.45,10625,2023-11-27
2023-11-27 22:35:00,122.45,122.53,122.445,122.48,12393,2023-11-27
2023-11-27 22:40:00,122.48,122.51,122.43,122.43,10706,2023-11-27
2023-11-27 22:45:00,122.455,122.48,122.425,122.455,6225,2023-11-27
2023-11-27 22:50:00,122.4689,122.4689,122.398,122.4107,23273,2023-11-27
2023-11-27 22:55:00,122.43,122.46,122.4063,122.43,9925,2023-11-27
2023-11-27 23:00:00,122.42,122.42,122.31,122.31,8756,2023-11-27
2023-11-27 23:05:00,122.2842,122.32,122.18,122.21,22278,2023-11-27
2023-11-27 23:10:00,122.2,122.275,122.19,122.201,10990,2023-11-27
2023-11-27 23:15:00,122.1985,122.265,122.19,122.215,13698,2023-11-27
2023-11-27 23:20:00,122.21,122.34,122.21,122.31,15373,2023-11-27
2023-11-27 23:25:00,122.31,122.335,122.275,122.31,9677,2023-11-27
2023-11-27 23:30:00,122.3315,122.36,122.27,122.325,18998,2023-11-27
2023-11-27 23:35:00,122.34,122.497,122.33,122.38,16690,2023-11-27
2023-11-27 23:40:00,122.36,122.46,122.35,122.41,20387,2023-11-27
2023-11-27 23:45:00,122.4,122.46,122.365,122.39,30625,2023-11-27
2023-11-27 23:50:00,122.4,122.47,122.31,122.31,44139,2023-11-27
2023-11-27 23:55:00,122.3,122.43,122.26,122.39,156703,2023-11-27
2023-11-28 00:00:00,122.4,122.4,122.4,122.4,50666,2023-11-27
2023-11-28 00:05:00,122.4,122.4,122.4,122.4,698,2023-11-27
2023-11-28 17:30:00,122.36,122.39,122.02,122.28,28358,2023-11-28
2023-11-28 17:35:00,122.28,122.3186,121.99,122.02,10013,2023-11-28
2023-11-28 17:40:00,121.91,122.21,121.8205,122.15,22390,2023-11-28
2023-11-28 17:45:00,122.17,122.23,121.99,122.22,15790,2023-11-28
2023-11-28 17:50:00,122.17,122.29,122.02,122.2472,26136,2023-11-28
2023-11-28 17:55:00,122.29,122.4899,122.26,122.26,14925,2023-11-28
2023-11-28 18:00:00,122.39,122.46,122.289,122.435,9456,2023-11-28
2023-11-28 18:05:00,122.44,122.5,122.31,122.5,10191,2023-11-28
2023-11-28 18:10:00,122.46,122.78,122.45,122.69,20787,2023-11-28
2023-11-28 18:15:00,122.66,122.82,122.635,122.8,37567,2023-11-28
2023-11-28 18:20:00,122.78,122.89,122.68,122.765,47294,2023-11-28
2023-11-28 18:25:00,122.76,122.8,122.7,122.7,36823,2023-11-28
2023-11-28 18:30:00,122.73,122.9,122.73,122.765,9859,2023-11-28
2023-11-28 18:35:00,122.73,122.82,122.695,122.785,17291,2023-11-28
2023-11-28 18:40:00,122.83,122.94,122.82,122.9,19464,2023-11-28
2023-11-28 18:45:00,122.89,122.9,122.75,122.82,13829,2023-11-28
2023-11-28 18:50:00,122.8237,123.02,122.8237,122.91,24675,2023-11-28
2023-11-28 18:55:00,122.88,122.96,122.825,122.935,13129,2023-11-28
2023-11-28 19:00:00,122.9,122.9,122.768,122.82,13064,2023-11-28
2023-11-28 19:05:00,122.8283,122.85,122.77,122.825,7827,2023-11-28
2023-11-28 19:10:00,122.83,122.92,122.8256,122.83,6461,2023-11-28
2023-11-28 19:15:00,122.81,122.88,122.765,122.77,9248,2023-11-28
2023-11-28 19:20:00,122.77,122.88,122.75,122.88,18498,2023-11-28
2023-11-28 19:25:00,122.89,122.89,122.6,122.6,13138,2023-11-28
2023-11-28 19:30:00,122.63,122.72,122.63,122.72,24456,2023-11-28
2023-11-28 19:35:00,122.73,122.74,122.61,122.665,7248,2023-11-28
2023-11-28 19:40:00,122.66,122.78,122.64,122.77,6991,2023-11-28
2023-11-28 19:45:00,122.77,122.8,122.69,122.8,8803,2023-11-28
2023-11-28 19:50:00,122.78,122.87,122.78,122.825,8362,2023-11-28
2023-11-28 19:55:00,122.86,122.92,122.785,122.8,22505,2023-11-28
2023-11-28 20:00:00,122.79,122.835,122.71,122.79,9495,2023-11-28
2023-11-28 20:05:00,122.75,122.8,122.68,122.8,9997,2023-11-28
2023-11-28 20:10:00,122.8,122.81,122.705,122.74,4612,2023-11-28
2023-11-28 20:15:00,122.74,122.74,122.56,122.56,5013,2023-11-28
2023-11-28 20:20:00,122.55,122.59,122.52,122.53,8274,2023-11-28
2023-11-28 20:25:00,122.51,122.5879,122.51,122.58,5041,2023-11-28
2023-11-28 20:30:00,122.56,122.56,122.46,122.4764,5802,2023-11-28
2023-11-28 20:35:00,122.51,122.51,122.43,122.44,3885,2023-11-28
2023-11-28 20:40:00,122.45,122.515,122.425,122.515,10852,2023-11-28
2023-11-28 20:45:00,122.485,122.54,122.485,122.53,5685,2023-11-28
2023-11-28 20:50:00,122.54,122.56,122.5,122.51,4893,2023-11-28
2023-11-28 20:55:00,122.53,122.53,122.48,122.5,4479,2023-11-28
2023-11-28 21:00:00,122.48,122.4987,122.33,122.45,10982,2023-11-28
2023-11-28 21:05:00,122.475,122.5341,122.46,122.5341,4096,2023-11-28
2023-11-28 21:10:00,122.53,122.6,122.47,122.54,7126,2023-11-28
2023-11-28 21:15:00,122.525,122.5686,122.515,122.555,3252,2023-11-28
2023-11-28 21:20:00,122.52,122.58,122.52,122.56,8003,2023-11-28
2023-11-28 21:25:00,122.56,122.755,122.56,122.73,10616,2023-11-28
2023-11-28 21:30:00,122.71,122.74,122.64,122.645,5958,2023-11-28
2023-11-28 21:35:00,122.64,122.67,122.56,122.575,9600,2023-11-28
2023-11-28 21:40:00,122.59,122.63,122.575,122.62,10434,2023-11-28
2023-11-28 21:45:00,122.64,122.68,122.625,122.665,6329,2023-11-28
2023-11-28 21:50:00,122.69,122.71,122.67,122.675,6739,2023-11-28
2023-11-28 21:55:00,122.68,122.685,122.5611,122.58,8539,2023-11-28
2023-11-28 22:00:00,122.57,122.61,122.4804,122.52,9774,2023-11-28
2023-11-28 22:05:00,122.515,122.595,122.515,122.545,10171,2023-11-28
2023-11-28 22:10:00,122.55,122.595,122.55,122.57,4849,2023-11-28
2023-11-28 22:15:00,122.573,122.605,122.54,122.6,13752,2023-11-28
2023-11-28 22:20:00,122.605,122.64,122.52,122.52,6433,2023-11-28
2023-11-28 22:25:00,122.51,122.56,122.4644,122.4644,5888,2023-11-28
2023-11-28 22:30:00,122.46,122.475,122.41,122.46,9956,2023-11-28
2023-11-28 22:35:00,122.49,122.55,122.48,122.49,10931,2023-11-28
2023-11-28 22:40:00,122.5,122.5157,122.45,122.47,7136,2023-11-28
2023-11-28 22:45:00,122.48,122.515,122.4401,122.51,9063,2023-11-28
2023-11-28 22:50:00,122.5,122.51,122.463,122.5,9772,2023-11-28
2023-11-28 22:55:00,122.5001,122.55,122.464,122.475,10674,2023-11-28
2023-11-28 23:00:00,122.47,122.54,122.43,122.49,11121,2023-11-28
2023-11-28 23:05:00,122.485,122.54,122.45,122.505,10895,2023-11-28
2023-11-28 23:10:00,122.5,122.505,122.42,122.44,9562,2023-11-28
2023-11-28 23:15:00,122.42,122.44,122.37,122.41,15416,2023-11-28
2023-11-28 23:20:00,122.42,122.5,122.38,122.48,23479,2023-11-28
2023-11-28 23:25:00,122.46,122.465,122.31,122.4,12463,2023-11-28
2023-11-28 23:30:00,122.38,122.42,122.285,122.33,17077,2023-11-28
2023-11-28 23:35:00,122.32,122.34,122.2,122.21,26923,2023-11-28
2023-11-28 23:40:00,122.19,122.281,122.16,122.2242,34424,2023-11-28
2023-11-28 23:45:00,122.21,122.27,122.18,122.2411,28705,2023-11-28
2023-11-28 23:50:00,122.28,122.39,122,122.07,83101,2023-11-28
2023-11-28 23:55:00,122.07,122.13,121.95,121.99,197707,2023-11-28
2023-11-29 00:00:00,121.99,121.99,121.99,121.99,2893,2023-11-28
2023-11-29 00:05:00,121.99,121.99,121.99,121.99,1214,2023-11-28
2023-11-29 00:20:00,121.99,121.99,121.99,121.99,1261,2023-11-28
2023-11-29 17:30:00,121.71,121.97,121.36,121.47,29056,2023-11-29
2023-11-29 17:35:00,121.39,121.91,121.39,121.895,13212,2023-11-29
2023-11-29 17:40:00,121.94,121.98,121.57,121.665,16975,2023-11-29
2023-11-29 17:45:00,121.66,122,121.66,122,19133,2023-11-29
2023-11-29 17:50:00,121.92,122.2,121.92,122.17,18266,2023-11-29
2023-11-29 17:55:00,122.16,122.345,122.11,122.215,19794,2023-11-29
2023-11-29 18:00:00,122.25,122.47,122.22,122.37,15329,2023-11-29
2023-11-29 18:05:00,122.3462,122.4,122.1,122.14,18752,2023-11-29
2023-11-29 18:10:00,122.13,122.175,121.8301,121.8301,26988,2023-11-29
2023-11-29 18:15:00,121.84,121.97,121.79,121.915,15008,2023-11-29
2023-11-29 18:20:00,121.93,122.02,121.78,121.79,51559,2023-11-29
2023-11-29 18:25:00,121.8,122.01,121.78,121.96,11962,2023-11-29
2023-11-29 18:30:00,121.935,122,121.85,121.85,12242,2023-11-29
2023-11-29 18:35:00,121.81,121.9,121.75,121.87,10890,2023-11-29
2023-11-29 18:40:00,121.84,122.02,121.8,122.005,7334,2023-11-29
2023-11-29 18:45:00,122.01,122.125,122.01,122.075,6101,2023-11-29
2023-11-29 18:50:00,122.1,122.12,121.94,121.94,10570,2023-11-29
2023-11-29 18:55:00,121.93,121.98,121.79,121.81,19676,2023-11-29
2023-11-29 19:00:00,121.79,121.89,121.79,121.86,12350,2023-11-29
2023-11-29 19:05:00,121.86,121.86,121.61,121.683,29975,2023-11-29
2023-11-29 19:10:00,121.7179,121.76,121.6097,121.655,6921,2023-11-29
2023-11-29 19:15:00,121.685,121.685,121.55,121.64,8458,2023-11-29
2023-11-29 19:20:00,121.6011,121.815,121.6011,121.79,9218,2023-11-29
2023-11-29 19:25:00,121.785,121.86,121.78,121.83,8550,2023-11-29
2023-11-29 19:30:00,121.855,121.92,121.83,121.9073,8501,2023-11-29
2023-11-29 19:35:00,121.895,121.93,121.83,121.83,7425,2023-11-29
2023-11-29 19:40:00,121.841,121.86,121.79,121.79,20778,2023-11-29
2023-11-29 19:45:00,121.7019,121.75,121.5738,121.5738,7775,2023-11-29
2023-11-29 19:50:00,121.57,121.5999,121.52,121.5215,8072,2023-11-29
2023-11-29 19:55:00,121.55,121.6462,121.55,121.62,5814,2023-11-29
2023-11-29 20:00:00,121.6499,121.675,121.57,121.665,8581,2023-11-29
2023-11-29 20:05:00,121.701,121.8,121.701,121.7315,4294,2023-11-29
2023-11-29 20:10:00,121.78,121.82,121.78,121.81,9070,2023-11-29
2023-11-29 20:15:00,121.83,121.83,121.7101,121.75,4782,2023-11-29
2023-11-29 20:20:00,121.7825,121.8,121.65,121.67,6837,2023-11-29
2023-11-29 20:25:00,121.644,121.71,121.62,121.71,5185,2023-11-29
2023-11-29 20:30:00,121.725,121.76,121.72,121.76,4720,2023-11-29
2023-11-29 20:35:00,121.7301,121.83,121.7301,121.775,5573,2023-11-29
2023-11-29 20:40:00,121.83,121.84,121.75,121.76,6644,2023-11-29
2023-11-29 20:45:00,121.73,121.79,121.66,121.69,4572,2023-11-29
2023-11-29 20:50:00,121.69,121.69,121.6001,121.657,6509,2023-11-29
2023-11-29 20:55:00,121.67,121.77,121.6575,121.69,9069,2023-11-29
2023-11-29 21:00:00,121.705,121.705,121.59,121.61,8081,2023-11-29
2023-11-29 21:05:00,121.62,121.65,121.58,121.65,3912,2023-11-29
2023-11-29 21:10:00,121.62,121.6401,121.58,121.59,5250,2023-11-29
2023-11-29 21:15:00,121.55,121.589,121.53,121.56,6774,2023-11-29
2023-11-29 21:20:00,121.55,121.62,121.55,121.59,7632,2023-11-29
2023-11-29 21:25:00,121.64,121.66,121.602,121.66,4909,2023-11-29
2023-11-29 21:30:00,121.66,121.6702,121.59,121.61,10121,2023-11-29
2023-11-29 21:35:00,121.66,121.7029,121.62,121.63,4607,2023-11-29
2023-11-29 21:40:00,121.65,121.71,121.65,121.68,5017,2023-11-29
2023-11-29 21:45:00,121.69,121.735,121.67,121.68,4807,2023-11-29
2023-11-29 21:50:00,121.69,121.69,121.6,121.63,6867,2023-11-29
2023-11-29 21:55:00,121.62,121.62,121.5703,121.6,4322,2023-11-29
2023-11-29 22:00:00,121.61,121.705,121.61,121.68,4982,2023-11-29
2023-11-29 22:05:00,121.69,121.726,121.66,121.69,9894,2023-11-29
2023-11-29 22:10:00,121.68,121.688,121.501,121.53,7405,2023-11-29
2023-11-29 22:15:00,121.53,121.55,121.47,121.47,11724,2023-11-29
2023-11-29 22:20:00,121.47,121.605,121.47,121.605,8317,2023-11-29
2023-11-29 22:25:00,121.62,121.64,121.5619,121.64,6752,2023-11-29
2023-11-29 22:30:00,121.58,121.58,121.4,121.4,10358,2023-11-29
2023-11-29 22:35:00,121.36,121.47,121.36,121.43,8763,2023-11-29
2023-11-29 22:40:00,121.45,121.47,121.38,121.39,13295,2023-11-29
2023-11-29 22:45:00,121.42,121.47,121.4,121.425,7391,2023-11-29
2023-11-29 22:50:00,121.41,121.44,121.39,121.4299,13390,2023-11-29
2023-11-29 22:55:00,121.43,121.4939,121.42,121.4939,6489,2023-11-29
2023-11-29 23:00:00,121.51,121.59,121.49,121.52,12628,2023-11-29
2023-11-29 23:05:00,121.55,121.58,121.49,121.57,10966,2023-11-29
2023-11-29 23:10:00,121.58,121.66,121.58,121.615,14656,2023-11-29
2023-11-29 23:15:00,121.6325,121.67,121.5033,121.5033,22136,2023-11-29
2023-11-29 23:20:00,121.52,121.56,121.495,121.534,10872,2023-11-29
2023-11-29 23:25:00,121.53,121.53,121.485,121.515,11607,2023-11-29
2023-11-29 23:30:00,121.52,121.54,121.44,121.54,25887,2023-11-29
2023-11-29 23:35:00,121.55,121.57,121.485,121.52,21208,2023-11-29
2023-11-29 23:40:00,121.53,121.6,121.48,121.57,27644,2023-11-29
2023-11-29 23:45:00,121.575,121.74,121.53,121.71,59214,2023-11-29
2023-11-29 23:50:00,121.73,121.74,121.65,121.68,62406,2023-11-29
2023-11-29 23:55:00,121.68,121.82,121.68,121.78,182977,2023-11-29
2023-11-30 00:00:00,121.77,121.77,121.77,121.77,3721,2023-11-29
2023-11-30 17:30:00,121.64,121.855,121.44,121.44,29914,2023-11-30
2023-11-30 17:35:00,121.47,121.47,121.125,121.19,7417,2023-11-30
2023-11-30 17:40:00,121.19,121.32,120.99,120.99,8913,2023-11-30
2023-11-30 17:45:00,121.02,121.23,120.93,121.23,16354,2023-11-30
2023-11-30 17:50:00,121.23,121.49,121.2,121.44,13099,2023-11-30
2023-11-30 17:55:00,121.47,121.52,121.36,121.52,9472,2023-11-30
2023-11-30 18:00:00,121.54,121.54,121.34,121.51,8442,2023-11-30
2023-11-30 18:05:00,121.53,121.63,121.52,121.52,12040,2023-11-30
2023-11-30 18:10:00,121.52,121.63,121.5,121.625,14280,2023-11-30
2023-11-30 18:15:00,121.61,121.69,121.57,121.66,11417,2023-11-30
2023-11-30 18:20:00,121.68,121.72,121.645,121.68,7845,2023-11-30
2023-11-30 18:25:00,121.6518,121.75,121.65,121.735,11249,2023-11-30
2023-11-30 18:30:00,121.735,122.01,121.735,121.9923,10632,2023-11-30
2023-11-30 18:35:00,121.98,121.98,121.88,121.98,8677,2023-11-30
2023-11-30 18:40:00,122.01,122.33,122.01,122.28,13669,2023-11-30
2023-11-30 18:45:00,122.28,122.345,122.22,122.34,8792,2023-11-30
2023-11-30 18:50:00,122.3,122.43,122.253,122.39,12298,2023-11-30
2023-11-30 18:55:00,122.365,122.51,122.365,122.48,15415,2023-11-30
2023-11-30 19:00:00,122.48,122.56,122.4,122.45,22518,2023-11-30
2023-11-30 19:05:00,122.4178,122.57,122.4178,122.525,12164,2023-11-30
2023-11-30 19:10:00,122.55,122.605,122.485,122.58,11070,2023-11-30
2023-11-30 19:15:00,122.5965,122.63,122.535,122.62,9099,2023-11-30
2023-11-30 19:20:00,122.61,122.69,122.54,122.6345,11742,2023-11-30
2023-11-30 19:25:00,122.64,122.735,122.64,122.68,9561,2023-11-30
2023-11-30 19:30:00,122.69,122.72,122.62,122.66,10090,2023-11-30
2023-11-30 19:35:00,122.64,122.64,122.49,122.515,6722,2023-11-30
2023-11-30 19:40:00,122.5,122.55,122.5,122.535,6675,2023-11-30
2023-11-30 19:45:00,122.57,122.69,122.55,122.67,9420,2023-11-30
2023-11-30 19:50:00,122.67,122.7,122.59,122.6,7993,2023-11-30
2023-11-30 19:55:00,122.6399,122.74,122.63,122.74,6440,2023-11-30
2023-11-30 20:00:00,122.77,122.9,122.74,122.83,59137,2023-11-30
2023-11-30 20:05:00,122.85,122.89,122.82,122.85,12287,2023-11-30
2023-11-30 20:10:00,122.85,122.85,122.63,122.63,12497,2023-11-30
2023-11-30 20:15:00,122.58,122.58,122.49,122.56,17327,2023-11-30
2023-11-30 20:20:00,122.56,122.67,122.53,122.66,10712,2023-11-30
2023-11-30 20:25:00,122.65,122.75,122.59,122.7,20096,2023-11-30
2023-11-30 20:30:00,122.67,122.69,122.62,122.64,11115,2023-11-30
2023-11-30 20:35:00,122.64,122.69,122.6,122.6,4423,2023-11-30
2023-11-30 20:40:00,122.61,122.71,122.61,122.7,10153,2023-11-30
2023-11-30 20:45:00,122.7,122.71,122.61,122.64,18057,2023-11-30
2023-11-30 20:50:00,122.61,122.66,122.57,122.62,7927,2023-11-30
2023-11-30 20:55:00,122.5696,122.68,122.5406,122.61,13038,2023-11-30
2023-11-30 21:00:00,122.605,122.63,122.5746,122.63,7435,2023-11-30
2023-11-30 21:05:00,122.63,122.7,122.62,122.69,7187,2023-11-30
2023-11-30 21:10:00,122.72,122.81,122.72,122.7635,9377,2023-11-30
2023-11-30 21:15:00,122.78,122.79,122.73,122.75,6553,2023-11-30
2023-11-30 21:20:00,122.73,122.77,122.655,122.69,8508,2023-11-30
2023-11-30 21:25:00,122.65,122.66,122.61,122.65,5917,2023-11-30
2023-11-30 21:30:00,122.67,122.69,122.61,122.69,9568,2023-11-30
2023-11-30 21:35:00,122.685,122.77,122.67,122.75,6765,2023-11-30
2023-11-30 21:40:00,122.77,122.775,122.7,122.75,11259,2023-11-30
2023-11-30 21:45:00,122.74,122.75,122.6409,122.671,7004,2023-11-30
2023-11-30 21:50:00,122.69,122.75,122.6413,122.72,8054,2023-11-30
2023-11-30 21:55:00,122.725,122.8,122.725,122.7939,12650,2023-11-30
2023-11-30 22:00:00,122.78,122.9,122.775,122.87,16969,2023-11-30
2023-11-30 22:05:00,122.88,122.91,122.87,122.88,11127,2023-11-30
2023-11-30 22:10:00,122.87,122.88,122.81,122.85,12201,2023-11-30
2023-11-30 22:15:00,122.84,122.95,122.8249,122.91,15243,2023-11-30
2023-11-30 22:20:00,122.92,122.96,122.88,122.95,10943,2023-11-30
2023-11-30 22:25:00,122.96,123.055,122.95,123.05,17145,2023-11-30
2023-11-30 22:30:00,123.07,123.1,123.03,123.1,18881,2023-11-30
2023-11-30 22:35:00,123.09,123.17,123.08,123.09,16615,2023-11-30
2023-11-30 22:40:00,123.095,123.19,123.09,123.16,14405,2023-11-30
2023-11-30 22:45:00,123.19,123.29,123.19,123.27,15145,2023-11-30
2023-11-30 22:50:00,123.275,123.28,123.25,123.255,10298,2023-11-30
2023-11-30 22:55:00,123.25,123.275,123.215,123.27,12914,2023-11-30
2023-11-30 23:00:00,123.24,123.34,123.23,123.31,12468,2023-11-30
2023-11-30 23:05:00,123.23,123.27,123.155,123.24,17888,2023-11-30
2023-11-30 23:10:00,123.23,123.33,123.1673,123.2,17494,2023-11-30
2023-11-30 23:15:00,123.22,123.24,123.18,123.195,14980,2023-11-30
2023-11-30 23:20:00,123.19,123.205,123.1,123.12,23252,2023-11-30
2023-11-30 23:25:00,123.07,123.1755,123.04,123.06,20344,2023-11-30
2023-11-30 23:30:00,123.06,123.29,123.03,123.17,20286,2023-11-30
2023-11-30 23:35:00,123.19,123.33,123.173,123.33,21340,2023-11-30
2023-11-30 23:40:00,123.335,123.515,123.3174,123.45,29052,2023-11-30
2023-11-30 23:45:00,123.46,123.63,123.31,123.55,57661,2023-11-30
2023-11-30 23:50:00,123.57,123.63,123.47,123.56,74693,2023-11-30
2023-11-30 23:55:00,123.58,123.79,123.58,123.72,216507,2023-11-30
2023-12-01 00:00:00,123.73,123.73,123.73,123.73,228553,2023-11-30
2023-12-01 00:20:00,123.73,123.73,123.73,123.73,2414,2023-11-30
2023-12-01 01:20:00,123.73,123.73,123.73,123.73,5796,2023-11-30
2023-12-01 03:40:00,123.89,123.89,123.89,123.89,300,2023-11-30
2023-12-01 17:25:00,124.04,124.04,124.04,124.04,100,2023-12-01
2023-12-01 17:30:00,123.74,123.9635,123.66,123.73,29291,2023-12-01
2023-12-01 17:35:00,123.765,123.99,123.64,123.68,9104,2023-12-01
2023-12-01 17:40:00,123.73,123.77,123.51,123.62,11654,2023-12-01
2023-12-01 17:45:00,123.61,123.7,123.2601,123.42,10019,2023-12-01
2023-12-01 17:50:00,123.415,123.57,123.38,123.395,8357,2023-12-01
2023-12-01 17:55:00,123.35,123.54,123.34,123.5,9468,2023-12-01
2023-12-01 18:00:00,123.54,123.81,123.42,123.645,14025,2023-12-01
2023-12-01 18:05:00,123.64,123.82,123.494,123.66,15659,2023-12-01
2023-12-01 18:10:00,123.66,123.66,123.39,123.415,9407,2023-12-01
2023-12-01 18:15:00,123.415,123.5,123.3101,123.5,7271,2023-12-01
2023-12-01 18:20:00,123.46,123.46,123.2707,123.33,9763,2023-12-01
2023-12-01 18:25:00,123.35,123.35,123.24,123.32,10434,2023-12-01
2023-12-01 18:30:00,123.32,123.42,123.265,123.36,8747,2023-12-01
2023-12-01 18:35:00,123.4099,123.66,123.36,123.635,14625,2023-12-01
2023-12-01 18:40:00,123.645,123.71,123.58,123.585,8771,2023-12-01
2023-12-01 18:45:00,123.605,123.6599,123.585,123.62,11698,2023-12-01
2023-12-01 18:50:00,123.6,123.62,123.4101,123.4101,10125,2023-12-01
2023-12-01 18:55:00,123.43,123.47,123.26,123.29,9863,2023-12-01
2023-12-01 19:00:00,123.3,123.3,123.14,123.215,11654,2023-12-01
2023-12-01 19:05:00,123.16,123.271,123.16,123.2243,9346,2023-12-01
2023-12-01 19:10:00,123.21,123.31,123.21,123.3,6406,2023-12-01
2023-12-01 19:15:00,123.31,123.31,123.11,123.215,15513,2023-12-01
2023-12-01 19:20:00,123.25,123.29,123.18,123.25,10044,2023-12-01
2023-12-01 19:25:00,123.25,123.44,123.22,123.44,10313,2023-12-01
2023-12-01 19:30:00,123.4,123.535,123.35,123.41,15257,2023-12-01
2023-12-01 19:35:00,123.41,123.415,123.2501,123.31,16953,2023-12-01
2023-12-01 19:40:00,123.29,123.51,123.29,123.415,24882,2023-12-01
2023-12-01 19:45:00,123.425,123.49,123.35,123.49,8937,2023-12-01
2023-12-01 19:50:00,123.54,123.65,123.51,123.54,7692,2023-12-01
2023-12-01 19:55:00,123.48,123.52,123.37,123.395,9346,2023-12-01
2023-12-01 20:00:00,123.37,123.4,123.31,123.31,7106,2023-12-01
2023-12-01 20:05:00,123.325,123.44,123.32,123.4,8689,2023-12-01
2023-12-01 20:10:00,123.41,123.51,123.41,123.44,7013,2023-12-01
2023-12-01 20:15:00,123.43,123.56,123.405,123.51,12329,2023-12-01
2023-12-01 20:20:00,123.51,123.64,123.48,123.52,11413,2023-12-01
2023-12-01 20:25:00,123.52,123.55,123.45,123.53,9839,2023-12-01
2023-12-01 20:30:00,123.53,123.64,123.5,123.53,16312,2023-12-01
2023-12-01 20:35:00,123.54,123.66,123.5189,123.625,17351,2023-12-01
2023-12-01 20:40:00,123.64,123.68,123.57,123.57,10050,2023-12-01
2023-12-01 20:45:00,123.59,123.705,123.59,123.705,6669,2023-12-01
2023-12-01 20:50:00,123.705,123.79,123.69,123.78,9288,2023-12-01
2023-12-01 20:55:00,123.82,123.91,123.8,123.91,11190,2023-12-01
2023-12-01 21:00:00,123.8866,123.89,123.795,123.825,9957,2023-12-01
2023-12-01 21:05:00,123.83,123.84,123.69,123.745,25859,2023-12-01
2023-12-01 21:10:00,123.76,123.82,123.755,123.82,7482,2023-12-01
2023-12-01 21:15:00,123.795,123.91,123.79,123.86,12270,2023-12-01
2023-12-01 21:20:00,123.855,123.86,123.64,123.715,12049,2023-12-01
2023-12-01 21:25:00,123.75,123.76,123.63,123.665,9488,2023-12-01
2023-12-01 21:30:00,123.68,123.68,123.6,123.655,8757,2023-12-01
2023-12-01 21:35:00,123.665,123.69,123.63,123.68,10771,2023-12-01
2023-12-01 21:40:00,123.675,123.8,123.67,123.8,13922,2023-12-01
2023-12-01 21:45:00,123.785,123.825,123.66,123.66,8845,2023-12-01
2023-12-01 21:50:00,123.655,123.66,123.59,123.64,8670,2023-12-01
2023-12-01 21:55:00,123.62,123.72,123.6058,123.68,9226,2023-12-01
2023-12-01 22:00:00,123.72,123.73,123.6,123.68,12605,2023-12-01
2023-12-01 22:05:00,123.6701,123.78,123.65,123.74,7475,2023-12-01
2023-12-01 22:10:00,123.74,123.87,123.71,123.835,12531,2023-12-01
2023-12-01 22:15:00,123.84,123.95,123.8261,123.8894,17019,2023-12-01
2023-12-01 22:20:00,123.9,123.93,123.855,123.9,6583,2023-12-01
2023-12-01 22:25:00,123.88,123.88,123.735,123.82,13043,2023-12-01
2023-12-01 22:30:00,123.84,123.84,123.75,123.772,9805,2023-12-01
2023-12-01 22:35:00,123.75,123.75,123.65,123.74,7192,2023-12-01
2023-12-01 22:40:00,123.74,123.74,123.663,123.7116,8671,2023-12-01
2023-12-01 22:45:00,123.74,123.77,123.69,123.765,13413,2023-12-01
2023-12-01 22:50:00,123.78,123.83,123.77,123.791,8394,2023-12-01
2023-12-01 22:55:00,123.79,123.79,123.694,123.71,8570,2023-12-01
2023-12-01 23:00:00,123.715,123.8,123.71,123.76,16289,2023-12-01
2023-12-01 23:05:00,123.77,123.8104,123.62,123.635,16331,2023-12-01
2023-12-01 23:10:00,123.65,123.72,123.59,123.69,31079,2023-12-01
2023-12-01 23:15:00,123.66,123.71,123.62,123.625,13291,2023-12-01
2023-12-01 23:20:00,123.64,123.64,123.58,123.6,16252,2023-12-01
2023-12-01 23:25:00,123.59,123.64,123.59,123.62,13691,2023-12-01
2023-12-01 23:30:00,123.63,123.81,123.625,123.79,28892,2023-12-01
2023-12-01 23:35:00,123.81,123.88,123.805,123.82,19209,2023-12-01
2023-12-01 23:40:00,123.79,123.86,123.77,123.84,25122,2023-12-01
2023-12-01 23:45:00,123.83,123.93,123.79,123.93,37382,2023-12-01
2023-12-01 23:50:00,123.95,123.98,123.85,123.85,54019,2023-12-01
2023-12-01 23:55:00,123.86,124.06,123.85,124.04,179808,2023-12-01
2023-12-02 00:00:00,124.04,124.04,124.04,124.04,17601,2023-12-01
2023-12-02 00:05:00,124.04,124.04,124.04,124.04,1508,2023-12-01
2023-12-02 00:10:00,124.04,124.04,124.04,124.04,191,2023-12-01
2023-12-02 00:20:00,124.04,124.04,124.04,124.04,1969,2023-12-01
2023-12-02 00:30:00,124,124,124,124,350,2023-12-01
2023-12-02 00:35:00,124,124,124,124,150,2023-12-01
2023-12-02 01:55:00,123.7997,123.7997,123.7997,123.7997,163,2023-12-01
2023-12-02 02:00:00,124.02,124.02,124.02,124.02,350,2023-12-01
2023-12-02 02:15:00,124.04,124.04,124.04,124.04,443,2023-12-01
2023-12-02 03:25:00,124.2,124.2,124.2,124.2,300,2023-12-01
2023-12-04 17:30:00,123.78,124.63,123.6,124.325,42087,2023-12-04
2023-12-04 17:35:00,124.34,124.4,124.22,124.29,9860,2023-12-04
2023-12-04 17:40:00,124.31,124.65,124.3,124.64,11543,2023-12-04
2023-12-04 17:45:00,124.635,124.8675,124.58,124.8675,9231,2023-12-04
2023-12-04 17:50:00,124.85,124.86,124.5301,124.5301,15403,2023-12-04
2023-12-04 17:55:00,124.6399,124.73,124.6375,124.73,10040,2023-12-04
2023-12-04 18:00:00,124.745,124.85,124.35,124.36,11592,2023-12-04
2023-12-04 18:05:00,124.3633,124.49,124.36,124.49,13992,2023-12-04
2023-12-04 18:10:00,124.49,124.515,124.265,124.34,16885,2023-12-04
2023-12-04 18:15:00,124.3392,124.42,124.21,124.3,10217,2023-12-04
2023-12-04 18:20:00,124.35,124.35,124.23,124.23,7571,2023-12-04
2023-12-04 18:25:00,124.23,124.325,124.13,124.315,9001,2023-12-04
2023-12-04 18:30:00,124.31,124.71,124.29,124.68,11933,2023-12-04
2023-12-04 18:35:00,124.695,124.75,124.61,124.66,16229,2023-12-04
2023-12-04 18:40:00,124.71,124.73,124.61,124.65,12203,2023-12-04
2023-12-04 18:45:00,124.68,124.78,124.55,124.575,13311,2023-12-04
2023-12-04 18:50:00,124.545,124.64,124.495,124.63,10606,2023-12-04
2023-12-04 18:55:00,124.63,124.76,124.58,124.74,18356,2023-12-04
2023-12-04 19:00:00,124.73,124.805,124.635,124.76,18447,2023-12-04
2023-12-04 19:05:00,124.76,124.76,124.54,124.54,8430,2023-12-04
2023-12-04 19:10:00,124.51,124.6,124.51,124.535,10806,2023-12-04
2023-12-04 19:15:00,124.56,124.625,124.56,124.61,11029,2023-12-04
2023-12-04 19:20:00,124.59,124.62,124.395,124.395,11588,2023-12-04
2023-12-04 19:25:00,124.2799,124.32,124.23,124.245,8859,2023-12-04
2023-12-04 19:30:00,124.23,124.4,124.14,124.14,24982,2023-12-04
2023-12-04 19:35:00,124.14,124.2,124.06,124.1,7459,2023-12-04
2023-12-04 19:40:00,124.0965,124.16,124.07,124.15,9133,2023-12-04
2023-12-04 19:45:00,124.18,124.18,124.06,124.06,8954,2023-12-04
2023-12-04 19:50:00,124.03,124.15,124.03,124.09,8488,2023-12-04
2023-12-04 19:55:00,124.08,124.08,123.94,123.97,11057,2023-12-04
2023-12-04 20:00:00,123.94,123.97,123.85,123.94,9210,2023-12-04
2023-12-04 20:05:00,123.935,124.03,123.93,124,7152,2023-12-04
2023-12-04 20:10:00,124,124.015,123.9456,123.96,15139,2023-12-04
2023-12-04 20:15:00,123.965,123.965,123.82,123.855,6943,2023-12-04
2023-12-04 20:20:00,123.82,123.88,123.79,123.84,10606,2023-12-04
2023-12-04 20:25:00,123.855,123.86,123.74,123.86,14550,2023-12-04
2023-12-04 20:30:00,123.89,123.91,123.83,123.86,7363,2023-12-04
2023-12-04 20:35:00,123.83,123.85,123.715,123.765,8607,2023-12-04
2023-12-04 20:40:00,123.73,123.89,123.7,123.7771,22655,2023-12-04
2023-12-04 20:45:00,123.84,123.93,123.78,123.91,5605,2023-12-04
2023-12-04 20:50:00,123.88,123.93,123.85,123.905,3676,2023-12-04
2023-12-04 20:55:00,123.91,123.91,123.84,123.86,10947,2023-12-04
2023-12-04 21:00:00,123.89,123.89,123.763,123.78,7253,2023-12-04
2023-12-04 21:05:00,123.79,123.8,123.69,123.76,9161,2023-12-04
2023-12-04 21:10:00,123.76,123.82,123.71,123.82,4948,2023-12-04
2023-12-04 21:15:00,123.86,123.88,123.783,123.88,5693,2023-12-04
2023-12-04 21:20:00,123.87,123.95,123.87,123.88,5095,2023-12-04
2023-12-04 21:25:00,123.895,123.95,123.88,123.91,6548,2023-12-04
2023-12-04 21:30:00,123.87,123.89,123.8,123.89,7205,2023-12-04
2023-12-04 21:35:00,123.86,124.0227,123.85,124.0227,9028,2023-12-04
2023-12-04 21:40:00,124.01,124.03,123.935,123.965,6137,2023-12-04
2023-12-04 21:45:00,123.9635,124,123.93,123.93,7784,2023-12-04
2023-12-04 21:50:00,123.93,123.97,123.84,123.9,9553,2023-12-04
2023-12-04 21:55:00,123.91,124,123.895,123.995,6488,2023-12-04
2023-12-04 22:00:00,124.01,124.1585,124.01,124.07,10106,2023-12-04
2023-12-04 22:05:00,124.07,124.15,124.03,124.1294,6143,2023-12-04
2023-12-04 22:10:00,124.134,124.16,124.083,124.095,6858,2023-12-04
2023-12-04 22:15:00,124.105,124.11,123.878,123.89,5337,2023-12-04
2023-12-04 22:20:00,123.8719,123.9,123.83,123.85,12763,2023-12-04
2023-12-04 22:25:00,123.87,123.95,123.86,123.95,11525,2023-12-04
2023-12-04 22:30:00,123.98,123.98,123.88,123.91,10093,2023-12-04
2023-12-04 22:35:00,123.93,123.95,123.85,123.9,6838,2023-12-04
2023-12-04 22:40:00,123.88,124,123.855,124,10675,2023-12-04
2023-12-04 22:45:00,124.04,124.04,123.93,123.93,7141,2023-12-04
2023-12-04 22:50:00,123.94,123.98,123.92,123.925,11273,2023-12-04
2023-12-04 22:55:00,123.92,123.935,123.883,123.9,9945,2023-12-04
2023-12-04 23:00:00,123.93,123.99,123.9,123.9,10263,2023-12-04
2023-12-04 23:05:00,123.89,123.92,123.83,123.9,14293,2023-12-04
2023-12-04 23:10:00,123.94,124.03,123.94,123.99,10362,2023-12-04
2023-12-04 23:15:00,123.97,123.99,123.87,123.95,8913,2023-12-04
2023-12-04 23:20:00,123.96,123.989,123.88,123.88,13259,2023-12-04
2023-12-04 23:25:00,123.88,123.92,123.82,123.87,14021,2023-12-04
2023-12-04 23:30:00,123.89,123.9094,123.6405,123.76,20735,2023-12-04
2023-12-04 23:35:00,123.755,123.755,123.61,123.6756,14243,2023-12-04
2023-12-04 23:40:00,123.69,123.78,123.67,123.77,21546,2023-12-04
2023-12-04 23:45:00,123.78,123.88,123.775,123.79,33382,2023-12-04
2023-12-04 23:50:00,123.79,124.12,123.79,124.085,57272,2023-12-04
2023-12-04 23:55:00,124.09,124.2,124.06,124.17,113483,2023-12-04
2023-12-05 00:00:00,124.17,124.17,124.17,124.17,3506,2023-12-04
2023-12-05 00:20:00,124.17,124.17,124.17,124.17,4209,2023-12-04
2023-12-05 02:00:00,124.17,124.17,124.17,124.17,618,2023-12-04
2023-12-05 17:30:00,124.22,124.475,124.045,124.19,36192,2023-12-05
2023-12-05 17:35:00,124.1,124.15,123.13,123.196,25722,2023-12-05
2023-12-05 17:40:00,123.205,123.3513,122.8,122.91,26097,2023-12-05
2023-12-05 17:45:00,122.9747,123.06,122.72,122.99,21129,2023-12-05
2023-12-05 17:50:00,122.92,123.02,122.66,123.02,9324,2023-12-05
2023-12-05 17:55:00,122.995,123.005,122.57,122.57,10860,2023-12-05
2023-12-05 18:00:00,122.59,122.9359,122.58,122.815,14559,2023-12-05
2023-12-05 18:05:00,122.76,122.79,122.39,122.433,43253,2023-12-05
2023-12-05 18:10:00,122.448,122.69,122.43,122.62,12966,2023-12-05
2023-12-05 18:15:00,122.58,122.68,122.525,122.635,13383,2023-12-05
2023-12-05 18:20:00,122.6108,122.67,122.54,122.66,11312,2023-12-05
2023-12-05 18:25:00,122.64,122.725,122.57,122.725,14854,2023-12-05
2023-12-05 18:30:00,122.69,122.76,122.625,122.66,14600,2023-12-05
2023-12-05 18:35:00,122.655,122.67,122.6,122.6036,11516,2023-12-05
2023-12-05 18:40:00,122.62,122.63,122.44,122.47,21805,2023-12-05
2023-12-05 18:45:00,122.44,122.44,122.322,122.37,10785,2023-12-05
2023-12-05 18:50:00,122.37,122.4619,122.33,122.395,7765,2023-12-05
2023-12-05 18:55:00,122.395,122.47,122.38,122.45,13456,2023-12-05
2023-12-05 19:00:00,122.43,122.56,122.39,122.39,13662,2023-12-05
2023-12-05 19:05:00,122.47,122.54,122.31,122.34,18647,2023-12-05
2023-12-05 19:10:00,122.32,122.4,122.3,122.315,9731,2023-12-05
2023-12-05 19:15:00,122.28,122.2916,122.165,122.165,6986,2023-12-05
2023-12-05 19:20:00,122.17,122.33,122.15,122.27,11002,2023-12-05
2023-12-05 19:25:00,122.24,122.41,122.23,122.395,7873,2023-12-05
2023-12-05 19:30:00,122.41,122.42,122.17,122.17,13891,2023-12-05
2023-12-05 19:35:00,122.2,122.32,122.12,122.29,18064,2023-12-05
2023-12-05 19:40:00,122.29,122.31,122.15,122.17,11711,2023-12-05
2023-12-05 19:45:00,122.1406,122.1406,121.95,122.04,21386,2023-12-05
2023-12-05 19:50:00,122.08,122.17,122.07,122.135,14635,2023-12-05
2023-12-05 19:55:00,122.13,122.17,122.0509,122.06,7013,2023-12-05
2023-12-05 20:00:00,122.055,122.065,121.91,121.98,13004,2023-12-05
2023-12-05 20:05:00,121.94,122.05,121.9,121.95,9214,2023-12-05
2023-12-05 20:10:00,122,122.02,121.77,121.8035,10422,2023-12-05
2023-12-05 20:15:00,121.81,121.93,121.75,121.75,15881,2023-12-05
2023-12-05 20:20:00,121.75,121.8,121.57,121.59,16356,2023-12-05
2023-12-05 20:25:00,121.58,121.8,121.58,121.76,30417,2023-12-05
2023-12-05 20:30:00,121.78,121.78,121.62,121.64,13503,2023-12-05
2023-12-05 20:35:00,121.64,121.69,121.605,121.63,11052,2023-12-05
2023-12-05 20:40:00,121.62,121.62,121.52,121.565,10898,2023-12-05
2023-12-05 20:45:00,121.57,121.65,121.56,121.65,8307,2023-12-05
2023-12-05 20:50:00,121.6442,121.69,121.535,121.54,11102,2023-12-05
2023-12-05 20:55:00,121.54,121.54,121.41,121.485,12902,2023-12-05
2023-12-05 21:00:00,121.5,121.57,121.4,121.41,20337,2023-12-05
2023-12-05 21:05:00,121.41,121.47,121.36,121.39,10215,2023-12-05
2023-12-05 21:10:00,121.38,121.49,121.38,121.4,12955,2023-12-05
2023-12-05 21:15:00,121.4,121.575,121.4,121.543,13136,2023-12-05
2023-12-05 21:20:00,121.55,121.55,121.38,121.39,10219,2023-12-05
2023-12-05 21:25:00,121.37,121.42,121.32,121.36,11923,2023-12-05
2023-12-05 21:30:00,121.36,121.4,121.19,121.23,14905,2023-12-05
2023-12-05 21:35:00,121.195,121.31,121.18,121.25,18586,2023-12-05
2023-12-05 21:40:00,121.25,121.3,121.24,121.26,19085,2023-12-05
2023-12-05 21:45:00,121.27,121.32,121.245,121.32,22080,2023-12-05
2023-12-05 21:50:00,121.31,121.32,121.25,121.28,14574,2023-12-05
2023-12-05 21:55:00,121.28,121.37,121.25,121.26,13743,2023-12-05
2023-12-05 22:00:00,121.27,121.35,121.25,121.29,13153,2023-12-05
2023-12-05 22:05:00,121.27,121.28,121.245,121.26,12085,2023-12-05
2023-12-05 22:10:00,121.2502,121.3,121.2463,121.26,9551,2023-12-05
2023-12-05 22:15:00,121.26,121.33,121.25,121.325,12007,2023-12-05
2023-12-05 22:20:00,121.325,121.41,121.3,121.3799,17316,2023-12-05
2023-12-05 22:25:00,121.37,121.37,121.27,121.27,8226,2023-12-05
2023-12-05 22:30:00,121.265,121.33,121.24,121.29,14005,2023-12-05
2023-12-05 22:35:00,121.275,121.29,121.24,121.2402,28612,2023-12-05
2023-12-05 22:40:00,121.255,121.3304,121.235,121.29,21364,2023-12-05
2023-12-05 22:45:00,121.285,121.3,121.24,121.27,19726,2023-12-05
2023-12-05 22:50:00,121.27,121.27,121.1,121.11,18501,2023-12-05
2023-12-05 22:55:00,121.12,121.3,121.11,121.2,22764,2023-12-05
2023-12-05 23:00:00,121.21,121.23,121.0991,121.11,29045,2023-12-05
2023-12-05 23:05:00,121.11,121.14,120.985,121,40625,2023-12-05
2023-12-05 23:10:00,121.03,121.1,121.01,121.08,22518,2023-12-05
2023-12-05 23:15:00,121.06,121.08,120.97,121.08,27549,2023-12-05
2023-12-05 23:20:00,121.09,121.2,121.08,121.15,29929,2023-12-05
2023-12-05 23:25:00,121.14,121.2,121.13,121.165,25810,2023-12-05
2023-12-05 23:30:00,121.18,121.33,121.17,121.325,37818,2023-12-05
2023-12-05 23:35:00,121.33,121.5,121.33,121.45,29177,2023-12-05
2023-12-05 23:40:00,121.455,121.62,121.455,121.55,41356,2023-12-05
2023-12-05 23:45:00,121.57,121.63,121.46,121.5093,49708,2023-12-05
2023-12-05 23:50:00,121.48,121.57,121.415,121.46,74814,2023-12-05
2023-12-05 23:55:00,121.455,121.46,121.24,121.42,140726,2023-12-05
2023-12-06 00:00:00,121.45,121.45,121.45,121.45,6357,2023-12-05
2023-12-06 00:20:00,121.45,121.45,121.45,121.45,4936,2023-12-05
2023-12-06 16:00:00,122.01,122.01,122.01,122.01,211,2023-12-06
2023-12-06 16:30:00,121.81,121.81,121.81,121.81,100,2023-12-06
2023-12-06 17:30:00,121.78,122,121.5,121.88,34270,2023-12-06
2023-12-06 17:35:00,121.73,121.91,121.63,121.78,13889,2023-12-06
2023-12-06 17:40:00,121.7816,122.09,121.7816,122.08,14646,2023-12-06
2023-12-06 17:45:00,121.92,121.94,121.63,121.865,11890,2023-12-06
2023-12-06 17:50:00,121.83,121.83,121.52,121.6,12693,2023-12-06
2023-12-06 17:55:00,121.59,121.93,121.45,121.93,18330,2023-12-06
2023-12-06 18:00:00,121.85,121.875,121.32,121.47,16852,2023-12-06
2023-12-06 18:05:00,121.43,121.53,121.34,121.505,12795,2023-12-06
2023-12-06 18:10:00,121.515,121.67,121.48,121.64,15810,2023-12-06
2023-12-06 18:15:00,121.65,121.87,121.63,121.817,14045,2023-12-06
2023-12-06 18:20:00,121.82,121.92,121.69,121.74,37313,2023-12-06
2023-12-06 18:25:00,121.74,121.919,121.74,121.8,14775,2023-12-06
2023-12-06 18:30:00,121.7701,121.78,121.52,121.53,30167,2023-12-06
2023-12-06 18:35:00,121.53,121.54,121.4,121.48,10457,2023-12-06
2023-12-06 18:40:00,121.497,121.497,121.26,121.27,14453,2023-12-06
2023-12-06 18:45:00,121.25,121.29,121.16,121.22,38326,2023-12-06
2023-12-06 18:50:00,121.24,121.35,121.18,121.35,38538,2023-12-06
2023-12-06 18:55:00,121.359,121.359,121.2,121.315,22413,2023-12-06
2023-12-06 19:00:00,121.28,121.61,121.28,121.61,29784,2023-12-06
2023-12-06 19:05:00,121.655,121.687,121.53,121.57,10298,2023-12-06
2023-12-06 19:10:00,121.584,121.69,121.53,121.53,9331,2023-12-06
2023-12-06 19:15:00,121.57,121.57,121.495,121.54,8407,2023-12-06
2023-12-06 19:20:00,121.516,121.58,121.45,121.48,12802,2023-12-06
2023-12-06 19:25:00,121.45,121.48,121.39,121.4,17159,2023-12-06
2023-12-06 19:30:00,121.4,121.409,121.21,121.345,14915,2023-12-06
2023-12-06 19:35:00,121.37,121.578,121.37,121.51,17431,2023-12-06
2023-12-06 19:40:00,121.48,121.7,121.48,121.68,15302,2023-12-06
2023-12-06 19:45:00,121.67,121.71,121.615,121.666,8561,2023-12-06
2023-12-06 19:50:00,121.69,121.82,121.69,121.725,13478,2023-12-06
2023-12-06 19:55:00,121.7,121.72,121.59,121.63,21178,2023-12-06
2023-12-06 20:00:00,121.63,121.799,121.55,121.797,15315,2023-12-06
2023-12-06 20:05:00,121.79,122.009,121.79,121.9699,16200,2023-12-06
2023-12-06 20:10:00,121.959,121.98,121.84,121.84,10874,2023-12-06
2023-12-06 20:15:00,121.82,121.869,121.8101,121.85,13432,2023-12-06
2023-12-06 20:20:00,121.83,121.88,121.75,121.88,522124,2023-12-06
2023-12-06 20:25:00,121.917,122.01,121.9,122,8935,2023-12-06
2023-12-06 20:30:00,122.04,122.07,121.87,121.92,13491,2023-12-06
2023-12-06 20:35:00,121.95,122.02,121.92,121.99,7463,2023-12-06
2023-12-06 20:40:00,121.96,122.03,121.9,121.9,11993,2023-12-06
2023-12-06 20:45:00,121.92,121.92,121.82,121.89,9647,2023-12-06
2023-12-06 20:50:00,121.89,121.89,121.81,121.86,12544,2023-12-06
2023-12-06 20:55:00,121.865,121.97,121.8515,121.957,10829,2023-12-06
2023-12-06 21:00:00,121.97,122.04,121.97,122.03,13005,2023-12-06
2023-12-06 21:05:00,122.0459,122.057,121.8035,121.8035,14701,2023-12-06
2023-12-06 21:10:00,121.79,121.889,121.745,121.889,10392,2023-12-06
2023-12-06 21:15:00,121.905,121.949,121.8695,121.9,9399,2023-12-06
2023-12-06 21:20:00,121.91,122.1,121.89,122.08,11915,2023-12-06
2023-12-06 21:25:00,122.1,122.2,122.1,122.17,11840,2023-12-06
2023-12-06 21:30:00,122.19,122.2,122.015,122.015,15014,2023-12-06
2023-12-06 21:35:00,122.02,122.14,121.98,122.14,7976,2023-12-06
2023-12-06 21:40:00,122.16,122.25,122.07,122.07,13500,2023-12-06
2023-12-06 21:45:00,122.07,122.1,122.03,122.0661,10404,2023-12-06
2023-12-06 21:50:00,122.09,122.09,122.01,122.03,10048,2023-12-06
2023-12-06 21:55:00,122.0499,122.135,122.035,122.135,15456,2023-12-06
2023-12-06 22:00:00,122.135,122.135,122.01,122.0182,12518,2023-12-06
2023-12-06 22:05:00,122.015,122.06,121.99,122.06,6484,2023-12-06
2023-12-06 22:10:00,122.06,122.07,121.925,121.94,15369,2023-12-06
2023-12-06 22:15:00,121.945,122.02,121.94,122.02,9685,2023-12-06
2023-12-06 22:20:00,122.03,122.05,121.95,121.99,13249,2023-12-06
2023-12-06 22:25:00,121.99,122.03,121.96,121.995,7547,2023-12-06
2023-12-06 22:30:00,122.01,122.03,121.9,121.9,8108,2023-12-06
2023-12-06 22:35:00,121.935,121.935,121.78,121.83,9567,2023-12-06
2023-12-06 22:40:00,121.85,121.89,121.85,121.89,8868,2023-12-06
2023-12-06 22:45:00,121.89,122.025,121.86,122,17723,2023-12-06
2023-12-06 22:50:00,121.998,122.07,121.985,122,11310,2023-12-06
2023-12-06 22:55:00,122,122,121.865,121.92,13493,2023-12-06
2023-12-06 23:00:00,121.89,121.95,121.83,121.89,22354,2023-12-06
2023-12-06 23:05:00,121.8704,122.0349,121.8704,122.02,12942,2023-12-06
2023-12-06 23:10:00,122.02,122.145,122.0065,122.145,9330,2023-12-06
2023-12-06 23:15:00,122.1425,122.26,122.14,122.22,18099,2023-12-06
2023-12-06 23:20:00,122.25,122.42,122.24,122.39,26452,2023-12-06
2023-12-06 23:25:00,122.39,122.41,122.195,122.205,17099,2023-12-06
2023-12-06 23:30:00,122.205,122.34,122.135,122.2,34632,2023-12-06
2023-12-06 23:35:00,122.2,122.2,122.005,122.03,21046,2023-12-06
2023-12-06 23:40:00,122.03,122.11,121.99,122.1,30195,2023-12-06
2023-12-06 23:45:00,122.08,122.15,121.96,121.965,36489,2023-12-06
2023-12-06 23:50:00,121.96,122.23,121.91,122.15,73381,2023-12-06
2023-12-06 23:55:00,122.1413,122.47,122.12,122.45,192450,2023-12-06
2023-12-07 00:00:00,122.45,122.45,122.45,122.45,5906,2023-12-06
2023-12-07 00:20:00,122.45,122.45,122.45,122.45,2668,2023-12-06
2023-12-07 03:55:00,122.5,122.5,122.5,122.5,981,2023-12-06
2023-12-07 12:40:00,121.27,121.27,121.27,121.27,100,2023-12-07
2023-12-07 16:25:00,121.55,121.55,121.55,121.55,300,2023-12-07
2023-12-07 17:30:00,121.49,121.685,120.75,121.12,37572,2023-12-07
2023-12-07 17:35:00,121.03,121.32,121,121.28,27835,2023-12-07
2023-12-07 17:40:00,121.34,121.46,121.23,121.35,10307,2023-12-07
2023-12-07 17:45:00,121.355,121.52,121.355,121.5,16252,2023-12-07
2023-12-07 17:50:00,121.46,121.55,121.35,121.44,23077,2023-12-07
2023-12-07 17:55:00,121.44,121.71,121.44,121.67,19830,2023-12-07
2023-12-07 18:00:00,121.67,121.725,121.54,121.66,25746,2023-12-07
2023-12-07 18:05:00,121.68,121.89,121.68,121.8,17807,2023-12-07
2023-12-07 18:10:00,121.8,121.8844,121.71,121.865,16465,2023-12-07
2023-12-07 18:15:00,121.9,122.06,121.9,121.985,18046,2023-12-07
2023-12-07 18:20:00,121.9814,122.24,121.98,122.225,31127,2023-12-07
2023-12-07 18:25:00,122.2032,122.35,122.19,122.28,55423,2023-12-07
2023-12-07 18:30:00,122.29,122.405,122.2655,122.301,32522,2023-12-07
2023-12-07 18:35:00,122.306,122.365,122.278,122.295,26695,2023-12-07
2023-12-07 18:40:00,122.32,122.36,121.9901,122.02,28447,2023-12-07
2023-12-07 18:45:00,122.02,122.05,121.92,122.005,17589,2023-12-07
2023-12-07 18:50:00,122,122.04,121.83,121.84,16641,2023-12-07
2023-12-07 18:55:00,121.84,121.98,121.78,121.975,16792,2023-12-07
2023-12-07 19:00:00,121.975,121.995,121.84,121.84,24483,2023-12-07
2023-12-07 19:05:00,121.84,121.95,121.84,121.855,20237,2023-12-07
2023-12-07 19:10:00,121.85,121.85,121.76,121.805,15461,2023-12-07
2023-12-07 19:15:00,121.78,121.87,121.76,121.78,17445,2023-12-07
2023-12-07 19:20:00,121.8,121.91,121.7765,121.87,11766,2023-12-07
2023-12-07 19:25:00,121.87,121.87,121.72,121.72,13769,2023-12-07
2023-12-07 19:30:00,121.72,121.77,121.675,121.75,14210,2023-12-07
2023-12-07 19:35:00,121.8,121.97,121.8,121.955,21092,2023-12-07
2023-12-07 19:40:00,121.945,121.96,121.7701,121.88,27398,2023-12-07
2023-12-07 19:45:00,121.89,121.9827,121.87,121.915,11930,2023-12-07
2023-12-07 19:50:00,121.89,121.9025,121.64,121.66,25339,2023-12-07
2023-12-07 19:55:00,121.66,121.67,121.56,121.5975,25537,2023-12-07
2023-12-07 20:00:00,121.595,121.68,121.58,121.615,31620,2023-12-07
2023-12-07 20:05:00,121.655,121.68,121.55,121.55,14483,2023-12-07
2023-12-07 20:10:00,121.58,121.59,121.485,121.485,17793,2023-12-07
2023-12-07 20:15:00,121.48,121.63,121.48,121.57,32153,2023-12-07
2023-12-07 20:20:00,121.58,121.63,121.5,121.54,13337,2023-12-07
2023-12-07 20:25:00,121.54,121.54,121.28,121.3,13962,2023-12-07
2023-12-07 20:30:00,121.28,121.38,121.26,121.32,18147,2023-12-07
2023-12-07 20:35:00,121.32,121.41,121.32,121.36,14186,2023-12-07
2023-12-07 20:40:00,121.33,121.41,121.31,121.35,9031,2023-12-07
2023-12-07 20:45:00,121.345,121.36,121.31,121.34,7487,2023-12-07
2023-12-07 20:50:00,121.3325,121.36,121.27,121.34,17180,2023-12-07
2023-12-07 20:55:00,121.34,121.39,121.33,121.375,7595,2023-12-07
2023-12-07 21:00:00,121.355,121.46,121.325,121.4,9411,2023-12-07
2023-12-07 21:05:00,121.38,121.49,121.38,121.39,9911,2023-12-07
2023-12-07 21:10:00,121.385,121.5205,121.385,121.51,10850,2023-12-07
2023-12-07 21:15:00,121.49,121.54,121.48,121.52,6717,2023-12-07
2023-12-07 21:20:00,121.535,121.541,121.42,121.42,11228,2023-12-07
2023-12-07 21:25:00,121.4,121.4,121.3,121.35,10315,2023-12-07
2023-12-07 21:30:00,121.345,121.51,121.345,121.48,11013,2023-12-07
2023-12-07 21:35:00,121.495,121.6,121.4617,121.596,9993,2023-12-07
2023-12-07 21:40:00,121.6,121.64,121.54,121.6023,15314,2023-12-07
2023-12-07 21:45:00,121.565,121.73,121.565,121.73,8410,2023-12-07
2023-12-07 21:50:00,121.75,121.8,121.6527,121.6527,11656,2023-12-07
2023-12-07 21:55:00,121.65,121.77,121.65,121.74,8094,2023-12-07
2023-12-07 22:00:00,121.76,121.87,121.76,121.815,8360,2023-12-07
2023-12-07 22:05:00,121.805,121.85,121.79,121.815,9918,2023-12-07
2023-12-07 22:10:00,121.82,121.87,121.7968,121.865,12599,2023-12-07
2023-12-07 22:15:00,121.85,121.89,121.835,121.86,11564,2023-12-07
2023-12-07 22:20:00,121.85,121.88,121.77,121.775,9835,2023-12-07
2023-12-07 22:25:00,121.8,121.89,121.755,121.88,16828,2023-12-07
2023-12-07 22:30:00,121.88,121.92,121.77,121.77,10608,2023-12-07
2023-12-07 22:35:00,121.77,121.86,121.76,121.85,13349,2023-12-07
2023-12-07 22:40:00,121.845,121.88,121.73,121.73,13215,2023-12-07
2023-12-07 22:45:00,121.725,121.79,121.67,121.785,16065,2023-12-07
2023-12-07 22:50:00,121.79,121.8,121.62,121.66,16154,2023-12-07
2023-12-07 22:55:00,121.64,121.75,121.62,121.74,18697,2023-12-07
2023-12-07 23:00:00,121.75,121.81,121.69,121.69,15146,2023-12-07
2023-12-07 23:05:00,121.672,121.77,121.62,121.67,17189,2023-12-07
2023-12-07 23:10:00,121.66,121.74,121.63,121.69,12677,2023-12-07
2023-12-07 23:15:00,121.7,121.7,121.55,121.56,22745,2023-12-07
2023-12-07 23:20:00,121.5374,121.582,121.5,121.53,19952,2023-12-07
2023-12-07 23:25:00,121.535,121.57,121.45,121.45,18240,2023-12-07
2023-12-07 23:30:00,121.44,121.52,121.4,121.4,24973,2023-12-07
2023-12-07 23:35:00,121.4,121.455,121.39,121.43,26354,2023-12-07
2023-12-07 23:40:00,121.42,121.58,121.42,121.55,41767,2023-12-07
2023-12-07 23:45:00,121.54,121.635,121.5,121.55,36422,2023-12-07
2023-12-07 23:50:00,121.53,121.56,121.4,121.5,62442,2023-12-07
2023-12-07 23:55:00,121.49,121.55,121.29,121.45,192531,2023-12-07
2023-12-08 00:00:00,121.49,121.49,121.49,121.49,15457,2023-12-07
2023-12-08 00:20:00,121.49,121.49,121.49,121.49,3113,2023-12-07
2023-12-08 00:25:00,121.49,121.49,121.49,121.49,1215,2023-12-07
2023-12-08 17:30:00,121.32,121.44,120.5,120.615,19877,2023-12-08
2023-12-08 17:35:00,120.64,120.76,120.08,120.15,18603,2023-12-08
2023-12-08 17:40:00,120.2,120.46,120.17,120.37,12448,2023-12-08
2023-12-08 17:45:00,120.3301,120.575,120.32,120.43,14475,2023-12-08
2023-12-08 17:50:00,120.48,120.53,120.34,120.4,9834,2023-12-08
2023-12-08 17:55:00,120.35,120.49,120.34,120.4,4866,2023-12-08
2023-12-08 18:00:00,120.35,120.53,120.23,120.36,15403,2023-12-08
2023-12-08 18:05:00,120.3193,120.385,120.25,120.25,8198,2023-12-08
2023-12-08 18:10:00,120.31,120.57,120.31,120.57,11289,2023-12-08
2023-12-08 18:15:00,120.615,120.71,120.56,120.6415,11039,2023-12-08
2023-12-08 18:20:00,120.595,120.6399,120.34,120.375,10163,2023-12-08
2023-12-08 18:25:00,120.32,120.43,120.32,120.43,12267,2023-12-08
2023-12-08 18:30:00,120.445,120.445,120.34,120.37,13381,2023-12-08
2023-12-08 18:35:00,120.37,120.4,120.27,120.34,52413,2023-12-08
2023-12-08 18:40:00,120.365,120.4,120.335,120.36,6674,2023-12-08
2023-12-08 18:45:00,120.33,120.34,120.17,120.2963,14485,2023-12-08
2023-12-08 18:50:00,120.29,120.48,120.25,120.47,13947,2023-12-08
2023-12-08 18:55:00,120.48,120.685,120.48,120.685,11641,2023-12-08
2023-12-08 19:00:00,120.695,120.6985,120.54,120.57,11471,2023-12-08
2023-12-08 19:05:00,120.52,120.52,120.37,120.405,8549,2023-12-08
2023-12-08 19:10:00,120.4,120.45,120.35,120.36,10701,2023-12-08
2023-12-08 19:15:00,120.3311,120.3311,120.24,120.32,18775,2023-12-08
2023-12-08 19:20:00,120.27,120.35,120.25,120.26,20424,2023-12-08
2023-12-08 19:25:00,120.26,120.38,120.23,120.38,21779,2023-12-08
2023-12-08 19:30:00,120.3504,120.37,120.225,120.23,13959,2023-12-08
2023-12-08 19:35:00,120.25,120.28,120.16,120.19,12476,2023-12-08
2023-12-08 19:40:00,120.16,120.24,120.115,120.24,9452,2023-12-08
2023-12-08 19:45:00,120.2,120.21,120.03,120.03,11746,2023-12-08
2023-12-08 19:50:00,120.08,120.08,119.92,119.97,12328,2023-12-08
2023-12-08 19:55:00,119.9725,119.98,119.82,119.87,11218,2023-12-08
2023-12-08 20:00:00,119.87,119.98,119.87,119.98,6669,2023-12-08
2023-12-08 20:05:00,119.96,120.015,119.96,120.005,9785,2023-12-08
2023-12-08 20:10:00,120.02,120.02,119.96,120.01,9688,2023-12-08
2023-12-08 20:15:00,120.02,120.09,119.99,120.08,9498,2023-12-08
2023-12-08 20:20:00,120.105,120.105,120,120.03,8076,2023-12-08
2023-12-08 20:25:00,120.015,120.0799,120,120.02,9165,2023-12-08
2023-12-08 20:30:00,120.01,120.05,119.9901,120.0454,13917,2023-12-08
2023-12-08 20:35:00,120.05,120.11,120.05,120.095,5503,2023-12-08
2023-12-08 20:40:00,120.11,120.13,120.045,120.055,13383,2023-12-08
2023-12-08 20:45:00,120.04,120.08,120.01,120.07,10971,2023-12-08
2023-12-08 20:50:00,120.1,120.21,120.0997,120.2,11247,2023-12-08
2023-12-08 20:55:00,120.2108,120.24,120.17,120.2,9323,2023-12-08
2023-12-08 21:00:00,120.21,120.24,120.16,120.24,10588,2023-12-08
2023-12-08 21:05:00,120.25,120.28,120.21,120.22,9296,2023-12-08
2023-12-08 21:10:00,120.2,120.275,120.1995,120.235,10484,2023-12-08
2023-12-08 21:15:00,120.235,120.26,120.21,120.25,6952,2023-12-08
2023-12-08 21:20:00,120.3,120.3239,120.17,120.21,9931,2023-12-08
2023-12-08 21:25:00,120.1924,120.2,120.083,120.083,6397,2023-12-08
2023-12-08 21:30:00,120.11,120.13,119.95,119.9844,14317,2023-12-08
2023-12-08 21:35:00,119.97,120.03,119.948,119.98,15452,2023-12-08
2023-12-08 21:40:00,119.96,120.008,119.92,119.93,15506,2023-12-08
2023-12-08 21:45:00,119.92,119.9518,119.89,119.93,7862,2023-12-08
2023-12-08 21:50:00,119.955,120.05,119.928,120.05,10577,2023-12-08
2023-12-08 21:55:00,120.06,120.06,119.895,119.895,9221,2023-12-08
2023-12-08 22:00:00,119.875,119.98,119.87,119.95,10295,2023-12-08
2023-12-08 22:05:00,119.97,119.97,119.83,119.84,11270,2023-12-08
2023-12-08 22:10:00,119.84,119.86,119.785,119.785,13244,2023-12-08
2023-12-08 22:15:00,119.75,119.77,119.68,119.6981,18637,2023-12-08
2023-12-08 22:20:00,119.72,119.79,119.635,119.64,25629,2023-12-08
2023-12-08 22:25:00,119.64,119.67,119.5872,119.635,20124,2023-12-08
2023-12-08 22:30:00,119.6649,119.7999,119.65,119.7999,14715,2023-12-08
2023-12-08 22:35:00,119.795,119.805,119.695,119.695,12333,2023-12-08
2023-12-08 22:40:00,119.71,119.78,119.68,119.74,14721,2023-12-08
2023-12-08 22:45:00,119.74,119.74,119.62,119.64,13056,2023-12-08
2023-12-08 22:50:00,119.61,119.76,119.61,119.73,26328,2023-12-08
2023-12-08 22:55:00,119.7299,119.76,119.6645,119.75,19227,2023-12-08
2023-12-08 23:00:00,119.78,119.87,119.75,119.83,11507,2023-12-08
2023-12-08 23:05:00,119.825,119.83,119.7,119.82,16485,2023-12-08
2023-12-08 23:10:00,119.84,119.875,119.78,119.82,15191,2023-12-08
2023-12-08 23:15:00,119.8235,119.85,119.74,119.75,14827,2023-12-08
2023-12-08 23:20:00,119.75,119.78,119.72,119.755,17482,2023-12-08
2023-12-08 23:25:00,119.75,119.955,119.75,119.955,16593,2023-12-08
2023-12-08 23:30:00,119.96,119.98,119.85,119.88,19402,2023-12-08
2023-12-08 23:35:00,119.89,120.04,119.87,120.035,25835,2023-12-08
2023-12-08 23:40:00,120.04,120.105,119.975,120.045,34033,2023-12-08
2023-12-08 23:45:00,120.0419,120.11,120,120.0127,40381,2023-12-08
2023-12-08 23:50:00,120,120.1312,119.89,119.92,54099,2023-12-08
2023-12-08 23:55:00,119.93,119.99,119.79,119.93,161618,2023-12-08
2023-12-09 00:00:00,119.94,119.94,119.94,119.94,7106,2023-12-08
2023-12-09 00:05:00,119.94,119.94,119.94,119.94,1248,2023-12-08
2023-12-09 00:20:00,119.94,119.94,119.94,119.94,2355,2023-12-08
2023-12-11 16:00:00,119.95,119.95,119.95,119.95,132,2023-12-11
2023-12-11 17:30:00,120.31,120.5899,120.05,120.05,34820,2023-12-11
2023-12-11 17:35:00,120.05,120.42,119.97,120.025,16626,2023-12-11
2023-12-11 17:40:00,120.025,120.05,119.77,119.84,11909,2023-12-11
2023-12-11 17:45:00,119.88,119.92,119.59,119.845,12962,2023-12-11
2023-12-11 17:50:00,119.87,120.0207,119.82,119.92,11397,2023-12-11
2023-12-11 17:55:00,119.82,119.905,119.725,119.83,6572,2023-12-11
2023-12-11 18:00:00,119.82,120.09,119.8,120.0435,19010,2023-12-11
2023-12-11 18:05:00,120.065,120.09,119.93,119.985,16747,2023-12-11
2023-12-11 18:10:00,120.03,120.1891,120.01,120.034,15181,2023-12-11
2023-12-11 18:15:00,120.04,120.06,119.94,120.05,17776,2023-12-11
2023-12-11 18:20:00,120.07,120.085,119.97,119.99,21580,2023-12-11
2023-12-11 18:25:00,120.015,120.145,119.955,120.125,10083,2023-12-11
2023-12-11 18:30:00,120.15,120.19,120.08,120.1,7749,2023-12-11
2023-12-11 18:35:00,120.08,120.08,119.84,119.91,12811,2023-12-11
2023-12-11 18:40:00,119.9022,119.94,119.84,119.86,8943,2023-12-11
2023-12-11 18:45:00,119.86,120.18,119.84,120.18,17781,2023-12-11
2023-12-11 18:50:00,120.18,120.26,120.16,120.23,11123,2023-12-11
2023-12-11 18:55:00,120.22,120.32,120.15,120.175,21593,2023-12-11
2023-12-11 19:00:00,120.15,120.27,120.12,120.2,9737,2023-12-11
2023-12-11 19:05:00,120.215,120.36,120.215,120.36,11464,2023-12-11
2023-12-11 19:10:00,120.3712,120.38,120.31,120.33,10126,2023-12-11
2023-12-11 19:15:00,120.36,120.61,120.36,120.61,11456,2023-12-11
2023-12-11 19:20:00,120.6,120.615,120.48,120.53,25959,2023-12-11
2023-12-11 19:25:00,120.52,120.59,120.52,120.53,11336,2023-12-11
2023-12-11 19:30:00,120.52,120.58,120.47,120.495,14804,2023-12-11
2023-12-11 19:35:00,120.51,120.55,120.48,120.55,10084,2023-12-11
2023-12-11 19:40:00,120.5406,120.56,120.45,120.47,8172,2023-12-11
2023-12-11 19:45:00,120.46,120.46,120.3,120.33,12262,2023-12-11
2023-12-11 19:50:00,120.32,120.485,120.31,120.4774,9651,2023-12-11
2023-12-11 19:55:00,120.4817,120.5454,120.47,120.545,8398,2023-12-11
2023-12-11 20:00:00,120.5621,120.6,120.56,120.58,5652,2023-12-11
2023-12-11 20:05:00,120.58,120.61,120.49,120.505,7747,2023-12-11
2023-12-11 20:10:00,120.525,120.57,120.52,120.54,5906,2023-12-11
2023-12-11 20:15:00,120.5603,120.6,120.548,120.57,8353,2023-12-11
2023-12-11 20:20:00,120.5772,120.59,120.49,120.52,4725,2023-12-11
2023-12-11 20:25:00,120.515,120.54,120.41,120.41,8184,2023-12-11
2023-12-11 20:30:00,120.4,120.4,120.16,120.16,16018,2023-12-11
2023-12-11 20:35:00,120.1787,120.23,120.17,120.17,7741,2023-12-11
2023-12-11 20:40:00,120.19,120.21,120.14,120.21,11988,2023-12-11
2023-12-11 20:45:00,120.2,120.21,120.15,120.15,8090,2023-12-11
2023-12-11 20:50:00,120.165,120.18,120.03,120.04,13582,2023-12-11
2023-12-11 20:55:00,120.045,120.06,120,120.05,13427,2023-12-11
2023-12-11 21:00:00,120.05,120.11,119.99,120.09,12259,2023-12-11
2023-12-11 21:05:00,120.07,120.075,120,120,10054,2023-12-11
2023-12-11 21:10:00,119.9862,120.13,119.97,120.1,11129,2023-12-11
2023-12-11 21:15:00,120.13,120.21,120.112,120.1971,7826,2023-12-11
2023-12-11 21:20:00,120.18,120.23,120.18,120.215,9398,2023-12-11
2023-12-11 21:25:00,120.215,120.22,120.175,120.215,7060,2023-12-11
2023-12-11 21:30:00,120.23,120.23,120.1235,120.135,6617,2023-12-11
2023-12-11 21:35:00,120.135,120.235,120.13,120.22,7530,2023-12-11
2023-12-11 21:40:00,120.22,120.38,120.2,120.38,10666,2023-12-11
2023-12-11 21:45:00,120.34,120.39,120.32,120.36,9259,2023-12-11
2023-12-11 21:50:00,120.355,120.46,120.355,120.45,11024,2023-12-11
2023-12-11 21:55:00,120.47,120.525,120.41,120.41,23510,2023-12-11
2023-12-11 22:00:00,120.39,120.4,120.3401,120.39,6178,2023-12-11
2023-12-11 22:05:00,120.35,120.485,120.35,120.4303,13581,2023-12-11
2023-12-11 22:10:00,120.43,120.43,120.33,120.35,9463,2023-12-11
2023-12-11 22:15:00,120.34,120.39,120.3186,120.32,9792,2023-12-11
2023-12-11 22:20:00,120.33,120.3454,120.285,120.32,8464,2023-12-11
2023-12-11 22:25:00,120.32,120.32,120.28,120.285,7442,2023-12-11
2023-12-11 22:30:00,120.29,120.35,120.2786,120.35,9680,2023-12-11
2023-12-11 22:35:00,120.33,120.435,120.33,120.42,12554,2023-12-11
2023-12-11 22:40:00,120.4,120.4196,120.3102,120.325,12319,2023-12-11
2023-12-11 22:45:00,120.32,120.41,120.32,120.41,7883,2023-12-11
2023-12-11 22:50:00,120.425,120.455,120.41,120.435,10829,2023-12-11
2023-12-11 22:55:00,120.44,120.44,120.375,120.42,10121,2023-12-11
2023-12-11 23:00:00,120.45,120.45,120.31,120.34,9907,2023-12-11
2023-12-11 23:05:00,120.34,120.39,120.34,120.385,7324,2023-12-11
2023-12-11 23:10:00,120.35,120.4034,120.34,120.385,11260,2023-12-11
2023-12-11 23:15:00,120.41,120.41,120.33,120.39,10954,2023-12-11
2023-12-11 23:20:00,120.42,120.53,120.42,120.5,11743,2023-12-11
2023-12-11 23:25:00,120.55,120.63,120.52,120.63,13856,2023-12-11
2023-12-11 23:30:00,120.62,120.655,120.55,120.55,15877,2023-12-11
2023-12-11 23:35:00,120.57,120.72,120.56,120.72,17731,2023-12-11
2023-12-11 23:40:00,120.75,120.8,120.75,120.755,21891,2023-12-11
2023-12-11 23:45:00,120.755,120.76,120.67,120.67,25499,2023-12-11
2023-12-11 23:50:00,120.64,120.81,120.64,120.8,40281,2023-12-11
2023-12-11 23:55:00,120.81,121.02,120.81,120.98,87969,2023-12-11
2023-12-12 00:00:00,120.97,120.97,120.97,120.97,15504,2023-12-11
2023-12-12 00:05:00,120.97,120.97,120.97,120.97,8983,2023-12-11
2023-12-12 00:20:00,120.97,120.97,120.97,120.97,322,2023-12-11
2023-12-12 03:20:00,120.96,120.96,120.96,120.96,129,2023-12-11
2023-12-12 17:05:00,121.03,121.03,121.03,121.03,141,2023-12-12
2023-12-12 17:30:00,121.23,121.23,120.86,120.97,23683,2023-12-12
2023-12-12 17:35:00,120.955,121.32,120.93,121.18,23855,2023-12-12
2023-12-12 17:40:00,121.15,121.405,121.09,121.38,29604,2023-12-12
2023-12-12 17:45:00,121.37,121.375,121.19,121.21,10453,2023-12-12
2023-12-12 17:50:00,121.25,121.41,121.195,121.41,10410,2023-12-12
2023-12-12 17:55:00,121.41,121.41,121.12,121.12,28478,2023-12-12
2023-12-12 18:00:00,121.16,121.39,121.12,121.2,15825,2023-12-12
2023-12-12 18:05:00,121.21,121.375,121.21,121.335,12473,2023-12-12
2023-12-12 18:10:00,121.35,121.36,121.19,121.24,7318,2023-12-12
2023-12-12 18:15:00,121.25,121.25,121.09,121.15,7600,2023-12-12
2023-12-12 18:20:00,121.14,121.31,121.14,121.27,9685,2023-12-12
2023-12-12 18:25:00,121.28,121.31,121.24,121.3,9882,2023-12-12
2023-12-12 18:30:00,121.28,121.28,121.14,121.19,8629,2023-12-12
2023-12-12 18:35:00,121.19,121.28,121.18,121.275,11567,2023-12-12
2023-12-12 18:40:00,121.275,121.38,121.265,121.32,18158,2023-12-12
2023-12-12 18:45:00,121.29,121.4,121.27,121.331,12222,2023-12-12
2023-12-12 18:50:00,121.32,121.39,121.24,121.365,24947,2023-12-12
2023-12-12 18:55:00,121.38,121.53,121.38,121.435,15751,2023-12-12
2023-12-12 19:00:00,121.42,121.46,121.34,121.39,13360,2023-12-12
2023-12-12 19:05:00,121.37,121.37,121.2644,121.33,15209,2023-12-12
2023-12-12 19:10:00,121.33,121.35,121.22,121.26,13604,2023-12-12
2023-12-12 19:15:00,121.25,121.345,121.19,121.3171,26498,2023-12-12
2023-12-12 19:20:00,121.33,121.365,121.31,121.345,23330,2023-12-12
2023-12-12 19:25:00,121.3414,121.555,121.34,121.555,16205,2023-12-12
2023-12-12 19:30:00,121.57,121.6,121.48,121.48,35848,2023-12-12
2023-12-12 19:35:00,121.52,121.53,121.46,121.5,18361,2023-12-12
2023-12-12 19:40:00,121.505,121.58,121.48,121.57,20658,2023-12-12
2023-12-12 19:45:00,121.54,121.57,121.52,121.535,11037,2023-12-12
2023-12-12 19:50:00,121.5241,121.7,121.51,121.695,14182,2023-12-12
2023-12-12 19:55:00,121.67,121.77,121.67,121.755,8510,2023-12-12
2023-12-12 20:00:00,121.74,121.83,121.74,121.78,11594,2023-12-12
2023-12-12 20:05:00,121.8,121.8,121.7,121.7,22185,2023-12-12
2023-12-12 20:10:00,121.67,121.75,121.65,121.74,11614,2023-12-12
2023-12-12 20:15:00,121.75,121.77,121.67,121.6901,8545,2023-12-12
2023-12-12 20:20:00,121.71,121.71,121.64,121.66,6178,2023-12-12
2023-12-12 20:25:00,121.62,121.63,121.54,121.55,8473,2023-12-12
2023-12-12 20:30:00,121.55,121.57,121.4904,121.525,8721,2023-12-12
2023-12-12 20:35:00,121.51,121.52,121.46,121.49,5824,2023-12-12
2023-12-12 20:40:00,121.49,121.5,121.455,121.5,8407,2023-12-12
2023-12-12 20:45:00,121.47,121.525,121.465,121.52,6311,2023-12-12
2023-12-12 20:50:00,121.525,121.525,121.29,121.35,11347,2023-12-12
2023-12-12 20:55:00,121.35,121.35,121.23,121.23,7859,2023-12-12
2023-12-12 21:00:00,121.21,121.31,121.185,121.24,12936,2023-12-12
2023-12-12 21:05:00,121.25,121.27,121.14,121.16,6569,2023-12-12
2023-12-12 21:10:00,121.14,121.21,121.09,121.195,9871,2023-12-12
2023-12-12 21:15:00,121.185,121.22,121.18,121.19,6065,2023-12-12
2023-12-12 21:20:00,121.175,121.225,121.175,121.195,9633,2023-12-12
2023-12-12 21:25:00,121.21,121.23,121.06,121.1,13146,2023-12-12
2023-12-12 21:30:00,121.1,121.2,121.095,121.2,10188,2023-12-12
2023-12-12 21:35:00,121.2,121.23,121.1377,121.209,15429,2023-12-12
2023-12-12 21:40:00,121.176,121.22,121.176,121.19,7830,2023-12-12
2023-12-12 21:45:00,121.17,121.17,121.01,121.06,10110,2023-12-12
2023-12-12 21:50:00,121.07,121.16,121.04,121.15,15504,2023-12-12
2023-12-12 21:55:00,121.15,121.22,121.1334,121.18,10664,2023-12-12
2023-12-12 22:00:00,121.185,121.2,121.13,121.19,8283,2023-12-12
2023-12-12 22:05:00,121.2,121.26,121.1703,121.19,11759,2023-12-12
2023-12-12 22:10:00,121.2,121.255,121.17,121.19,7140,2023-12-12
2023-12-12 22:15:00,121.171,121.25,121.1515,121.23,10365,2023-12-12
2023-12-12 22:20:00,121.2525,121.255,121.1701,121.22,12499,2023-12-12
2023-12-12 22:25:00,121.23,121.255,121.21,121.22,15655,2023-12-12
2023-12-12 22:30:00,121.23,121.26,121.19,121.23,10137,2023-12-12
2023-12-12 22:35:00,121.24,121.26,121.19,121.245,8646,2023-12-12
2023-12-12 22:40:00,121.25,121.315,121.25,121.29,11081,2023-12-12
2023-12-12 22:45:00,121.29,121.4,121.29,121.32,12550,2023-12-12
2023-12-12 22:50:00,121.305,121.34,121.265,121.2837,11447,2023-12-12
2023-12-12 22:55:00,121.26,121.36,121.26,121.34,20726,2023-12-12
2023-12-12 23:00:00,121.34,121.48,121.34,121.48,16105,2023-12-12
2023-12-12 23:05:00,121.5,121.69,121.5,121.69,13226,2023-12-12
2023-12-12 23:10:00,121.69,121.69,121.48,121.58,20103,2023-12-12
2023-12-12 23:15:00,121.6,121.66,121.53,121.56,16078,2023-12-12
2023-12-12 23:20:00,121.56,121.58,121.51,121.58,14890,2023-12-12
2023-12-12 23:25:00,121.57,121.5808,121.51,121.53,18622,2023-12-12
2023-12-12 23:30:00,121.53,121.67,121.52,121.65,27139,2023-12-12
2023-12-12 23:35:00,121.645,121.655,121.57,121.58,31306,2023-12-12
2023-12-12 23:40:00,121.585,121.64,121.55,121.55,23769,2023-12-12
2023-12-12 23:45:00,121.54,121.55,121.49,121.49,33821,2023-12-12
2023-12-12 23:50:00,121.49,121.63,121.48,121.56,52876,2023-12-12
2023-12-12 23:55:00,121.58,121.76,121.56,121.74,161938,2023-12-12
2023-12-13 00:00:00,121.77,121.77,121.77,121.77,7439,2023-12-12
2023-12-13 00:05:00,121.77,121.77,121.77,121.77,676,2023-12-12
2023-12-13 00:20:00,121.77,121.77,121.77,121.77,373,2023-12-12
2023-12-13 16:50:00,122.03,122.03,122.03,122.03,100,2023-12-13
2023-12-13 17:25:00,121.02,121.02,121,121,650,2023-12-13
2023-12-13 17:30:00,121.16,121.5599,120.8,121.04,39573,2023-12-13
2023-12-13 17:35:00,121.09,121.55,121.08,121.55,13249,2023-12-13
2023-12-13 17:40:00,121.57,121.64,121.31,121.39,12452,2023-12-13
2023-12-13 17:45:00,121.4,121.63,121.2225,121.5956,14857,2023-12-13
2023-12-13 17:50:00,121.6,121.6333,121.5255,121.56,15303,2023-12-13
2023-12-13 17:55:00,121.55,121.66,121.46,121.545,21821,2023-12-13
2023-12-13 18:00:00,121.555,121.74,121.48,121.63,20601,2023-12-13
2023-12-13 18:05:00,121.61,121.82,121.5737,121.67,57247,2023-12-13
2023-12-13 18:10:00,121.7,121.92,121.62,121.88,22121,2023-12-13
2023-12-13 18:15:00,121.905,122.07,121.88,122.07,21664,2023-12-13
2023-12-13 18:20:00,122.065,122.14,121.99,122.12,17356,2023-12-13
2023-12-13 18:25:00,122.125,122.14,122.01,122.08,22124,2023-12-13
2023-12-13 18:30:00,122.08,122.11,122.02,122.1,17032,2023-12-13
2023-12-13 18:35:00,122.095,122.25,122.0803,122.2,18087,2023-12-13
2023-12-13 18:40:00,122.2,122.25,122.125,122.25,14291,2023-12-13
2023-12-13 18:45:00,122.22,122.31,122.2,122.3,16053,2023-12-13
2023-12-13 18:50:00,122.29,122.33,122.23,122.24,14336,2023-12-13
2023-12-13 18:55:00,122.24,122.285,122.08,122.09,13980,2023-12-13
2023-12-13 19:00:00,122.12,122.19,122.1001,122.13,16382,2023-12-13
2023-12-13 19:05:00,122.125,122.26,122.125,122.23,9278,2023-12-13
2023-12-13 19:10:00,122.24,122.37,122.24,122.37,15335,2023-12-13
2023-12-13 19:15:00,122.37,122.4,122.365,122.4,12638,2023-12-13
2023-12-13 19:20:00,122.39,122.49,122.39,122.445,23539,2023-12-13
2023-12-13 19:25:00,122.45,122.46,122.34,122.36,12091,2023-12-13
2023-12-13 19:30:00,122.36,122.46,122.34,122.46,13501,2023-12-13
2023-12-13 19:35:00,122.46,122.54,122.385,122.41,53405,2023-12-13
2023-12-13 19:40:00,122.42,122.45,122.39,122.41,7730,2023-12-13
2023-12-13 19:45:00,122.41,122.48,122.41,122.44,12672,2023-12-13
2023-12-13 19:50:00,122.445,122.48,122.31,122.34,11644,2023-12-13
2023-12-13 19:55:00,122.3352,122.46,122.3352,122.46,5920,2023-12-13
2023-12-13 20:00:00,122.45,122.4908,122.4,122.48,8975,2023-12-13
2023-12-13 20:05:00,122.47,122.58,122.45,122.55,11305,2023-12-13
2023-12-13 20:10:00,122.531,122.56,122.475,122.49,6715,2023-12-13
2023-12-13 20:15:00,122.485,122.5656,122.48,122.545,9948,2023-12-13
2023-12-13 20:20:00,122.55,122.57,122.53,122.56,7618,2023-12-13
2023-12-13 20:25:00,122.57,122.615,122.51,122.53,11403,2023-12-13
2023-12-13 20:30:00,122.55,122.7,122.53,122.7,9637,2023-12-13
2023-12-13 20:35:00,122.7,122.72,122.6171,122.63,11138,2023-12-13
2023-12-13 20:40:00,122.63,122.68,122.6,122.675,6848,2023-12-13
2023-12-13 20:45:00,122.65,122.67,122.6,122.65,6778,2023-12-13
2023-12-13 20:50:00,122.63,122.6325,122.545,122.56,9265,2023-12-13
2023-12-13 20:55:00,122.545,122.58,122.52,122.52,6590,2023-12-13
2023-12-13 21:00:00,122.53,122.53,122.48,122.51,6506,2023-12-13
2023-12-13 21:05:00,122.545,122.57,122.51,122.53,10755,2023-12-13
2023-12-13 21:10:00,122.55,122.61,122.537,122.61,8690,2023-12-13
2023-12-13 21:15:00,122.6,122.63,122.55,122.6,9506,2023-12-13
2023-12-13 21:20:00,122.5875,122.62,122.58,122.58,5763,2023-12-13
2023-12-13 21:25:00,122.57,122.59,122.56,122.59,6102,2023-12-13
2023-12-13 21:30:00,122.61,122.67,122.6,122.67,9765,2023-12-13
2023-12-13 21:35:00,122.655,122.66,122.62,122.62,9311,2023-12-13
2023-12-13 21:40:00,122.63,122.63,122.47,122.48,20579,2023-12-13
2023-12-13 21:45:00,122.48,122.55,122.47,122.545,11802,2023-12-13
2023-12-13 21:50:00,122.55,122.61,122.53,122.53,9567,2023-12-13
2023-12-13 21:55:00,122.55,122.57,122.45,122.45,8220,2023-12-13
2023-12-13 22:00:00,122.45,122.765,122.42,122.71,19158,2023-12-13
2023-12-13 22:05:00,122.69,122.78,122.655,122.71,10233,2023-12-13
2023-12-13 22:10:00,122.71,122.84,122.67,122.8,14601,2023-12-13
2023-12-13 22:15:00,122.76,122.78,122.66,122.66,8593,2023-12-13
2023-12-13 22:20:00,122.68,122.81,122.58,122.76,26447,2023-12-13
2023-12-13 22:25:00,122.73,122.9,122.72,122.84,30804,2023-12-13
2023-12-13 22:30:00,122.825,122.89,122.8,122.88,14067,2023-12-13
2023-12-13 22:35:00,122.86,123,122.84,122.92,37639,2023-12-13
2023-12-13 22:40:00,122.95,123.09,122.92,123.04,62311,2023-12-13
2023-12-13 22:45:00,123.04,123.16,122.93,123.01,46901,2023-12-13
2023-12-13 22:50:00,122.97,123.11,122.9516,123.06,16137,2023-12-13
2023-12-13 22:55:00,123.055,123.24,123.04,123.14,26645,2023-12-13
2023-12-13 23:00:00,123.14,123.24,123.06,123.22,19770,2023-12-13
2023-12-13 23:05:00,123.24,123.24,123.07,123.08,19133,2023-12-13
2023-12-13 23:10:00,123.05,123.13,123.0124,123.11,23549,2023-12-13
2023-12-13 23:15:00,123.115,123.21,123.075,123.19,22727,2023-12-13
2023-12-13 23:20:00,123.19,123.26,123.17,123.23,18593,2023-12-13
2023-12-13 23:25:00,123.24,123.33,123.18,123.32,23219,2023-12-13
2023-12-13 23:30:00,123.31,123.32,123.17,123.18,24549,2023-12-13
2023-12-13 23:35:00,123.18,123.455,123.1792,123.41,26349,2023-12-13
2023-12-13 23:40:00,123.42,123.44,123.3373,123.365,25755,2023-12-13
2023-12-13 23:45:00,123.38,123.4,123.21,123.25,50465,2023-12-13
2023-12-13 23:50:00,123.27,123.43,123.25,123.415,61776,2023-12-13
2023-12-13 23:55:00,123.42,123.66,123.42,123.625,154320,2023-12-13
2023-12-14 00:00:00,123.62,123.74,123.62,123.74,19100,2023-12-13
2023-12-14 00:20:00,123.62,123.62,123.62,123.62,128,2023-12-13
2023-12-14 01:20:00,123.62,123.62,123.62,123.62,1915,2023-12-13
2023-12-14 03:45:00,123.76,123.76,123.76,123.76,480,2023-12-13
2023-12-14 16:00:00,123.853,123.853,123.853,123.853,111,2023-12-14
2023-12-14 16:50:00,123.8,123.8,123.8,123.8,100,2023-12-14
2023-12-14 17:05:00,123.88,123.88,123.88,123.88,135,2023-12-14
2023-12-14 17:30:00,123.52,123.52,122.47,123.1611,40351,2023-12-14
2023-12-14 17:35:00,123.1,123.38,122.85,123,17657,2023-12-14
2023-12-14 17:40:00,122.93,123.0186,122.71,122.99,16288,2023-12-14
2023-12-14 17:45:00,122.95,123.01,122.71,122.85,14652,2023-12-14
2023-12-14 17:50:00,122.825,122.9,122.49,122.49,19426,2023-12-14
2023-12-14 17:55:00,122.57,122.62,122.45,122.61,9326,2023-12-14
2023-12-14 18:00:00,122.635,122.72,122.26,122.2776,15054,2023-12-14
2023-12-14 18:05:00,122.27,122.5289,122.265,122.49,13685,2023-12-14
2023-12-14 18:10:00,122.4517,122.67,122.4517,122.53,16415,2023-12-14
2023-12-14 18:15:00,122.52,122.585,122.41,122.42,13423,2023-12-14
2023-12-14 18:20:00,122.405,122.48,122.27,122.3,15482,2023-12-14
2023-12-14 18:25:00,122.285,122.4276,122.11,122.41,14699,2023-12-14
2023-12-14 18:30:00,122.43,122.44,122.3,122.42,15219,2023-12-14
2023-12-14 18:35:00,122.4,122.5585,122.34,122.5585,12305,2023-12-14
2023-12-14 18:40:00,122.57,122.8,122.57,122.755,12791,2023-12-14
2023-12-14 18:45:00,122.775,122.84,122.71,122.815,19743,2023-12-14
2023-12-14 18:50:00,122.81,122.9491,122.79,122.808,17478,2023-12-14
2023-12-14 18:55:00,122.8359,122.855,122.71,122.735,21050,2023-12-14
2023-12-14 19:00:00,122.74,122.76,122.55,122.605,45180,2023-12-14
2023-12-14 19:05:00,122.6,122.7,122.53,122.7,28200,2023-12-14
2023-12-14 19:10:00,122.65,122.65,122.29,122.3083,12507,2023-12-14
2023-12-14 19:15:00,122.31,122.3125,122.03,122.0704,16562,2023-12-14
2023-12-14 19:20:00,122.09,122.18,121.97,122.17,24299,2023-12-14
2023-12-14 19:25:00,122.1788,122.23,122.15,122.215,17090,2023-12-14
2023-12-14 19:30:00,122.215,122.37,122.14,122.37,17507,2023-12-14
2023-12-14 19:35:00,122.34,122.435,122.27,122.415,16724,2023-12-14
2023-12-14 19:40:00,122.4,122.53,122.4,122.52,14422,2023-12-14
2023-12-14 19:45:00,122.49,122.65,122.49,122.65,14131,2023-12-14
2023-12-14 19:50:00,122.655,122.78,122.63,122.68,18586,2023-12-14
2023-12-14 19:55:00,122.68,122.68,122.46,122.48,7319,2023-12-14
2023-12-14 20:00:00,122.5,122.52,122.2665,122.27,15846,2023-12-14
2023-12-14 20:05:00,122.31,122.31,122.16,122.16,12930,2023-12-14
2023-12-14 20:10:00,122.18,122.27,122.09,122.19,17023,2023-12-14
2023-12-14 20:15:00,122.21,122.32,122.17,122.315,9236,2023-12-14
2023-12-14 20:20:00,122.31,122.385,122.27,122.29,10640,2023-12-14
2023-12-14 20:25:00,122.28,122.31,122.23,122.265,8895,2023-12-14
2023-12-14 20:30:00,122.28,122.32,122.14,122.16,12034,2023-12-14
2023-12-14 20:35:00,122.14,122.14,122.06,122.1,7919,2023-12-14
2023-12-14 20:40:00,122.12,122.19,122.07,122.09,13348,2023-12-14
2023-12-14 20:45:00,122.065,122.14,121.9,122.13,12760,2023-12-14
2023-12-14 20:50:00,122.11,122.2,122.09,122.1,7581,2023-12-14
2023-12-14 20:55:00,122.06,122.15,122.05,122.07,10429,2023-12-14
2023-12-14 21:00:00,122.055,122.149,121.965,121.99,9333,2023-12-14
2023-12-14 21:05:00,121.97,121.997,121.825,121.83,14469,2023-12-14
2023-12-14 21:10:00,121.83,121.94,121.7747,121.92,21014,2023-12-14
2023-12-14 21:15:00,121.92,121.94,121.75,121.8,16887,2023-12-14
2023-12-14 21:20:00,121.83,121.9175,121.8122,121.905,19967,2023-12-14
2023-12-14 21:25:00,121.915,121.93,121.74,121.755,30212,2023-12-14
2023-12-14 21:30:00,121.78,121.79,121.59,121.59,12913,2023-12-14
2023-12-14 21:35:00,121.585,121.63,121.42,121.4716,10966,2023-12-14
2023-12-14 21:40:00,121.46,121.53,121.42,121.49,22110,2023-12-14
2023-12-14 21:45:00,121.49,121.53,121.31,121.31,26014,2023-12-14
2023-12-14 21:50:00,121.325,121.34,121.12,121.15,13719,2023-12-14
2023-12-14 21:55:00,121.14,121.44,121.135,121.37,35404,2023-12-14
2023-12-14 22:00:00,121.375,121.48,121.25,121.295,15224,2023-12-14
2023-12-14 22:05:00,121.271,121.29,121.23,121.25,24445,2023-12-14
2023-12-14 22:10:00,121.2522,121.39,121.24,121.36,19708,2023-12-14
2023-12-14 22:15:00,121.33,121.34,121.25,121.3,11497,2023-12-14
2023-12-14 22:20:00,121.27,121.3,121.1,121.1997,34542,2023-12-14
2023-12-14 22:25:00,121.205,121.265,121.12,121.165,17709,2023-12-14
2023-12-14 22:30:00,121.16,121.165,121.0835,121.12,14735,2023-12-14
2023-12-14 22:35:00,121.1,121.14,121.06,121.1,12132,2023-12-14
2023-12-14 22:40:00,121.095,121.095,120.975,121.06,12280,2023-12-14
2023-12-14 22:45:00,121.08,121.09,120.94,120.95,12248,2023-12-14
2023-12-14 22:50:00,120.955,120.955,120.77,120.775,14532,2023-12-14
2023-12-14 22:55:00,120.7981,121.01,120.73,120.96,16915,2023-12-14
2023-12-14 23:00:00,120.96,121,120.88,120.96,15078,2023-12-14
2023-12-14 23:05:00,120.99,121.03,120.89,120.94,22668,2023-12-14
2023-12-14 23:10:00,120.93,120.99,120.85,120.89,17541,2023-12-14
2023-12-14 23:15:00,120.875,121.025,120.86,121.0017,16521,2023-12-14
2023-12-14 23:20:00,121.005,121.0054,120.92,120.92,18001,2023-12-14
2023-12-14 23:25:00,120.91,120.98,120.88,120.91,21102,2023-12-14
2023-12-14 23:30:00,120.901,121.015,120.9,120.96,30298,2023-12-14
2023-12-14 23:35:00,120.95,121.0601,120.931,120.99,24623,2023-12-14
2023-12-14 23:40:00,121,121,120.771,120.771,28435,2023-12-14
2023-12-14 23:45:00,120.79,120.875,120.71,120.805,69411,2023-12-14
2023-12-14 23:50:00,120.78,120.78,120.65,120.681,54834,2023-12-14
2023-12-14 23:55:00,120.7,120.87,120.69,120.85,156535,2023-12-14
2023-12-15 00:00:00,120.84,120.84,120.84,120.84,4302,2023-12-14
2023-12-15 00:15:00,121.09,121.09,121.09,121.09,1000,2023-12-14
2023-12-15 01:25:00,120.75,120.75,120.75,120.75,122,2023-12-14
2023-12-15 02:00:00,120.998,120.998,120.998,120.998,100,2023-12-14
2023-12-15 02:50:00,121,121,121,121,100,2023-12-14
2023-12-15 14:00:00,120.24,120.52,119.25,119.3,2200,2023-12-15
2023-12-15 14:05:00,118.43,118.43,118.43,118.43,1094,2023-12-15
2023-12-15 14:20:00,119.22,119.28,119.22,119.28,267,2023-12-15
2023-12-15 15:00:00,119.36,120,119.36,119.65,22167,2023-12-15
2023-12-15 15:40:00,119.68,119.68,119.68,119.68,372,2023-12-15
2023-12-15 15:50:00,119.7,119.7,119.65,119.7,1117,2023-12-15
2023-12-15 16:00:00,119.79,119.79,119.68,119.68,1071,2023-12-15
2023-12-15 16:15:00,119.7,119.7,119.7,119.7,1000,2023-12-15
2023-12-15 16:20:00,119.72,119.72,119.72,119.72,500,2023-12-15
2023-12-15 16:25:00,119.7,119.7,119.7,119.7,317,2023-12-15
2023-12-15 16:30:00,119.77,119.77,119.77,119.77,523,2023-12-15
2023-12-15 16:35:00,119.7,119.7,119.7,119.7,856,2023-12-15
2023-12-15 16:50:00,119.6,119.6,119.6,119.6,501,2023-12-15
2023-12-15 17:15:00,119.57,119.57,119.57,119.57,251,2023-12-15
2023-12-15 17:20:00,119.45,119.45,119.45,119.45,351,2023-12-15
2023-12-15 17:25:00,119.25,119.35,119.25,119.35,1379,2023-12-15
2023-12-15 17:30:00,119.58,119.59,119.08,119.27,12655,2023-12-15
2023-12-15 17:35:00,119.08,119.32,118.4,118.7,381077,2023-12-15
2023-12-15 17:40:00,118.805,119.15,118.63,118.72,65465,2023-12-15
2023-12-15 17:45:00,118.705,118.82,118.24,118.82,70563,2023-12-15
2023-12-15 17:50:00,118.86,119.2,118.7975,119.095,77800,2023-12-15
2023-12-15 17:55:00,119.095,119.11,118.77,118.88,29343,2023-12-15
2023-12-15 18:00:00,118.91,118.91,118.75,118.87,43953,2023-12-15
2023-12-15 18:05:00,118.83,119,118.6801,118.6801,31060,2023-12-15
2023-12-15 18:10:00,118.72,118.99,118.58,118.945,79844,2023-12-15
2023-12-15 18:15:00,118.93,119.09,118.77,119.04,25407,2023-12-15
2023-12-15 18:20:00,119.055,119.27,119.03,119.2,31828,2023-12-15
2023-12-15 18:25:00,119.2,119.3,119.18,119.22,26808,2023-12-15
2023-12-15 18:30:00,119.22,119.46,119.17,119.255,23593,2023-12-15
2023-12-15 18:35:00,119.26,119.28,119.135,119.265,30703,2023-12-15
2023-12-15 18:40:00,119.26,119.27,119.2,119.235,34595,2023-12-15
2023-12-15 18:45:00,119.225,119.27,119.17,119.215,32584,2023-12-15
2023-12-15 18:50:00,119.22,119.32,119.17,119.245,27594,2023-12-15
2023-12-15 18:55:00,119.26,119.45,119.26,119.395,29776,2023-12-15
2023-12-15 19:00:00,119.395,119.485,119.3681,119.4742,21461,2023-12-15
2023-12-15 19:05:00,119.475,119.59,119.45,119.585,23299,2023-12-15
2023-12-15 19:10:00,119.56,119.7,119.56,119.68,14559,2023-12-15
2023-12-15 19:15:00,119.69,119.785,119.69,119.7,16400,2023-12-15
2023-12-15 19:20:00,119.7,119.7,119.42,119.435,30406,2023-12-15
2023-12-15 19:25:00,119.4318,119.6299,119.4,119.595,29052,2023-12-15
2023-12-15 19:30:00,119.61,119.82,119.61,119.82,16073,2023-12-15
2023-12-15 19:35:00,119.794,119.8,119.68,119.72,19665,2023-12-15
2023-12-15 19:40:00,119.725,119.75,119.5684,119.6,13595,2023-12-15
2023-12-15 19:45:00,119.59,119.63,119.55,119.63,14768,2023-12-15
2023-12-15 19:50:00,119.6416,119.65,119.57,119.598,22365,2023-12-15
2023-12-15 19:55:00,119.59,119.595,119.45,119.53,14904,2023-12-15
2023-12-15 20:00:00,119.54,119.625,119.45,119.55,49248,2023-12-15
2023-12-15 20:05:00,119.52,119.6,119.52,119.555,11564,2023-12-15
2023-12-15 20:10:00,119.565,119.58,119.34,119.34,11042,2023-12-15
2023-12-15 20:15:00,119.315,119.51,119.315,119.485,12074,2023-12-15
2023-12-15 20:20:00,119.475,119.55,119.4,119.43,12436,2023-12-15
2023-12-15 20:25:00,119.4138,119.47,119.4138,119.45,10059,2023-12-15
2023-12-15 20:30:00,119.47,119.48,119.42,119.42,18555,2023-12-15
2023-12-15 20:35:00,119.38,119.395,119.22,119.22,23326,2023-12-15
2023-12-15 20:40:00,119.23,119.24,119.11,119.12,24689,2023-12-15
2023-12-15 20:45:00,119.115,119.19,119.07,119.16,24360,2023-12-15
2023-12-15 20:50:00,119.12,119.17,118.98,118.98,23558,2023-12-15
2023-12-15 20:55:00,118.99,119.03,118.98,119,21217,2023-12-15
2023-12-15 21:00:00,119,119.06,118.97,118.97,23670,2023-12-15
2023-12-15 21:05:00,118.97,119.035,118.96,119.035,17487,2023-12-15
2023-12-15 21:10:00,119.035,119.035,118.88,118.88,19784,2023-12-15
2023-12-15 21:15:00,118.87,118.92,118.85,118.9127,21194,2023-12-15
2023-12-15 21:20:00,118.915,119.02,118.91,118.975,20545,2023-12-15
2023-12-15 21:25:00,118.96,118.96,118.86,118.93,19248,2023-12-15
2023-12-15 21:30:00,118.91,118.95,118.85,118.88,23807,2023-12-15
2023-12-15 21:35:00,118.875,118.97,118.82,118.85,19411,2023-12-15
2023-12-15 21:40:00,118.84,118.8748,118.78,118.87,31271,2023-12-15
2023-12-15 21:45:00,118.87,118.89,118.8162,118.85,24797,2023-12-15
2023-12-15 21:50:00,118.83,118.89,118.77,118.89,33890,2023-12-15
2023-12-15 21:55:00,118.89,119.02,118.83,119.02,27289,2023-12-15
2023-12-15 22:00:00,119,119.002,118.795,118.8,43084,2023-12-15
2023-12-15 22:05:00,118.79,118.89,118.73,118.88,24554,2023-12-15
2023-12-15 22:10:00,118.88,118.95,118.83,118.95,17918,2023-12-15
2023-12-15 22:15:00,118.95,119.02,118.94,118.99,8178,2023-12-15
2023-12-15 22:20:00,118.995,119.105,118.9808,119.105,17079,2023-12-15
2023-12-15 22:25:00,119.105,119.19,119.085,119.175,27630,2023-12-15
2023-12-15 22:30:00,119.18,119.3,119.18,119.26,19154,2023-12-15
2023-12-15 22:35:00,119.255,119.33,119.18,119.33,15720,2023-12-15
2023-12-15 22:40:00,119.335,119.38,119.31,119.345,12875,2023-12-15
2023-12-15 22:45:00,119.345,119.45,119.3338,119.45,21637,2023-12-15
2023-12-15 22:50:00,119.455,119.48,119.435,119.435,14968,2023-12-15
2023-12-15 22:55:00,119.435,119.435,119.33,119.405,23239,2023-12-15
2023-12-15 23:00:00,119.45,119.55,119.44,119.49,17548,2023-12-15
2023-12-15 23:05:00,119.495,119.69,119.49,119.65,30418,2023-12-15
2023-12-15 23:10:00,119.65,119.69,119.46,119.46,26428,2023-12-15
2023-12-15 23:15:00,119.41,119.5,119.41,119.48,20183,2023-12-15
2023-12-15 23:20:00,119.475,119.51,119.4,119.47,25820,2023-12-15
2023-12-15 23:25:00,119.47,119.54,119.37,119.4575,27290,2023-12-15
2023-12-15 23:30:00,119.4754,119.52,119.3901,119.515,30470,2023-12-15
2023-12-15 23:35:00,119.52,119.52,119.345,119.355,33560,2023-12-15
2023-12-15 23:40:00,119.36,119.47,119.3325,119.44,56043,2023-12-15
2023-12-15 23:45:00,119.45,119.4644,119.3,119.3,58211,2023-12-15
2023-12-15 23:50:00,119.3,119.6,119.28,119.45,94394,2023-12-15
2023-12-15 23:55:00,119.46,119.9,119.44,119.45,284359,2023-12-15
2023-12-16 00:00:00,119.44,119.44,119.37,119.44,313894,2023-12-15
2023-12-16 00:10:00,119.44,119.44,119.44,119.44,1019,2023-12-15
2023-12-16 00:15:00,119.37,119.37,119.37,119.37,1850,2023-12-15
2023-12-16 01:45:00,119.37,119.37,119.37,119.37,300,2023-12-15
2023-12-16 02:00:00,119.3,119.3,119.3,119.3,800,2023-12-15
2023-12-16 02:05:00,119.3,119.3,119.3,119.3,300,2023-12-15
2023-12-16 02:10:00,119.3,119.3,119.3,119.3,100,2023-12-15
2023-12-16 02:45:00,119.3,119.3,119.3,119.3,300,2023-12-15
2023-12-16 03:15:00,119.3,119.3,119.3,119.3,724,2023-12-15
2023-12-18 16:00:00,119.6986,119.6986,119.6986,119.6986,100,2023-12-18
2023-12-18 17:30:00,119.78,120.28,119.5106,119.745,41989,2023-12-18
2023-12-18 17:35:00,119.81,120.2,119.655,120.145,15671,2023-12-18
2023-12-18 17:40:00,120.15,120.15,119.72,119.79,10526,2023-12-18
2023-12-18 17:45:00,119.87,120.12,119.86,120.04,11535,2023-12-18
2023-12-18 17:50:00,120.07,120.09,119.8,119.87,10758,2023-12-18
2023-12-18 17:55:00,119.85,119.99,119.77,119.86,17561,2023-12-18
2023-12-18 18:00:00,119.86,119.975,119.81,119.95,19942,2023-12-18
2023-12-18 18:05:00,119.97,120.06,119.83,119.84,22981,2023-12-18
2023-12-18 18:10:00,119.86,120.04,119.855,119.97,25692,2023-12-18
2023-12-18 18:15:00,119.99,120.13,119.9433,120.08,12606,2023-12-18
2023-12-18 18:20:00,120.05,120.08,119.93,120.07,11652,2023-12-18
2023-12-18 18:25:00,120.0794,120.195,120.07,120.08,10846,2023-12-18
2023-12-18 18:30:00,120.1207,120.23,120.08,120.145,11046,2023-12-18
2023-12-18 18:35:00,120.16,120.4409,120.13,120.39,11204,2023-12-18
2023-12-18 18:40:00,120.419,120.4916,120.36,120.46,13992,2023-12-18
2023-12-18 18:45:00,120.44,120.554,120.425,120.55,24862,2023-12-18
2023-12-18 18:50:00,120.525,120.53,120.34,120.35,10701,2023-12-18
2023-12-18 18:55:00,120.365,120.47,120.35,120.47,10447,2023-12-18
2023-12-18 19:00:00,120.46,120.635,120.46,120.62,12132,2023-12-18
2023-12-18 19:05:00,120.64,120.74,120.62,120.72,13530,2023-12-18
2023-12-18 19:10:00,120.7,120.74,120.65,120.7,13401,2023-12-18
2023-12-18 19:15:00,120.7,120.76,120.52,120.61,29731,2023-12-18
2023-12-18 19:20:00,120.64,120.85,120.62,120.85,10604,2023-12-18
2023-12-18 19:25:00,120.9,121,120.76,120.76,13499,2023-12-18
2023-12-18 19:30:00,120.81,120.89,120.79,120.88,11653,2023-12-18
2023-12-18 19:35:00,120.8844,121.05,120.86,121.03,11880,2023-12-18
2023-12-18 19:40:00,121.04,121.075,120.8222,120.83,8421,2023-12-18
2023-12-18 19:45:00,120.8,120.83,120.736,120.78,10093,2023-12-18
2023-12-18 19:50:00,120.77,120.8682,120.77,120.8,8742,2023-12-18
2023-12-18 19:55:00,120.79,120.81,120.695,120.695,10101,2023-12-18
2023-12-18 20:00:00,120.7,120.7,120.64,120.6804,7302,2023-12-18
2023-12-18 20:05:00,120.695,120.695,120.6,120.625,5343,2023-12-18
2023-12-18 20:10:00,120.655,120.7,120.635,120.69,5914,2023-12-18
2023-12-18 20:15:00,120.69,120.85,120.69,120.84,12578,2023-12-18
2023-12-18 20:20:00,120.85,120.9,120.79,120.82,7292,2023-12-18
2023-12-18 20:25:00,120.82,120.9,120.8,120.885,8804,2023-12-18
2023-12-18 20:30:00,120.9,120.94,120.83,120.85,7826,2023-12-18
2023-12-18 20:35:00,120.85,120.85,120.7017,120.7017,6536,2023-12-18
2023-12-18 20:40:00,120.72,120.85,120.7154,120.85,8283,2023-12-18
2023-12-18 20:45:00,120.85,120.88,120.805,120.87,5404,2023-12-18
2023-12-18 20:50:00,120.87,120.885,120.7233,120.73,9133,2023-12-18
2023-12-18 20:55:00,120.71,120.745,120.675,120.72,9030,2023-12-18
2023-12-18 21:00:00,120.73,120.73,120.64,120.65,9905,2023-12-18
2023-12-18 21:05:00,120.655,120.8,120.64,120.79,10810,2023-12-18
2023-12-18 21:10:00,120.79,120.915,120.76,120.91,7160,2023-12-18
2023-12-18 21:15:00,120.91,120.91,120.8,120.8,11871,2023-12-18
2023-12-18 21:20:00,120.795,120.89,119.78,120.86,10834,2023-12-18
2023-12-18 21:25:00,120.89,120.97,120.875,120.95,10918,2023-12-18
2023-12-18 21:30:00,120.955,120.98,120.95,120.97,7799,2023-12-18
2023-12-18 21:35:00,120.96,120.96,120.81,120.81,16350,2023-12-18
2023-12-18 21:40:00,120.82,120.835,120.74,120.805,7764,2023-12-18
2023-12-18 21:45:00,120.8,120.885,120.7816,120.83,11410,2023-12-18
2023-12-18 21:50:00,120.82,120.89,120.82,120.89,8156,2023-12-18
2023-12-18 21:55:00,120.88,120.89,120.84,120.87,11154,2023-12-18
2023-12-18 22:00:00,120.86,120.91,120.85,120.9,11829,2023-12-18
2023-12-18 22:05:00,120.91,120.96,120.815,120.815,12091,2023-12-18
2023-12-18 22:10:00,120.805,120.805,120.6397,120.67,9418,2023-12-18
2023-12-18 22:15:00,120.64,120.8042,120.64,120.76,12343,2023-12-18
2023-12-18 22:20:00,120.77,120.8272,120.67,120.67,14666,2023-12-18
2023-12-18 22:25:00,120.67,120.685,120.53,120.685,16105,2023-12-18
2023-12-18 22:30:00,120.68,120.7299,120.585,120.63,15044,2023-12-18
2023-12-18 22:35:00,120.62,120.64,120.58,120.61,9390,2023-12-18
2023-12-18 22:40:00,120.6017,120.77,120.59,120.765,14139,2023-12-18
2023-12-18 22:45:00,120.76,120.81,120.7435,120.77,10486,2023-12-18
2023-12-18 22:50:00,120.725,120.76,120.6445,120.7,12161,2023-12-18
2023-12-18 22:55:00,120.695,120.72,120.63,120.645,15431,2023-12-18
2023-12-18 23:00:00,120.64,120.7015,120.6,120.66,11277,2023-12-18
2023-12-18 23:05:00,120.6478,120.7,120.62,120.63,11476,2023-12-18
2023-12-18 23:10:00,120.62,120.64,120.54,120.545,13044,2023-12-18
2023-12-18 23:15:00,120.545,120.59,120.5,120.5,17660,2023-12-18
2023-12-18 23:20:00,120.49,120.586,120.48,120.56,15150,2023-12-18
2023-12-18 23:25:00,120.565,120.565,120.49,120.54,14556,2023-12-18
2023-12-18 23:30:00,120.5225,120.595,120.51,120.54,13982,2023-12-18
2023-12-18 23:35:00,120.53,120.58,120.502,120.58,18827,2023-12-18
2023-12-18 23:40:00,120.58,120.6,120.5,120.51,19726,2023-12-18
2023-12-18 23:45:00,120.5179,120.52,120.432,120.47,27120,2023-12-18
2023-12-18 23:50:00,120.455,120.64,120.455,120.62,58416,2023-12-18
2023-12-18 23:55:00,120.61,120.67,120.561,120.59,84182,2023-12-18
2023-12-19 00:00:00,120.59,120.59,120.59,120.59,16945,2023-12-18
2023-12-19 00:05:00,120.59,120.59,120.59,120.59,567,2023-12-18
2023-12-19 00:20:00,120.59,120.59,120.59,120.59,4939,2023-12-18
2023-12-19 00:30:00,120.59,120.59,120.59,120.59,262615,2023-12-18
2023-12-19 17:10:00,120.5,120.5,120.5,120.5,337,2023-12-19
2023-12-19 17:25:00,121.04,121.04,121.04,121.04,150,2023-12-19
2023-12-19 17:30:00,120.5,120.79,120.31,120.465,46462,2023-12-19
2023-12-19 17:35:00,120.505,120.7282,120.4101,120.51,9380,2023-12-19
2023-12-19 17:40:00,120.53,120.625,120.32,120.37,18407,2023-12-19
2023-12-19 17:45:00,120.39,120.64,120.36,120.57,10195,2023-12-19
2023-12-19 17:50:00,120.62,120.717,120.58,120.717,11753,2023-12-19
2023-12-19 17:55:00,120.68,120.765,120.57,120.76,21376,2023-12-19
2023-12-19 18:00:00,120.755,120.965,120.7,120.85,30383,2023-12-19
2023-12-19 18:05:00,120.87,120.99,120.84,120.93,7658,2023-12-19
2023-12-19 18:10:00,121,121.01,120.82,120.82,5944,2023-12-19
2023-12-19 18:15:00,120.81,120.81,120.69,120.78,11565,2023-12-19
2023-12-19 18:20:00,120.79,120.89,120.74,120.74,8647,2023-12-19
2023-12-19 18:25:00,120.76,120.76,120.53,120.53,12746,2023-12-19
2023-12-19 18:30:00,120.51,120.68,120.46,120.65,9449,2023-12-19
2023-12-19 18:35:00,120.655,120.74,120.56,120.74,13465,2023-12-19
2023-12-19 18:40:00,120.8,120.85,120.77,120.85,6835,2023-12-19
2023-12-19 18:45:00,120.89,120.9616,120.85,120.85,10910,2023-12-19
2023-12-19 18:50:00,120.895,120.905,120.68,120.7,14040,2023-12-19
2023-12-19 18:55:00,120.65,120.735,120.61,120.735,7990,2023-12-19
2023-12-19 19:00:00,120.71,120.72,120.64,120.69,6170,2023-12-19
2023-12-19 19:05:00,120.66,120.75,120.64,120.73,8400,2023-12-19
2023-12-19 19:10:00,120.73,120.835,120.71,120.835,7264,2023-12-19
2023-12-19 19:15:00,120.84,120.875,120.78,120.84,16761,2023-12-19
2023-12-19 19:20:00,120.82,120.83,120.75,120.8,6601,2023-12-19
2023-12-19 19:25:00,120.79,120.86,120.735,120.75,9419,2023-12-19
2023-12-19 19:30:00,120.705,120.7238,120.53,120.53,12071,2023-12-19
2023-12-19 19:35:00,120.53,120.54,120.46,120.54,13802,2023-12-19
2023-12-19 19:40:00,120.55,120.59,120.51,120.5277,8787,2023-12-19
2023-12-19 19:45:00,120.53,120.54,120.482,120.485,9514,2023-12-19
2023-12-19 19:50:00,120.46,120.5599,120.45,120.45,11384,2023-12-19
2023-12-19 19:55:00,120.44,120.6312,120.4,120.6,9509,2023-12-19
2023-12-19 20:00:00,120.59,120.63,120.58,120.61,6418,2023-12-19
2023-12-19 20:05:00,120.6,120.71,120.581,120.7052,8520,2023-12-19
2023-12-19 20:10:00,120.71,120.7414,120.6619,120.69,5428,2023-12-19
2023-12-19 20:15:00,120.685,120.685,120.46,120.46,11227,2023-12-19
2023-12-19 20:20:00,120.47,120.49,120.4414,120.49,7995,2023-12-19
2023-12-19 20:25:00,120.525,120.525,120.39,120.4,6580,2023-12-19
2023-12-19 20:30:00,120.39,120.44,120.355,120.395,10228,2023-12-19
2023-12-19 20:35:00,120.41,120.42,120.36,120.36,3873,2023-12-19
2023-12-19 20:40:00,120.37,120.42,120.3,120.42,6027,2023-12-19
2023-12-19 20:45:00,120.4101,120.4499,120.29,120.29,13256,2023-12-19
2023-12-19 20:50:00,120.27,120.31,120.21,120.28,12164,2023-12-19
2023-12-19 20:55:00,120.24,120.27,120.16,120.16,8074,2023-12-19
2023-12-19 21:00:00,120.15,120.16,120.06,120.065,8070,2023-12-19
2023-12-19 21:05:00,120.07,120.19,120.065,120.13,9596,2023-12-19
2023-12-19 21:10:00,120.15,120.23,120.12,120.13,7173,2023-12-19
2023-12-19 21:15:00,120.17,120.17,120.09,120.095,6766,2023-12-19
2023-12-19 21:20:00,120.1,120.12,120.06,120.1,11548,2023-12-19
2023-12-19 21:25:00,120.08,120.08,120.02,120.04,9968,2023-12-19
2023-12-19 21:30:00,120.06,120.1159,120.04,120.08,11988,2023-12-19
2023-12-19 21:35:00,120.07,120.11,120.02,120.11,7105,2023-12-19
2023-12-19 21:40:00,120.13,120.23,120.085,120.23,8135,2023-12-19
2023-12-19 21:45:00,120.2178,120.32,120.2178,120.32,7370,2023-12-19
2023-12-19 21:50:00,120.31,120.32,120.2658,120.31,8786,2023-12-19
2023-12-19 21:55:00,120.35,120.415,120.3401,120.37,10335,2023-12-19
2023-12-19 22:00:00,120.3492,120.44,120.31,120.4,7989,2023-12-19
2023-12-19 22:05:00,120.4,120.51,120.4,120.51,11606,2023-12-19
2023-12-19 22:10:00,120.52,120.54,120.36,120.3799,5696,2023-12-19
2023-12-19 22:15:00,120.38,120.38,120.3,120.31,9662,2023-12-19
2023-12-19 22:20:00,120.3448,120.35,120.2722,120.31,15067,2023-12-19
2023-12-19 22:25:00,120.29,120.29,120.21,120.2131,3614,2023-12-19
2023-12-19 22:30:00,120.22,120.31,120.165,120.31,9282,2023-12-19
2023-12-19 22:35:00,120.3,120.33,120.25,120.25,10057,2023-12-19
2023-12-19 22:40:00,120.255,120.32,120.21,120.22,8903,2023-12-19
2023-12-19 22:45:00,120.1855,120.21,120.17,120.18,7331,2023-12-19
2023-12-19 22:50:00,120.17,120.23,120.16,120.22,7780,2023-12-19
2023-12-19 22:55:00,120.23,120.3099,120.21,120.3,11207,2023-12-19
2023-12-19 23:00:00,120.3,120.4,120.28,120.36,12964,2023-12-19
2023-12-19 23:05:00,120.385,120.43,120.32,120.42,12571,2023-12-19
2023-12-19 23:10:00,120.425,120.45,120.365,120.38,9985,2023-12-19
2023-12-19 23:15:00,120.375,120.505,120.365,120.415,17247,2023-12-19
2023-12-19 23:20:00,120.415,120.42,120.33,120.39,14452,2023-12-19
2023-12-19 23:25:00,120.4042,120.437,120.38,120.4,10451,2023-12-19
2023-12-19 23:30:00,120.46,120.5,120.4304,120.47,12879,2023-12-19
2023-12-19 23:35:00,120.47,120.51,120.4406,120.46,14063,2023-12-19
2023-12-19 23:40:00,120.47,120.59,120.47,120.54,20613,2023-12-19
2023-12-19 23:45:00,120.53,120.57,120.48,120.49,21038,2023-12-19
2023-12-19 23:50:00,120.48,120.68,120.46,120.64,49771,2023-12-19
2023-12-19 23:55:00,120.65,120.81,120.65,120.755,78037,2023-12-19
2023-12-20 00:00:00,120.77,120.77,120.77,120.77,4958,2023-12-19
2023-12-20 00:20:00,120.77,120.77,120.77,120.77,3261,2023-12-19
2023-12-20 16:00:00,120.75,120.75,120.75,120.75,203,2023-12-20
2023-12-20 16:45:00,120.82,120.82,120.82,120.82,200,2023-12-20
2023-12-20 17:30:00,120.2,120.42,120.11,120.195,38458,2023-12-20
2023-12-20 17:35:00,120.19,120.29,119.965,119.99,12162,2023-12-20
2023-12-20 17:40:00,119.921,119.921,119.47,119.72,28936,2023-12-20
2023-12-20 17:45:00,119.72,119.8,119.67,119.74,25933,2023-12-20
2023-12-20 17:50:00,119.71,119.74,119.5733,119.6,16716,2023-12-20
2023-12-20 17:55:00,119.57,119.85,119.53,119.755,27086,2023-12-20
2023-12-20 18:00:00,119.75,119.9,119.69,119.69,10976,2023-12-20
2023-12-20 18:05:00,119.725,119.8999,119.71,119.75,21064,2023-12-20
2023-12-20 18:10:00,119.75,119.9,119.75,119.785,9603,2023-12-20
2023-12-20 18:15:00,119.84,119.855,119.73,119.76,21449,2023-12-20
2023-12-20 18:20:00,119.8151,119.95,119.78,119.84,9796,2023-12-20
2023-12-20 18:25:00,119.825,119.84,119.745,119.785,9834,2023-12-20
2023-12-20 18:30:00,119.7795,119.94,119.7795,119.845,9566,2023-12-20
2023-12-20 18:35:00,119.82,119.86,119.7625,119.83,14017,2023-12-20
2023-12-20 18:40:00,119.849,119.87,119.745,119.77,9468,2023-12-20
2023-12-20 18:45:00,119.8,119.94,119.77,119.91,8945,2023-12-20
2023-12-20 18:50:00,119.91,120.03,119.91,120.03,11261,2023-12-20
2023-12-20 18:55:00,120.01,120.025,119.94,119.99,9970,2023-12-20
2023-12-20 19:00:00,119.99,120.04,119.97,120.02,6223,2023-12-20
2023-12-20 19:05:00,120.03,120.05,119.72,119.76,11687,2023-12-20
2023-12-20 19:10:00,119.75,119.79,119.71,119.745,23116,2023-12-20
2023-12-20 19:15:00,119.76,119.79,119.66,119.66,6832,2023-12-20
2023-12-20 19:20:00,119.68,119.78,119.68,119.715,12303,2023-12-20
2023-12-20 19:25:00,119.71,119.8309,119.681,119.805,9976,2023-12-20
2023-12-20 19:30:00,119.79,119.865,119.755,119.78,29422,2023-12-20
2023-12-20 19:35:00,119.755,119.78,119.69,119.73,8077,2023-12-20
2023-12-20 19:40:00,119.745,119.9,119.745,119.85,13155,2023-12-20
2023-12-20 19:45:00,119.82,119.82,119.73,119.73,5909,2023-12-20
2023-12-20 19:50:00,119.79,119.79,119.69,119.77,7359,2023-12-20
2023-12-20 19:55:00,119.78,119.81,119.75,119.775,7394,2023-12-20
2023-12-20 20:00:00,119.77,119.78,119.735,119.76,4738,2023-12-20
2023-12-20 20:05:00,119.76,119.845,119.76,119.845,9572,2023-12-20
2023-12-20 20:10:00,119.85,119.9225,119.785,119.9225,7648,2023-12-20
2023-12-20 20:15:00,119.91,119.98,119.8901,119.97,6688,2023-12-20
2023-12-20 20:20:00,119.975,120.02,119.89,119.89,7139,2023-12-20
2023-12-20 20:25:00,119.89,119.94,119.85,119.929,7553,2023-12-20
2023-12-20 20:30:00,119.915,120.04,119.915,119.965,6229,2023-12-20
2023-12-20 20:35:00,119.93,120.03,119.925,120.015,11092,2023-12-20
2023-12-20 20:40:00,120.015,120.16,120.015,120.11,5358,2023-12-20
2023-12-20 20:45:00,120.11,120.13,120.07,120.09,8671,2023-12-20
2023-12-20 20:50:00,120.075,120.08,120.02,120.02,6164,2023-12-20
2023-12-20 20:55:00,120.015,120.07,119.98,120.02,17392,2023-12-20
2023-12-20 21:00:00,120,120.1599,120,120.14,11542,2023-12-20
2023-12-20 21:05:00,120.165,120.19,120.035,120.035,7198,2023-12-20
2023-12-20 21:10:00,120.0014,120.05,120,120.02,5443,2023-12-20
2023-12-20 21:15:00,120.04,120.1,120.04,120.072,6726,2023-12-20
2023-12-20 21:20:00,120.07,120.16,120.06,120.16,6422,2023-12-20
2023-12-20 21:25:00,120.16,120.21,120.075,120.075,8092,2023-12-20
2023-12-20 21:30:00,120.1,120.12,120.055,120.08,4509,2023-12-20
2023-12-20 21:35:00,120.05,120.0692,119.99,119.99,6133,2023-12-20
2023-12-20 21:40:00,120.03,120.045,119.9847,120.04,6987,2023-12-20
2023-12-20 21:45:00,120.03,120.1,120.03,120.08,7139,2023-12-20
2023-12-20 21:50:00,120.06,120.08,120.01,120.07,7124,2023-12-20
2023-12-20 21:55:00,120.05,120.05,119.92,119.94,8926,2023-12-20
2023-12-20 22:00:00,119.91,119.95,119.9,119.93,6229,2023-12-20
2023-12-20 22:05:00,119.95,119.98,119.915,119.9317,9608,2023-12-20
2023-12-20 22:10:00,119.93,119.93,119.8,119.803,14283,2023-12-20
2023-12-20 22:15:00,119.77,119.79,119.72,119.76,6756,2023-12-20
2023-12-20 22:20:00,119.78,119.88,119.78,119.835,8803,2023-12-20
2023-12-20 22:25:00,119.83,119.835,119.77,119.7951,8330,2023-12-20
2023-12-20 22:30:00,119.8,119.88,119.74,119.76,11094,2023-12-20
2023-12-20 22:35:00,119.77,119.81,119.7,119.715,8826,2023-12-20
2023-12-20 22:40:00,119.73,119.79,119.7,119.77,12075,2023-12-20
2023-12-20 22:45:00,119.79,119.93,119.79,119.855,9483,2023-12-20
2023-12-20 22:50:00,119.8,119.81,119.44,119.54,19039,2023-12-20
2023-12-20 22:55:00,119.52,119.52,119.33,119.35,10391,2023-12-20
2023-12-20 23:00:00,119.31,119.38,119.23,119.3557,21939,2023-12-20
2023-12-20 23:05:00,119.336,119.37,119.139,119.2,17606,2023-12-20
2023-12-20 23:10:00,119.22,119.33,119.1,119.14,27696,2023-12-20
2023-12-20 23:15:00,119.15,119.38,119.12,119.285,14275,2023-12-20
2023-12-20 23:20:00,119.28,119.3338,119.255,119.32,14428,2023-12-20
2023-12-20 23:25:00,119.3,119.33,119.12,119.15,18750,2023-12-20
2023-12-20 23:30:00,119.145,119.23,119.1205,119.16,24896,2023-12-20
2023-12-20 23:35:00,119.16,119.17,119.015,119.045,36651,2023-12-20
2023-12-20 23:40:00,119.05,119.19,119.05,119.11,32606,2023-12-20
2023-12-20 23:45:00,119.1,119.13,119.01,119.12,27134,2023-12-20
2023-12-20 23:50:00,119.13,119.17,118.96,119.04,44771,2023-12-20
2023-12-20 23:55:00,119.04,119.09,118.76,118.79,129007,2023-12-20
2023-12-21 00:00:00,118.8,118.8,118.8,118.8,3187,2023-12-20
2023-12-21 00:05:00,118.8,118.8,118.8,118.8,264705,2023-12-20
2023-12-21 00:20:00,118.8,118.8,118.8,118.8,3668,2023-12-20
2023-12-21 00:35:00,118.85,118.85,118.85,118.85,500,2023-12-20
2023-12-21 00:45:00,119.2,119.2,119.2,119.2,250,2023-12-20
2023-12-21 01:00:00,119,119,119,119,100,2023-12-20
2023-12-21 01:35:00,118.99,118.99,118.99,118.99,100,2023-12-20
2023-12-21 14:30:00,119.15,119.2,119.15,119.2,350,2023-12-21
2023-12-21 17:30:00,119.34,119.61,119.24,119.44,38218,2023-12-21
2023-12-21 17:35:00,119.46,119.555,119.33,119.535,14442,2023-12-21
2023-12-21 17:40:00,119.545,119.59,119.35,119.46,13991,2023-12-21
2023-12-21 17:45:00,119.37,119.53,119.335,119.37,6952,2023-12-21
2023-12-21 17:50:00,119.3525,119.3525,119.0301,119.16,21023,2023-12-21
2023-12-21 17:55:00,119.14,119.14,118.941,119.0387,14468,2023-12-21
2023-12-21 18:00:00,118.97,119.18,118.93,119.015,18630,2023-12-21
2023-12-21 18:05:00,118.94,119.05,118.86,118.915,12802,2023-12-21
2023-12-21 18:10:00,118.895,118.93,118.68,118.725,15602,2023-12-21
2023-12-21 18:15:00,118.7,119.02,118.65,118.985,24495,2023-12-21
2023-12-21 18:20:00,118.98,119.0742,118.9546,119.0742,9853,2023-12-21
2023-12-21 18:25:00,119.04,119.04,118.76,118.76,13120,2023-12-21
2023-12-21 18:30:00,118.77,118.895,118.75,118.895,9503,2023-12-21
2023-12-21 18:35:00,118.88,119.1,118.8408,119.1,15208,2023-12-21
2023-12-21 18:40:00,119.115,119.15,119.0101,119.07,13547,2023-12-21
2023-12-21 18:45:00,119.073,119.3,119.07,119.28,14171,2023-12-21
2023-12-21 18:50:00,119.2848,119.3,119.12,119.3,15373,2023-12-21
2023-12-21 18:55:00,119.31,119.38,119.13,119.16,16045,2023-12-21
2023-12-21 19:00:00,119.17,119.32,119.14,119.28,22169,2023-12-21
2023-12-21 19:05:00,119.26,119.26,119.03,119.11,14562,2023-12-21
2023-12-21 19:10:00,119.11,119.11,118.95,118.95,11080,2023-12-21
2023-12-21 19:15:00,118.951,118.977,118.8,118.82,7333,2023-12-21
2023-12-21 19:20:00,118.84,118.86,118.8,118.85,10058,2023-12-21
2023-12-21 19:25:00,118.84,118.855,118.75,118.76,11657,2023-12-21
2023-12-21 19:30:00,118.76,118.8821,118.76,118.81,16582,2023-12-21
2023-12-21 19:35:00,118.81,118.836,118.69,118.7,11380,2023-12-21
2023-12-21 19:40:00,118.68,118.75,118.621,118.75,7666,2023-12-21
2023-12-21 19:45:00,118.684,118.76,118.67,118.725,12038,2023-12-21
2023-12-21 19:50:00,118.67,118.73,118.651,118.71,7674,2023-12-21
2023-12-21 19:55:00,118.68,118.68,118.543,118.56,7431,2023-12-21
2023-12-21 20:00:00,118.55,118.55,118.38,118.38,8561,2023-12-21
2023-12-21 20:05:00,118.38,118.505,118.35,118.414,8355,2023-12-21
2023-12-21 20:10:00,118.41,118.54,118.41,118.47,8030,2023-12-21
2023-12-21 20:15:00,118.4908,118.5216,118.27,118.27,8882,2023-12-21
2023-12-21 20:20:00,118.255,118.3,118.19,118.27,12900,2023-12-21
2023-12-21 20:25:00,118.28,118.32,118.261,118.32,7529,2023-12-21
2023-12-21 20:30:00,118.33,118.396,118.24,118.24,11677,2023-12-21
2023-12-21 20:35:00,118.25,118.3,118.22,118.3,11680,2023-12-21
2023-12-21 20:40:00,118.297,118.39,118.27,118.355,11987,2023-12-21
2023-12-21 20:45:00,118.33,118.37,118.301,118.35,10092,2023-12-21
2023-12-21 20:50:00,118.36,118.4034,118.25,118.26,8355,2023-12-21
2023-12-21 20:55:00,118.22,118.276,118.22,118.23,5931,2023-12-21
2023-12-21 21:00:00,118.233,118.327,118.233,118.32,6846,2023-12-21
2023-12-21 21:05:00,118.33,118.3399,118.2,118.214,6473,2023-12-21
2023-12-21 21:10:00,118.25,118.25,118.13,118.1501,7713,2023-12-21
2023-12-21 21:15:00,118.19,118.21,118.06,118.15,26489,2023-12-21
2023-12-21 21:20:00,118.15,118.35,118.15,118.34,12590,2023-12-21
2023-12-21 21:25:00,118.33,118.33,118.22,118.245,7873,2023-12-21
2023-12-21 21:30:00,118.27,118.39,118.24,118.25,14406,2023-12-21
2023-12-21 21:35:00,118.27,118.46,118.22,118.435,23672,2023-12-21
2023-12-21 21:40:00,118.43,118.43,118.34,118.37,10759,2023-12-21
2023-12-21 21:45:00,118.35,118.48,118.34,118.445,8039,2023-12-21
2023-12-21 21:50:00,118.45,118.5213,118.45,118.46,8574,2023-12-21
2023-12-21 21:55:00,118.48,118.53,118.48,118.48,4506,2023-12-21
2023-12-21 22:00:00,118.47,118.51,118.47,118.495,27145,2023-12-21
2023-12-21 22:05:00,118.5,118.545,118.425,118.47,14175,2023-12-21
2023-12-21 22:10:00,118.47,118.51,118.4301,118.47,6308,2023-12-21
2023-12-21 22:15:00,118.445,118.51,118.445,118.51,11806,2023-12-21
2023-12-21 22:20:00,118.54,118.64,118.53,118.58,12892,2023-12-21
2023-12-21 22:25:00,118.575,118.6,118.56,118.59,8569,2023-12-21
2023-12-21 22:30:00,118.6,118.63,118.55,118.61,11057,2023-12-21
2023-12-21 22:35:00,118.62,118.71,118.57,118.62,35147,2023-12-21
2023-12-21 22:40:00,118.61,118.71,118.58,118.68,9366,2023-12-21
2023-12-21 22:45:00,118.69,118.79,118.69,118.785,13904,2023-12-21
2023-12-21 22:50:00,118.78,118.83,118.72,118.8,12078,2023-12-21
2023-12-21 22:55:00,118.8,118.88,118.79,118.87,14231,2023-12-21
2023-12-21 23:00:00,118.877,118.96,118.82,118.96,9877,2023-12-21
2023-12-21 23:05:00,118.93,118.95,118.89,118.9,8828,2023-12-21
2023-12-21 23:10:00,118.9,119.04,118.9,119.03,12466,2023-12-21
2023-12-21 23:15:00,119.02,119.047,118.96,119.0437,16718,2023-12-21
2023-12-21 23:20:00,119.03,119.1,119.0152,119.06,20066,2023-12-21
2023-12-21 23:25:00,119.04,119.3199,119.005,119.28,12973,2023-12-21
2023-12-21 23:30:00,119.31,119.316,119.1645,119.316,13166,2023-12-21
2023-12-21 23:35:00,119.2853,119.455,119.2853,119.41,13844,2023-12-21
2023-12-21 23:40:00,119.41,119.4499,119.27,119.317,14558,2023-12-21
2023-12-21 23:45:00,119.3,119.36,119.23,119.29,18965,2023-12-21
2023-12-21 23:50:00,119.32,119.37,119.21,119.325,38585,2023-12-21
2023-12-21 23:55:00,119.31,119.5,119.3,119.42,107488,2023-12-21
2023-12-22 00:00:00,119.43,119.43,119.43,119.43,6499,2023-12-21
2023-12-22 00:20:00,119.43,119.43,119.43,119.43,333,2023-12-21
2023-12-22 17:30:00,119.73,120.185,119.66,120.06,21738,2023-12-22
2023-12-22 17:35:00,120.06,120.14,119.88,120.0729,15112,2023-12-22
2023-12-22 17:40:00,120.095,120.15,120.01,120.05,11429,2023-12-22
2023-12-22 17:45:00,120.06,120.37,120.06,120.305,14229,2023-12-22
2023-12-22 17:50:00,120.2412,120.355,120.23,120.295,10851,2023-12-22
2023-12-22 17:55:00,120.34,120.38,120.18,120.2299,14788,2023-12-22
2023-12-22 18:00:00,120.191,120.28,120.08,120.2742,14121,2023-12-22
2023-12-22 18:05:00,120.2507,120.33,120.1501,120.1501,11193,2023-12-22
2023-12-22 18:10:00,120.2,120.3379,120.1711,120.215,9514,2023-12-22
2023-12-22 18:15:00,120.21,120.29,120.16,120.275,5820,2023-12-22
2023-12-22 18:20:00,120.27,120.3196,120.23,120.3,5142,2023-12-22
2023-12-22 18:25:00,120.27,120.35,120.25,120.34,6152,2023-12-22
2023-12-22 18:30:00,120.38,120.44,120.34,120.395,7012,2023-12-22
2023-12-22 18:35:00,120.37,120.37,120.19,120.2296,9055,2023-12-22
2023-12-22 18:40:00,120.22,120.41,120.2112,120.4,5799,2023-12-22
2023-12-22 18:45:00,120.3908,120.48,120.275,120.38,9729,2023-12-22
2023-12-22 18:50:00,120.41,120.43,120.36,120.4026,8189,2023-12-22
2023-12-22 18:55:00,120.39,120.43,120.36,120.43,11341,2023-12-22
2023-12-22 19:00:00,120.41,120.42,120.32,120.4093,9423,2023-12-22
2023-12-22 19:05:00,120.39,120.53,120.37,120.46,11020,2023-12-22
2023-12-22 19:10:00,120.46,120.49,120.42,120.49,7137,2023-12-22
2023-12-22 19:15:00,120.48,120.62,120.47,120.595,8293,2023-12-22
2023-12-22 19:20:00,120.59,120.65,120.5,120.5,7669,2023-12-22
2023-12-22 19:25:00,120.5336,120.54,120.47,120.54,6705,2023-12-22
2023-12-22 19:30:00,120.55,120.71,120.52,120.59,20656,2023-12-22
2023-12-22 19:35:00,120.592,120.61,120.56,120.59,6346,2023-12-22
2023-12-22 19:40:00,120.56,120.57,120.51,120.52,8895,2023-12-22
2023-12-22 19:45:00,120.512,120.54,120.44,120.46,18043,2023-12-22
2023-12-22 19:50:00,120.4456,120.4983,120.423,120.495,5295,2023-12-22
2023-12-22 19:55:00,120.5,120.54,120.404,120.404,10698,2023-12-22
2023-12-22 20:00:00,120.425,120.44,120.39,120.42,10351,2023-12-22
2023-12-22 20:05:00,120.41,120.54,120.41,120.48,7015,2023-12-22
2023-12-22 20:10:00,120.482,120.49,120.44,120.44,3769,2023-12-22
2023-12-22 20:15:00,120.43,120.44,120.38,120.392,6156,2023-12-22
2023-12-22 20:20:00,120.4,120.47,120.389,120.45,7790,2023-12-22
2023-12-22 20:25:00,120.43,120.45,120.38,120.4,9395,2023-12-22
2023-12-22 20:30:00,120.435,120.4567,120.32,120.34,6134,2023-12-22
2023-12-22 20:35:00,120.345,120.45,120.32,120.43,7735,2023-12-22
2023-12-22 20:40:00,120.413,120.44,120.39,120.44,4704,2023-12-22
2023-12-22 20:45:00,120.43,120.5,120.43,120.49,6849,2023-12-22
2023-12-22 20:50:00,120.45,120.49,120.41,120.49,8327,2023-12-22
2023-12-22 20:55:00,120.485,120.485,120.4,120.43,8053,2023-12-22
2023-12-22 21:00:00,120.41,120.43,120.39,120.42,6834,2023-12-22
2023-12-22 21:05:00,120.41,120.41,120.302,120.33,4896,2023-12-22
2023-12-22 21:10:00,120.31,120.33,120.22,120.245,9216,2023-12-22
2023-12-22 21:15:00,120.22,120.2948,120.212,120.28,4562,2023-12-22
2023-12-22 21:20:00,120.272,120.3,120.25,120.26,7549,2023-12-22
2023-12-22 21:25:00,120.26,120.3,120.2579,120.3,3709,2023-12-22
2023-12-22 21:30:00,120.29,120.3,120.21,120.21,6627,2023-12-22
2023-12-22 21:35:00,120.21,120.28,120.205,120.21,6047,2023-12-22
2023-12-22 21:40:00,120.2,120.21,120.12,120.12,6479,2023-12-22
2023-12-22 21:45:00,120.0953,120.13,120.071,120.13,6485,2023-12-22
2023-12-22 21:50:00,120.155,120.18,120.0999,120.1,13534,2023-12-22
2023-12-22 21:55:00,120.11,120.13,120.07,120.09,6324,2023-12-22
2023-12-22 22:00:00,120.0875,120.1,120.05,120.08,7328,2023-12-22
2023-12-22 22:05:00,120.072,120.072,119.93,120.055,8253,2023-12-22
2023-12-22 22:10:00,120.06,120.11,120.04,120.08,4891,2023-12-22
2023-12-22 22:15:00,120.08,120.08,119.95,119.98,6579,2023-12-22
2023-12-22 22:20:00,119.9797,120.01,119.823,119.86,7691,2023-12-22
2023-12-22 22:25:00,119.86,119.8791,119.71,119.73,7970,2023-12-22
2023-12-22 22:30:00,119.73,119.77,119.68,119.68,9550,2023-12-22
2023-12-22 22:35:00,119.63,119.8,119.63,119.7807,11882,2023-12-22
2023-12-22 22:40:00,119.8,119.92,119.795,119.9,4964,2023-12-22
2023-12-22 22:45:00,119.95,119.95,119.865,119.865,7996,2023-12-22
2023-12-22 22:50:00,119.89,120.04,119.89,120.035,6849,2023-12-22
2023-12-22 22:55:00,120.01,120.047,119.97,120.015,9493,2023-12-22
2023-12-22 23:00:00,120.01,120.06,120,120.06,8664,2023-12-22
2023-12-22 23:05:00,120.04,120.05,119.9,119.915,11629,2023-12-22
2023-12-22 23:10:00,119.915,119.93,119.85,119.91,16605,2023-12-22
2023-12-22 23:15:00,119.91,120.05,119.91,120.05,12175,2023-12-22
2023-12-22 23:20:00,120.045,120.045,119.91,119.97,17296,2023-12-22
2023-12-22 23:25:00,119.99,120.0351,119.99,120.01,7934,2023-12-22
2023-12-22 23:30:00,120,120.03,119.952,119.96,13697,2023-12-22
2023-12-22 23:35:00,119.9584,119.97,119.92,119.95,17812,2023-12-22
2023-12-22 23:40:00,119.94,120.03,119.9,120.03,16410,2023-12-22
2023-12-22 23:45:00,120.04,120.1599,120.03,120.045,34414,2023-12-22
2023-12-22 23:50:00,120.04,120.2,120.04,120.17,35903,2023-12-22
2023-12-22 23:55:00,120.185,120.37,120.17,120.235,132173,2023-12-22
2023-12-23 00:00:00,120.21,120.21,120.21,120.21,9823,2023-12-22
2023-12-23 00:05:00,120.21,120.21,120.21,120.21,2365,2023-12-22
2023-12-26 15:00:00,120.5,120.5,120.5,120.5,101,2023-12-26
2023-12-26 17:30:00,120.22,120.4,119.72,120.2,20016,2023-12-26
2023-12-26 17:35:00,120.16,120.32,120.01,120.03,24533,2023-12-26
2023-12-26 17:40:00,120.095,120.095,119.81,119.81,6010,2023-12-26
2023-12-26 17:45:00,119.865,120.115,119.86,119.96,9136,2023-12-26
2023-12-26 17:50:00,120.015,120.015,119.95,119.9733,2536,2023-12-26
2023-12-26 17:55:00,119.95,120.05,119.84,119.9045,7812,2023-12-26
2023-12-26 18:00:00,119.9,120.0799,119.9,120.0799,7706,2023-12-26
2023-12-26 18:05:00,119.98,120.01,119.8,119.8,4504,2023-12-26
2023-12-26 18:10:00,119.71,119.88,119.71,119.88,6843,2023-12-26
2023-12-26 18:15:00,119.8881,119.89,119.81,119.83,4028,2023-12-26
2023-12-26 18:20:00,119.82,119.82,119.734,119.76,5581,2023-12-26
2023-12-26 18:25:00,119.765,119.86,119.75,119.795,6361,2023-12-26
2023-12-26 18:30:00,119.805,119.8421,119.75,119.75,6119,2023-12-26
2023-12-26 18:35:00,119.68,119.76,119.68,119.75,6696,2023-12-26
2023-12-26 18:40:00,119.74,119.9,119.74,119.895,9206,2023-12-26
2023-12-26 18:45:00,119.91,119.92,119.82,119.82,7636,2023-12-26
2023-12-26 18:50:00,119.815,119.931,119.815,119.92,5665,2023-12-26
2023-12-26 18:55:00,119.91,119.985,119.91,119.94,6138,2023-12-26
2023-12-26 19:00:00,119.9342,119.94,119.85,119.9,6241,2023-12-26
2023-12-26 19:05:00,119.9,119.9865,119.9,119.9865,5951,2023-12-26
2023-12-26 19:10:00,119.99,120.065,119.98,120.0412,8364,2023-12-26
2023-12-26 19:15:00,120.0556,120.06,119.91,119.93,3394,2023-12-26
2023-12-26 19:20:00,119.925,119.9742,119.915,119.96,5168,2023-12-26
2023-12-26 19:25:00,119.98,120.02,119.94,119.95,5774,2023-12-26
2023-12-26 19:30:00,119.92,119.92,119.8333,119.87,5216,2023-12-26
2023-12-26 19:35:00,119.87,119.87,119.84,119.84,1720,2023-12-26
2023-12-26 19:40:00,119.83,119.87,119.81,119.86,4476,2023-12-26
2023-12-26 19:45:00,119.87,119.94,119.87,119.92,7414,2023-12-26
2023-12-26 19:50:00,119.91,119.91,119.87,119.87,6154,2023-12-26
2023-12-26 19:55:00,119.87,119.945,119.84,119.945,3992,2023-12-26
2023-12-26 20:00:00,119.95,119.98,119.9206,119.97,3862,2023-12-26
2023-12-26 20:05:00,119.98,119.985,119.89,119.91,8230,2023-12-26
2023-12-26 20:10:00,119.91,119.97,119.8999,119.95,8212,2023-12-26
2023-12-26 20:15:00,119.96,119.965,119.92,119.965,6367,2023-12-26
2023-12-26 20:20:00,119.965,119.99,119.91,119.94,4437,2023-12-26
2023-12-26 20:25:00,119.94,120.015,119.9324,119.9324,5051,2023-12-26
2023-12-26 20:30:00,119.92,119.9307,119.88,119.92,4267,2023-12-26
2023-12-26 20:35:00,119.925,120,119.92,119.99,5588,2023-12-26
2023-12-26 20:40:00,120,120.12,120,120.12,3873,2023-12-26
2023-12-26 20:45:00,120.14,120.1767,120.1,120.1767,3971,2023-12-26
2023-12-26 20:50:00,120.205,120.24,120.14,120.1783,4595,2023-12-26
2023-12-26 20:55:00,120.21,120.23,120.18,120.21,2317,2023-12-26
2023-12-26 21:00:00,120.19,120.26,120.19,120.255,2740,2023-12-26
2023-12-26 21:05:00,120.24,120.28,120.19,120.28,8158,2023-12-26
2023-12-26 21:10:00,120.28,120.315,120.25,120.255,5085,2023-12-26
2023-12-26 21:15:00,120.235,120.235,120.1919,120.21,1828,2023-12-26
2023-12-26 21:20:00,120.1907,120.29,120.1907,120.27,6597,2023-12-26
2023-12-26 21:25:00,120.28,120.3,120.22,120.245,7050,2023-12-26
2023-12-26 21:30:00,120.23,120.27,120.18,120.18,7451,2023-12-26
2023-12-26 21:35:00,120.195,120.195,120.14,120.14,2867,2023-12-26
2023-12-26 21:40:00,120.1569,120.19,120.12,120.175,6529,2023-12-26
2023-12-26 21:45:00,120.171,120.205,120.16,120.16,3762,2023-12-26
2023-12-26 21:50:00,120.16,120.17,120.0997,120.12,5088,2023-12-26
2023-12-26 21:55:00,120.12,120.17,120.12,120.14,8507,2023-12-26
2023-12-26 22:00:00,120.14,120.14,120.09,120.1035,4921,2023-12-26
2023-12-26 22:05:00,120.09,120.0921,120.07,120.0921,3571,2023-12-26
2023-12-26 22:10:00,120.08,120.2,120.08,120.2,6773,2023-12-26
2023-12-26 22:15:00,120.17,120.2,120.1545,120.195,7470,2023-12-26
2023-12-26 22:20:00,120.19,120.19,120.11,120.17,6376,2023-12-26
2023-12-26 22:25:00,120.18,120.22,120.15,120.15,5918,2023-12-26
2023-12-26 22:30:00,120.15,120.28,120.13,120.24,11893,2023-12-26
2023-12-26 22:35:00,120.26,120.26,120.25,120.25,3062,2023-12-26
2023-12-26 22:40:00,120.29,120.2975,120.18,120.21,7305,2023-12-26
2023-12-26 22:45:00,120.23,120.26,120.22,120.2371,7189,2023-12-26
2023-12-26 22:50:00,120.24,120.255,120.21,120.225,8098,2023-12-26
2023-12-26 22:55:00,120.235,120.285,120.23,120.23,9804,2023-12-26
2023-12-26 23:00:00,120.2182,120.22,120.1,120.13,12900,2023-12-26
2023-12-26 23:05:00,120.13,120.13,120.06,120.06,7513,2023-12-26
2023-12-26 23:10:00,120.06,120.135,120.06,120.1136,9222,2023-12-26
2023-12-26 23:15:00,120.11,120.11,120.02,120.03,6934,2023-12-26
2023-12-26 23:20:00,120.01,120.15,120.01,120.14,12681,2023-12-26
2023-12-26 23:25:00,120.14,120.3,120.14,120.19,12431,2023-12-26
2023-12-26 23:30:00,120.19,120.23,120.145,120.18,12669,2023-12-26
2023-12-26 23:35:00,120.18,120.22,120.114,120.12,11438,2023-12-26
2023-12-26 23:40:00,120.12,120.21,120.12,120.195,12003,2023-12-26
2023-12-26 23:45:00,120.195,120.27,120.14,120.14,17849,2023-12-26
2023-12-26 23:50:00,120.105,120.19,120.04,120.1,34074,2023-12-26
2023-12-26 23:55:00,120.1,120.16,120.03,120.11,56860,2023-12-26
2023-12-27 00:00:00,120.09,120.09,120.09,120.09,3878,2023-12-26
2023-12-27 00:05:00,120.09,120.09,120.09,120.09,2042,2023-12-26
2023-12-27 00:20:00,120.09,120.09,120.09,120.09,2863,2023-12-26
2023-12-27 17:25:00,119.79,119.79,119.79,119.79,284,2023-12-27
2023-12-27 17:30:00,119.67,119.98,119.64,119.855,26481,2023-12-27
2023-12-27 17:35:00,119.76,119.95,119.705,119.79,11749,2023-12-27
2023-12-27 17:40:00,119.845,119.9,119.7009,119.78,13396,2023-12-27
2023-12-27 17:45:00,119.81,119.81,119.56,119.635,13837,2023-12-27
2023-12-27 17:50:00,119.68,119.9479,119.68,119.91,5088,2023-12-27
2023-12-27 17:55:00,119.97,119.98,119.87,119.87,3740,2023-12-27
2023-12-27 18:00:00,119.9,119.965,119.83,119.87,5346,2023-12-27
2023-12-27 18:05:00,119.815,119.85,119.78,119.8352,9418,2023-12-27
2023-12-27 18:10:00,119.86,119.975,119.79,119.79,4377,2023-12-27
2023-12-27 18:15:00,119.85,119.85,119.73,119.775,7185,2023-12-27
2023-12-27 18:20:00,119.8151,119.94,119.8,119.94,5180,2023-12-27
2023-12-27 18:25:00,119.95,119.98,119.8901,119.97,12506,2023-12-27
2023-12-27 18:30:00,119.93,120.05,119.93,120.01,16140,2023-12-27
2023-12-27 18:35:00,120.02,120.03,119.94,119.991,7316,2023-12-27
2023-12-27 18:40:00,119.99,120,119.9312,119.99,6595,2023-12-27
2023-12-27 18:45:00,119.99,120.0205,119.855,119.89,12571,2023-12-27
2023-12-27 18:50:00,119.92,120.045,119.9,120.02,4221,2023-12-27
2023-12-27 18:55:00,120,120.05,119.985,120.01,7268,2023-12-27
2023-12-27 19:00:00,120.02,120.0883,120,120.06,4941,2023-12-27
2023-12-27 19:05:00,120.1,120.1362,120,120,9013,2023-12-27
2023-12-27 19:10:00,120.04,120.19,120.04,120.14,8349,2023-12-27
2023-12-27 19:15:00,120.13,120.135,120.05,120.1,6387,2023-12-27
2023-12-27 19:20:00,120.05,120.0899,119.995,120.07,5051,2023-12-27
2023-12-27 19:25:00,120.02,120.03,119.97,119.985,6609,2023-12-27
2023-12-27 19:30:00,119.9753,120.07,119.9753,120.06,5056,2023-12-27
2023-12-27 19:35:00,120.07,120.15,120.07,120.11,3235,2023-12-27
2023-12-27 19:40:00,120.1,120.12,120.015,120.015,3622,2023-12-27
2023-12-27 19:45:00,119.98,120,119.96,120,3569,2023-12-27
2023-12-27 19:50:00,119.99,120.06,119.9722,120.04,4182,2023-12-27
2023-12-27 19:55:00,120.055,120.115,120.03,120.0725,6068,2023-12-27
2023-12-27 20:00:00,120.1,120.155,120.09,120.15,5981,2023-12-27
2023-12-27 20:05:00,120.155,120.18,120.12,120.18,8321,2023-12-27
2023-12-27 20:10:00,120.165,120.18,120.1025,120.15,8663,2023-12-27
2023-12-27 20:15:00,120.15,120.16,120.13,120.15,5142,2023-12-27
2023-12-27 20:20:00,120.15,120.16,120.05,120.055,7449,2023-12-27
2023-12-27 20:25:00,120.04,120.09,120.015,120.08,10519,2023-12-27
2023-12-27 20:30:00,120.09,120.09,119.99,120.025,8361,2023-12-27
2023-12-27 20:35:00,120.02,120.05,119.9909,120.01,7186,2023-12-27
2023-12-27 20:40:00,120.015,120.015,119.935,119.935,5647,2023-12-27
2023-12-27 20:45:00,119.97,120.08,119.97,120.08,7527,2023-12-27
2023-12-27 20:50:00,120.0899,120.0899,120.04,120.06,3965,2023-12-27
2023-12-27 20:55:00,120.06,120.08,120.02,120.05,5589,2023-12-27
2023-12-27 21:00:00,120.04,120.2,120.025,120.2,6315,2023-12-27
2023-12-27 21:05:00,120.215,120.32,120.215,120.23,12907,2023-12-27
2023-12-27 21:10:00,120.27,120.28,120.205,120.2101,10564,2023-12-27
2023-12-27 21:15:00,120.22,120.32,120.22,120.28,5934,2023-12-27
2023-12-27 21:20:00,120.2922,120.3,120.24,120.2401,7901,2023-12-27
2023-12-27 21:25:00,120.24,120.31,120.22,120.26,4623,2023-12-27
2023-12-27 21:30:00,120.28,120.3,120.22,120.22,3402,2023-12-27
2023-12-27 21:35:00,120.225,120.25,120.19,120.21,5222,2023-12-27
2023-12-27 21:40:00,120.26,120.3312,120.258,120.3312,5850,2023-12-27
2023-12-27 21:45:00,120.34,120.38,120.33,120.36,7891,2023-12-27
2023-12-27 21:50:00,120.36,120.365,120.3,120.34,9175,2023-12-27
2023-12-27 21:55:00,120.34,120.35,120.31,120.31,9726,2023-12-27
2023-12-27 22:00:00,120.31,120.31,120.03,120.035,10159,2023-12-27
2023-12-27 22:05:00,120.035,120.091,119.97,119.97,6334,2023-12-27
2023-12-27 22:10:00,119.95,120.01,119.89,119.99,8815,2023-12-27
2023-12-27 22:15:00,119.94,120,119.935,119.99,3466,2023-12-27
2023-12-27 22:20:00,120.03,120.135,120.03,120.12,10516,2023-12-27
2023-12-27 22:25:00,120.12,120.2,120.1,120.13,12959,2023-12-27
2023-12-27 22:30:00,120.13,120.16,120.11,120.12,5810,2023-12-27
2023-12-27 22:35:00,120.1,120.12,120.09,120.1,6764,2023-12-27
2023-12-27 22:40:00,120.0854,120.0994,120.036,120.06,9606,2023-12-27
2023-12-27 22:45:00,120.06,120.14,120.06,120.1,7609,2023-12-27
2023-12-27 22:50:00,120.1111,120.14,120.06,120.12,12238,2023-12-27
2023-12-27 22:55:00,120.12,120.207,120.1,120.207,9113,2023-12-27
2023-12-27 23:00:00,120.22,120.23,120.16,120.1886,8974,2023-12-27
2023-12-27 23:05:00,120.18,120.28,120.18,120.27,7805,2023-12-27
2023-12-27 23:10:00,120.285,120.285,120.23,120.24,10078,2023-12-27
2023-12-27 23:15:00,120.239,120.3,120.239,120.3,17929,2023-12-27
2023-12-27 23:20:00,120.3,120.3,120.19,120.19,9825,2023-12-27
2023-12-27 23:25:00,120.1601,120.205,120.15,120.205,7155,2023-12-27
2023-12-27 23:30:00,120.22,120.29,120.21,120.29,9005,2023-12-27
2023-12-27 23:35:00,120.31,120.32,120.228,120.228,9912,2023-12-27
2023-12-27 23:40:00,120.235,120.25,120.08,120.101,16298,2023-12-27
2023-12-27 23:45:00,120.12,120.15,120.06,120.12,12760,2023-12-27
2023-12-27 23:50:00,120.11,120.18,120.03,120.17,21036,2023-12-27
2023-12-27 23:55:00,120.18,120.35,120.17,120.33,64466,2023-12-27
2023-12-28 00:00:00,120.31,120.31,120.31,120.31,11816,2023-12-27
2023-12-28 17:00:00,120.31,120.31,120.31,120.31,99415,2023-12-28
2023-12-28 17:30:00,120.34,120.44,120.09,120.335,23585,2023-12-28
2023-12-28 17:35:00,120.2671,120.62,120.2671,120.52,11753,2023-12-28
2023-12-28 17:40:00,120.5,120.57,120.45,120.45,7958,2023-12-28
2023-12-28 17:45:00,120.4525,120.66,120.4,120.62,5807,2023-12-28
2023-12-28 17:50:00,120.6361,120.87,120.6361,120.7978,12274,2023-12-28
2023-12-28 17:55:00,120.835,120.89,120.53,120.6349,6827,2023-12-28
2023-12-28 18:00:00,120.66,120.7498,120.6101,120.7498,9768,2023-12-28
2023-12-28 18:05:00,120.805,120.805,120.66,120.67,7802,2023-12-28
2023-12-28 18:10:00,120.685,120.74,120.63,120.67,6437,2023-12-28
2023-12-28 18:15:00,120.67,120.69,120.63,120.675,7348,2023-12-28
2023-12-28 18:20:00,120.68,120.68,120.5,120.51,8802,2023-12-28
2023-12-28 18:25:00,120.535,120.65,120.53,120.65,10835,2023-12-28
2023-12-28 18:30:00,120.66,120.67,120.56,120.62,8959,2023-12-28
2023-12-28 18:35:00,120.66,120.67,120.6,120.6,9298,2023-12-28
2023-12-28 18:40:00,120.6,120.67,120.525,120.58,9061,2023-12-28
2023-12-28 18:45:00,120.55,120.59,120.5,120.58,7091,2023-12-28
2023-12-28 18:50:00,120.55,120.6515,120.55,120.64,10703,2023-12-28
2023-12-28 18:55:00,120.63,120.63,120.44,120.505,10042,2023-12-28
2023-12-28 19:00:00,120.5,120.65,120.48,120.61,5908,2023-12-28
2023-12-28 19:05:00,120.62,120.68,120.62,120.68,8401,2023-12-28
2023-12-28 19:10:00,120.66,120.665,120.555,120.575,6812,2023-12-28
2023-12-28 19:15:00,120.6,120.6,120.5,120.51,6587,2023-12-28
2023-12-28 19:20:00,120.5,120.54,120.47,120.5052,5111,2023-12-28
2023-12-28 19:25:00,120.51,120.56,120.51,120.55,12958,2023-12-28
2023-12-28 19:30:00,120.55,120.64,120.55,120.59,19106,2023-12-28
2023-12-28 19:35:00,120.59,120.59,120.56,120.59,5494,2023-12-28
2023-12-28 19:40:00,120.58,120.64,120.58,120.61,5290,2023-12-28
2023-12-28 19:45:00,120.62,120.62,120.495,120.495,7831,2023-12-28
2023-12-28 19:50:00,120.455,120.585,120.455,120.53,7491,2023-12-28
2023-12-28 19:55:00,120.53,120.53,120.47,120.47,4722,2023-12-28
2023-12-28 20:00:00,120.45,120.51,120.42,120.47,6679,2023-12-28
2023-12-28 20:05:00,120.5,120.609,120.5,120.52,7130,2023-12-28
2023-12-28 20:10:00,120.51,120.56,120.5078,120.52,10884,2023-12-28
2023-12-28 20:15:00,120.54,120.54,120.365,120.365,4134,2023-12-28
2023-12-28 20:20:00,120.39,120.41,120.36,120.36,5340,2023-12-28
2023-12-28 20:25:00,120.335,120.37,120.3262,120.3262,3372,2023-12-28
2023-12-28 20:30:00,120.35,120.3773,120.3345,120.35,5162,2023-12-28
2023-12-28 20:35:00,120.31,120.32,120.3,120.32,2711,2023-12-28
2023-12-28 20:40:00,120.32,120.4,120.31,120.4,8456,2023-12-28
2023-12-28 20:45:00,120.42,120.48,120.42,120.47,4580,2023-12-28
2023-12-28 20:50:00,120.472,120.5139,120.47,120.5,3864,2023-12-28
2023-12-28 20:55:00,120.5134,120.5325,120.44,120.4462,6137,2023-12-28
2023-12-28 21:00:00,120.45,120.45,120.35,120.35,4954,2023-12-28
2023-12-28 21:05:00,120.32,120.365,120.26,120.36,4344,2023-12-28
2023-12-28 21:10:00,120.375,120.44,120.35,120.44,4889,2023-12-28
2023-12-28 21:15:00,120.43,120.55,120.43,120.54,5746,2023-12-28
2023-12-28 21:20:00,120.56,120.57,120.5,120.52,6617,2023-12-28
2023-12-28 21:25:00,120.51,120.51,120.39,120.42,4153,2023-12-28
2023-12-28 21:30:00,120.43,120.47,120.4005,120.45,15851,2023-12-28
2023-12-28 21:35:00,120.4536,120.5342,120.4536,120.5342,5717,2023-12-28
2023-12-28 21:40:00,120.52,120.52,120.4322,120.497,5388,2023-12-28
2023-12-28 21:45:00,120.485,120.52,120.46,120.47,3938,2023-12-28
2023-12-28 21:50:00,120.5,120.555,120.48,120.53,7123,2023-12-28
2023-12-28 21:55:00,120.51,120.54,120.5,120.5133,3992,2023-12-28
2023-12-28 22:00:00,120.53,120.63,120.53,120.63,4169,2023-12-28
2023-12-28 22:05:00,120.645,120.66,120.57,120.58,5262,2023-12-28
2023-12-28 22:10:00,120.5874,120.7062,120.58,120.69,10323,2023-12-28
2023-12-28 22:15:00,120.71,120.745,120.67,120.67,3861,2023-12-28
2023-12-28 22:20:00,120.64,120.64,120.5975,120.63,9218,2023-12-28
2023-12-28 22:25:00,120.65,120.71,120.65,120.71,5372,2023-12-28
2023-12-28 22:30:00,120.73,120.76,120.7,120.7,5607,2023-12-28
2023-12-28 22:35:00,120.685,120.75,120.6719,120.7,7345,2023-12-28
2023-12-28 22:40:00,120.71,120.72,120.62,120.63,6135,2023-12-28
2023-12-28 22:45:00,120.62,120.76,120.62,120.76,4313,2023-12-28
2023-12-28 22:50:00,120.75,120.755,120.71,120.73,4510,2023-12-28
2023-12-28 22:55:00,120.73,120.7479,120.71,120.73,5356,2023-12-28
2023-12-28 23:00:00,120.7294,120.74,120.68,120.735,10159,2023-12-28
2023-12-28 23:05:00,120.74,120.8,120.7286,120.755,9282,2023-12-28
2023-12-28 23:10:00,120.735,120.77,120.68,120.77,8339,2023-12-28
2023-12-28 23:15:00,120.77,120.8157,120.705,120.8157,7836,2023-12-28
2023-12-28 23:20:00,120.8,120.82,120.68,120.705,9229,2023-12-28
2023-12-28 23:25:00,120.7,120.71,120.64,120.67,7116,2023-12-28
2023-12-28 23:30:00,120.67,120.73,120.62,120.7,11447,2023-12-28
2023-12-28 23:35:00,120.7,120.78,120.7,120.76,9885,2023-12-28
2023-12-28 23:40:00,120.76,120.81,120.73,120.81,16474,2023-12-28
2023-12-28 23:45:00,120.82,120.825,120.75,120.801,18380,2023-12-28
2023-12-28 23:50:00,120.8,120.86,120.71,120.82,50140,2023-12-28
2023-12-28 23:55:00,120.84,120.89,120.75,120.82,94724,2023-12-28
2023-12-29 00:00:00,120.82,120.82,120.82,120.82,8056,2023-12-28
2023-12-29 00:15:00,121.1,121.1,121.1,121.1,118,2023-12-28
2023-12-29 00:35:00,120.53,120.53,120.42,120.5,8869,2023-12-28
2023-12-29 03:10:00,120.8,120.8,120.8,120.8,300,2023-12-28
2023-12-29 16:05:00,120.81,120.81,120.81,120.81,300,2023-12-29
2023-12-29 17:30:00,120.82,121.07,120.81,120.91,36017,2023-12-29
2023-12-29 17:35:00,121,121.07,120.9321,120.985,8266,2023-12-29
2023-12-29 17:40:00,121.07,121.135,120.95,120.965,6100,2023-12-29
2023-12-29 17:45:00,120.9808,120.9808,120.8182,120.82,5414,2023-12-29
2023-12-29 17:50:00,120.81,120.91,120.7717,120.79,7618,2023-12-29
2023-12-29 17:55:00,120.8235,120.84,120.76,120.825,7259,2023-12-29
2023-12-29 18:00:00,120.84,121.015,120.8,121.015,17095,2023-12-29
2023-12-29 18:05:00,121.015,121.12,120.995,121.0388,13188,2023-12-29
2023-12-29 18:10:00,121.05,121.115,121.01,121.115,11614,2023-12-29
2023-12-29 18:15:00,121.105,121.23,121.09,121.2,17803,2023-12-29
2023-12-29 18:20:00,121.215,121.266,121.19,121.195,8089,2023-12-29
2023-12-29 18:25:00,121.22,121.26,121.1066,121.13,9433,2023-12-29
2023-12-29 18:30:00,121.16,121.26,121.14,121.14,16331,2023-12-29
2023-12-29 18:35:00,121.155,121.155,121.047,121.11,5574,2023-12-29
2023-12-29 18:40:00,121.1,121.26,121.06,121.23,11332,2023-12-29
2023-12-29 18:45:00,121.2225,121.36,121.19,121.36,10170,2023-12-29
2023-12-29 18:50:00,121.365,121.38,121.31,121.31,6388,2023-12-29
2023-12-29 18:55:00,121.31,121.32,121.21,121.21,7481,2023-12-29
2023-12-29 19:00:00,121.19,121.33,121.19,121.31,14863,2023-12-29
2023-12-29 19:05:00,121.3075,121.39,121.3,121.33,8539,2023-12-29
2023-12-29 19:10:00,121.335,121.349,121.28,121.32,7039,2023-12-29
2023-12-29 19:15:00,121.33,121.37,121.24,121.325,10939,2023-12-29
2023-12-29 19:20:00,121.31,121.35,121.27,121.35,6862,2023-12-29
2023-12-29 19:25:00,121.36,121.415,121.29,121.31,9042,2023-12-29
2023-12-29 19:30:00,121.3245,121.38,121.165,121.165,9877,2023-12-29
2023-12-29 19:35:00,121.175,121.24,121.16,121.238,8598,2023-12-29
2023-12-29 19:40:00,121.21,121.25,121.1864,121.21,8501,2023-12-29
2023-12-29 19:45:00,121.21,121.26,121.19,121.19,5726,2023-12-29
2023-12-29 19:50:00,121.175,121.175,120.95,120.95,9390,2023-12-29
2023-12-29 19:55:00,120.979,120.985,120.9,120.9,10636,2023-12-29
2023-12-29 20:00:00,120.92,120.94,120.805,120.84,4363,2023-12-29
2023-12-29 20:05:00,120.83,120.87,120.8,120.815,4966,2023-12-29
2023-12-29 20:10:00,120.81,120.87,120.77,120.86,9834,2023-12-29
2023-12-29 20:15:00,120.87,120.886,120.79,120.85,6502,2023-12-29
2023-12-29 20:20:00,120.861,120.91,120.81,120.84,8640,2023-12-29
2023-12-29 20:25:00,120.835,120.87,120.83,120.865,4144,2023-12-29
2023-12-29 20:30:00,120.88,120.89,120.855,120.87,4097,2023-12-29
2023-12-29 20:35:00,120.87,120.92,120.8601,120.885,5251,2023-12-29
2023-12-29 20:40:00,120.89,120.89,120.86,120.86,5406,2023-12-29
2023-12-29 20:45:00,120.88,120.925,120.835,120.845,10985,2023-12-29
2023-12-29 20:50:00,120.9,120.96,120.9,120.93,3301,2023-12-29
2023-12-29 20:55:00,120.95,121.02,120.95,120.96,4055,2023-12-29
2023-12-29 21:00:00,120.97,121.029,120.94,120.98,6555,2023-12-29
2023-12-29 21:05:00,120.99,121.017,120.9301,120.959,4046,2023-12-29
2023-12-29 21:10:00,120.91,121,120.91,120.97,8725,2023-12-29
2023-12-29 21:15:00,120.96,120.96,120.9,120.929,5005,2023-12-29
2023-12-29 21:20:00,120.93,120.94,120.91,120.929,3454,2023-12-29
2023-12-29 21:25:00,120.9,120.9,120.862,120.88,3636,2023-12-29
2023-12-29 21:30:00,120.8918,120.93,120.87,120.899,5823,2023-12-29
2023-12-29 21:35:00,120.885,120.948,120.87,120.948,4885,2023-12-29
2023-12-29 21:40:00,120.93,120.93,120.9,120.93,4848,2023-12-29
2023-12-29 21:45:00,120.92,120.939,120.91,120.925,3198,2023-12-29
2023-12-29 21:50:00,120.92,121,120.92,120.96,7456,2023-12-29
2023-12-29 21:55:00,120.95,120.95,120.89,120.905,5387,2023-12-29
2023-12-29 22:00:00,120.92,120.96,120.8983,120.95,5467,2023-12-29
2023-12-29 22:05:00,120.97,120.97,120.89,120.9,5366,2023-12-29
2023-12-29 22:10:00,120.91,120.96,120.9,120.96,8660,2023-12-29
2023-12-29 22:15:00,120.95,120.99,120.95,120.953,5209,2023-12-29
2023-12-29 22:20:00,120.97,121.03,120.96,120.965,7466,2023-12-29
2023-12-29 22:25:00,120.965,121.005,120.92,120.938,10505,2023-12-29
2023-12-29 22:30:00,120.96,121.0364,120.95,121.01,8371,2023-12-29
2023-12-29 22:35:00,121.008,121.06,121.008,121.05,6258,2023-12-29
2023-12-29 22:40:00,121.03,121.097,121,121.07,9301,2023-12-29
2023-12-29 22:45:00,121.07,121.105,121.0347,121.05,10267,2023-12-29
2023-12-29 22:50:00,121.05,121.05,121.021,121.03,5873,2023-12-29
2023-12-29 22:55:00,121.04,121.06,121.0118,121.05,8612,2023-12-29
2023-12-29 23:00:00,121.06,121.06,121.001,121.03,5932,2023-12-29
2023-12-29 23:05:00,121.05,121.195,121.03,121.15,11077,2023-12-29
2023-12-29 23:10:00,121.1401,121.1692,121.1,121.15,7559,2023-12-29
2023-12-29 23:15:00,121.14,121.165,121.09,121.09,11138,2023-12-29
2023-12-29 23:20:00,121.06,121.1263,121,121.0985,11121,2023-12-29
2023-12-29 23:25:00,121.07,121.185,121.05,121.175,15517,2023-12-29
2023-12-29 23:30:00,121.17,121.205,121.121,121.18,12447,2023-12-29
2023-12-29 23:35:00,121.19,121.2007,121.131,121.15,10181,2023-12-29
2023-12-29 23:40:00,121.15,121.18,121.08,121.08,19610,2023-12-29
2023-12-29 23:45:00,121.08,121.1502,121.08,121.09,23683,2023-12-29
2023-12-29 23:50:00,121.1,121.29,121.09,121.17,50487,2023-12-29
2023-12-29 23:55:00,121.18,121.61,121.14,121.52,190977,2023-12-29
2023-12-30 00:00:00,121.51,121.51,121.51,121.51,286297,2023-12-29
2023-12-30 01:05:00,121.4,121.4,121.4,121.4,200,2023-12-29
2023-12-30 01:10:00,121.4,121.4,121.4,121.4,105,2023-12-29
2023-12-30 01:30:00,121.4,121.4,121.4,121.4,517,2023-12-29
2024-01-02 17:25:00,121.01,121.01,121.01,121.01,105,2024-01-02
2024-01-02 17:30:00,121.2,121.75,121.2,121.75,56698,2024-01-02
2024-01-02 17:35:00,121.69,121.96,121.5515,121.67,25371,2024-01-02
2024-01-02 17:40:00,121.74,122.28,121.73,121.98,19061,2024-01-02
2024-01-02 17:45:00,121.97,122.43,121.97,122.325,20093,2024-01-02
2024-01-02 17:50:00,122.325,122.41,122.14,122.34,16806,2024-01-02
2024-01-02 17:55:00,122.34,122.5102,122.29,122.36,12979,2024-01-02
2024-01-02 18:00:00,122.345,122.47,122.24,122.27,17662,2024-01-02
2024-01-02 18:05:00,122.27,122.54,122.25,122.5,18210,2024-01-02
2024-01-02 18:10:00,122.5,122.73,122.5,122.73,24424,2024-01-02
2024-01-02 18:15:00,122.725,122.88,122.71,122.74,41022,2024-01-02
2024-01-02 18:20:00,122.79,123,122.77,122.905,22143,2024-01-02
2024-01-02 18:25:00,122.915,123.06,122.915,122.95,21483,2024-01-02
2024-01-02 18:30:00,122.925,123.1,122.925,123.005,32978,2024-01-02
2024-01-02 18:35:00,123.01,123.155,122.96,123.155,26466,2024-01-02
2024-01-02 18:40:00,123.18,123.21,122.88,122.94,34399,2024-01-02
2024-01-02 18:45:00,122.945,123.24,122.94,123.215,23308,2024-01-02
2024-01-02 18:50:00,123.215,123.28,123.05,123.055,21400,2024-01-02
2024-01-02 18:55:00,123.055,123.0551,122.81,122.87,19897,2024-01-02
2024-01-02 19:00:00,122.85,122.85,122.6,122.6,15432,2024-01-02
2024-01-02 19:05:00,122.59,122.76,122.58,122.61,16332,2024-01-02
2024-01-02 19:10:00,122.66,122.67,122.45,122.465,16903,2024-01-02
2024-01-02 19:15:00,122.49,122.515,122.29,122.34,18009,2024-01-02
2024-01-02 19:20:00,122.32,122.32,122.21,122.21,11009,2024-01-02
2024-01-02 19:25:00,122.19,122.19,122.1,122.16,12806,2024-01-02
2024-01-02 19:30:00,122.17,122.23,122.11,122.215,14096,2024-01-02
2024-01-02 19:35:00,122.235,122.27,122.18,122.18,36899,2024-01-02
2024-01-02 19:40:00,122.19,122.34,122.19,122.305,15760,2024-01-02
2024-01-02 19:45:00,122.28,122.38,122.22,122.32,7286,2024-01-02
2024-01-02 19:50:00,122.31,122.33,122.22,122.27,16238,2024-01-02
2024-01-02 19:55:00,122.27,122.31,122.19,122.25,21133,2024-01-02
2024-01-02 20:00:00,122.24,122.3299,122.2,122.27,12569,2024-01-02
2024-01-02 20:05:00,122.22,122.22,122.07,122.085,7836,2024-01-02
2024-01-02 20:10:00,122.08,122.21,122.08,122.16,12054,2024-01-02
2024-01-02 20:15:00,122.13,122.15,122,122.1215,24106,2024-01-02
2024-01-02 20:20:00,122.17,122.2025,122.1,122.2025,8781,2024-01-02
2024-01-02 20:25:00,122.19,122.19,122.06,122.08,7921,2024-01-02
2024-01-02 20:30:00,122.07,122.13,122.04,122.06,7026,2024-01-02
2024-01-02 20:35:00,122.1,122.22,122.08,122.2,6682,2024-01-02
2024-01-02 20:40:00,122.2,122.23,122.14,122.163,10137,2024-01-02
2024-01-02 20:45:00,122.16,122.36,122.16,122.36,17911,2024-01-02
2024-01-02 20:50:00,122.36,122.425,122.245,122.4,15984,2024-01-02
2024-01-02 20:55:00,122.395,122.47,122.395,122.47,7162,2024-01-02
2024-01-02 21:00:00,122.47,122.545,122.45,122.53,12207,2024-01-02
2024-01-02 21:05:00,122.52,122.7443,122.52,122.71,12197,2024-01-02
2024-01-02 21:10:00,122.71,122.74,122.631,122.631,7382,2024-01-02
2024-01-02 21:15:00,122.66,122.715,122.64,122.7,7032,2024-01-02
2024-01-02 21:20:00,122.68,122.68,122.525,122.59,7066,2024-01-02
2024-01-02 21:25:00,122.58,122.6999,122.58,122.6,6262,2024-01-02
2024-01-02 21:30:00,122.54,122.6084,122.48,122.6084,20265,2024-01-02
2024-01-02 21:35:00,122.62,122.67,122.58,122.61,9410,2024-01-02
2024-01-02 21:40:00,122.63,122.7,122.61,122.67,5450,2024-01-02
2024-01-02 21:45:00,122.61,122.6577,122.585,122.6577,4232,2024-01-02
2024-01-02 21:50:00,122.65,122.74,122.62,122.65,9414,2024-01-02
2024-01-02 21:55:00,122.69,122.7,122.6,122.695,7510,2024-01-02
2024-01-02 22:00:00,122.68,122.77,122.66,122.75,14360,2024-01-02
2024-01-02 22:05:00,122.76,122.77,122.67,122.67,8179,2024-01-02
2024-01-02 22:10:00,122.78,122.79,122.76,122.77,6725,2024-01-02
2024-01-02 22:15:00,122.77,122.88,122.76,122.88,10903,2024-01-02
2024-01-02 22:20:00,122.88,122.9097,122.7447,122.7447,7952,2024-01-02
2024-01-02 22:25:00,122.745,122.79,122.7,122.79,8057,2024-01-02
2024-01-02 22:30:00,122.8,122.86,122.72,122.72,8312,2024-01-02
2024-01-02 22:35:00,122.68,122.73,122.65,122.71,11978,2024-01-02
2024-01-02 22:40:00,122.74,122.78,122.66,122.685,14399,2024-01-02
2024-01-02 22:45:00,122.682,122.69,122.6,122.63,15251,2024-01-02
2024-01-02 22:50:00,122.63,122.72,122.6,122.66,13407,2024-01-02
2024-01-02 22:55:00,122.65,122.6941,122.58,122.65,16382,2024-01-02
2024-01-02 23:00:00,122.67,122.775,122.605,122.7094,16105,2024-01-02
2024-01-02 23:05:00,122.725,122.725,122.465,122.47,18473,2024-01-02
2024-01-02 23:10:00,122.47,122.52,122.44,122.4958,19812,2024-01-02
2024-01-02 23:15:00,122.5,122.54,122.36,122.5,25969,2024-01-02
2024-01-02 23:20:00,122.49,122.62,122.48,122.49,23732,2024-01-02
2024-01-02 23:25:00,122.43,122.48,122.35,122.35,23585,2024-01-02
2024-01-02 23:30:00,122.35,122.43,122.255,122.3,37137,2024-01-02
2024-01-02 23:35:00,122.3,122.39,122.26,122.29,20695,2024-01-02
2024-01-02 23:40:00,122.28,122.37,122.24,122.34,35267,2024-01-02
2024-01-02 23:45:00,122.32,122.36,122.25,122.34,36762,2024-01-02
2024-01-02 23:50:00,122.34,122.495,122.24,122.41,73253,2024-01-02
2024-01-02 23:55:00,122.42,122.47,122.28,122.36,212343,2024-01-02
2024-01-03 00:00:00,122.36,122.36,122.36,122.36,2412,2024-01-02
2024-01-03 00:05:00,122.36,122.36,122.36,122.36,12140,2024-01-02
2024-01-03 15:10:00,123,123,123,123,150,2024-01-03
2024-01-03 16:40:00,122.8,122.8,122.8,122.8,269,2024-01-03
2024-01-03 17:30:00,122.83,122.9368,122.41,122.46,63644,2024-01-03
2024-01-03 17:35:00,122.455,123,122.26,122.915,25048,2024-01-03
2024-01-03 17:40:00,122.915,122.93,122.19,122.41,32993,2024-01-03
2024-01-03 17:45:00,122.42,122.68,122,122.35,24658,2024-01-03
2024-01-03 17:50:00,122.38,122.45,122.16,122.38,19707,2024-01-03
2024-01-03 17:55:00,122.4,122.61,122.4,122.6,11491,2024-01-03
2024-01-03 18:00:00,122.6,123.08,122.58,123.08,30741,2024-01-03
2024-01-03 18:05:00,123.095,123.27,122.87,123,24624,2024-01-03
2024-01-03 18:10:00,122.94,123.05,122.86,122.94,12941,2024-01-03
2024-01-03 18:15:00,122.895,123.14,122.875,123.085,11497,2024-01-03
2024-01-03 18:20:00,123.1,123.16,122.85,122.88,11906,2024-01-03
2024-01-03 18:25:00,122.865,123.05,122.85,122.87,10020,2024-01-03
2024-01-03 18:30:00,122.945,122.97,122.84,122.945,8458,2024-01-03
2024-01-03 18:35:00,122.95,123.16,122.94,123.16,12906,2024-01-03
2024-01-03 18:40:00,123.16,123.16,122.905,123,10264,2024-01-03
2024-01-03 18:45:00,123.01,123.05,122.94,122.97,11876,2024-01-03
2024-01-03 18:50:00,122.99,122.99,122.67,122.7,10832,2024-01-03
2024-01-03 18:55:00,122.66,122.705,122.59,122.65,10323,2024-01-03
2024-01-03 19:00:00,122.63,122.72,122.63,122.72,11015,2024-01-03
2024-01-03 19:05:00,122.7,122.7059,122.6,122.7,10124,2024-01-03
2024-01-03 19:10:00,122.66,122.675,122.6,122.605,6394,2024-01-03
2024-01-03 19:15:00,122.605,122.65,122.46,122.46,11854,2024-01-03
2024-01-03 19:20:00,122.5,122.53,122.46,122.53,9917,2024-01-03
2024-01-03 19:25:00,122.58,122.63,122.53,122.61,7331,2024-01-03
2024-01-03 19:30:00,122.62,122.66,122.42,122.44,16597,2024-01-03
2024-01-03 19:35:00,122.44,122.57,122.44,122.54,9534,2024-01-03
2024-01-03 19:40:00,122.53,122.6,122.47,122.6,7976,2024-01-03
2024-01-03 19:45:00,122.59,122.59,122.48,122.55,7323,2024-01-03
2024-01-03 19:50:00,122.56,122.6,122.48,122.49,9491,2024-01-03
2024-01-03 19:55:00,122.5,122.53,122.436,122.436,14145,2024-01-03
2024-01-03 20:00:00,122.45,122.52,122.44,122.485,10578,2024-01-03
2024-01-03 20:05:00,122.51,122.51,122.44,122.45,7026,2024-01-03
2024-01-03 20:10:00,122.45,122.45,122.25,122.32,6788,2024-01-03
2024-01-03 20:15:00,122.36,122.42,122.36,122.3701,11576,2024-01-03
2024-01-03 20:20:00,122.38,122.4,122.32,122.32,11665,2024-01-03
2024-01-03 20:25:00,122.33,122.45,122.33,122.4,8118,2024-01-03
2024-01-03 20:30:00,122.405,122.41,122.38,122.38,3712,2024-01-03
2024-01-03 20:35:00,122.4,122.41,122.365,122.385,7438,2024-01-03
2024-01-03 20:40:00,122.35,122.41,122.3483,122.39,6794,2024-01-03
2024-01-03 20:45:00,122.41,122.42,122.3,122.35,6985,2024-01-03
2024-01-03 20:50:00,122.37,122.37,122.32,122.335,8107,2024-01-03
2024-01-03 20:55:00,122.37,122.4,122.348,122.38,5943,2024-01-03
2024-01-03 21:00:00,122.425,122.53,122.39,122.39,8657,2024-01-03
2024-01-03 21:05:00,122.2903,122.39,122.26,122.38,12323,2024-01-03
2024-01-03 21:10:00,122.3716,122.4,122.25,122.25,7317,2024-01-03
2024-01-03 21:15:00,122.27,122.27,122.22,122.22,5857,2024-01-03
2024-01-03 21:20:00,122.19,122.195,122.1598,122.18,6256,2024-01-03
2024-01-03 21:25:00,122.17,122.17,122.1189,122.15,5203,2024-01-03
2024-01-03 21:30:00,122.15,122.215,122.14,122.14,9039,2024-01-03
2024-01-03 21:35:00,122.14,122.14,122.04,122.13,6302,2024-01-03
2024-01-03 21:40:00,122.15,122.195,122.06,122.0829,12626,2024-01-03
2024-01-03 21:45:00,122.07,122.11,122.03,122.085,9254,2024-01-03
2024-01-03 21:50:00,122.085,122.1,122.035,122.07,7620,2024-01-03
2024-01-03 21:55:00,122.06,122.07,121.88,121.885,14072,2024-01-03
2024-01-03 22:00:00,121.87,122.0499,121.785,121.88,15031,2024-01-03
2024-01-03 22:05:00,121.83,121.9,121.8,121.875,10865,2024-01-03
2024-01-03 22:10:00,121.9,122.01,121.8719,121.91,23071,2024-01-03
2024-01-03 22:15:00,121.94,121.95,121.83,121.83,14876,2024-01-03
2024-01-03 22:20:00,121.82,122.01,121.81,121.99,10381,2024-01-03
2024-01-03 22:25:00,121.98,122.02,121.9001,121.9001,14780,2024-01-03
2024-01-03 22:30:00,121.9,121.96,121.76,121.96,17811,2024-01-03
2024-01-03 22:35:00,121.985,121.985,121.9,121.92,11236,2024-01-03
2024-01-03 22:40:00,121.91,121.92,121.76,121.83,15119,2024-01-03
2024-01-03 22:45:00,121.83,121.85,121.72,121.78,12811,2024-01-03
2024-01-03 22:50:00,121.78,121.78,121.695,121.71,8675,2024-01-03
2024-01-03 22:55:00,121.7,121.76,121.69,121.69,13477,2024-01-03
2024-01-03 23:00:00,121.69,121.69,121.43,121.43,19995,2024-01-03
2024-01-03 23:05:00,121.44,121.5285,121.43,121.52,13211,2024-01-03
2024-01-03 23:10:00,121.5,121.52,121.42,121.42,11627,2024-01-03
2024-01-03 23:15:00,121.39,121.4617,121.35,121.4617,14839,2024-01-03
2024-01-03 23:20:00,121.47,121.515,121.3,121.305,22327,2024-01-03
2024-01-03 23:25:00,121.305,121.44,121.2998,121.44,23571,2024-01-03
2024-01-03 23:30:00,121.43,121.4484,121.36,121.4216,33613,2024-01-03
2024-01-03 23:35:00,121.43,121.525,121.41,121.46,28882,2024-01-03
2024-01-03 23:40:00,121.46,121.58,121.46,121.55,26510,2024-01-03
2024-01-03 23:45:00,121.545,121.639,121.51,121.51,25971,2024-01-03
2024-01-03 23:50:00,121.51,121.54,121.33,121.38,54645,2024-01-03
2024-01-03 23:55:00,121.38,121.79,121.38,121.74,186384,2024-01-03
2024-01-04 00:00:00,121.74,121.74,121.74,121.74,16158,2024-01-03
2024-01-04 00:05:00,121.74,121.74,121.74,121.74,1561,2024-01-03
2024-01-04 15:50:00,122.5,122.5,122.5,122.5,3635,2024-01-04
2024-01-04 15:55:00,122.5,122.5,122.5,122.5,600,2024-01-04
2024-01-04 17:30:00,121.88,122.26,121.625,122.17,24356,2024-01-04
2024-01-04 17:35:00,122.12,122.445,121.98,122.345,11506,2024-01-04
2024-01-04 17:40:00,122.385,122.76,122.38,122.7,21774,2024-01-04
2024-01-04 17:45:00,122.73,122.88,122.57,122.65,22011,2024-01-04
2024-01-04 17:50:00,122.65,122.725,122.47,122.55,19809,2024-01-04
2024-01-04 17:55:00,122.6,122.92,122.6,122.92,8019,2024-01-04
2024-01-04 18:00:00,122.86,123.03,122.81,122.82,15644,2024-01-04
2024-01-04 18:05:00,122.81,122.93,122.81,122.89,8468,2024-01-04
2024-01-04 18:10:00,122.93,123.04,122.895,122.895,22548,2024-01-04
2024-01-04 18:15:00,122.92,122.98,122.67,122.68,7896,2024-01-04
2024-01-04 18:20:00,122.67,122.76,122.65,122.68,9674,2024-01-04
2024-01-04 18:25:00,122.74,122.765,122.66,122.72,10394,2024-01-04
2024-01-04 18:30:00,122.73,122.82,122.62,122.77,27013,2024-01-04
2024-01-04 18:35:00,122.7821,122.85,122.75,122.78,14674,2024-01-04
2024-01-04 18:40:00,122.74,122.94,122.72,122.92,13894,2024-01-04
2024-01-04 18:45:00,122.92,122.95,122.86,122.86,8081,2024-01-04
2024-01-04 18:50:00,122.82,122.9725,122.82,122.945,14183,2024-01-04
2024-01-04 18:55:00,122.94,123.1599,122.86,123.12,18669,2024-01-04
2024-01-04 19:00:00,123.14,123.17,122.985,123,18030,2024-01-04
2024-01-04 19:05:00,123.04,123.06,122.92,123.02,13386,2024-01-04
2024-01-04 19:10:00,123.025,123.1399,123.025,123.1399,15177,2024-01-04
2024-01-04 19:15:00,123.12,123.14,122.87,122.88,8492,2024-01-04
2024-01-04 19:20:00,122.86,123.01,122.83,122.98,27064,2024-01-04
2024-01-04 19:25:00,122.99,123.11,122.8875,122.895,29784,2024-01-04
2024-01-04 19:30:00,122.8918,123,122.78,122.8519,43746,2024-01-04
2024-01-04 19:35:00,122.85,122.91,122.8,122.84,8562,2024-01-04
2024-01-04 19:40:00,122.86,122.9,122.85,122.86,6038,2024-01-04
2024-01-04 19:45:00,122.85,122.85,122.71,122.79,6748,2024-01-04
2024-01-04 19:50:00,122.79,122.81,122.74,122.7931,7320,2024-01-04
2024-01-04 19:55:00,122.8,122.825,122.75,122.8,15035,2024-01-04
2024-01-04 20:00:00,122.7993,122.8,122.65,122.67,8615,2024-01-04
2024-01-04 20:05:00,122.67,122.7016,122.65,122.7016,8556,2024-01-04
2024-01-04 20:10:00,122.69,122.73,122.62,122.66,9887,2024-01-04
2024-01-04 20:15:00,122.64,122.71,122.63,122.67,16615,2024-01-04
2024-01-04 20:20:00,122.65,122.6699,122.5273,122.59,12152,2024-01-04
2024-01-04 20:25:00,122.6022,122.63,122.59,122.6,4912,2024-01-04
2024-01-04 20:30:00,122.59,122.59,122.48,122.59,9021,2024-01-04
2024-01-04 20:35:00,122.585,122.67,122.585,122.63,11459,2024-01-04
2024-01-04 20:40:00,122.61,122.65,122.57,122.575,7302,2024-01-04
2024-01-04 20:45:00,122.58,122.74,122.58,122.74,7016,2024-01-04
2024-01-04 20:50:00,122.749,122.7763,122.7,122.75,22533,2024-01-04
2024-01-04 20:55:00,122.7,122.76,122.66,122.76,23036,2024-01-04
2024-01-04 21:00:00,122.76,122.84,122.75,122.84,6504,2024-01-04
2024-01-04 21:05:00,122.83,122.845,122.765,122.78,17074,2024-01-04
2024-01-04 21:10:00,122.775,122.8,122.74,122.75,24184,2024-01-04
2024-01-04 21:15:00,122.74,122.7599,122.57,122.61,7398,2024-01-04
2024-01-04 21:20:00,122.63,122.7,122.625,122.64,6758,2024-01-04
2024-01-04 21:25:00,122.63,122.63,122.6,122.6,5885,2024-01-04
2024-01-04 21:30:00,122.58,122.6,122.52,122.5346,6506,2024-01-04
2024-01-04 21:35:00,122.52,122.56,122.45,122.56,8028,2024-01-04
2024-01-04 21:40:00,122.57,122.635,122.55,122.62,33446,2024-01-04
2024-01-04 21:45:00,122.61,122.61,122.56,122.59,15433,2024-01-04
2024-01-04 21:50:00,122.56,122.6659,122.55,122.62,10597,2024-01-04
2024-01-04 21:55:00,122.59,122.6,122.52,122.57,9387,2024-01-04
2024-01-04 22:00:00,122.56,122.64,122.56,122.595,7237,2024-01-04
2024-01-04 22:05:00,122.58,122.6,122.57,122.59,12577,2024-01-04
2024-01-04 22:10:00,122.6,122.725,122.6,122.7,12124,2024-01-04
2024-01-04 22:15:00,122.7149,122.74,122.69,122.71,7287,2024-01-04
2024-01-04 22:20:00,122.7001,122.735,122.69,122.69,8602,2024-01-04
2024-01-04 22:25:00,122.7,122.78,122.67,122.77,8025,2024-01-04
2024-01-04 22:30:00,122.76,122.8,122.75,122.77,15697,2024-01-04
2024-01-04 22:35:00,122.76,122.76,122.69,122.72,30917,2024-01-04
2024-01-04 22:40:00,122.735,122.78,122.72,122.76,14142,2024-01-04
2024-01-04 22:45:00,122.76,122.9,122.7575,122.89,17036,2024-01-04
2024-01-04 22:50:00,122.92,122.99,122.91,122.96,17768,2024-01-04
2024-01-04 22:55:00,122.95,122.9762,122.915,122.97,13027,2024-01-04
2024-01-04 23:00:00,122.965,122.97,122.86,122.93,14097,2024-01-04
2024-01-04 23:05:00,122.94,123.02,122.93,122.97,13486,2024-01-04
2024-01-04 23:10:00,122.96,122.9903,122.93,122.94,14331,2024-01-04
2024-01-04 23:15:00,122.935,122.95,122.82,122.93,36918,2024-01-04
2024-01-04 23:20:00,122.935,122.9575,122.84,122.86,17419,2024-01-04
2024-01-04 23:25:00,122.86,122.93,122.77,122.78,49311,2024-01-04
2024-01-04 23:30:00,122.78,122.87,122.755,122.8,21876,2024-01-04
2024-01-04 23:35:00,122.82,122.84,122.76,122.83,20995,2024-01-04
2024-01-04 23:40:00,122.86,122.88,122.81,122.86,21287,2024-01-04
2024-01-04 23:45:00,122.88,122.955,122.81,122.83,35342,2024-01-04
2024-01-04 23:50:00,122.84,122.99,122.635,122.6899,80976,2024-01-04
2024-01-04 23:55:00,122.685,122.7,122.51,122.57,161141,2024-01-04
2024-01-05 00:00:00,122.53,122.53,122.53,122.53,29176,2024-01-04
2024-01-05 00:05:00,122.53,122.53,122.53,122.53,699,2024-01-04
2024-01-05 17:30:00,122.52,122.545,122.1,122.16,21095,2024-01-05
2024-01-05 17:35:00,122.22,122.41,122.21,122.21,10609,2024-01-05
2024-01-05 17:40:00,122.28,122.38,122.14,122.3,10364,2024-01-05
2024-01-05 17:45:00,122.32,122.57,122.24,122.47,51101,2024-01-05
2024-01-05 17:50:00,122.42,122.65,122.4,122.5,10452,2024-01-05
2024-01-05 17:55:00,122.45,122.63,122.42,122.62,7687,2024-01-05
2024-01-05 18:00:00,122.7,122.85,122.66,122.72,9104,2024-01-05
2024-01-05 18:05:00,122.73,122.93,122.73,122.8174,26739,2024-01-05
2024-01-05 18:10:00,122.83,122.9,122.745,122.78,25179,2024-01-05
2024-01-05 18:15:00,122.79,122.975,122.72,122.925,16509,2024-01-05
2024-01-05 18:20:00,122.95,123.02,122.9,123.02,10737,2024-01-05
2024-01-05 18:25:00,123.01,123.01,122.73,122.74,8652,2024-01-05
2024-01-05 18:30:00,122.73,122.76,122.6,122.69,13791,2024-01-05
2024-01-05 18:35:00,122.7007,122.7007,122.595,122.61,10383,2024-01-05
2024-01-05 18:40:00,122.595,122.655,122.51,122.645,11265,2024-01-05
2024-01-05 18:45:00,122.64,122.66,122.55,122.58,12370,2024-01-05
2024-01-05 18:50:00,122.58,122.73,122.52,122.6,10881,2024-01-05
2024-01-05 18:55:00,122.555,122.68,122.53,122.59,13548,2024-01-05
2024-01-05 19:00:00,122.53,122.62,122.53,122.575,7457,2024-01-05
2024-01-05 19:05:00,122.57,122.57,122.43,122.51,10947,2024-01-05
2024-01-05 19:10:00,122.52,122.535,122.41,122.41,10792,2024-01-05
2024-01-05 19:15:00,122.409,122.44,122.19,122.29,23132,2024-01-05
2024-01-05 19:20:00,122.29,122.35,122.27,122.31,11035,2024-01-05
2024-01-05 19:25:00,122.29,122.35,122.17,122.23,12814,2024-01-05
2024-01-05 19:30:00,122.21,122.2698,122.18,122.25,7022,2024-01-05
2024-01-05 19:35:00,122.25,122.25,122.01,122.04,25536,2024-01-05
2024-01-05 19:40:00,122.0497,122.12,121.99,122.03,28140,2024-01-05
2024-01-05 19:45:00,122.04,122.04,121.88,121.9,11487,2024-01-05
2024-01-05 19:50:00,121.89,121.94,121.79,121.805,11865,2024-01-05
2024-01-05 19:55:00,121.77,121.845,121.77,121.81,5955,2024-01-05
2024-01-05 20:00:00,121.81,121.89,121.75,121.76,8950,2024-01-05
2024-01-05 20:05:00,121.77,121.8,121.68,121.69,8970,2024-01-05
2024-01-05 20:10:00,121.68,121.72,121.62,121.69,9995,2024-01-05
2024-01-05 20:15:00,121.65,121.67,121.595,121.655,9943,2024-01-05
2024-01-05 20:20:00,121.68,121.73,121.605,121.62,8079,2024-01-05
2024-01-05 20:25:00,121.59,121.65,121.59,121.62,5816,2024-01-05
2024-01-05 20:30:00,121.595,121.595,121.51,121.565,4732,2024-01-05
2024-01-05 20:35:00,121.56,121.64,121.525,121.565,6616,2024-01-05
2024-01-05 20:40:00,121.5445,121.6854,121.53,121.645,7151,2024-01-05
2024-01-05 20:45:00,121.645,121.72,121.64,121.7,8197,2024-01-05
2024-01-05 20:50:00,121.72,121.77,121.65,121.665,4938,2024-01-05
2024-01-05 20:55:00,121.65,121.68,121.62,121.63,4516,2024-01-05
2024-01-05 21:00:00,121.58,121.59,121.51,121.53,5915,2024-01-05
2024-01-05 21:05:00,121.53,121.55,121.47,121.51,12540,2024-01-05
2024-01-05 21:10:00,121.52,121.7,121.4975,121.6403,17583,2024-01-05
2024-01-05 21:15:00,121.66,121.66,121.535,121.535,6608,2024-01-05
2024-01-05 21:20:00,121.5741,121.68,121.56,121.68,6701,2024-01-05
2024-01-05 21:25:00,121.685,121.78,121.685,121.74,9825,2024-01-05
2024-01-05 21:30:00,121.76,121.84,121.69,121.76,6968,2024-01-05
2024-01-05 21:35:00,121.77,121.9,121.75,121.885,8739,2024-01-05
2024-01-05 21:40:00,121.92,121.951,121.88,121.88,7671,2024-01-05
2024-01-05 21:45:00,121.88,121.94,121.865,121.89,7652,2024-01-05
2024-01-05 21:50:00,121.89,121.9348,121.88,121.93,7956,2024-01-05
2024-01-05 21:55:00,121.93,122.02,121.93,121.975,7262,2024-01-05
2024-01-05 22:00:00,121.99,122.02,121.9703,122.02,6587,2024-01-05
2024-01-05 22:05:00,122.025,122.11,122.025,122.095,7188,2024-01-05
2024-01-05 22:10:00,122.1,122.2,122.1,122.155,7726,2024-01-05
2024-01-05 22:15:00,122.18,122.215,122.105,122.105,10344,2024-01-05
2024-01-05 22:20:00,122.11,122.19,122.09,122.16,5458,2024-01-05
2024-01-05 22:25:00,122.16,122.21,122.13,122.17,10109,2024-01-05
2024-01-05 22:30:00,122.16,122.22,122.13,122.17,10306,2024-01-05
2024-01-05 22:35:00,122.17,122.25,122.17,122.21,14092,2024-01-05
2024-01-05 22:40:00,122.21,122.215,122.135,122.175,8681,2024-01-05
2024-01-05 22:45:00,122.18,122.18,122.03,122.065,13747,2024-01-05
2024-01-05 22:50:00,122.07,122.08,122.01,122.05,9766,2024-01-05
2024-01-05 22:55:00,122.05,122.07,121.945,121.98,9806,2024-01-05
2024-01-05 23:00:00,121.98,122.045,121.94,121.9901,9484,2024-01-05
2024-01-05 23:05:00,121.995,121.995,121.925,121.98,12229,2024-01-05
2024-01-05 23:10:00,121.98,122.08,121.98,122.03,10423,2024-01-05
2024-01-05 23:15:00,122.03,122.03,121.96,122.0065,9939,2024-01-05
2024-01-05 23:20:00,122.01,122.06,121.8701,121.92,10854,2024-01-05
2024-01-05 23:25:00,121.92,122.01,121.92,122.01,13638,2024-01-05
2024-01-05 23:30:00,122.03,122.03,121.89,121.91,21495,2024-01-05
2024-01-05 23:35:00,121.9,121.92,121.85,121.9,14025,2024-01-05
2024-01-05 23:40:00,121.92,122.15,121.9,122.15,20670,2024-01-05
2024-01-05 23:45:00,122.16,122.21,122.05,122.18,23850,2024-01-05
2024-01-05 23:50:00,122.18,122.26,122.13,122.18,39688,2024-01-05
2024-01-05 23:55:00,122.2,122.3,122.09,122.25,111851,2024-01-05
2024-01-06 00:00:00,122.25,122.25,122.25,122.25,14419,2024-01-05
2024-01-06 00:05:00,122.25,122.25,122.25,122.25,449,2024-01-05
2024-01-06 00:20:00,122.25,122.25,122.25,122.25,142,2024-01-05
2024-01-08 17:10:00,122.15,122.15,122.15,122.15,300,2024-01-08
2024-01-08 17:30:00,122.95,123.09,122.79,123.06,39329,2024-01-08
2024-01-08 17:35:00,123.045,123.045,122.64,122.64,9641,2024-01-08
2024-01-08 17:40:00,122.7,122.77,122.53,122.555,8358,2024-01-08
2024-01-08 17:45:00,122.575,122.785,122.575,122.785,12368,2024-01-08
2024-01-08 17:50:00,122.69,122.69,122.33,122.33,10529,2024-01-08
2024-01-08 17:55:00,122.36,122.56,122.36,122.435,8598,2024-01-08
2024-01-08 18:00:00,122.42,122.53,122.23,122.32,13395,2024-01-08
2024-01-08 18:05:00,122.32,122.32,122.16,122.23,13048,2024-01-08
2024-01-08 18:10:00,122.25,122.44,122.25,122.37,14802,2024-01-08
2024-01-08 18:15:00,122.35,122.45,122.12,122.29,14065,2024-01-08
2024-01-08 18:20:00,122.295,122.45,122.25,122.45,7763,2024-01-08
2024-01-08 18:25:00,122.45,122.5,122.27,122.32,13934,2024-01-08
2024-01-08 18:30:00,122.32,122.445,122.31,122.4,9575,2024-01-08
2024-01-08 18:35:00,122.45,122.46,122.39,122.39,10122,2024-01-08
2024-01-08 18:40:00,122.39,122.56,122.34,122.47,11811,2024-01-08
2024-01-08 18:45:00,122.42,122.525,122.385,122.525,6698,2024-01-08
2024-01-08 18:50:00,122.51,122.51,122.38,122.38,9014,2024-01-08
2024-01-08 18:55:00,122.37,122.4,122.33,122.4,7010,2024-01-08
2024-01-08 19:00:00,122.4,122.4,122.24,122.24,10678,2024-01-08
2024-01-08 19:05:00,122.25,122.35,122.2294,122.29,10213,2024-01-08
2024-01-08 19:10:00,122.3053,122.3739,122.2,122.335,7025,2024-01-08
2024-01-08 19:15:00,122.375,122.465,122.375,122.428,7557,2024-01-08
2024-01-08 19:20:00,122.35,122.39,122.33,122.39,13876,2024-01-08
2024-01-08 19:25:00,122.376,122.45,122.34,122.4,5813,2024-01-08
2024-01-08 19:30:00,122.34,122.34,122.24,122.24,6099,2024-01-08
2024-01-08 19:35:00,122.24,122.3299,122.24,122.29,9232,2024-01-08
2024-01-08 19:40:00,122.26,122.44,122.235,122.44,13634,2024-01-08
2024-01-08 19:45:00,122.44,122.475,122.4,122.41,7272,2024-01-08
2024-01-08 19:50:00,122.3952,122.44,122.37,122.3879,8685,2024-01-08
2024-01-08 19:55:00,122.38,122.47,122.32,122.45,10536,2024-01-08
2024-01-08 20:00:00,122.41,122.555,122.41,122.51,6125,2024-01-08
2024-01-08 20:05:00,122.485,122.485,122.43,122.45,6254,2024-01-08
2024-01-08 20:10:00,122.44,122.575,122.44,122.56,6062,2024-01-08
2024-01-08 20:15:00,122.57,122.58,122.51,122.525,10753,2024-01-08
2024-01-08 20:20:00,122.5,122.58,122.435,122.57,18319,2024-01-08
2024-01-08 20:25:00,122.56,122.56,122.44,122.4648,10191,2024-01-08
2024-01-08 20:30:00,122.44,122.4802,122.375,122.4802,9957,2024-01-08
2024-01-08 20:35:00,122.49,122.53,122.49,122.53,3479,2024-01-08
2024-01-08 20:40:00,122.55,122.55,122.44,122.46,7550,2024-01-08
2024-01-08 20:45:00,122.45,122.56,122.445,122.513,7009,2024-01-08
2024-01-08 20:50:00,122.52,122.62,122.52,122.62,5313,2024-01-08
2024-01-08 20:55:00,122.62,122.65,122.59,122.61,6596,2024-01-08
2024-01-08 21:00:00,122.62,122.63,122.59,122.62,7240,2024-01-08
2024-01-08 21:05:00,122.59,122.6,122.53,122.54,7600,2024-01-08
2024-01-08 21:10:00,122.52,122.525,122.44,122.525,6254,2024-01-08
2024-01-08 21:15:00,122.4769,122.5,122.4593,122.46,5265,2024-01-08
2024-01-08 21:20:00,122.46,122.47,122.43,122.445,7480,2024-01-08
2024-01-08 21:25:00,122.45,122.46,122.4,122.44,6506,2024-01-08
2024-01-08 21:30:00,122.44,122.47,122.42,122.43,5694,2024-01-08
2024-01-08 21:35:00,122.4068,122.45,122.405,122.4393,7492,2024-01-08
2024-01-08 21:40:00,122.425,122.4925,122.425,122.4701,9985,2024-01-08
2024-01-08 21:45:00,122.5,122.56,122.4993,122.5157,10670,2024-01-08
2024-01-08 21:50:00,122.505,122.558,122.443,122.558,5336,2024-01-08
2024-01-08 21:55:00,122.52,122.555,122.51,122.545,9123,2024-01-08
2024-01-08 22:00:00,122.545,122.555,122.485,122.545,8112,2024-01-08
2024-01-08 22:05:00,122.54,122.65,122.52,122.63,11141,2024-01-08
2024-01-08 22:10:00,122.62,122.74,122.6,122.675,10909,2024-01-08
2024-01-08 22:15:00,122.675,122.79,122.665,122.755,10434,2024-01-08
2024-01-08 22:20:00,122.74,122.8045,122.65,122.8045,8307,2024-01-08
2024-01-08 22:25:00,122.8,122.885,122.8,122.825,8260,2024-01-08
2024-01-08 22:30:00,122.83,122.915,122.75,122.86,20247,2024-01-08
2024-01-08 22:35:00,122.84,122.8599,122.78,122.7801,12309,2024-01-08
2024-01-08 22:40:00,122.81,123,122.81,122.94,13897,2024-01-08
2024-01-08 22:45:00,122.92,122.93,122.85,122.92,11531,2024-01-08
2024-01-08 22:50:00,122.92,122.95,122.83,122.89,8669,2024-01-08
2024-01-08 22:55:00,122.89,122.99,122.8893,122.965,13507,2024-01-08
2024-01-08 23:00:00,122.98,122.9801,122.9,122.95,11670,2024-01-08
2024-01-08 23:05:00,122.95,122.95,122.82,122.88,13784,2024-01-08
2024-01-08 23:10:00,122.885,122.9,122.76,122.7867,13666,2024-01-08
2024-01-08 23:15:00,122.79,122.94,122.78,122.93,25559,2024-01-08
2024-01-08 23:20:00,122.93,122.98,122.93,122.94,10930,2024-01-08
2024-01-08 23:25:00,122.94,122.94,122.8543,122.885,25574,2024-01-08
2024-01-08 23:30:00,122.88,122.97,122.85,122.96,19593,2024-01-08
2024-01-08 23:35:00,122.95,123.1,122.93,123.1,19186,2024-01-08
2024-01-08 23:40:00,123.11,123.1551,123.07,123.15,29489,2024-01-08
2024-01-08 23:45:00,123.15,123.17,122.96,122.97,32417,2024-01-08
2024-01-08 23:50:00,122.99,123.17,122.98,123.12,57715,2024-01-08
2024-01-08 23:55:00,123.13,123.27,123.13,123.21,136605,2024-01-08
2024-01-09 00:00:00,123.21,123.21,123.21,123.21,17873,2024-01-08
2024-01-09 17:30:00,123.3,123.33,122.55,122.67,38809,2024-01-09
2024-01-09 17:35:00,122.71,122.95,122.71,122.9,5709,2024-01-09
2024-01-09 17:40:00,122.94,123.25,122.85,123.22,8941,2024-01-09
2024-01-09 17:45:00,123.18,123.33,123.08,123.3,11903,2024-01-09
2024-01-09 17:50:00,123.31,123.36,123.21,123.23,9952,2024-01-09
2024-01-09 17:55:00,123.19,123.2008,122.96,123.05,20197,2024-01-09
2024-01-09 18:00:00,123.015,123.155,122.87,122.9,18366,2024-01-09
2024-01-09 18:05:00,122.935,123.02,122.74,122.83,10262,2024-01-09
2024-01-09 18:10:00,122.83,122.93,122.77,122.825,8301,2024-01-09
2024-01-09 18:15:00,122.84,123.02,122.82,122.93,13148,2024-01-09
2024-01-09 18:20:00,122.905,122.925,122.81,122.925,7346,2024-01-09
2024-01-09 18:25:00,122.93,123.09,122.92,123.05,15451,2024-01-09
2024-01-09 18:30:00,123.04,123.18,123.04,123.16,73176,2024-01-09
2024-01-09 18:35:00,123.14,123.14,122.925,122.925,4935,2024-01-09
2024-01-09 18:40:00,122.935,123.21,122.92,123.13,29628,2024-01-09
2024-01-09 18:45:00,123.17,123.2,123.045,123.06,12330,2024-01-09
2024-01-09 18:50:00,123.08,123.11,123.05,123.06,9210,2024-01-09
2024-01-09 18:55:00,123.07,123.1,123,123.045,9395,2024-01-09
2024-01-09 19:00:00,123.04,123.05,122.9641,123.02,8983,2024-01-09
2024-01-09 19:05:00,123.02,123.02,122.92,122.99,14536,2024-01-09
2024-01-09 19:10:00,123,123.065,122.95,122.99,8768,2024-01-09
2024-01-09 19:15:00,122.98,122.98,122.88,122.9,10486,2024-01-09
2024-01-09 19:20:00,122.915,122.965,122.86,122.9,13592,2024-01-09
2024-01-09 19:25:00,122.89,122.995,122.88,122.965,6709,2024-01-09
2024-01-09 19:30:00,122.98,123.1,122.96,123.09,6913,2024-01-09
2024-01-09 19:35:00,123.095,123.095,122.96,122.96,14001,2024-01-09
2024-01-09 19:40:00,122.995,123.07,122.945,123.04,6899,2024-01-09
2024-01-09 19:45:00,123.06,123.14,123.05,123.14,11990,2024-01-09
2024-01-09 19:50:00,123.14,123.1838,123.075,123.11,20108,2024-01-09
2024-01-09 19:55:00,123.1,123.24,123.08,123.225,12650,2024-01-09
2024-01-09 20:00:00,123.225,123.225,123.1573,123.215,12573,2024-01-09
2024-01-09 20:05:00,123.21,123.32,123.185,123.32,9394,2024-01-09
2024-01-09 20:10:00,123.31,123.32,123.22,123.29,13769,2024-01-09
2024-01-09 20:15:00,123.29,123.36,123.27,123.2877,14421,2024-01-09
2024-01-09 20:20:00,123.3,123.44,123.28,123.39,13669,2024-01-09
2024-01-09 20:25:00,123.36,123.36,123.19,123.19,4265,2024-01-09
2024-01-09 20:30:00,123.15,123.22,123.15,123.22,6379,2024-01-09
2024-01-09 20:35:00,123.23,123.25,123.16,123.245,13537,2024-01-09
2024-01-09 20:40:00,123.24,123.25,123.145,123.17,10872,2024-01-09
2024-01-09 20:45:00,123.19,123.22,123.12,123.12,5932,2024-01-09
2024-01-09 20:50:00,123.105,123.155,123.09,123.1,11770,2024-01-09
2024-01-09 20:55:00,123.0931,123.095,122.99,122.99,4507,2024-01-09
2024-01-09 21:00:00,122.98,123.09,122.98,123.06,8464,2024-01-09
2024-01-09 21:05:00,123.03,123.055,122.89,122.89,6551,2024-01-09
2024-01-09 21:10:00,122.88,122.9322,122.88,122.91,5927,2024-01-09
2024-01-09 21:15:00,122.91,122.91,122.81,122.81,8120,2024-01-09
2024-01-09 21:20:00,122.83,122.89,122.78,122.78,9092,2024-01-09
2024-01-09 21:25:00,122.75,122.83,122.74,122.83,9411,2024-01-09
2024-01-09 21:30:00,122.83,122.85,122.78,122.84,10927,2024-01-09
2024-01-09 21:35:00,122.87,122.8981,122.83,122.89,4774,2024-01-09
2024-01-09 21:40:00,122.91,123,122.89,123,7248,2024-01-09
2024-01-09 21:45:00,122.99,123.03,122.95,122.97,7787,2024-01-09
2024-01-09 21:50:00,122.97,123.17,122.97,123.11,11044,2024-01-09
2024-01-09 21:55:00,123.12,123.13,123.08,123.08,9102,2024-01-09
2024-01-09 22:00:00,123.06,123.17,123.06,123.14,10472,2024-01-09
2024-01-09 22:05:00,123.16,123.18,123.14,123.18,7247,2024-01-09
2024-01-09 22:10:00,123.19,123.28,123.18,123.18,11771,2024-01-09
2024-01-09 22:15:00,123.16,123.24,123.103,123.24,5314,2024-01-09
2024-01-09 22:20:00,123.23,123.27,123.22,123.27,6550,2024-01-09
2024-01-09 22:25:00,123.28,123.31,123.24,123.25,13036,2024-01-09
2024-01-09 22:30:00,123.2401,123.29,123.2,123.27,11341,2024-01-09
2024-01-09 22:35:00,123.27,123.29,123.25,123.2899,9097,2024-01-09
2024-01-09 22:40:00,123.28,123.35,123.28,123.34,8315,2024-01-09
2024-01-09 22:45:00,123.36,123.37,123.3,123.35,10829,2024-01-09
2024-01-09 22:50:00,123.35,123.43,123.34,123.41,13083,2024-01-09
2024-01-09 22:55:00,123.42,123.44,123.3421,123.37,7607,2024-01-09
2024-01-09 23:00:00,123.36,123.42,123.32,123.34,10950,2024-01-09
2024-01-09 23:05:00,123.339,123.339,123.18,123.24,8811,2024-01-09
2024-01-09 23:10:00,123.245,123.33,123.245,123.31,9548,2024-01-09
2024-01-09 23:15:00,123.27,123.355,123.27,123.355,10847,2024-01-09
2024-01-09 23:20:00,123.35,123.44,123.31,123.33,12804,2024-01-09
2024-01-09 23:25:00,123.33,123.4,123.3,123.31,7577,2024-01-09
2024-01-09 23:30:00,123.32,123.38,123.3,123.38,15381,2024-01-09
2024-01-09 23:35:00,123.38,123.42,123.35,123.39,17518,2024-01-09
2024-01-09 23:40:00,123.4,123.4501,123.36,123.42,17750,2024-01-09
2024-01-09 23:45:00,123.42,123.57,123.37,123.51,32143,2024-01-09
2024-01-09 23:50:00,123.52,123.605,123.5,123.56,46591,2024-01-09
2024-01-09 23:55:00,123.55,123.65,123.48,123.64,127609,2024-01-09
2024-01-10 00:00:00,123.64,123.64,123.64,123.64,10830,2024-01-09
2024-01-10 12:40:00,123.85,123.85,123.85,123.85,117,2024-01-10
2024-01-10 12:45:00,123.85,123.85,123.85,123.85,200,2024-01-10
2024-01-10 12:50:00,124.71,124.8,124.71,124.8,623,2024-01-10
2024-01-10 12:55:00,124.91,124.91,124.91,124.91,119,2024-01-10
2024-01-10 13:25:00,124.02,124.02,124.02,124.02,302,2024-01-10
2024-01-10 17:00:00,123.66,123.66,123.66,123.66,100,2024-01-10
2024-01-10 17:10:00,123.35,123.66,123.35,123.66,580,2024-01-10
2024-01-10 17:30:00,123.68,123.911,123.6425,123.911,28401,2024-01-10
2024-01-10 17:35:00,123.85,123.91,123.68,123.78,8766,2024-01-10
2024-01-10 17:40:00,123.72,123.93,123.71,123.835,17814,2024-01-10
2024-01-10 17:45:00,123.84,123.88,123.7,123.7,19702,2024-01-10
2024-01-10 17:50:00,123.65,123.86,123.44,123.565,9037,2024-01-10
2024-01-10 17:55:00,123.6,123.83,123.6,123.625,12846,2024-01-10
2024-01-10 18:00:00,123.63,123.77,123.56,123.65,14470,2024-01-10
2024-01-10 18:05:00,123.685,123.69,123.46,123.46,11325,2024-01-10
2024-01-10 18:10:00,123.44,123.525,123.41,123.46,8155,2024-01-10
2024-01-10 18:15:00,123.445,123.544,123.32,123.39,13155,2024-01-10
2024-01-10 18:20:00,123.42,123.51,123.32,123.5,13206,2024-01-10
2024-01-10 18:25:00,123.52,123.52,123.36,123.36,7278,2024-01-10
2024-01-10 18:30:00,123.3916,123.41,123.31,123.39,7686,2024-01-10
2024-01-10 18:35:00,123.3778,123.3778,123.25,123.25,5299,2024-01-10
2024-01-10 18:40:00,123.295,123.32,123.23,123.28,11688,2024-01-10
2024-01-10 18:45:00,123.275,123.31,123.24,123.28,6780,2024-01-10
2024-01-10 18:50:00,123.275,123.34,123.25,123.31,9363,2024-01-10
2024-01-10 18:55:00,123.31,123.33,123.15,123.155,13681,2024-01-10
2024-01-10 19:00:00,123.18,123.2,123.06,123.06,7746,2024-01-10
2024-01-10 19:05:00,123.06,123.14,123.04,123.08,7721,2024-01-10
2024-01-10 19:10:00,123.1,123.12,122.955,123.01,9648,2024-01-10
2024-01-10 19:15:00,123,123.01,122.87,122.95,13325,2024-01-10
2024-01-10 19:20:00,122.96,123.08,122.96,123.08,9371,2024-01-10
2024-01-10 19:25:00,123.04,123.06,122.99,123.02,31513,2024-01-10
2024-01-10 19:30:00,123,123.03,122.96,122.98,9565,2024-01-10
2024-01-10 19:35:00,122.95,122.95,122.83,122.9,9231,2024-01-10
2024-01-10 19:40:00,122.91,122.9939,122.91,122.95,9630,2024-01-10
2024-01-10 19:45:00,122.88,122.93,122.86,122.87,8994,2024-01-10
2024-01-10 19:50:00,122.87,122.97,122.82,122.96,10903,2024-01-10
2024-01-10 19:55:00,122.96,123.05,122.93,122.995,8881,2024-01-10
2024-01-10 20:00:00,122.995,123.01,122.89,122.92,7838,2024-01-10
2024-01-10 20:05:00,122.89,122.95,122.854,122.89,18001,2024-01-10
2024-01-10 20:10:00,122.84,122.86,122.765,122.77,7686,2024-01-10
2024-01-10 20:15:00,122.76,122.78,122.715,122.73,9028,2024-01-10
2024-01-10 20:20:00,122.735,122.77,122.68,122.68,9473,2024-01-10
2024-01-10 20:25:00,122.675,122.675,122.58,122.62,6699,2024-01-10
2024-01-10 20:30:00,122.6,122.7291,122.6,122.72,9386,2024-01-10
2024-01-10 20:35:00,122.7,122.7,122.49,122.53,11697,2024-01-10
2024-01-10 20:40:00,122.53,122.583,122.48,122.52,10349,2024-01-10
2024-01-10 20:45:00,122.53,122.57,122.53,122.55,5341,2024-01-10
2024-01-10 20:50:00,122.54,122.6,122.54,122.6,9668,2024-01-10
2024-01-10 20:55:00,122.63,122.67,122.59,122.59,8296,2024-01-10
2024-01-10 21:00:00,122.59,122.6164,122.53,122.57,13592,2024-01-10
2024-01-10 21:05:00,122.56,122.58,122.52,122.545,7326,2024-01-10
2024-01-10 21:10:00,122.56,122.74,122.45,122.5226,68310,2024-01-10
2024-01-10 21:15:00,122.5,122.61,122.5,122.53,6930,2024-01-10
2024-01-10 21:20:00,122.5146,122.54,122.4616,122.52,9037,2024-01-10
2024-01-10 21:25:00,122.5351,122.64,122.51,122.58,20820,2024-01-10
2024-01-10 21:30:00,122.5741,122.65,122.55,122.65,25868,2024-01-10
2024-01-10 21:35:00,122.66,122.66,122.54,122.58,13511,2024-01-10
2024-01-10 21:40:00,122.585,122.62,122.57,122.62,22627,2024-01-10
2024-01-10 21:45:00,122.61,122.63,122.55,122.59,10928,2024-01-10
2024-01-10 21:50:00,122.6,122.67,122.58,122.66,14917,2024-01-10
2024-01-10 21:55:00,122.65,122.72,122.63,122.7,7599,2024-01-10
2024-01-10 22:00:00,122.71,122.73,122.69,122.71,9499,2024-01-10
2024-01-10 22:05:00,122.71,122.72,122.625,122.66,12293,2024-01-10
2024-01-10 22:10:00,122.66,122.8,122.64,122.72,12831,2024-01-10
2024-01-10 22:15:00,122.72,122.72,122.68,122.72,6634,2024-01-10
2024-01-10 22:20:00,122.725,122.745,122.688,122.705,11507,2024-01-10
2024-01-10 22:25:00,122.705,122.79,122.705,122.78,10007,2024-01-10
2024-01-10 22:30:00,122.8,122.8,122.685,122.71,11192,2024-01-10
2024-01-10 22:35:00,122.71,122.74,122.71,122.73,9543,2024-01-10
2024-01-10 22:40:00,122.73,122.75,122.655,122.67,11401,2024-01-10
2024-01-10 22:45:00,122.67,122.755,122.67,122.705,11050,2024-01-10
2024-01-10 22:50:00,122.7,122.75,122.68,122.68,12845,2024-01-10
2024-01-10 22:55:00,122.7,122.76,122.68,122.72,17036,2024-01-10
2024-01-10 23:00:00,122.73,122.81,122.73,122.81,13838,2024-01-10
2024-01-10 23:05:00,122.81,122.85,122.76,122.77,17015,2024-01-10
2024-01-10 23:10:00,122.77,122.845,122.74,122.82,19158,2024-01-10
2024-01-10 23:15:00,122.82,122.87,122.7301,122.75,16162,2024-01-10
2024-01-10 23:20:00,122.74,122.745,122.64,122.65,16665,2024-01-10
2024-01-10 23:25:00,122.65,122.71,122.65,122.68,13397,2024-01-10
2024-01-10 23:30:00,122.67,122.8099,122.625,122.79,29575,2024-01-10
2024-01-10 23:35:00,122.78,122.8,122.69,122.7,24425,2024-01-10
2024-01-10 23:40:00,122.708,122.72,122.63,122.66,27784,2024-01-10
2024-01-10 23:45:00,122.6622,122.7,122.505,122.55,50416,2024-01-10
2024-01-10 23:50:00,122.55,122.829,122.54,122.829,56787,2024-01-10
2024-01-10 23:55:00,122.83,123.38,122.83,123.24,359242,2024-01-10
2024-01-11 00:00:00,123.27,123.27,123.27,123.27,19780,2024-01-10
2024-01-11 17:25:00,123.59,123.59,123.59,123.59,210,2024-01-11
2024-01-11 17:30:00,123.55,123.63,122.78,122.915,41205,2024-01-11
2024-01-11 17:35:00,122.915,123.225,122.91,123.17,11157,2024-01-11
2024-01-11 17:40:00,123.06,123.145,122.894,123.05,21692,2024-01-11
2024-01-11 17:45:00,123.1234,123.205,122.97,123.12,17260,2024-01-11
2024-01-11 17:50:00,123.18,123.36,123.03,123.26,12846,2024-01-11
2024-01-11 17:55:00,123.27,123.53,123.235,123.53,28071,2024-01-11
2024-01-11 18:00:00,123.42,123.55,123.33,123.385,23220,2024-01-11
2024-01-11 18:05:00,123.385,123.49,123.285,123.35,23859,2024-01-11
2024-01-11 18:10:00,123.36,123.39,123.25,123.38,23147,2024-01-11
2024-01-11 18:15:00,123.32,123.505,123.3017,123.47,21788,2024-01-11
2024-01-11 18:20:00,123.45,123.45,123.19,123.24,14633,2024-01-11
2024-01-11 18:25:00,123.24,123.34,123.225,123.285,9310,2024-01-11
2024-01-11 18:30:00,123.28,123.4,123.18,123.18,16114,2024-01-11
2024-01-11 18:35:00,123.17,123.38,123.1,123.33,14908,2024-01-11
2024-01-11 18:40:00,123.34,123.38,123.2302,123.2302,11451,2024-01-11
2024-01-11 18:45:00,123.2555,123.28,123.11,123.175,13544,2024-01-11
2024-01-11 18:50:00,123.15,123.26,123.15,123.24,13510,2024-01-11
2024-01-11 18:55:00,123.25,123.34,123.18,123.295,15379,2024-01-11
2024-01-11 19:00:00,123.27,123.33,123.17,123.17,15747,2024-01-11
2024-01-11 19:05:00,123.19,123.33,123.14,123.285,34236,2024-01-11
2024-01-11 19:10:00,123.3,123.31,123.14,123.175,14887,2024-01-11
2024-01-11 19:15:00,123.165,123.295,123.165,123.21,13803,2024-01-11
2024-01-11 19:20:00,123.2195,123.295,123.2,123.25,12325,2024-01-11
2024-01-11 19:25:00,123.26,123.445,123.23,123.445,9801,2024-01-11
2024-01-11 19:30:00,123.445,123.45,123.21,123.21,19275,2024-01-11
2024-01-11 19:35:00,123.19,123.23,123.16,123.17,9099,2024-01-11
2024-01-11 19:40:00,123.17,123.27,123.14,123.158,10355,2024-01-11
2024-01-11 19:45:00,123.17,123.245,123.136,123.24,10273,2024-01-11
2024-01-11 19:50:00,123.25,123.31,123.095,123.14,21443,2024-01-11
2024-01-11 19:55:00,123.143,123.175,123.05,123.175,12452,2024-01-11
2024-01-11 20:00:00,123.16,123.2471,123.14,123.2284,8400,2024-01-11
2024-01-11 20:05:00,123.245,123.47,123.16,123.46,66746,2024-01-11
2024-01-11 20:10:00,123.43,123.475,123.41,123.44,21239,2024-01-11
2024-01-11 20:15:00,123.47,123.5211,123.46,123.46,11273,2024-01-11
2024-01-11 20:20:00,123.46,123.485,123.355,123.445,9895,2024-01-11
2024-01-11 20:25:00,123.465,123.52,123.43,123.4413,8737,2024-01-11
2024-01-11 20:30:00,123.44,123.5,123.41,123.48,8534,2024-01-11
2024-01-11 20:35:00,123.49,123.51,123.43,123.436,7579,2024-01-11
2024-01-11 20:40:00,123.44,123.49,123.41,123.44,7585,2024-01-11
2024-01-11 20:45:00,123.43,123.495,123.42,123.47,8495,2024-01-11
2024-01-11 20:50:00,123.49,123.519,123.48,123.48,11628,2024-01-11
2024-01-11 20:55:00,123.44,123.44,123.36,123.4,6735,2024-01-11
2024-01-11 21:00:00,123.41,123.455,123.39,123.395,13943,2024-01-11
2024-01-11 21:05:00,123.3804,123.39,123.325,123.38,8707,2024-01-11
2024-01-11 21:10:00,123.39,123.53,123.39,123.51,7754,2024-01-11
2024-01-11 21:15:00,123.54,123.57,123.42,123.43,14472,2024-01-11
2024-01-11 21:20:00,123.47,123.51,123.4392,123.49,7972,2024-01-11
2024-01-11 21:25:00,123.49,123.52,123.43,123.52,8198,2024-01-11
2024-01-11 21:30:00,123.525,123.55,123.475,123.51,10243,2024-01-11
2024-01-11 21:35:00,123.5338,123.545,123.4803,123.5,8368,2024-01-11
2024-01-11 21:40:00,123.495,123.52,123.49,123.505,7618,2024-01-11
2024-01-11 21:45:00,123.5,123.51,123.43,123.51,11994,2024-01-11
2024-01-11 21:50:00,123.52,123.68,123.52,123.67,12141,2024-01-11
2024-01-11 21:55:00,123.65,123.71,123.64,123.7,9217,2024-01-11
2024-01-11 22:00:00,123.68,123.71,123.63,123.71,6052,2024-01-11
2024-01-11 22:05:00,123.715,123.75,123.69,123.7243,11881,2024-01-11
2024-01-11 22:10:00,123.7,123.76,123.68,123.73,9234,2024-01-11
2024-01-11 22:15:00,123.725,123.8091,123.71,123.725,13360,2024-01-11
2024-01-11 22:20:00,123.71,123.79,123.71,123.79,8091,2024-01-11
2024-01-11 22:25:00,123.83,123.86,123.755,123.86,12290,2024-01-11
2024-01-11 22:30:00,123.865,123.8695,123.78,123.865,15360,2024-01-11
2024-01-11 22:35:00,123.89,123.9759,123.89,123.91,10939,2024-01-11
2024-01-11 22:40:00,123.92,123.97,123.855,123.86,17367,2024-01-11
2024-01-11 22:45:00,123.87,123.945,123.87,123.88,15228,2024-01-11
2024-01-11 22:50:00,123.88,123.99,123.88,123.99,12019,2024-01-11
2024-01-11 22:55:00,123.9885,124.02,123.94,123.96,17849,2024-01-11
2024-01-11 23:00:00,123.95,123.95,123.88,123.88,12435,2024-01-11
2024-01-11 23:05:00,123.88,123.92,123.7557,123.7557,12961,2024-01-11
2024-01-11 23:10:00,123.76,123.815,123.68,123.7815,13209,2024-01-11
2024-01-11 23:15:00,123.77,123.7846,123.66,123.73,16099,2024-01-11
2024-01-11 23:20:00,123.76,123.795,123.71,123.71,13930,2024-01-11
2024-01-11 23:25:00,123.69,123.785,123.68,123.69,18949,2024-01-11
2024-01-11 23:30:00,123.67,123.77,123.66,123.7395,23239,2024-01-11
2024-01-11 23:35:00,123.73,123.74,123.63,123.655,21334,2024-01-11
2024-01-11 23:40:00,123.66,123.705,123.585,123.69,23814,2024-01-11
2024-01-11 23:45:00,123.6918,123.75,123.65,123.73,34742,2024-01-11
2024-01-11 23:50:00,123.74,123.84,123.71,123.82,52589,2024-01-11
2024-01-11 23:55:00,123.815,123.99,123.79,123.81,157131,2024-01-11
2024-01-12 00:00:00,123.82,123.82,123.82,123.82,10214,2024-01-11
2024-01-12 00:20:00,123.82,123.82,123.82,123.82,1669,2024-01-11
2024-01-12 17:25:00,124.08,124.25,124.08,124.25,1900,2024-01-12
2024-01-12 17:30:00,124.33,124.64,124.27,124.43,27477,2024-01-12
2024-01-12 17:35:00,124.425,124.51,124.33,124.42,5924,2024-01-12
2024-01-12 17:40:00,124.4929,124.4937,124.02,124.3,23757,2024-01-12
2024-01-12 17:45:00,124.31,124.33,124.0825,124.0825,16299,2024-01-12
2024-01-12 17:50:00,124.09,124.33,124.06,124.32,11559,2024-01-12
2024-01-12 17:55:00,124.29,124.37,124.125,124.37,9594,2024-01-12
2024-01-12 18:00:00,124.34,124.345,124.09,124.295,10766,2024-01-12
2024-01-12 18:05:00,124.32,124.36,124.01,124.05,10671,2024-01-12
2024-01-12 18:10:00,124.16,124.16,123.93,123.935,7271,2024-01-12
2024-01-12 18:15:00,123.91,124.05,123.87,123.91,13091,2024-01-12
2024-01-12 18:20:00,123.9,124.05,123.885,124.04,15748,2024-01-12
2024-01-12 18:25:00,124,124.12,123.98,124.12,12518,2024-01-12
2024-01-12 18:30:00,124.185,124.25,124.15,124.15,10632,2024-01-12
2024-01-12 18:35:00,124.1,124.13,124.02,124.04,10884,2024-01-12
2024-01-12 18:40:00,124.07,124.14,124,124.11,13174,2024-01-12
2024-01-12 18:45:00,124.07,124.1499,124.0118,124.05,7864,2024-01-12
2024-01-12 18:50:00,124.04,124.11,124.02,124.06,9094,2024-01-12
2024-01-12 18:55:00,124.07,124.11,124.03,124.04,5360,2024-01-12
2024-01-12 19:00:00,124.02,124.11,123.96,124.1,8638,2024-01-12
2024-01-12 19:05:00,124.12,124.15,124.04,124.1,6629,2024-01-12
2024-01-12 19:10:00,124.12,124.125,124.0103,124.04,5135,2024-01-12
2024-01-12 19:15:00,124.05,124.08,124.02,124.06,10136,2024-01-12
2024-01-12 19:20:00,124.0633,124.07,123.94,123.95,7636,2024-01-12
2024-01-12 19:25:00,123.97,124.04,123.86,123.91,9032,2024-01-12
2024-01-12 19:30:00,123.93,123.99,123.9,123.99,6921,2024-01-12
2024-01-12 19:35:00,123.99,123.995,123.79,123.81,9419,2024-01-12
2024-01-12 19:40:00,123.82,123.83,123.75,123.82,9274,2024-01-12
2024-01-12 19:45:00,123.81,123.81,123.71,123.75,8063,2024-01-12
2024-01-12 19:50:00,123.75,123.8,123.75,123.79,6846,2024-01-12
2024-01-12 19:55:00,123.8,123.91,123.8,123.8475,4465,2024-01-12
2024-01-12 20:00:00,123.87,123.88,123.82,123.82,5285,2024-01-12
2024-01-12 20:05:00,123.82,123.94,123.82,123.94,9607,2024-01-12
2024-01-12 20:10:00,123.935,124.07,123.935,124.0052,10628,2024-01-12
2024-01-12 20:15:00,124.01,124.06,123.96,124.01,8821,2024-01-12
2024-01-12 20:20:00,124.03,124.075,124.03,124.03,6344,2024-01-12
2024-01-12 20:25:00,124.02,124.02,123.88,123.95,6438,2024-01-12
2024-01-12 20:30:00,123.95,123.985,123.915,123.961,5715,2024-01-12
2024-01-12 20:35:00,123.95,123.9584,123.92,123.9584,4545,2024-01-12
2024-01-12 20:40:00,123.955,123.99,123.91,123.94,6896,2024-01-12
2024-01-12 20:45:00,123.95,124,123.9247,123.97,7767,2024-01-12
2024-01-12 20:50:00,123.94,123.99,123.92,123.95,5415,2024-01-12
2024-01-12 20:55:00,123.965,123.98,123.815,123.875,6460,2024-01-12
2024-01-12 21:00:00,123.87,123.985,123.85,123.975,8388,2024-01-12
2024-01-12 21:05:00,123.98,123.98,123.925,123.9409,8138,2024-01-12
2024-01-12 21:10:00,123.95,123.96,123.9,123.91,10205,2024-01-12
2024-01-12 21:15:00,123.91,123.92,123.87,123.87,4424,2024-01-12
2024-01-12 21:20:00,123.89,123.975,123.89,123.93,10465,2024-01-12
2024-01-12 21:25:00,123.93,123.97,123.93,123.94,6718,2024-01-12
2024-01-12 21:30:00,123.95,123.97,123.8969,123.91,8690,2024-01-12
2024-01-12 21:35:00,123.91,123.93,123.9,123.93,4473,2024-01-12
2024-01-12 21:40:00,123.94,124.03,123.94,124.02,7051,2024-01-12
2024-01-12 21:45:00,124.015,124.05,124.005,124.01,5796,2024-01-12
2024-01-12 21:50:00,124.012,124.04,123.985,124.02,9615,2024-01-12
2024-01-12 21:55:00,124.02,124.03,123.98,123.98,10344,2024-01-12
2024-01-12 22:00:00,123.98,124.07,123.98,124.06,10179,2024-01-12
2024-01-12 22:05:00,124.07,124.075,124.01,124.01,6964,2024-01-12
2024-01-12 22:10:00,124,124.09,124,124.05,11051,2024-01-12
2024-01-12 22:15:00,124.045,124.0652,124.02,124.06,6732,2024-01-12
2024-01-12 22:20:00,124.08,124.11,124.0403,124.09,10684,2024-01-12
2024-01-12 22:25:00,124.0863,124.1399,124.05,124.055,8453,2024-01-12
2024-01-12 22:30:00,124.07,124.08,123.9,123.92,8999,2024-01-12
2024-01-12 22:35:00,123.91,123.95,123.9,123.94,8494,2024-01-12
2024-01-12 22:40:00,123.93,123.94,123.86,123.89,8922,2024-01-12
2024-01-12 22:45:00,123.9,123.91,123.792,123.8,9241,2024-01-12
2024-01-12 22:50:00,123.81,123.9,123.8,123.84,12669,2024-01-12
2024-01-12 22:55:00,123.83,123.88,123.805,123.88,10285,2024-01-12
2024-01-12 23:00:00,123.87,123.8849,123.83,123.83,9361,2024-01-12
2024-01-12 23:05:00,123.81,123.92,123.8,123.865,13837,2024-01-12
2024-01-12 23:10:00,123.875,123.93,123.84,123.86,8085,2024-01-12
2024-01-12 23:15:00,123.86,123.91,123.85,123.89,11610,2024-01-12
2024-01-12 23:20:00,123.89,123.93,123.85,123.905,11116,2024-01-12
2024-01-12 23:25:00,123.93,123.955,123.89,123.89,9195,2024-01-12
2024-01-12 23:30:00,123.875,123.96,123.87,123.96,15815,2024-01-12
2024-01-12 23:35:00,123.96,124,123.95,123.97,13350,2024-01-12
2024-01-12 23:40:00,123.96,123.99,123.94,123.97,18563,2024-01-12
2024-01-12 23:45:00,123.9749,124.01,123.935,124.01,19914,2024-01-12
2024-01-12 23:50:00,124.02,124.125,123.97,124.11,46224,2024-01-12
2024-01-12 23:55:00,124.11,124.19,124.06,124.16,120282,2024-01-12
2024-01-13 00:00:00,124.17,124.17,124.17,124.17,6574,2024-01-12
2024-01-13 00:10:00,124.17,124.17,124.17,124.17,3916,2024-01-12
2024-01-13 00:20:00,124.17,124.17,124.17,124.17,5197,2024-01-12
2024-01-13 01:20:00,123.7,123.7,123.7,123.7,201,2024-01-12
2024-01-16 13:45:00,124.84,124.84,124.84,124.84,100,2024-01-16
2024-01-16 16:00:00,123.19,124,123.19,124,275,2024-01-16
2024-01-16 17:20:00,124,124,124,124,734,2024-01-16
2024-01-16 17:30:00,124.085,124.16,123.46,123.8028,58676,2024-01-16
2024-01-16 17:35:00,123.8899,124.225,123.66,123.91,18528,2024-01-16
2024-01-16 17:40:00,123.81,124.22,123.8,123.99,26877,2024-01-16
2024-01-16 17:45:00,123.94,124.03,123.705,123.79,13625,2024-01-16
2024-01-16 17:50:00,123.785,123.785,123.35,123.38,15300,2024-01-16
2024-01-16 17:55:00,123.39,123.57,123.01,123.235,25821,2024-01-16
2024-01-16 18:00:00,123.235,123.39,122.955,123.185,21189,2024-01-16
2024-01-16 18:05:00,123.185,123.185,122.9,122.98,16617,2024-01-16
2024-01-16 18:10:00,123,123.11,122.97,123,18921,2024-01-16
2024-01-16 18:15:00,122.97,123.1,122.97,123.05,16836,2024-01-16
2024-01-16 18:20:00,123.07,123.12,122.995,123.05,18628,2024-01-16
2024-01-16 18:25:00,123.04,123.11,122.99,123.085,26163,2024-01-16
2024-01-16 18:30:00,123.11,123.125,123.02,123.05,13104,2024-01-16
2024-01-16 18:35:00,123.07,123.33,123.065,123.28,37025,2024-01-16
2024-01-16 18:40:00,123.24,123.315,123.095,123.11,11195,2024-01-16
2024-01-16 18:45:00,123.11,123.205,123.1,123.11,28526,2024-01-16
2024-01-16 18:50:00,123.11,123.1492,123.02,123.1492,23844,2024-01-16
2024-01-16 18:55:00,123.15,123.22,122.97,122.97,24625,2024-01-16
2024-01-16 19:00:00,123,123.01,122.84,122.955,35104,2024-01-16
2024-01-16 19:05:00,122.96,123.04,122.79,122.88,30233,2024-01-16
2024-01-16 19:10:00,122.86,123,122.855,122.93,23478,2024-01-16
2024-01-16 19:15:00,122.945,123.015,122.795,122.795,19586,2024-01-16
2024-01-16 19:20:00,122.8,122.97,122.8,122.97,25153,2024-01-16
2024-01-16 19:25:00,122.96,122.97,122.7654,122.7654,34602,2024-01-16
2024-01-16 19:30:00,122.7999,122.9429,122.75,122.865,112816,2024-01-16
2024-01-16 19:35:00,122.86,123.02,122.86,122.95,20305,2024-01-16
2024-01-16 19:40:00,122.96,123.02,122.9,123,26389,2024-01-16
2024-01-16 19:45:00,123,123.11,123,123.04,14785,2024-01-16
2024-01-16 19:50:00,123,123.045,122.99,123,15979,2024-01-16
2024-01-16 19:55:00,123,123.0534,122.99,123.005,28911,2024-01-16
2024-01-16 20:00:00,123,123.08,122.89,122.89,11353,2024-01-16
2024-01-16 20:05:00,122.885,122.91,122.78,122.82,16474,2024-01-16
2024-01-16 20:10:00,122.815,122.83,122.68,122.68,17680,2024-01-16
2024-01-16 20:15:00,122.7,122.72,122.54,122.57,10339,2024-01-16
2024-01-16 20:20:00,122.58,122.68,122.58,122.6,9867,2024-01-16
2024-01-16 20:25:00,122.625,122.69,122.535,122.68,24959,2024-01-16
2024-01-16 20:30:00,122.67,122.73,122.615,122.68,13851,2024-01-16
2024-01-16 20:35:00,122.7,122.89,122.69,122.825,35390,2024-01-16
2024-01-16 20:40:00,122.83,122.89,122.83,122.84,16801,2024-01-16
2024-01-16 20:45:00,122.84,122.9,122.7215,122.7215,27832,2024-01-16
2024-01-16 20:50:00,122.72,122.83,122.72,122.785,23975,2024-01-16
2024-01-16 20:55:00,122.795,122.835,122.735,122.735,18664,2024-01-16
2024-01-16 21:00:00,122.71,122.84,122.71,122.84,10353,2024-01-16
2024-01-16 21:05:00,122.81,122.84,122.743,122.743,12977,2024-01-16
2024-01-16 21:10:00,122.745,122.745,122.61,122.66,7935,2024-01-16
2024-01-16 21:15:00,122.66,122.77,122.65,122.69,16083,2024-01-16
2024-01-16 21:20:00,122.685,122.74,122.65,122.73,7774,2024-01-16
2024-01-16 21:25:00,122.75,122.77,122.65,122.68,21981,2024-01-16
2024-01-16 21:30:00,122.68,122.7674,122.58,122.71,37399,2024-01-16
2024-01-16 21:35:00,122.76,122.785,122.6107,122.64,16942,2024-01-16
2024-01-16 21:40:00,122.635,122.68,122.57,122.58,19536,2024-01-16
2024-01-16 21:45:00,122.58,122.63,122.51,122.5441,15581,2024-01-16
2024-01-16 21:50:00,122.53,122.59,122.515,122.59,19205,2024-01-16
2024-01-16 21:55:00,122.61,122.64,122.59,122.6,13189,2024-01-16
2024-01-16 22:00:00,122.6,122.63,122.48,122.48,14461,2024-01-16
2024-01-16 22:05:00,122.48,122.54,122.47,122.48,19644,2024-01-16
2024-01-16 22:10:00,122.49,122.57,122.47,122.54,23204,2024-01-16
2024-01-16 22:15:00,122.54,122.54,122.34,122.37,17974,2024-01-16
2024-01-16 22:20:00,122.33,122.38,122.33,122.37,12672,2024-01-16
2024-01-16 22:25:00,122.38,122.43,122.36,122.36,13433,2024-01-16
2024-01-16 22:30:00,122.35,122.43,122.31,122.42,19363,2024-01-16
2024-01-16 22:35:00,122.4,122.415,122.16,122.16,13649,2024-01-16
2024-01-16 22:40:00,122.18,122.235,122.12,122.19,18996,2024-01-16
2024-01-16 22:45:00,122.21,122.3,122.19,122.27,18805,2024-01-16
2024-01-16 22:50:00,122.29,122.335,122.26,122.27,12643,2024-01-16
2024-01-16 22:55:00,122.28,122.425,122.28,122.41,14047,2024-01-16
2024-01-16 23:00:00,122.41,122.48,122.41,122.435,19066,2024-01-16
2024-01-16 23:05:00,122.42,122.51,122.42,122.5,11993,2024-01-16
2024-01-16 23:10:00,122.5,122.53,122.45,122.49,15869,2024-01-16
2024-01-16 23:15:00,122.5,122.56,122.49,122.53,15863,2024-01-16
2024-01-16 23:20:00,122.54,122.54,122.47,122.49,22079,2024-01-16
2024-01-16 23:25:00,122.5,122.59,122.4791,122.58,24332,2024-01-16
2024-01-16 23:30:00,122.59,122.59,122.47,122.51,37165,2024-01-16
2024-01-16 23:35:00,122.5,122.575,122.46,122.57,32377,2024-01-16
2024-01-16 23:40:00,122.57,122.75,122.5,122.75,41958,2024-01-16
2024-01-16 23:45:00,122.75,122.9,122.71,122.9,51781,2024-01-16
2024-01-16 23:50:00,122.89,123.19,122.77,123.12,120517,2024-01-16
2024-01-16 23:55:00,123.11,123.2,123.02,123.06,229475,2024-01-16
2024-01-17 00:00:00,123.07,123.07,123.07,123.07,14713,2024-01-16
2024-01-17 00:05:00,123.07,123.07,123.07,123.07,834,2024-01-16
2024-01-17 17:30:00,122.77,123.47,122.71,123.395,24559,2024-01-17
2024-01-17 17:35:00,123.43,123.64,123.3,123.51,21188,2024-01-17
2024-01-17 17:40:00,123.55,123.62,123.34,123.565,18307,2024-01-17
2024-01-17 17:45:00,123.565,123.74,123.51,123.57,23970,2024-01-17
2024-01-17 17:50:00,123.62,123.72,123.44,123.53,31817,2024-01-17
2024-01-17 17:55:00,123.57,123.78,123.57,123.68,16054,2024-01-17
2024-01-17 18:00:00,123.75,124.045,123.75,123.86,17154,2024-01-17
2024-01-17 18:05:00,123.81,123.95,123.735,123.76,19009,2024-01-17
2024-01-17 18:10:00,123.8,123.975,123.8,123.885,15934,2024-01-17
2024-01-17 18:15:00,123.885,124.04,123.86,123.955,26977,2024-01-17
2024-01-17 18:20:00,123.965,124,123.815,123.815,8887,2024-01-17
2024-01-17 18:25:00,123.82,123.84,123.71,123.84,12952,2024-01-17
2024-01-17 18:30:00,123.84,123.92,123.82,123.87,15365,2024-01-17
2024-01-17 18:35:00,123.87,124.005,123.87,123.94,17470,2024-01-17
2024-01-17 18:40:00,123.93,124.01,123.925,123.98,17257,2024-01-17
2024-01-17 18:45:00,124.005,124.03,123.92,124.02,36955,2024-01-17
2024-01-17 18:50:00,124.02,124.2027,123.985,124.08,17745,2024-01-17
2024-01-17 18:55:00,124.125,124.33,124.09,124.27,26016,2024-01-17
2024-01-17 19:00:00,124.25,124.29,124.05,124.1,14644,2024-01-17
2024-01-17 19:05:00,124.09,124.17,124.05,124.08,10890,2024-01-17
2024-01-17 19:10:00,124.09,124.12,124.0514,124.0514,5531,2024-01-17
2024-01-17 19:15:00,124.05,124.105,123.96,123.99,17983,2024-01-17
2024-01-17 19:20:00,124.01,124.0375,123.96,123.97,7337,2024-01-17
2024-01-17 19:25:00,123.96,123.984,123.755,123.755,15717,2024-01-17
2024-01-17 19:30:00,123.72,123.76,123.69,123.75,18860,2024-01-17
2024-01-17 19:35:00,123.78,123.92,123.78,123.82,21839,2024-01-17
2024-01-17 19:40:00,123.815,123.845,123.725,123.79,15371,2024-01-17
2024-01-17 19:45:00,123.7776,123.785,123.71,123.73,15074,2024-01-17
2024-01-17 19:50:00,123.7,123.72,123.645,123.6837,9530,2024-01-17
2024-01-17 19:55:00,123.65,123.66,123.59,123.6,8826,2024-01-17
2024-01-17 20:00:00,123.61,123.63,123.54,123.565,11797,2024-01-17
2024-01-17 20:05:00,123.57,123.62,123.55,123.6,5951,2024-01-17
2024-01-17 20:10:00,123.62,123.71,123.59,123.69,11293,2024-01-17
2024-01-17 20:15:00,123.705,123.705,123.64,123.65,9622,2024-01-17
2024-01-17 20:20:00,123.65,123.67,123.62,123.6408,13602,2024-01-17
2024-01-17 20:25:00,123.66,123.75,123.65,123.73,13084,2024-01-17
2024-01-17 20:30:00,123.745,123.75,123.55,123.59,6743,2024-01-17
2024-01-17 20:35:00,123.5952,123.66,123.58,123.64,12633,2024-01-17
2024-01-17 20:40:00,123.64,123.6899,123.575,123.625,11827,2024-01-17
2024-01-17 20:45:00,123.605,123.72,123.605,123.7,7792,2024-01-17
2024-01-17 20:50:00,123.725,123.75,123.6925,123.715,7287,2024-01-17
2024-01-17 20:55:00,123.72,123.77,123.68,123.68,9233,2024-01-17
2024-01-17 21:00:00,123.665,123.67,123.58,123.64,7789,2024-01-17
2024-01-17 21:05:00,123.69,123.73,123.655,123.66,9299,2024-01-17
2024-01-17 21:10:00,123.66,123.69,123.6,123.62,12148,2024-01-17
2024-01-17 21:15:00,123.61,123.73,123.58,123.705,17892,2024-01-17
2024-01-17 21:20:00,123.69,123.69,123.61,123.61,15674,2024-01-17
2024-01-17 21:25:00,123.62,123.735,123.62,123.68,16070,2024-01-17
2024-01-17 21:30:00,123.66,123.7,123.6,123.61,13953,2024-01-17
2024-01-17 21:35:00,123.62,123.62,123.57,123.6,11720,2024-01-17
2024-01-17 21:40:00,123.595,123.7,123.54,123.55,14873,2024-01-17
2024-01-17 21:45:00,123.55,123.67,123.55,123.66,15184,2024-01-17
2024-01-17 21:50:00,123.66,123.71,123.615,123.69,14142,2024-01-17
2024-01-17 21:55:00,123.71,123.742,123.68,123.73,5995,2024-01-17
2024-01-17 22:00:00,123.75,123.835,123.69,123.71,10599,2024-01-17
2024-01-17 22:05:00,123.728,123.7358,123.5881,123.63,7428,2024-01-17
2024-01-17 22:10:00,123.64,123.685,123.57,123.57,10844,2024-01-17
2024-01-17 22:15:00,123.54,123.6072,123.53,123.59,9045,2024-01-17
2024-01-17 22:20:00,123.58,123.58,123.49,123.5066,11634,2024-01-17
2024-01-17 22:25:00,123.505,123.56,123.45,123.49,13050,2024-01-17
2024-01-17 22:30:00,123.485,123.505,123.42,123.495,9793,2024-01-17
2024-01-17 22:35:00,123.4961,123.525,123.48,123.51,11532,2024-01-17
2024-01-17 22:40:00,123.51,123.55,123.47,123.47,10789,2024-01-17
2024-01-17 22:45:00,123.44,123.49,123.415,123.48,10381,2024-01-17
2024-01-17 22:50:00,123.48,123.5,123.42,123.5,10983,2024-01-17
2024-01-17 22:55:00,123.51,123.54,123.5,123.5,15098,2024-01-17
2024-01-17 23:00:00,123.51,123.545,123.42,123.48,13290,2024-01-17
2024-01-17 23:05:00,123.49,123.5,123.29,123.3,13470,2024-01-17
2024-01-17 23:10:00,123.3,123.305,123.18,123.21,18982,2024-01-17
2024-01-17 23:15:00,123.22,123.315,123.18,123.2522,16839,2024-01-17
2024-01-17 23:20:00,123.279,123.2889,123.205,123.245,15919,2024-01-17
2024-01-17 23:25:00,123.25,123.39,123.25,123.32,19968,2024-01-17
2024-01-17 23:30:00,123.305,123.34,123.27,123.32,16939,2024-01-17
2024-01-17 23:35:00,123.32,123.42,123.32,123.38,16792,2024-01-17
2024-01-17 23:40:00,123.385,123.44,123.27,123.295,25106,2024-01-17
2024-01-17 23:45:00,123.3,123.355,123.25,123.26,31350,2024-01-17
2024-01-17 23:50:00,123.28,123.43,123.25,123.36,52686,2024-01-17
2024-01-17 23:55:00,123.36,123.45,123.28,123.32,130773,2024-01-17
2024-01-18 00:00:00,123.32,123.32,123.32,123.32,20129,2024-01-17
2024-01-18 00:05:00,123.32,123.32,123.32,123.32,1373,2024-01-17
2024-01-18 00:20:00,123.32,123.32,123.32,123.32,500,2024-01-17
2024-01-18 17:25:00,122.8,122.94,122.73,122.94,1046,2024-01-18
2024-01-18 17:30:00,122.37,122.82,122.28,122.75,34373,2024-01-18
2024-01-18 17:35:00,122.81,122.84,122.555,122.61,13012,2024-01-18
2024-01-18 17:40:00,122.51,122.55,122.4,122.53,12229,2024-01-18
2024-01-18 17:45:00,122.53,122.535,122.31,122.44,12665,2024-01-18
2024-01-18 17:50:00,122.44,122.58,122.39,122.45,10590,2024-01-18
2024-01-18 17:55:00,122.45,122.55,122.381,122.54,10832,2024-01-18
2024-01-18 18:00:00,122.5,122.69,122.455,122.643,14869,2024-01-18
2024-01-18 18:05:00,122.6837,122.725,122.571,122.63,11419,2024-01-18
2024-01-18 18:10:00,122.62,122.72,122.55,122.68,14917,2024-01-18
2024-01-18 18:15:00,122.665,122.72,122.43,122.435,15660,2024-01-18
2024-01-18 18:20:00,122.465,122.805,122.42,122.805,11788,2024-01-18
2024-01-18 18:25:00,122.79,122.84,122.73,122.76,21223,2024-01-18
2024-01-18 18:30:00,122.8,122.92,122.8,122.87,11675,2024-01-18
2024-01-18 18:35:00,122.87,122.95,122.87,122.88,8270,2024-01-18
2024-01-18 18:40:00,122.863,122.96,122.82,122.96,9010,2024-01-18
2024-01-18 18:45:00,122.94,122.975,122.91,122.97,9674,2024-01-18
2024-01-18 18:50:00,122.99,122.99,122.77,122.8309,9913,2024-01-18
2024-01-18 18:55:00,122.831,122.945,122.82,122.85,9221,2024-01-18
2024-01-18 19:00:00,122.82,122.84,122.7,122.84,10073,2024-01-18
2024-01-18 19:05:00,122.8,122.87,122.76,122.76,7383,2024-01-18
2024-01-18 19:10:00,122.76,122.76,122.58,122.61,13335,2024-01-18
2024-01-18 19:15:00,122.59,122.69,122.51,122.51,8825,2024-01-18
2024-01-18 19:20:00,122.53,122.59,122.465,122.465,10960,2024-01-18
2024-01-18 19:25:00,122.465,122.47,122.371,122.4,13583,2024-01-18
2024-01-18 19:30:00,122.415,122.44,122.35,122.411,13774,2024-01-18
2024-01-18 19:35:00,122.4575,122.51,122.393,122.43,5622,2024-01-18
2024-01-18 19:40:00,122.41,122.41,122.35,122.35,9548,2024-01-18
2024-01-18 19:45:00,122.36,122.36,122.21,122.21,11414,2024-01-18
2024-01-18 19:50:00,122.22,122.35,122.21,122.303,8594,2024-01-18
2024-01-18 19:55:00,122.3597,122.3597,122.2,122.2,10952,2024-01-18
2024-01-18 20:00:00,122.195,122.255,122.16,122.185,17301,2024-01-18
2024-01-18 20:05:00,122.24,122.37,122.1942,122.37,6053,2024-01-18
2024-01-18 20:10:00,122.34,122.455,122.3213,122.435,12332,2024-01-18
2024-01-18 20:15:00,122.435,122.435,122.28,122.29,10700,2024-01-18
2024-01-18 20:20:00,122.295,122.415,122.27,122.39,6932,2024-01-18
2024-01-18 20:25:00,122.415,122.425,122.283,122.29,6863,2024-01-18
2024-01-18 20:30:00,122.32,122.34,122.22,122.23,15072,2024-01-18
2024-01-18 20:35:00,122.22,122.245,122.19,122.21,9041,2024-01-18
2024-01-18 20:40:00,122.24,122.3,122.22,122.253,6661,2024-01-18
2024-01-18 20:45:00,122.25,122.29,122.23,122.25,5890,2024-01-18
2024-01-18 20:50:00,122.25,122.34,122.24,122.34,4897,2024-01-18
2024-01-18 20:55:00,122.335,122.335,122.24,122.27,6950,2024-01-18
2024-01-18 21:00:00,122.28,122.285,122.241,122.28,7134,2024-01-18
2024-01-18 21:05:00,122.295,122.39,122.27,122.355,7814,2024-01-18
2024-01-18 21:10:00,122.365,122.41,122.293,122.395,7402,2024-01-18
2024-01-18 21:15:00,122.4,122.45,122.38,122.3833,6951,2024-01-18
2024-01-18 21:20:00,122.415,122.465,122.415,122.445,5367,2024-01-18
2024-01-18 21:25:00,122.415,122.565,122.4,122.48,11334,2024-01-18
2024-01-18 21:30:00,122.45,122.485,122.37,122.45,22048,2024-01-18
2024-01-18 21:35:00,122.445,122.535,122.445,122.525,4370,2024-01-18
2024-01-18 21:40:00,122.53,122.57,122.51,122.57,4678,2024-01-18
2024-01-18 21:45:00,122.575,122.6725,122.515,122.665,8669,2024-01-18
2024-01-18 21:50:00,122.66,122.735,122.64,122.68,9626,2024-01-18
2024-01-18 21:55:00,122.69,122.7268,122.68,122.6999,6652,2024-01-18
2024-01-18 22:00:00,122.675,122.79,122.6691,122.7735,7965,2024-01-18
2024-01-18 22:05:00,122.78,122.83,122.78,122.791,8545,2024-01-18
2024-01-18 22:10:00,122.79,122.84,122.76,122.795,8872,2024-01-18
2024-01-18 22:15:00,122.795,122.85,122.75,122.8,10025,2024-01-18
2024-01-18 22:20:00,122.78,122.8796,122.76,122.84,11228,2024-01-18
2024-01-18 22:25:00,122.845,122.845,122.79,122.81,6701,2024-01-18
2024-01-18 22:30:00,122.845,122.89,122.84,122.885,6801,2024-01-18
2024-01-18 22:35:00,122.89,122.99,122.885,122.92,15458,2024-01-18
2024-01-18 22:40:00,122.94,122.96,122.81,122.87,14932,2024-01-18
2024-01-18 22:45:00,122.88,122.93,122.775,122.86,12253,2024-01-18
2024-01-18 22:50:00,122.8749,122.97,122.865,122.87,10114,2024-01-18
2024-01-18 22:55:00,122.88,122.94,122.88,122.91,7338,2024-01-18
2024-01-18 23:00:00,122.93,122.995,122.905,122.95,7366,2024-01-18
2024-01-18 23:05:00,122.93,123.035,122.9057,123.02,9978,2024-01-18
2024-01-18 23:10:00,123.03,123.08,123,123.02,10240,2024-01-18
2024-01-18 23:15:00,123.02,123.12,123.02,123.07,11497,2024-01-18
2024-01-18 23:20:00,123.06,123.23,123.05,123.23,11171,2024-01-18
2024-01-18 23:25:00,123.225,123.32,123.225,123.29,19821,2024-01-18
2024-01-18 23:30:00,123.305,123.335,123.26,123.3,16795,2024-01-18
2024-01-18 23:35:00,123.305,123.319,123.22,123.22,18821,2024-01-18
2024-01-18 23:40:00,123.21,123.27,123.2,123.25,19950,2024-01-18
2024-01-18 23:45:00,123.245,123.245,123.03,123.06,57814,2024-01-18
2024-01-18 23:50:00,123.06,123.14,123.01,123.1,49664,2024-01-18
2024-01-18 23:55:00,123.1,123.12,123.01,123.03,115520,2024-01-18
2024-01-19 00:00:00,123.04,123.04,123.04,123.04,9121,2024-01-18
2024-01-19 00:05:00,123.04,123.04,123.04,123.04,1709,2024-01-18
2024-01-19 17:30:00,123.17,123.21,122.67,122.73,111979,2024-01-19
2024-01-19 17:35:00,122.79,122.88,122.46,122.46,12523,2024-01-19
2024-01-19 17:40:00,122.595,122.89,122.51,122.53,14576,2024-01-19
2024-01-19 17:45:00,122.5,122.77,122.44,122.77,12701,2024-01-19
2024-01-19 17:50:00,122.7793,122.965,122.74,122.91,16608,2024-01-19
2024-01-19 17:55:00,122.9,123.02,122.9,123.02,14058,2024-01-19
2024-01-19 18:00:00,123.02,123.02,122.78,122.84,10543,2024-01-19
2024-01-19 18:05:00,122.87,123,122.84,122.96,12159,2024-01-19
2024-01-19 18:10:00,122.955,122.955,122.7,122.745,15982,2024-01-19
2024-01-19 18:15:00,122.72,123.05,122.72,123.05,15322,2024-01-19
2024-01-19 18:20:00,123.05,123.07,122.87,122.89,14051,2024-01-19
2024-01-19 18:25:00,122.895,123.12,122.8601,123.065,15585,2024-01-19
2024-01-19 18:30:00,123.06,123.065,122.96,123,13004,2024-01-19
2024-01-19 18:35:00,123,123.07,122.99,123.055,9993,2024-01-19
2024-01-19 18:40:00,123.02,123.19,123.01,123.19,6841,2024-01-19
2024-01-19 18:45:00,123.14,123.31,123.085,123.085,17944,2024-01-19
2024-01-19 18:50:00,123.1,123.1699,123.04,123.04,11606,2024-01-19
2024-01-19 18:55:00,123.055,123.11,123.02,123.03,11431,2024-01-19
2024-01-19 19:00:00,123.01,123.07,122.99,123.01,9654,2024-01-19
2024-01-19 19:05:00,123,123.15,122.9699,123.115,11220,2024-01-19
2024-01-19 19:10:00,123.14,123.23,123.07,123.11,13121,2024-01-19
2024-01-19 19:15:00,123.09,123.18,123.07,123.18,8456,2024-01-19
2024-01-19 19:20:00,123.17,123.215,123.1401,123.215,7276,2024-01-19
2024-01-19 19:25:00,123.24,123.27,123.17,123.17,14231,2024-01-19
2024-01-19 19:30:00,123.17,123.19,123.14,123.1503,9084,2024-01-19
2024-01-19 19:35:00,123.16,123.2,123.115,123.2,17291,2024-01-19
2024-01-19 19:40:00,123.19,123.19,123,123.09,51140,2024-01-19
2024-01-19 19:45:00,123.1,123.11,123.0325,123.0325,8754,2024-01-19
2024-01-19 19:50:00,123.02,123.13,122.9816,123.12,13106,2024-01-19
2024-01-19 19:55:00,123.145,123.18,123.125,123.18,5768,2024-01-19
2024-01-19 20:00:00,123.18,123.2,123.1,123.1,9637,2024-01-19
2024-01-19 20:05:00,123.1391,123.16,123.1,123.13,8618,2024-01-19
2024-01-19 20:10:00,123.12,123.15,123.04,123.08,9526,2024-01-19
2024-01-19 20:15:00,123.1,123.15,123.07,123.07,9041,2024-01-19
2024-01-19 20:20:00,123.08,123.12,123.075,123.09,13146,2024-01-19
2024-01-19 20:25:00,123.08,123.13,123.06,123.08,10169,2024-01-19
2024-01-19 20:30:00,123.08,123.2,123.06,123.15,20686,2024-01-19
2024-01-19 20:35:00,123.16,123.2,123.11,123.11,9808,2024-01-19
2024-01-19 20:40:00,123.04,123.1,123.005,123.09,6924,2024-01-19
2024-01-19 20:45:00,123.11,123.17,123.08,123.155,9071,2024-01-19
2024-01-19 20:50:00,123.16,123.195,123.16,123.175,7964,2024-01-19
2024-01-19 20:55:00,123.17,123.21,123.17,123.21,11725,2024-01-19
2024-01-19 21:00:00,123.22,123.23,123.13,123.189,10425,2024-01-19
2024-01-19 21:05:00,123.2,123.21,123.17,123.175,13151,2024-01-19
2024-01-19 21:10:00,123.19,123.34,123.19,123.31,12025,2024-01-19
2024-01-19 21:15:00,123.33,123.4,123.32,123.32,10726,2024-01-19
2024-01-19 21:20:00,123.355,123.4141,123.33,123.33,9629,2024-01-19
2024-01-19 21:25:00,123.34,123.41,123.31,123.37,9242,2024-01-19
2024-01-19 21:30:00,123.38,123.38,123.31,123.315,10285,2024-01-19
2024-01-19 21:35:00,123.33,123.39,123.33,123.36,13126,2024-01-19
2024-01-19 21:40:00,123.37,123.38,123.28,123.38,7686,2024-01-19
2024-01-19 21:45:00,123.35,123.35,123.24,123.275,8147,2024-01-19
2024-01-19 21:50:00,123.29,123.2991,123.24,123.268,9756,2024-01-19
2024-01-19 21:55:00,123.27,123.33,123.26,123.32,10048,2024-01-19
2024-01-19 22:00:00,123.31,123.31,123.225,123.25,6970,2024-01-19
2024-01-19 22:05:00,123.24,123.25,123.1101,123.18,13480,2024-01-19
2024-01-19 22:10:00,123.195,123.25,123.17,123.25,13360,2024-01-19
2024-01-19 22:15:00,123.26,123.3,123.24,123.25,16426,2024-01-19
2024-01-19 22:20:00,123.27,123.419,123.24,123.41,13735,2024-01-19
2024-01-19 22:25:00,123.4,123.55,123.38,123.44,25126,2024-01-19
2024-01-19 22:30:00,123.465,123.495,123.39,123.45,10546,2024-01-19
2024-01-19 22:35:00,123.4,123.53,123.33,123.51,16346,2024-01-19
2024-01-19 22:40:00,123.515,123.53,123.39,123.48,17591,2024-01-19
2024-01-19 22:45:00,123.475,123.57,123.39,123.49,37700,2024-01-19
2024-01-19 22:50:00,123.465,123.465,123.23,123.28,10776,2024-01-19
2024-01-19 22:55:00,123.3,123.34,123.25,123.29,13241,2024-01-19
2024-01-19 23:00:00,123.31,123.32,123.245,123.245,13559,2024-01-19
2024-01-19 23:05:00,123.27,123.27,123.1,123.14,22022,2024-01-19
2024-01-19 23:10:00,123.11,123.17,123.091,123.091,9103,2024-01-19
2024-01-19 23:15:00,123.105,123.1641,123.0735,123.115,9822,2024-01-19
2024-01-19 23:20:00,123.127,123.127,122.99,123,15530,2024-01-19
2024-01-19 23:25:00,123.02,123.05,122.97,122.97,11864,2024-01-19
2024-01-19 23:30:00,122.99,123,122.91,122.985,15786,2024-01-19
2024-01-19 23:35:00,122.98,123,122.89,122.8995,19891,2024-01-19
2024-01-19 23:40:00,122.89,122.96,122.87,122.8827,18068,2024-01-19
2024-01-19 23:45:00,122.88,122.95,122.88,122.95,23436,2024-01-19
2024-01-19 23:50:00,122.95,122.95,122.78,122.88,37771,2024-01-19
2024-01-19 23:55:00,122.885,122.885,122.59,122.74,142146,2024-01-19
2024-01-20 00:00:00,122.77,122.77,122.77,122.77,9084,2024-01-19
2024-01-20 00:05:00,122.77,122.77,122.77,122.77,1102,2024-01-19
2024-01-22 17:25:00,123.08,123.08,123.08,123.08,100,2024-01-22
2024-01-22 17:30:00,122.61,122.71,122.355,122.425,53497,2024-01-22
2024-01-22 17:35:00,122.425,122.54,122.1874,122.54,42758,2024-01-22
2024-01-22 17:40:00,122.63,122.725,122.41,122.725,11300,2024-01-22
2024-01-22 17:45:00,122.77,122.94,122.735,122.8,7106,2024-01-22
2024-01-22 17:50:00,122.83,123,122.78,122.8,19228,2024-01-22
2024-01-22 17:55:00,122.78,122.84,122.575,122.635,20836,2024-01-22
2024-01-22 18:00:00,122.585,122.68,122.28,122.3699,35885,2024-01-22
2024-01-22 18:05:00,122.37,122.42,122.19,122.25,30298,2024-01-22
2024-01-22 18:10:00,122.2401,122.26,121.98,122.09,28404,2024-01-22
2024-01-22 18:15:00,122.0775,122.36,121.925,122.28,29688,2024-01-22
2024-01-22 18:20:00,122.2899,122.42,122.11,122.405,13239,2024-01-22
2024-01-22 18:25:00,122.46,122.76,122.405,122.75,15411,2024-01-22
2024-01-22 18:30:00,122.81,122.85,122.71,122.79,14736,2024-01-22
2024-01-22 18:35:00,122.82,122.86,122.69,122.74,14560,2024-01-22
2024-01-22 18:40:00,122.82,122.91,122.725,122.725,15277,2024-01-22
2024-01-22 18:45:00,122.73,122.97,122.72,122.85,13886,2024-01-22
2024-01-22 18:50:00,122.85,122.91,122.67,122.67,17928,2024-01-22
2024-01-22 18:55:00,122.68,122.77,122.66,122.7,14537,2024-01-22
2024-01-22 19:00:00,122.725,122.74,122.52,122.555,13761,2024-01-22
2024-01-22 19:05:00,122.545,122.587,122.465,122.475,11807,2024-01-22
2024-01-22 19:10:00,122.48,122.49,122.23,122.299,22993,2024-01-22
2024-01-22 19:15:00,122.245,122.44,122.245,122.35,14900,2024-01-22
2024-01-22 19:20:00,122.355,122.395,122.245,122.258,13149,2024-01-22
2024-01-22 19:25:00,122.29,122.39,122.275,122.39,18690,2024-01-22
2024-01-22 19:30:00,122.38,122.41,122.36,122.4,45506,2024-01-22
2024-01-22 19:35:00,122.37,122.4075,122.1735,122.1735,21586,2024-01-22
2024-01-22 19:40:00,122.175,122.225,122.08,122.2036,24299,2024-01-22
2024-01-22 19:45:00,122.2,122.215,122.06,122.07,20125,2024-01-22
2024-01-22 19:50:00,122.04,122.11,121.98,122.08,30168,2024-01-22
2024-01-22 19:55:00,122.085,122.17,122.05,122.145,10535,2024-01-22
2024-01-22 20:00:00,122.16,122.23,122.155,122.18,11069,2024-01-22
2024-01-22 20:05:00,122.185,122.285,122.17,122.265,6749,2024-01-22
2024-01-22 20:10:00,122.25,122.29,122.175,122.2725,9717,2024-01-22
2024-01-22 20:15:00,122.26,122.31,122.235,122.31,13743,2024-01-22
2024-01-22 20:20:00,122.295,122.345,122.28,122.31,8456,2024-01-22
2024-01-22 20:25:00,122.315,122.34,122.295,122.3199,9675,2024-01-22
2024-01-22 20:30:00,122.32,122.355,122.305,122.305,10750,2024-01-22
2024-01-22 20:35:00,122.23,122.2929,122.22,122.2929,7368,2024-01-22
2024-01-22 20:40:00,122.31,122.325,122.27,122.32,5527,2024-01-22
2024-01-22 20:45:00,122.33,122.4,122.31,122.31,9318,2024-01-22
2024-01-22 20:50:00,122.325,122.35,122.295,122.32,9635,2024-01-22
2024-01-22 20:55:00,122.31,122.32,122.265,122.31,9453,2024-01-22
2024-01-22 21:00:00,122.33,122.39,122.31,122.33,11011,2024-01-22
2024-01-22 21:05:00,122.34,122.35,122.255,122.285,13525,2024-01-22
2024-01-22 21:10:00,122.27,122.32,122.25,122.3,13871,2024-01-22
2024-01-22 21:15:00,122.29,122.315,122.25,122.25,10905,2024-01-22
2024-01-22 21:20:00,122.24,122.38,122.24,122.29,10072,2024-01-22
2024-01-22 21:25:00,122.28,122.3,122.165,122.19,11012,2024-01-22
2024-01-22 21:30:00,122.2,122.25,122.19,122.21,10123,2024-01-22
2024-01-22 21:35:00,122.21,122.27,122.21,122.23,9357,2024-01-22
2024-01-22 21:40:00,122.24,122.255,122.18,122.19,10717,2024-01-22
2024-01-22 21:45:00,122.18,122.24,122.17,122.2,12659,2024-01-22
2024-01-22 21:50:00,122.21,122.24,122.19,122.21,12003,2024-01-22
2024-01-22 21:55:00,122.21,122.24,122.13,122.175,19219,2024-01-22
2024-01-22 22:00:00,122.18,122.22,122.12,122.12,8481,2024-01-22
2024-01-22 22:05:00,122.11,122.13,122.035,122.035,11374,2024-01-22
2024-01-22 22:10:00,122.03,122.07,122.02,122.07,14693,2024-01-22
2024-01-22 22:15:00,122.08,122.09,121.95,121.97,12573,2024-01-22
2024-01-22 22:20:00,121.965,122.045,121.93,122.03,13389,2024-01-22
2024-01-22 22:25:00,122.04,122.06,122.01,122.01,9914,2024-01-22
2024-01-22 22:30:00,122.0014,122.07,121.97,122.04,15598,2024-01-22
2024-01-22 22:35:00,122.04,122.11,122.03,122.088,16746,2024-01-22
2024-01-22 22:40:00,122.1,122.2341,122.1,122.14,9303,2024-01-22
2024-01-22 22:45:00,122.105,122.16,122.1,122.13,10210,2024-01-22
2024-01-22 22:50:00,122.13,122.18,122.09,122.16,11729,2024-01-22
2024-01-22 22:55:00,122.16,122.195,122.1,122.195,15843,2024-01-22
2024-01-22 23:00:00,122.22,122.23,122.11,122.14,14942,2024-01-22
2024-01-22 23:05:00,122.135,122.15,122.065,122.15,12800,2024-01-22
2024-01-22 23:10:00,122.16,122.19,122.08,122.16,20453,2024-01-22
2024-01-22 23:15:00,122.18,122.19,122.07,122.08,25855,2024-01-22
2024-01-22 23:20:00,122.065,122.305,122.04,122.305,43669,2024-01-22
2024-01-22 23:25:00,122.295,122.42,122.26,122.33,23250,2024-01-22
2024-01-22 23:30:00,122.31,122.375,122.29,122.31,25184,2024-01-22
2024-01-22 23:35:00,122.3,122.38,122.26,122.32,26171,2024-01-22
2024-01-22 23:40:00,122.32,122.36,122.13,122.18,31811,2024-01-22
2024-01-22 23:45:00,122.171,122.29,122.16,122.24,38713,2024-01-22
2024-01-22 23:50:00,122.23,122.31,122.13,122.3,90982,2024-01-22
2024-01-22 23:55:00,122.31,122.44,122.28,122.32,169781,2024-01-22
2024-01-23 00:00:00,122.34,122.34,122.34,122.34,14189,2024-01-22
2024-01-23 14:15:00,122.5,122.5,122.5,122.5,100,2024-01-23
2024-01-23 14:40:00,122.5,122.5,122.5,122.5,110,2024-01-23
2024-01-23 14:55:00,122.8,122.8,122.8,122.8,100,2024-01-23
2024-01-23 15:45:00,122.9,122.9,122.9,122.9,145,2024-01-23
2024-01-23 16:35:00,122.83,122.83,122.83,122.83,645,2024-01-23
2024-01-23 17:20:00,123.25,123.25,123.25,123.25,1100,2024-01-23
2024-01-23 17:25:00,123.25,123.25,123.25,123.25,1400,2024-01-23
2024-01-23 17:30:00,123.7,125.45,123.25,125.35,120589,2024-01-23
2024-01-23 17:35:00,125.5,125.5,124.54,125,132206,2024-01-23
2024-01-23 17:40:00,125,125.08,124.645,124.755,47397,2024-01-23
2024-01-23 17:45:00,124.775,125,124.7,124.87,28454,2024-01-23
2024-01-23 17:50:00,124.8875,124.98,124.69,124.69,30396,2024-01-23
2024-01-23 17:55:00,124.71,124.815,124.56,124.665,47826,2024-01-23
2024-01-23 18:00:00,124.6675,125.1,124.665,125.07,36315,2024-01-23
2024-01-23 18:05:00,125.12,125.16,124.95,125.1465,73910,2024-01-23
2024-01-23 18:10:00,125.15,125.15,124.75,124.9392,41638,2024-01-23
2024-01-23 18:15:00,124.93,125.13,124.9,125.09,39736,2024-01-23
2024-01-23 18:20:00,125.11,125.345,125.11,125.21,35218,2024-01-23
2024-01-23 18:25:00,125.21,125.31,125.085,125.29,52227,2024-01-23
2024-01-23 18:30:00,125.28,125.285,124.91,124.94,25048,2024-01-23
2024-01-23 18:35:00,124.91,124.99,124.75,124.96,13882,2024-01-23
2024-01-23 18:40:00,124.97,124.99,124.79,124.97,22080,2024-01-23
2024-01-23 18:45:00,124.97,125.2,124.93,125.195,29096,2024-01-23
2024-01-23 18:50:00,125.195,125.21,125.06,125.185,40733,2024-01-23
2024-01-23 18:55:00,125.2,125.2,124.99,125.03,55377,2024-01-23
2024-01-23 19:00:00,125,125.06,124.83,124.85,55883,2024-01-23
2024-01-23 19:05:00,124.86,124.93,124.82,124.85,32358,2024-01-23
2024-01-23 19:10:00,124.86,124.89,124.65,124.7075,30309,2024-01-23
2024-01-23 19:15:00,124.72,124.82,124.69,124.69,20436,2024-01-23
2024-01-23 19:20:00,124.69,124.695,124.4,124.41,22500,2024-01-23
2024-01-23 19:25:00,124.41,124.44,124.33,124.44,33695,2024-01-23
2024-01-23 19:30:00,124.45,124.69,124.45,124.69,23554,2024-01-23
2024-01-23 19:35:00,124.7,124.705,124.5201,124.58,20529,2024-01-23
2024-01-23 19:40:00,124.57,124.585,124.48,124.58,17128,2024-01-23
2024-01-23 19:45:00,124.6,124.62,124.51,124.52,18813,2024-01-23
2024-01-23 19:50:00,124.525,124.66,124.52,124.655,11983,2024-01-23
2024-01-23 19:55:00,124.64,124.71,124.62,124.71,15876,2024-01-23
2024-01-23 20:00:00,124.71,124.72,124.565,124.66,13742,2024-01-23
2024-01-23 20:05:00,124.65,124.675,124.585,124.675,14273,2024-01-23
2024-01-23 20:10:00,124.675,124.7062,124.58,124.635,11250,2024-01-23
2024-01-23 20:15:00,124.65,124.73,124.63,124.72,12712,2024-01-23
2024-01-23 20:20:00,124.725,124.745,124.655,124.655,11312,2024-01-23
2024-01-23 20:25:00,124.66,124.67,124.57,124.59,13363,2024-01-23
2024-01-23 20:30:00,124.58,124.68,124.58,124.68,48504,2024-01-23
2024-01-23 20:35:00,124.68,124.715,124.545,124.685,13879,2024-01-23
2024-01-23 20:40:00,124.7,124.74,124.665,124.74,15087,2024-01-23
2024-01-23 20:45:00,124.73,124.845,124.73,124.785,22478,2024-01-23
2024-01-23 20:50:00,124.785,124.81,124.73,124.8,18403,2024-01-23
2024-01-23 20:55:00,124.79,124.8,124.65,124.67,14654,2024-01-23
2024-01-23 21:00:00,124.68,124.73,124.649,124.72,21202,2024-01-23
2024-01-23 21:05:00,124.71,124.73,124.62,124.7,39064,2024-01-23
2024-01-23 21:10:00,124.71,124.81,124.71,124.765,19542,2024-01-23
2024-01-23 21:15:00,124.765,124.82,124.76,124.77,27252,2024-01-23
2024-01-23 21:20:00,124.76,124.81,124.76,124.785,14035,2024-01-23
2024-01-23 21:25:00,124.79,124.875,124.79,124.8,42379,2024-01-23
2024-01-23 21:30:00,124.805,124.87,124.73,124.78,46818,2024-01-23
2024-01-23 21:35:00,124.781,124.9,124.769,124.89,17916,2024-01-23
2024-01-23 21:40:00,124.885,124.885,124.78,124.8,19404,2024-01-23
2024-01-23 21:45:00,124.795,124.85,124.7436,124.84,13129,2024-01-23
2024-01-23 21:50:00,124.835,124.89,124.82,124.87,17057,2024-01-23
2024-01-23 21:55:00,124.87,124.96,124.859,124.95,21851,2024-01-23
2024-01-23 22:00:00,124.96,125.13,124.9493,125.1,51049,2024-01-23
2024-01-23 22:05:00,125.095,125.1,124.8825,124.9,82550,2024-01-23
2024-01-23 22:10:00,124.91,125.06,124.91,125.06,47393,2024-01-23
2024-01-23 22:15:00,125.05,125.115,124.9701,125.1,51478,2024-01-23
2024-01-23 22:20:00,125.11,125.18,125.11,125.14,35029,2024-01-23
2024-01-23 22:25:00,125.13,125.13,125.025,125.08,27495,2024-01-23
2024-01-23 22:30:00,125.08,125.09,124.965,124.99,24006,2024-01-23
2024-01-23 22:35:00,124.99,125.125,124.99,125.11,27201,2024-01-23
2024-01-23 22:40:00,125.11,125.13,125.05,125.11,26117,2024-01-23
2024-01-23 22:45:00,125.115,125.18,125.1067,125.12,20761,2024-01-23
2024-01-23 22:50:00,125.13,125.18,125.0975,125.1,27651,2024-01-23
2024-01-23 22:55:00,125.1,125.14,125.03,125.033,25029,2024-01-23
2024-01-23 23:00:00,125.05,125.06,124.89,124.9,21613,2024-01-23
2024-01-23 23:05:00,124.9,125,124.87,124.98,50905,2024-01-23
2024-01-23 23:10:00,124.985,125.1,124.9588,125.06,26358,2024-01-23
2024-01-23 23:15:00,125.08,125.16,125.05,125.12,32987,2024-01-23
2024-01-23 23:20:00,125.15,125.16,125,125.05,43975,2024-01-23
2024-01-23 23:25:00,125.04,125.04,124.9522,124.98,31080,2024-01-23
2024-01-23 23:30:00,124.98,124.995,124.89,124.915,34440,2024-01-23
2024-01-23 23:35:00,124.905,124.93,124.84,124.9,49542,2024-01-23
2024-01-23 23:40:00,124.885,124.94,124.84,124.9,63361,2024-01-23
2024-01-23 23:45:00,124.905,124.92,124.77,124.81,68145,2024-01-23
2024-01-23 23:50:00,124.82,124.87,124.67,124.745,119787,2024-01-23
2024-01-23 23:55:00,124.745,125.04,124.745,124.92,303104,2024-01-23
2024-01-24 00:00:00,124.95,124.95,124.44,124.44,158901,2024-01-23
2024-01-24 00:20:00,124.95,124.95,124.95,124.95,3243,2024-01-23
2024-01-24 01:35:00,125.15,125.15,125.15,125.15,100,2024-01-23
2024-01-24 15:00:00,125,125,123.25,123.25,783,2024-01-24
2024-01-24 15:05:00,122.7,122.7,122.7,122.7,285,2024-01-24
2024-01-24 15:15:00,122.72,122.72,122.5,122.5,811,2024-01-24
2024-01-24 15:20:00,121.71,121.71,121.01,121.01,528,2024-01-24
2024-01-24 15:25:00,121,121,120.5,120.5,503,2024-01-24
2024-01-24 15:30:00,120.11,120.5,119.8,120,3770,2024-01-24
2024-01-24 15:35:00,119.62,119.96,119.62,119.77,1394,2024-01-24
2024-01-24 15:40:00,119.7,119.7,119.7,119.7,141,2024-01-24
2024-01-24 15:45:00,119.56,119.56,119.5,119.5,744,2024-01-24
2024-01-24 15:55:00,119.35,119.35,119.35,119.35,804,2024-01-24
2024-01-24 16:00:00,120.2984,122.75,119.0712,119.25,5786,2024-01-24
2024-01-24 16:05:00,119.25,119.25,119.25,119.25,141,2024-01-24
2024-01-24 16:10:00,119.21,119.25,119.1,119.2482,1699,2024-01-24
2024-01-24 16:15:00,119.2,119.2,119.2,119.2,269,2024-01-24
2024-01-24 16:20:00,119.25,119.25,119.25,119.25,286,2024-01-24
2024-01-24 16:25:00,119.25,119.25,118.8,118.8,5946,2024-01-24
2024-01-24 16:30:00,118.76,119.95,118.76,119.01,4107,2024-01-24
2024-01-24 16:35:00,119.25,119.3,119.2,119.2,795,2024-01-24
2024-01-24 16:40:00,119.25,119.25,119.02,119.02,2087,2024-01-24
2024-01-24 16:45:00,119.8,119.8,119.03,119.5,4118,2024-01-24
2024-01-24 17:00:00,119.5,119.5,119.5,119.5,774,2024-01-24
2024-01-24 17:05:00,119.3,119.5,119.3,119.4,844,2024-01-24
2024-01-24 17:15:00,119.49,119.5,119.49,119.5,805,2024-01-24
2024-01-24 17:20:00,119.98,120,119.27,119.27,1968,2024-01-24
2024-01-24 17:25:00,119.45,119.93,119.45,119.93,1499,2024-01-24
2024-01-24 17:30:00,119.71,119.9,117.77,118.735,457946,2024-01-24
2024-01-24 17:35:00,118.745,119.01,117.9,118.9884,215223,2024-01-24
2024-01-24 17:40:00,118.99,119.37,118.59,119.2802,153429,2024-01-24
2024-01-24 17:45:00,119.37,119.46,118.65,119.165,135151,2024-01-24
2024-01-24 17:50:00,119.165,119.65,118.58,118.85,170176,2024-01-24
2024-01-24 17:55:00,118.8865,119.0294,118.6752,118.94,92303,2024-01-24
2024-01-24 18:00:00,118.95,119.36,118.76,119.03,105571,2024-01-24
2024-01-24 18:05:00,119.03,119.49,119.03,119.18,74517,2024-01-24
2024-01-24 18:10:00,119.19,119.235,118.93,119.13,83645,2024-01-24
2024-01-24 18:15:00,119.16,119.27,118.81,119.13,73422,2024-01-24
2024-01-24 18:20:00,119.1898,119.58,119.14,119.55,52483,2024-01-24
2024-01-24 18:25:00,119.65,119.89,119.44,119.835,69606,2024-01-24
2024-01-24 18:30:00,119.835,119.99,119.67,119.86,53371,2024-01-24
2024-01-24 18:35:00,119.86,119.88,119.57,119.64,57559,2024-01-24
2024-01-24 18:40:00,119.64,119.8699,119.64,119.7,48989,2024-01-24
2024-01-24 18:45:00,119.69,119.91,119.68,119.89,61382,2024-01-24
2024-01-24 18:50:00,119.9,120.13,119.85,120.09,102000,2024-01-24
2024-01-24 18:55:00,120.0808,120.2514,120.08,120.17,68653,2024-01-24
2024-01-24 19:00:00,120.17,120.3075,120.05,120.3075,111375,2024-01-24
2024-01-24 19:05:00,120.33,120.335,120.055,120.27,98457,2024-01-24
2024-01-24 19:10:00,120.25,120.82,120.22,120.795,77308,2024-01-24
2024-01-24 19:15:00,120.81,121.02,120.08,120.125,134651,2024-01-24
2024-01-24 19:20:00,120.14,120.2,120,120.05,70344,2024-01-24
2024-01-24 19:25:00,120.03,120.06,119.83,119.97,60215,2024-01-24
2024-01-24 19:30:00,119.97,120.15,119.9,119.9,62664,2024-01-24
2024-01-24 19:35:00,119.9,119.94,119.73,119.845,54327,2024-01-24
2024-01-24 19:40:00,119.835,119.98,119.7,119.735,45882,2024-01-24
2024-01-24 19:45:00,119.77,119.83,119.53,119.59,85441,2024-01-24
2024-01-24 19:50:00,119.62,119.71,119.34,119.385,98818,2024-01-24
2024-01-24 19:55:00,119.36,119.601,119.36,119.53,37879,2024-01-24
2024-01-24 20:00:00,119.53,119.68,119.48,119.52,40895,2024-01-24
2024-01-24 20:05:00,119.52,119.53,119.22,119.225,38314,2024-01-24
2024-01-24 20:10:00,119.21,119.2364,119.07,119.09,38122,2024-01-24
2024-01-24 20:15:00,119.09,119.13,118.89,118.91,36401,2024-01-24
2024-01-24 20:20:00,118.91,118.91,118.71,118.77,45198,2024-01-24
2024-01-24 20:25:00,118.775,118.87,118.7,118.81,39355,2024-01-24
2024-01-24 20:30:00,118.81,118.89,118.73,118.765,32310,2024-01-24
2024-01-24 20:35:00,118.78,119.06,118.78,118.99,58434,2024-01-24
2024-01-24 20:40:00,119,119.13,118.97,119.1,48539,2024-01-24
2024-01-24 20:45:00,119.1,119.17,119,119.035,61793,2024-01-24
2024-01-24 20:50:00,119.04,119.07,118.9,118.95,42519,2024-01-24
2024-01-24 20:55:00,118.96,119.09,118.96,119.07,28762,2024-01-24
2024-01-24 21:00:00,119.06,119.12,119.01,119.019,34140,2024-01-24
2024-01-24 21:05:00,119.03,119.13,118.99,119.03,39924,2024-01-24
2024-01-24 21:10:00,119.03,119.03,118.83,118.87,26846,2024-01-24
2024-01-24 21:15:00,118.86,118.92,118.86,118.91,20865,2024-01-24
2024-01-24 21:20:00,118.905,118.95,118.79,118.82,31364,2024-01-24
2024-01-24 21:25:00,118.81,118.86,118.76,118.84,22025,2024-01-24
2024-01-24 21:30:00,118.83,118.91,118.79,118.88,38925,2024-01-24
2024-01-24 21:35:00,118.9,119.0499,118.88,119,29278,2024-01-24
2024-01-24 21:40:00,118.993,119.1499,118.993,119.07,27516,2024-01-24
2024-01-24 21:45:00,119.06,119.07,118.975,119.03,22208,2024-01-24
2024-01-24 21:50:00,119.0367,119.1098,118.94,118.98,31543,2024-01-24
2024-01-24 21:55:00,118.9501,119.014,118.92,118.97,26215,2024-01-24
2024-01-24 22:00:00,118.98,119,118.88,118.88,24480,2024-01-24
2024-01-24 22:05:00,118.88,118.9,118.81,118.88,22576,2024-01-24
2024-01-24 22:10:00,118.885,118.97,118.8518,118.96,27632,2024-01-24
2024-01-24 22:15:00,118.97,119.09,118.97,118.985,29788,2024-01-24
2024-01-24 22:20:00,118.98,119,118.86,118.86,42047,2024-01-24
2024-01-24 22:25:00,118.86,118.89,118.785,118.849,28434,2024-01-24
2024-01-24 22:30:00,118.85,118.85,118.66,118.67,30617,2024-01-24
2024-01-24 22:35:00,118.66,118.66,118.5289,118.54,34680,2024-01-24
2024-01-24 22:40:00,118.54,118.63,118.49,118.61,46338,2024-01-24
2024-01-24 22:45:00,118.61,118.62,118.57,118.59,28246,2024-01-24
2024-01-24 22:50:00,118.6,118.65,118.53,118.61,28834,2024-01-24
2024-01-24 22:55:00,118.6071,118.6071,118.51,118.59,47508,2024-01-24
2024-01-24 23:00:00,118.585,118.86,118.585,118.82,102002,2024-01-24
2024-01-24 23:05:00,118.82,118.86,118.8,118.83,37414,2024-01-24
2024-01-24 23:10:00,118.81,118.89,118.6,118.6585,58647,2024-01-24
2024-01-24 23:15:00,118.64,118.74,118.63,118.71,36466,2024-01-24
2024-01-24 23:20:00,118.71,118.78,118.65,118.7,35646,2024-01-24
2024-01-24 23:25:00,118.7,118.86,118.685,118.845,45159,2024-01-24
2024-01-24 23:30:00,118.86,118.9,118.62,118.66,45154,2024-01-24
2024-01-24 23:35:00,118.65,118.67,118.59,118.61,59602,2024-01-24
2024-01-24 23:40:00,118.609,118.69,118.46,118.505,59951,2024-01-24
2024-01-24 23:45:00,118.495,118.52,118.26,118.26,100990,2024-01-24
2024-01-24 23:50:00,118.25,118.28,118.06,118.12,125487,2024-01-24
2024-01-24 23:55:00,118.12,118.2189,117.99,118.05,323488,2024-01-24
2024-01-25 00:00:00,118.04,118.04,118.04,118.04,32408,2024-01-24
2024-01-25 00:05:00,118.04,118.04,118.04,118.04,7318,2024-01-24
2024-01-25 00:20:00,118.04,118.04,118.04,118.04,1061,2024-01-24
2024-01-25 00:25:00,118.1,118.1,118.1,118.1,106,2024-01-24
2024-01-25 01:00:00,118.01,118.01,118.01,118.01,673,2024-01-24
2024-01-25 01:25:00,118.4,118.4,118.4,118.4,100,2024-01-24
2024-01-25 02:35:00,118.4,118.4,118.4,118.4,446,2024-01-24
2024-01-25 03:05:00,118.1,118.1,118.1,118.1,174,2024-01-24
2024-01-25 15:00:00,118.2,118.2,118.2,118.2,105,2024-01-25
2024-01-25 16:00:00,118.19,118.2,117.88,117.88,1872,2024-01-25
2024-01-25 16:05:00,118.69,118.69,118.69,118.69,150,2024-01-25
2024-01-25 16:50:00,118.15,118.15,118.15,118.15,145,2024-01-25
2024-01-25 17:00:00,118.19,118.19,118.19,118.19,317,2024-01-25
2024-01-25 17:30:00,118.15,119,117.92,119,81398,2024-01-25
2024-01-25 17:35:00,118.9884,119.39,118.53,119.25,49723,2024-01-25
2024-01-25 17:40:00,119.25,119.309,119.0213,119.27,39419,2024-01-25
2024-01-25 17:45:00,119.25,119.53,119.135,119.27,46365,2024-01-25
2024-01-25 17:50:00,119.285,119.61,119.285,119.44,29816,2024-01-25
2024-01-25 17:55:00,119.39,119.5,119.2,119.5,26714,2024-01-25
2024-01-25 18:00:00,119.47,119.66,119.37,119.595,32949,2024-01-25
2024-01-25 18:05:00,119.62,119.8075,119.61,119.735,24865,2024-01-25
2024-01-25 18:10:00,119.71,119.775,119.59,119.6,30490,2024-01-25
2024-01-25 18:15:00,119.6,119.6,119.35,119.35,18746,2024-01-25
2024-01-25 18:20:00,119.39,119.48,119.185,119.23,20128,2024-01-25
2024-01-25 18:25:00,119.22,119.23,119.01,119.07,27068,2024-01-25
2024-01-25 18:30:00,119.065,119.15,118.94,119.09,44574,2024-01-25
2024-01-25 18:35:00,119.1,119.26,119.07,119.24,29300,2024-01-25
2024-01-25 18:40:00,119.23,119.31,119.095,119.14,21592,2024-01-25
2024-01-25 18:45:00,119.1049,119.19,119.09,119.145,17226,2024-01-25
2024-01-25 18:50:00,119.15,119.21,119.1,119.16,22732,2024-01-25
2024-01-25 18:55:00,119.16,119.3,119.13,119.19,19122,2024-01-25
2024-01-25 19:00:00,119.21,119.38,119.21,119.38,19238,2024-01-25
2024-01-25 19:05:00,119.4,119.59,119.38,119.565,51415,2024-01-25
2024-01-25 19:10:00,119.58,119.61,119.33,119.34,37821,2024-01-25
2024-01-25 19:15:00,119.33,119.47,119.33,119.37,23004,2024-01-25
2024-01-25 19:20:00,119.375,119.375,119.27,119.28,22973,2024-01-25
2024-01-25 19:25:00,119.27,119.41,119.215,119.275,28673,2024-01-25
2024-01-25 19:30:00,119.28,119.385,119.28,119.315,15036,2024-01-25
2024-01-25 19:35:00,119.315,119.425,119.315,119.35,21573,2024-01-25
2024-01-25 19:40:00,119.3561,119.365,119.27,119.295,16721,2024-01-25
2024-01-25 19:45:00,119.31,119.41,119.31,119.39,12503,2024-01-25
2024-01-25 19:50:00,119.37,119.46,119.29,119.39,37358,2024-01-25
2024-01-25 19:55:00,119.36,119.5,119.36,119.485,26335,2024-01-25
2024-01-25 20:00:00,119.51,119.515,119.35,119.36,19694,2024-01-25
2024-01-25 20:05:00,119.365,119.58,119.36,119.51,27211,2024-01-25
2024-01-25 20:10:00,119.51,119.58,119.43,119.58,22225,2024-01-25
2024-01-25 20:15:00,119.55,119.67,119.55,119.63,20600,2024-01-25
2024-01-25 20:20:00,119.63,119.75,119.621,119.71,22518,2024-01-25
2024-01-25 20:25:00,119.7,119.72,119.63,119.71,17985,2024-01-25
2024-01-25 20:30:00,119.705,119.81,119.64,119.81,18076,2024-01-25
2024-01-25 20:35:00,119.82,119.88,119.81,119.88,20830,2024-01-25
2024-01-25 20:40:00,119.8409,119.86,119.7918,119.86,14727,2024-01-25
2024-01-25 20:45:00,119.86,119.95,119.855,119.86,21605,2024-01-25
2024-01-25 20:50:00,119.86,120.01,119.86,119.99,27980,2024-01-25
2024-01-25 20:55:00,119.98,120,119.94,119.98,21609,2024-01-25
2024-01-25 21:00:00,119.9806,120,119.87,119.92,32360,2024-01-25
2024-01-25 21:05:00,119.935,119.935,119.7182,119.735,20818,2024-01-25
2024-01-25 21:10:00,119.74,119.8,119.68,119.8,14444,2024-01-25
2024-01-25 21:15:00,119.81,119.89,119.72,119.89,15448,2024-01-25
2024-01-25 21:20:00,119.91,120,119.895,119.94,18035,2024-01-25
2024-01-25 21:25:00,119.93,119.93,119.82,119.8467,18026,2024-01-25
2024-01-25 21:30:00,119.85,119.93,119.85,119.88,18380,2024-01-25
2024-01-25 21:35:00,119.89,119.93,119.83,119.865,11196,2024-01-25
2024-01-25 21:40:00,119.88,119.9402,119.85,119.89,15092,2024-01-25
2024-01-25 21:45:00,119.87,119.9,119.83,119.875,14745,2024-01-25
2024-01-25 21:50:00,119.87,120,119.83,120,20261,2024-01-25
2024-01-25 21:55:00,119.995,120.01,119.95,120,36918,2024-01-25
2024-01-25 22:00:00,120.005,120.08,119.93,119.93,22656,2024-01-25
2024-01-25 22:05:00,119.93,120.05,119.93,120.015,29937,2024-01-25
2024-01-25 22:10:00,120.03,120.03,119.96,120,21724,2024-01-25
2024-01-25 22:15:00,120,120.059,119.9446,119.99,31050,2024-01-25
2024-01-25 22:20:00,119.995,120.23,119.96,120.2,36688,2024-01-25
2024-01-25 22:25:00,120.205,120.205,120.1,120.19,21803,2024-01-25
2024-01-25 22:30:00,120.185,120.27,120.1821,120.26,20587,2024-01-25
2024-01-25 22:35:00,120.26,120.27,120.18,120.2615,17061,2024-01-25
2024-01-25 22:40:00,120.26,120.26,120.1813,120.24,18466,2024-01-25
2024-01-25 22:45:00,120.25,120.41,120.25,120.4,29687,2024-01-25
2024-01-25 22:50:00,120.405,120.405,120.21,120.325,19761,2024-01-25
2024-01-25 22:55:00,120.34,120.34,120.29,120.335,19520,2024-01-25
2024-01-25 23:00:00,120.33,120.36,120.16,120.19,20120,2024-01-25
2024-01-25 23:05:00,120.2,120.3,120.2,120.27,19867,2024-01-25
2024-01-25 23:10:00,120.279,120.38,120.275,120.35,24116,2024-01-25
2024-01-25 23:15:00,120.3402,120.345,120.27,120.27,26324,2024-01-25
2024-01-25 23:20:00,120.28,120.29,120.17,120.26,33915,2024-01-25
2024-01-25 23:25:00,120.26,120.286,120.23,120.26,26469,2024-01-25
2024-01-25 23:30:00,120.26,120.28,120.19,120.2,53171,2024-01-25
2024-01-25 23:35:00,120.185,120.26,120.1145,120.25,44341,2024-01-25
2024-01-25 23:40:00,120.25,120.37,120.235,120.329,43559,2024-01-25
2024-01-25 23:45:00,120.32,120.39,120.255,120.36,55446,2024-01-25
2024-01-25 23:50:00,120.37,120.58,120.33,120.55,80220,2024-01-25
2024-01-25 23:55:00,120.555,120.57,120.46,120.49,243428,2024-01-25
2024-01-26 00:00:00,120.49,120.49,120.49,120.49,9439,2024-01-25
2024-01-26 00:20:00,120.49,120.49,120.49,120.49,4146,2024-01-25
2024-01-26 01:10:00,119.5,119.5,119.5,119.5,100,2024-01-25
2024-01-26 17:15:00,120.4,120.4,120.4,120.4,264,2024-01-26
2024-01-26 17:30:00,120.465,121.22,120.465,120.9258,47735,2024-01-26
2024-01-26 17:35:00,120.94,121.11,120.87,120.9675,23550,2024-01-26
2024-01-26 17:40:00,120.9326,121,120.71,120.83,17769,2024-01-26
2024-01-26 17:45:00,120.885,120.975,120.6,120.6,15677,2024-01-26
2024-01-26 17:50:00,120.61,120.85,120.61,120.77,11755,2024-01-26
2024-01-26 17:55:00,120.74,120.78,120.62,120.62,12504,2024-01-26
2024-01-26 18:00:00,120.63,120.6695,120.415,120.64,28656,2024-01-26
2024-01-26 18:05:00,120.68,120.72,120.39,120.51,16479,2024-01-26
2024-01-26 18:10:00,120.54,120.55,120.355,120.355,18793,2024-01-26
2024-01-26 18:15:00,120.38,120.5,120.33,120.35,24498,2024-01-26
2024-01-26 18:20:00,120.35,120.375,120.2,120.2625,18301,2024-01-26
2024-01-26 18:25:00,120.27,120.36,120.06,120.15,23881,2024-01-26
2024-01-26 18:30:00,120.13,120.24,120.13,120.24,17128,2024-01-26
2024-01-26 18:35:00,120.22,120.23,120.06,120.09,11754,2024-01-26
2024-01-26 18:40:00,120.105,120.14,120.04,120.09,10173,2024-01-26
2024-01-26 18:45:00,120.08,120.265,120.04,120.2,22045,2024-01-26
2024-01-26 18:50:00,120.18,120.24,120.13,120.13,10991,2024-01-26
2024-01-26 18:55:00,120.11,120.11,119.98,120.04,10521,2024-01-26
2024-01-26 19:00:00,120.04,120.09,120.005,120.07,10369,2024-01-26
2024-01-26 19:05:00,120.05,120.09,119.9372,120,15955,2024-01-26
2024-01-26 19:10:00,120,120.12,120,120.04,9895,2024-01-26
2024-01-26 19:15:00,120.075,120.17,120.06,120.09,13206,2024-01-26
2024-01-26 19:20:00,120.07,120.14,120.05,120.14,8876,2024-01-26
2024-01-26 19:25:00,120.16,120.21,120.1,120.19,17694,2024-01-26
2024-01-26 19:30:00,120.19,120.25,120.17,120.215,22507,2024-01-26
2024-01-26 19:35:00,120.21,120.42,120.2,120.4175,76750,2024-01-26
2024-01-26 19:40:00,120.39,120.46,120.35,120.42,15243,2024-01-26
2024-01-26 19:45:00,120.43,120.46,120.41,120.425,11026,2024-01-26
2024-01-26 19:50:00,120.4,120.49,120.39,120.45,17486,2024-01-26
2024-01-26 19:55:00,120.45,120.5,120.42,120.49,14347,2024-01-26
2024-01-26 20:00:00,120.5075,120.56,120.505,120.53,16338,2024-01-26
2024-01-26 20:05:00,120.55,120.575,120.46,120.465,19849,2024-01-26
2024-01-26 20:10:00,120.44,120.46,120.38,120.41,16959,2024-01-26
2024-01-26 20:15:00,120.42,120.52,120.42,120.5,11484,2024-01-26
2024-01-26 20:20:00,120.51,120.64,120.49,120.61,9909,2024-01-26
2024-01-26 20:25:00,120.6142,120.7,120.59,120.7,8451,2024-01-26
2024-01-26 20:30:00,120.68,120.73,120.68,120.73,13526,2024-01-26
2024-01-26 20:35:00,120.74,121,120.73,121,74808,2024-01-26
2024-01-26 20:40:00,121.0299,121.06,120.96,121.04,14756,2024-01-26
2024-01-26 20:45:00,121.03,121.0399,120.811,120.811,8557,2024-01-26
2024-01-26 20:50:00,120.84,120.89,120.81,120.85,5671,2024-01-26
2024-01-26 20:55:00,120.83,120.84,120.73,120.74,7477,2024-01-26
2024-01-26 21:00:00,120.74,120.74,120.58,120.5862,12124,2024-01-26
2024-01-26 21:05:00,120.61,120.61,120.43,120.43,6551,2024-01-26
2024-01-26 21:10:00,120.43,120.52,120.43,120.5038,8568,2024-01-26
2024-01-26 21:15:00,120.48,120.531,120.44,120.525,18473,2024-01-26
2024-01-26 21:20:00,120.49,120.49,120.34,120.35,13710,2024-01-26
2024-01-26 21:25:00,120.3414,120.38,120.31,120.35,11607,2024-01-26
2024-01-26 21:30:00,120.35,120.43,120.35,120.37,10048,2024-01-26
2024-01-26 21:35:00,120.37,120.38,120.28,120.285,9164,2024-01-26
2024-01-26 21:40:00,120.27,120.32,120.2352,120.32,13982,2024-01-26
2024-01-26 21:45:00,120.32,120.32,120.16,120.285,20109,2024-01-26
2024-01-26 21:50:00,120.25,120.29,120.2204,120.2419,10970,2024-01-26
2024-01-26 21:55:00,120.255,120.29,120.21,120.29,9367,2024-01-26
2024-01-26 22:00:00,120.311,120.36,120.28,120.283,12664,2024-01-26
2024-01-26 22:05:00,120.28,120.31,120.27,120.29,11112,2024-01-26
2024-01-26 22:10:00,120.3,120.346,120.29,120.34,10103,2024-01-26
2024-01-26 22:15:00,120.35,120.37,120.33,120.34,10706,2024-01-26
2024-01-26 22:20:00,120.35,120.41,120.335,120.38,11738,2024-01-26
2024-01-26 22:25:00,120.37,120.42,120.351,120.42,9044,2024-01-26
2024-01-26 22:30:00,120.43,120.445,120.3264,120.34,10314,2024-01-26
2024-01-26 22:35:00,120.35,120.42,120.34,120.37,13860,2024-01-26
2024-01-26 22:40:00,120.3718,120.41,120.29,120.3,12814,2024-01-26
2024-01-26 22:45:00,120.31,120.32,120.28,120.3046,12829,2024-01-26
2024-01-26 22:50:00,120.3099,120.3099,120.22,120.25,15200,2024-01-26
2024-01-26 22:55:00,120.25,120.26,120.17,120.255,14716,2024-01-26
2024-01-26 23:00:00,120.2669,120.28,120.205,120.22,12101,2024-01-26
2024-01-26 23:05:00,120.23,120.34,120.18,120.32,22071,2024-01-26
2024-01-26 23:10:00,120.31,120.68,120.3,120.56,57109,2024-01-26
2024-01-26 23:15:00,120.55,120.69,120.55,120.66,46292,2024-01-26
2024-01-26 23:20:00,120.66,120.66,120.55,120.59,33011,2024-01-26
2024-01-26 23:25:00,120.62,120.7,120.62,120.685,23864,2024-01-26
2024-01-26 23:30:00,120.7132,120.86,120.705,120.81,26419,2024-01-26
2024-01-26 23:35:00,120.81,120.84,120.75,120.765,41852,2024-01-26
2024-01-26 23:40:00,120.77,120.78,120.63,120.65,33375,2024-01-26
2024-01-26 23:45:00,120.66,120.69,120.6,120.65,74898,2024-01-26
2024-01-26 23:50:00,120.65,120.8078,120.62,120.805,63250,2024-01-26
2024-01-26 23:55:00,120.79,121.19,120.79,121.16,301130,2024-01-26
2024-01-27 00:00:00,121.17,121.17,121.17,121.17,15419,2024-01-26
2024-01-27 00:20:00,121.17,121.17,121.17,121.17,919,2024-01-26
2024-01-29 17:30:00,121.31,121.57,120.95,121.288,24597,2024-01-29
2024-01-29 17:35:00,121.345,121.39,121.03,121.07,11261,2024-01-29
2024-01-29 17:40:00,121.13,121.395,121.09,121.34,8066,2024-01-29
2024-01-29 17:45:00,121.325,121.52,121.22,121.4346,11429,2024-01-29
2024-01-29 17:50:00,121.38,121.48,121.3276,121.345,6753,2024-01-29
2024-01-29 17:55:00,121.37,121.49,121.35,121.435,9617,2024-01-29
2024-01-29 18:00:00,121.47,121.49,121.383,121.48,10304,2024-01-29
2024-01-29 18:05:00,121.45,121.45,121.13,121.195,17153,2024-01-29
2024-01-29 18:10:00,121.15,121.15,120.9501,120.97,9621,2024-01-29
2024-01-29 18:15:00,120.94,120.96,120.79,120.87,9623,2024-01-29
2024-01-29 18:20:00,120.86,120.9,120.79,120.82,21996,2024-01-29
2024-01-29 18:25:00,120.8,120.855,120.742,120.742,8842,2024-01-29
2024-01-29 18:30:00,120.71,120.715,120.62,120.68,7708,2024-01-29
2024-01-29 18:35:00,120.64,120.68,120.515,120.525,13723,2024-01-29
2024-01-29 18:40:00,120.54,120.56,120.495,120.5513,26623,2024-01-29
2024-01-29 18:45:00,120.57,120.57,120.5,120.525,7576,2024-01-29
2024-01-29 18:50:00,120.515,120.56,120.47,120.49,14780,2024-01-29
2024-01-29 18:55:00,120.5,120.61,120.495,120.585,18445,2024-01-29
2024-01-29 19:00:00,120.5743,120.62,120.54,120.61,10450,2024-01-29
2024-01-29 19:05:00,120.61,120.7299,120.59,120.7,15117,2024-01-29
2024-01-29 19:10:00,120.69,120.73,120.65,120.705,8414,2024-01-29
2024-01-29 19:15:00,120.69,120.71,120.65,120.68,8310,2024-01-29
2024-01-29 19:20:00,120.675,120.76,120.675,120.73,10324,2024-01-29
2024-01-29 19:25:00,120.735,120.91,120.735,120.825,16927,2024-01-29
2024-01-29 19:30:00,120.79,120.885,120.79,120.885,6252,2024-01-29
2024-01-29 19:35:00,120.885,120.9,120.83,120.86,12300,2024-01-29
2024-01-29 19:40:00,120.91,120.98,120.91,120.97,10300,2024-01-29
2024-01-29 19:45:00,120.975,121.01,120.94,120.99,8153,2024-01-29
2024-01-29 19:50:00,120.99,121.005,120.91,120.945,20326,2024-01-29
2024-01-29 19:55:00,120.95,120.98,120.91,120.934,10004,2024-01-29
2024-01-29 20:00:00,120.91,120.92,120.785,120.8019,11487,2024-01-29
2024-01-29 20:05:00,120.78,120.82,120.75,120.81,10267,2024-01-29
2024-01-29 20:10:00,120.81,120.81,120.715,120.78,6422,2024-01-29
2024-01-29 20:15:00,120.77,120.84,120.75,120.8325,10768,2024-01-29
2024-01-29 20:20:00,120.82,120.84,120.77,120.78,8308,2024-01-29
2024-01-29 20:25:00,120.8,120.9,120.8,120.878,8798,2024-01-29
2024-01-29 20:30:00,120.87,120.94,120.86,120.87,14726,2024-01-29
2024-01-29 20:35:00,120.88,120.96,120.88,120.94,13716,2024-01-29
2024-01-29 20:40:00,120.95,121.005,120.945,120.975,5265,2024-01-29
2024-01-29 20:45:00,120.95,120.955,120.83,120.83,19701,2024-01-29
2024-01-29 20:50:00,120.83,120.88,120.81,120.865,23724,2024-01-29
2024-01-29 20:55:00,120.85,120.91,120.82,120.88,10702,2024-01-29
2024-01-29 21:00:00,120.9,120.9,120.81,120.84,6908,2024-01-29
2024-01-29 21:05:00,120.85,120.88,120.83,120.855,21745,2024-01-29
2024-01-29 21:10:00,120.86,120.86,120.83,120.83,5398,2024-01-29
2024-01-29 21:15:00,120.84,120.915,120.83,120.91,8857,2024-01-29
2024-01-29 21:20:00,120.915,121.06,120.915,121.055,10517,2024-01-29
2024-01-29 21:25:00,121.07,121.13,121.07,121.11,11925,2024-01-29
2024-01-29 21:30:00,121.115,121.16,121.09,121.1,10291,2024-01-29
2024-01-29 21:35:00,121.13,121.15,121.08,121.115,9117,2024-01-29
2024-01-29 21:40:00,121.1,121.15,121.08,121.15,11470,2024-01-29
2024-01-29 21:45:00,121.157,121.22,121.08,121.08,7748,2024-01-29
2024-01-29 21:50:00,121.07,121.07,120.97,120.98,6292,2024-01-29
2024-01-29 21:55:00,120.98,121.01,120.925,120.93,10262,2024-01-29
2024-01-29 22:00:00,120.92,120.93,120.84,120.87,13967,2024-01-29
2024-01-29 22:05:00,120.88,120.92,120.81,120.81,9702,2024-01-29
2024-01-29 22:10:00,120.81,120.84,120.785,120.81,9493,2024-01-29
2024-01-29 22:15:00,120.815,120.85,120.78,120.78,7367,2024-01-29
2024-01-29 22:20:00,120.78,120.905,120.78,120.905,13059,2024-01-29
2024-01-29 22:25:00,120.905,120.92,120.805,120.805,9890,2024-01-29
2024-01-29 22:30:00,120.8,120.86,120.77,120.775,11461,2024-01-29
2024-01-29 22:35:00,120.79,120.84,120.775,120.81,13049,2024-01-29
2024-01-29 22:40:00,120.81,120.81,120.72,120.7692,13450,2024-01-29
2024-01-29 22:45:00,120.8,120.82,120.715,120.715,8984,2024-01-29
2024-01-29 22:50:00,120.725,120.8,120.725,120.77,11133,2024-01-29
2024-01-29 22:55:00,120.76,120.81,120.745,120.78,19955,2024-01-29
2024-01-29 23:00:00,120.775,120.93,120.75,120.89,21674,2024-01-29
2024-01-29 23:05:00,120.88,120.9,120.8,120.8,12148,2024-01-29
2024-01-29 23:10:00,120.84,120.89,120.805,120.805,11685,2024-01-29
2024-01-29 23:15:00,120.8,120.88,120.8,120.85,18578,2024-01-29
2024-01-29 23:20:00,120.86,121.1,120.86,121.1,22955,2024-01-29
2024-01-29 23:25:00,121.1,121.24,121.1,121.17,27350,2024-01-29
2024-01-29 23:30:00,121.18,121.24,121.145,121.2,27260,2024-01-29
2024-01-29 23:35:00,121.21,121.24,121.14,121.19,20582,2024-01-29
2024-01-29 23:40:00,121.189,121.21,121.11,121.11,29333,2024-01-29
2024-01-29 23:45:00,121.11,121.11,120.96,120.96,29444,2024-01-29
2024-01-29 23:50:00,120.97,121.17,120.97,121.109,65820,2024-01-29
2024-01-29 23:55:00,121.11,121.29,121.11,121.25,140866,2024-01-29
2024-01-30 00:00:00,121.27,121.27,121.27,121.27,61987,2024-01-29
2024-01-30 00:20:00,121.27,121.27,121.27,121.27,5269,2024-01-29
2024-01-30 17:30:00,121.35,121.47,120.94,121.14,27681,2024-01-30
2024-01-30 17:35:00,121.081,121.081,120.58,120.68,9649,2024-01-30
2024-01-30 17:40:00,120.68,121.03,120.63,120.868,11144,2024-01-30
2024-01-30 17:45:00,120.875,120.885,120.59,120.61,14202,2024-01-30
2024-01-30 17:50:00,120.58,120.6599,120.2,120.28,41477,2024-01-30
2024-01-30 17:55:00,120.27,120.27,119.92,120.145,40645,2024-01-30
2024-01-30 18:00:00,120.1786,120.259,120.08,120.14,15992,2024-01-30
2024-01-30 18:05:00,120.105,120.437,120.105,120.37,24220,2024-01-30
2024-01-30 18:10:00,120.36,120.395,120.16,120.34,16896,2024-01-30
2024-01-30 18:15:00,120.35,120.42,120.285,120.34,19060,2024-01-30
2024-01-30 18:20:00,120.335,120.38,120.3,120.35,22324,2024-01-30
2024-01-30 18:25:00,120.36,120.44,120.28,120.32,16544,2024-01-30
2024-01-30 18:30:00,120.32,120.357,120.27,120.329,19985,2024-01-30
2024-01-30 18:35:00,120.32,120.35,120.28,120.305,16484,2024-01-30
2024-01-30 18:40:00,120.31,120.479,120.29,120.47,12247,2024-01-30
2024-01-30 18:45:00,120.48,120.56,120.4745,120.498,10061,2024-01-30
2024-01-30 18:50:00,120.47,120.5,120.43,120.4503,10626,2024-01-30
2024-01-30 18:55:00,120.46,120.46,120.227,120.227,11137,2024-01-30
2024-01-30 19:00:00,120.225,120.39,120.2,120.33,11555,2024-01-30
2024-01-30 19:05:00,120.31,120.39,120.31,120.38,9656,2024-01-30
2024-01-30 19:10:00,120.42,120.44,120.28,120.33,12189,2024-01-30
2024-01-30 19:15:00,120.32,120.34,120.2,120.24,15533,2024-01-30
2024-01-30 19:20:00,120.22,120.24,120.17,120.22,12185,2024-01-30
2024-01-30 19:25:00,120.23,120.39,120.22,120.3433,45116,2024-01-30
2024-01-30 19:30:00,120.425,120.479,120.36,120.38,17395,2024-01-30
2024-01-30 19:35:00,120.38,120.555,120.37,120.5,12247,2024-01-30
2024-01-30 19:40:00,120.515,120.715,120.5,120.66,17658,2024-01-30
2024-01-30 19:45:00,120.65,120.74,120.64,120.73,10808,2024-01-30
2024-01-30 19:50:00,120.75,120.8,120.675,120.73,9400,2024-01-30
2024-01-30 19:55:00,120.715,120.809,120.715,120.76,9714,2024-01-30
2024-01-30 20:00:00,120.74,120.86,120.74,120.84,10903,2024-01-30
2024-01-30 20:05:00,120.845,120.89,120.82,120.87,11242,2024-01-30
2024-01-30 20:10:00,120.885,121.029,120.885,121.02,9926,2024-01-30
2024-01-30 20:15:00,120.99,121.05,120.94,121.05,11648,2024-01-30
2024-01-30 20:20:00,121.059,121.1638,121.02,121.1501,13576,2024-01-30
2024-01-30 20:25:00,121.155,121.21,121.13,121.21,12018,2024-01-30
2024-01-30 20:30:00,121.215,121.23,121.15,121.21,12814,2024-01-30
2024-01-30 20:35:00,121.2,121.25,121.185,121.208,10316,2024-01-30
2024-01-30 20:40:00,121.18,121.32,121.17,121.29,11320,2024-01-30
2024-01-30 20:45:00,121.29,121.335,121.24,121.3,12600,2024-01-30
2024-01-30 20:50:00,121.29,121.39,121.285,121.38,13648,2024-01-30
2024-01-30 20:55:00,121.42,121.42,121.32,121.32,8672,2024-01-30
2024-01-30 21:00:00,121.28,121.35,121.275,121.31,12295,2024-01-30
2024-01-30 21:05:00,121.29,121.319,121.27,121.299,9470,2024-01-30
2024-01-30 21:10:00,121.28,121.28,121.22,121.25,11623,2024-01-30
2024-01-30 21:15:00,121.25,121.338,121.25,121.32,10082,2024-01-30
2024-01-30 21:20:00,121.315,121.389,121.3,121.36,18144,2024-01-30
2024-01-30 21:25:00,121.37,121.37,121.29,121.33,17443,2024-01-30
2024-01-30 21:30:00,121.34,121.39,121.32,121.36,15545,2024-01-30
2024-01-30 21:35:00,121.36,121.365,121.28,121.28,12058,2024-01-30
2024-01-30 21:40:00,121.29,121.42,121.29,121.4,13240,2024-01-30
2024-01-30 21:45:00,121.41,121.41,121.35,121.36,10784,2024-01-30
2024-01-30 21:50:00,121.36,121.42,121.335,121.41,12264,2024-01-30
2024-01-30 21:55:00,121.41,121.52,121.39,121.5,17616,2024-01-30
2024-01-30 22:00:00,121.5,121.56,121.5,121.55,12727,2024-01-30
2024-01-30 22:05:00,121.545,121.64,121.54,121.6393,20705,2024-01-30
2024-01-30 22:10:00,121.65,121.74,121.6102,121.71,34445,2024-01-30
2024-01-30 22:15:00,121.7,121.73,121.67,121.71,9889,2024-01-30
2024-01-30 22:20:00,121.71,121.71,121.64,121.65,12329,2024-01-30
2024-01-30 22:25:00,121.65,121.655,121.56,121.655,12431,2024-01-30
2024-01-30 22:30:00,121.65,121.74,121.585,121.71,29594,2024-01-30
2024-01-30 22:35:00,121.7,121.76,121.6701,121.71,24786,2024-01-30
2024-01-30 22:40:00,121.71,121.71,121.58,121.6099,9854,2024-01-30
2024-01-30 22:45:00,121.551,121.56,121.47,121.5,17122,2024-01-30
2024-01-30 22:50:00,121.51,121.66,121.51,121.64,17441,2024-01-30
2024-01-30 22:55:00,121.65,121.67,121.57,121.67,31182,2024-01-30
2024-01-30 23:00:00,121.68,121.68,121.56,121.58,11474,2024-01-30
2024-01-30 23:05:00,121.58,121.6092,121.52,121.54,13783,2024-01-30
2024-01-30 23:10:00,121.54,121.66,121.52,121.6,19057,2024-01-30
2024-01-30 23:15:00,121.59,121.5962,121.52,121.55,18513,2024-01-30
2024-01-30 23:20:00,121.56,121.59,121.535,121.58,15919,2024-01-30
2024-01-30 23:25:00,121.58,121.68,121.57,121.665,17239,2024-01-30
2024-01-30 23:30:00,121.67,121.69,121.6,121.68,20612,2024-01-30
2024-01-30 23:35:00,121.685,121.71,121.61,121.71,21485,2024-01-30
2024-01-30 23:40:00,121.69,121.755,121.66,121.72,30510,2024-01-30
2024-01-30 23:45:00,121.71,121.765,121.69,121.725,33164,2024-01-30
2024-01-30 23:50:00,121.72,121.84,121.685,121.69,68045,2024-01-30
2024-01-30 23:55:00,121.69,121.76,121.65,121.67,148282,2024-01-30
2024-01-31 00:00:00,121.7,121.7,121.7,121.7,80050,2024-01-30
2024-01-31 00:20:00,121.7,121.7,121.7,121.7,6986,2024-01-30
2024-01-31 17:30:00,122.19,122.25,121.97,122.07,26142,2024-01-31
2024-01-31 17:35:00,121.94,122.35,121.89,122.0401,13615,2024-01-31
2024-01-31 17:40:00,122.17,122.22,122.13,122.17,7080,2024-01-31
2024-01-31 17:45:00,122.15,122.3,121.76,121.76,10023,2024-01-31
2024-01-31 17:50:00,121.79,121.8,121.48,121.55,4197,2024-01-31
2024-01-31 17:55:00,121.6,121.6,121.31,121.3932,10988,2024-01-31
2024-01-31 18:00:00,121.35,121.57,121.24,121.48,7892,2024-01-31
2024-01-31 18:05:00,121.46,121.47,121.33,121.33,14604,2024-01-31
2024-01-31 18:10:00,121.33,121.6,121.33,121.6,13323,2024-01-31
2024-01-31 18:15:00,121.5678,121.61,121.45,121.455,7768,2024-01-31
2024-01-31 18:20:00,121.47,121.71,121.449,121.57,11708,2024-01-31
2024-01-31 18:25:00,121.6,121.77,121.575,121.72,13548,2024-01-31
2024-01-31 18:30:00,121.6901,121.84,121.6901,121.77,8654,2024-01-31
2024-01-31 18:35:00,121.78,121.965,121.74,121.92,14858,2024-01-31
2024-01-31 18:40:00,121.9,122.02,121.87,121.905,10622,2024-01-31
2024-01-31 18:45:00,121.905,122.02,121.895,121.99,11756,2024-01-31
2024-01-31 18:50:00,121.98,122,121.72,121.72,9144,2024-01-31
2024-01-31 18:55:00,121.71,121.79,121.68,121.73,11403,2024-01-31
2024-01-31 19:00:00,121.7,121.725,121.64,121.7,7014,2024-01-31
2024-01-31 19:05:00,121.685,121.72,121.66,121.695,5701,2024-01-31
2024-01-31 19:10:00,121.705,121.72,121.54,121.54,7935,2024-01-31
2024-01-31 19:15:00,121.56,121.58,121.48,121.5,11364,2024-01-31
2024-01-31 19:20:00,121.47,121.6,121.47,121.483,7102,2024-01-31
2024-01-31 19:25:00,121.51,121.53,121.45,121.5,14155,2024-01-31
2024-01-31 19:30:00,121.505,121.575,121.48,121.567,17049,2024-01-31
2024-01-31 19:35:00,121.575,121.575,121.405,121.41,16631,2024-01-31
2024-01-31 19:40:00,121.41,121.41,121.29,121.29,6830,2024-01-31
2024-01-31 19:45:00,121.2719,121.35,121.27,121.35,6459,2024-01-31
2024-01-31 19:50:00,121.32,121.32,121.235,121.235,10065,2024-01-31
2024-01-31 19:55:00,121.24,121.245,121.16,121.17,8578,2024-01-31
2024-01-31 20:00:00,121.13,121.2,121.13,121.1605,10298,2024-01-31
2024-01-31 20:05:00,121.17,121.24,121.165,121.21,6507,2024-01-31
2024-01-31 20:10:00,121.21,121.32,121.205,121.31,8958,2024-01-31
2024-01-31 20:15:00,121.305,121.33,121.24,121.26,10272,2024-01-31
2024-01-31 20:20:00,121.25,121.25,121.14,121.225,5810,2024-01-31
2024-01-31 20:25:00,121.24,121.34,121.23,121.3,8061,2024-01-31
2024-01-31 20:30:00,121.28,121.3,121.2413,121.25,7278,2024-01-31
2024-01-31 20:35:00,121.28,121.3,121.22,121.22,10470,2024-01-31
2024-01-31 20:40:00,121.2,121.23,121.13,121.13,11892,2024-01-31
2024-01-31 20:45:00,121.14,121.3,121.125,121.25,12205,2024-01-31
2024-01-31 20:50:00,121.26,121.29,121.215,121.24,7805,2024-01-31
2024-01-31 20:55:00,121.24,121.3,121.24,121.3,5310,2024-01-31
2024-01-31 21:00:00,121.29,121.31,121.2,121.22,5045,2024-01-31
2024-01-31 21:05:00,121.205,121.22,121.1198,121.12,7158,2024-01-31
2024-01-31 21:10:00,121.11,121.17,121.09,121.13,9980,2024-01-31
2024-01-31 21:15:00,121.125,121.1444,121.075,121.09,6903,2024-01-31
2024-01-31 21:20:00,121.07,121.085,121.03,121.04,5189,2024-01-31
2024-01-31 21:25:00,121.05,121.08,121.03,121.05,6806,2024-01-31
2024-01-31 21:30:00,121.07,121.08,121.01,121.0104,5227,2024-01-31
2024-01-31 21:35:00,121.015,121.04,120.91,120.93,9713,2024-01-31
2024-01-31 21:40:00,120.92,120.94,120.8996,120.93,8869,2024-01-31
2024-01-31 21:45:00,120.94,121.0712,120.92,121.0712,8932,2024-01-31
2024-01-31 21:50:00,121.08,121.11,121.045,121.045,7867,2024-01-31
2024-01-31 21:55:00,121.05,121.07,121.04,121.06,6441,2024-01-31
2024-01-31 22:00:00,121.05,121.07,120.82,120.82,13391,2024-01-31
2024-01-31 22:05:00,120.855,120.91,120.82,120.87,6436,2024-01-31
2024-01-31 22:10:00,120.87,120.93,120.83,120.84,11864,2024-01-31
2024-01-31 22:15:00,120.84,120.885,120.78,120.81,7718,2024-01-31
2024-01-31 22:20:00,120.85,120.97,120.85,120.89,12047,2024-01-31
2024-01-31 22:25:00,120.87,120.935,120.861,120.89,11378,2024-01-31
2024-01-31 22:30:00,120.93,121.01,120.885,120.89,10276,2024-01-31
2024-01-31 22:35:00,120.89,121.04,120.86,121.01,8784,2024-01-31
2024-01-31 22:40:00,121.01,121.01,120.66,120.71,22658,2024-01-31
2024-01-31 22:45:00,120.73,120.74,120.6,120.645,19272,2024-01-31
2024-01-31 22:50:00,120.59,120.6,120.3283,120.36,19998,2024-01-31
2024-01-31 22:55:00,120.39,120.45,120.31,120.37,19122,2024-01-31
2024-01-31 23:00:00,120.37,120.37,120.14,120.23,27448,2024-01-31
2024-01-31 23:05:00,120.16,120.37,120.15,120.33,17836,2024-01-31
2024-01-31 23:10:00,120.37,120.62,120.37,120.5,26084,2024-01-31
2024-01-31 23:15:00,120.502,120.61,120.496,120.56,17936,2024-01-31
2024-01-31 23:20:00,120.6,120.66,120.57,120.58,14461,2024-01-31
2024-01-31 23:25:00,120.57,120.595,120.52,120.595,15308,2024-01-31
2024-01-31 23:30:00,120.6,120.76,120.565,120.75,28487,2024-01-31
2024-01-31 23:35:00,120.75,120.86,120.75,120.76,26054,2024-01-31
2024-01-31 23:40:00,120.77,120.88,120.73,120.88,25664,2024-01-31
2024-01-31 23:45:00,120.88,121.09,120.88,121.01,33310,2024-01-31
2024-01-31 23:50:00,120.995,121.06,120.9,121.06,60822,2024-01-31
2024-01-31 23:55:00,121.07,121.17,120.92,120.92,111208,2024-01-31
2024-02-01 00:00:00,120.97,120.97,120.97,120.97,43836,2024-01-31
2024-02-01 00:05:00,120.97,120.97,120.97,120.97,151268,2024-01-31
2024-02-01 16:20:00,120.73,120.73,120.73,120.73,140,2024-02-01
2024-02-01 17:30:00,120.7,120.73,119.89,119.99,28260,2024-02-01
2024-02-01 17:35:00,119.97,120.02,119.65,119.89,14067,2024-02-01
2024-02-01 17:40:00,119.911,119.95,119.77,119.9,9016,2024-02-01
2024-02-01 17:45:00,120.0343,120.32,120.03,120.2289,11398,2024-02-01
2024-02-01 17:50:00,120.2,120.39,120.155,120.365,11846,2024-02-01
2024-02-01 17:55:00,120.38,120.405,120.27,120.295,12478,2024-02-01
2024-02-01 18:00:00,120.26,120.545,120.155,120.525,16358,2024-02-01
2024-02-01 18:05:00,120.545,120.665,120.49,120.64,13290,2024-02-01
2024-02-01 18:10:00,120.63,120.869,120.63,120.85,13342,2024-02-01
2024-02-01 18:15:00,120.89,121.11,120.89,121.04,10055,2024-02-01
2024-02-01 18:20:00,121.07,121.24,120.96,121.175,19545,2024-02-01
2024-02-01 18:25:00,121.2,121.46,121.17,121.38,15166,2024-02-01
2024-02-01 18:30:00,121.36,121.54,121.2473,121.52,10062,2024-02-01
2024-02-01 18:35:00,121.55,121.575,121.44,121.5016,12108,2024-02-01
2024-02-01 18:40:00,121.525,121.59,121.4931,121.56,6629,2024-02-01
2024-02-01 18:45:00,121.545,121.545,121.41,121.4902,7527,2024-02-01
2024-02-01 18:50:00,121.47,121.7,121.43,121.67,11881,2024-02-01
2024-02-01 18:55:00,121.64,121.825,121.62,121.7,20692,2024-02-01
2024-02-01 19:00:00,121.71,121.74,121.5105,121.62,9549,2024-02-01
2024-02-01 19:05:00,121.64,121.75,121.64,121.724,9940,2024-02-01
2024-02-01 19:10:00,121.83,121.87,121.77,121.87,9199,2024-02-01
2024-02-01 19:15:00,121.86,121.905,121.8001,121.8001,9489,2024-02-01
2024-02-01 19:20:00,121.83,121.83,121.6995,121.75,15899,2024-02-01
2024-02-01 19:25:00,121.735,121.95,121.73,121.95,22214,2024-02-01
2024-02-01 19:30:00,121.965,122.13,121.94,122.11,12411,2024-02-01
2024-02-01 19:35:00,122.11,122.23,122.09,122.21,9030,2024-02-01
2024-02-01 19:40:00,122.22,122.24,122.135,122.135,21782,2024-02-01
2024-02-01 19:45:00,122.16,122.18,122.09,122.18,8143,2024-02-01
2024-02-01 19:50:00,122.19,122.22,122.13,122.22,8533,2024-02-01
2024-02-01 19:55:00,122.22,122.24,122.17,122.17,11158,2024-02-01
2024-02-01 20:00:00,122.2,122.29,122.2,122.275,18783,2024-02-01
2024-02-01 20:05:00,122.275,122.3199,122.16,122.16,19772,2024-02-01
2024-02-01 20:10:00,122.12,122.21,122.11,122.135,12482,2024-02-01
2024-02-01 20:15:00,122.15,122.205,122.065,122.14,14330,2024-02-01
2024-02-01 20:20:00,122.135,122.199,122.09,122.17,10113,2024-02-01
2024-02-01 20:25:00,122.17,122.255,122.16,122.25,10191,2024-02-01
2024-02-01 20:30:00,122.24,122.25,122.19,122.22,8597,2024-02-01
2024-02-01 20:35:00,122.25,122.28,122.152,122.27,11058,2024-02-01
2024-02-01 20:40:00,122.3003,122.515,122.3,122.515,9062,2024-02-01
2024-02-01 20:45:00,122.51,122.57,122.3938,122.48,8542,2024-02-01
2024-02-01 20:50:00,122.51,122.59,122.49,122.55,4396,2024-02-01
2024-02-01 20:55:00,122.54,122.54,122.39,122.48,8316,2024-02-01
2024-02-01 21:00:00,122.485,122.555,122.45,122.45,8993,2024-02-01
2024-02-01 21:05:00,122.46,122.51,122.43,122.45,6705,2024-02-01
2024-02-01 21:10:00,122.44,122.455,122.395,122.43,5676,2024-02-01
2024-02-01 21:15:00,122.42,122.44,122.33,122.33,24637,2024-02-01
2024-02-01 21:20:00,122.36,122.38,122.23,122.29,6932,2024-02-01
2024-02-01 21:25:00,122.295,122.3,122.25,122.281,7400,2024-02-01
2024-02-01 21:30:00,122.29,122.32,122.27,122.295,8525,2024-02-01
2024-02-01 21:35:00,122.271,122.307,122.1997,122.1997,9072,2024-02-01
2024-02-01 21:40:00,122.205,122.2899,122.195,122.25,8027,2024-02-01
2024-02-01 21:45:00,122.25,122.28,122.201,122.201,6657,2024-02-01
2024-02-01 21:50:00,122.22,122.2299,122.151,122.22,10311,2024-02-01
2024-02-01 21:55:00,122.19,122.3293,122.19,122.3292,10499,2024-02-01
2024-02-01 22:00:00,122.34,122.38,122.271,122.38,7978,2024-02-01
2024-02-01 22:05:00,122.37,122.4126,122.341,122.402,7853,2024-02-01
2024-02-01 22:10:00,122.4,122.59,122.4,122.57,21545,2024-02-01
2024-02-01 22:15:00,122.565,122.61,122.52,122.61,10788,2024-02-01
2024-02-01 22:20:00,122.615,122.679,122.61,122.65,13478,2024-02-01
2024-02-01 22:25:00,122.63,122.66,122.601,122.62,25419,2024-02-01
2024-02-01 22:30:00,122.66,122.7,122.61,122.651,22468,2024-02-01
2024-02-01 22:35:00,122.67,122.685,122.621,122.65,9688,2024-02-01
2024-02-01 22:40:00,122.6428,122.725,122.63,122.711,13019,2024-02-01
2024-02-01 22:45:00,122.7,122.715,122.63,122.655,12624,2024-02-01
2024-02-01 22:50:00,122.663,122.67,122.61,122.62,21502,2024-02-01
2024-02-01 22:55:00,122.615,122.665,122.6,122.64,21371,2024-02-01
2024-02-01 23:00:00,122.65,122.69,122.61,122.68,32083,2024-02-01
2024-02-01 23:05:00,122.69,122.7,122.625,122.64,22205,2024-02-01
2024-02-01 23:10:00,122.63,122.735,122.62,122.725,28886,2024-02-01
2024-02-01 23:15:00,122.75,122.8,122.72,122.76,17764,2024-02-01
2024-02-01 23:20:00,122.7551,122.845,122.691,122.84,19568,2024-02-01
2024-02-01 23:25:00,122.83,122.9,122.83,122.84,16346,2024-02-01
2024-02-01 23:30:00,122.86,122.93,122.79,122.79,31106,2024-02-01
2024-02-01 23:35:00,122.781,122.93,122.781,122.92,40248,2024-02-01
2024-02-01 23:40:00,122.92,123.14,122.92,123.12,50718,2024-02-01
2024-02-01 23:45:00,123.115,123.17,123.01,123.09,39312,2024-02-01
2024-02-01 23:50:00,123.08,123.29,123.05,123.22,98290,2024-02-01
2024-02-01 23:55:00,123.23,123.48,123.21,123.43,208711,2024-02-01
2024-02-02 00:00:00,123.43,123.43,123.43,123.43,2283,2024-02-01
2024-02-02 00:05:00,123.43,123.43,123.43,123.43,10655,2024-02-01
2024-02-02 00:10:00,123.49,123.49,123.49,123.49,297,2024-02-01
2024-02-02 00:20:00,123.43,123.43,123.43,123.43,620,2024-02-01
2024-02-02 01:15:00,123.35,123.35,123.35,123.35,100,2024-02-01
2024-02-02 16:35:00,123.43,123.43,123.32,123.43,908,2024-02-02
2024-02-02 16:45:00,123.45,123.45,123.45,123.45,142,2024-02-02
2024-02-02 17:00:00,123.43,123.43,123.43,123.43,294,2024-02-02
2024-02-02 17:15:00,123.43,123.43,123.43,123.43,100,2024-02-02
2024-02-02 17:20:00,123.43,123.43,123.43,123.43,1000,2024-02-02
2024-02-02 17:25:00,123.49,123.55,123.49,123.55,504,2024-02-02
2024-02-02 17:30:00,123.55,123.855,123.29,123.43,50145,2024-02-02
2024-02-02 17:35:00,123.39,123.79,123.23,123.4861,22478,2024-02-02
2024-02-02 17:40:00,123.45,123.46,123.05,123.35,22655,2024-02-02
2024-02-02 17:45:00,123.38,123.38,122.4275,122.735,57819,2024-02-02
2024-02-02 17:50:00,122.73,123.06,122.54,123.06,20854,2024-02-02
2024-02-02 17:55:00,123.055,123.055,122.57,122.6,16166,2024-02-02
2024-02-02 18:00:00,122.66,122.82,122.53,122.67,12440,2024-02-02
2024-02-02 18:05:00,122.67,122.7,122.42,122.55,11263,2024-02-02
2024-02-02 18:10:00,122.53,122.64,122.48,122.48,11236,2024-02-02
2024-02-02 18:15:00,122.48,122.51,122.34,122.4,14685,2024-02-02
2024-02-02 18:20:00,122.445,122.53,122.305,122.53,14759,2024-02-02
2024-02-02 18:25:00,122.55,122.655,122.53,122.585,19215,2024-02-02
2024-02-02 18:30:00,122.58,122.765,122.58,122.61,33521,2024-02-02
2024-02-02 18:35:00,122.63,122.71,122.45,122.46,15255,2024-02-02
2024-02-02 18:40:00,122.48,122.72,122.48,122.72,17155,2024-02-02
2024-02-02 18:45:00,122.75,122.77,122.46,122.49,18496,2024-02-02
2024-02-02 18:50:00,122.5,122.53,122.4,122.425,27264,2024-02-02
2024-02-02 18:55:00,122.42,122.46,122.29,122.45,23993,2024-02-02
2024-02-02 19:00:00,122.455,122.47,122.335,122.38,11051,2024-02-02
2024-02-02 19:05:00,122.43,122.43,122.27,122.3,10503,2024-02-02
2024-02-02 19:10:00,122.3,122.3,122.14,122.25,11574,2024-02-02
2024-02-02 19:15:00,122.25,122.31,122.215,122.22,18841,2024-02-02
2024-02-02 19:20:00,122.2,122.2,122.0699,122.0699,10269,2024-02-02
2024-02-02 19:25:00,122.06,122.26,122.06,122.195,21596,2024-02-02
2024-02-02 19:30:00,122.21,122.3225,122.2,122.32,18045,2024-02-02
2024-02-02 19:35:00,122.33,122.33,122.235,122.27,22296,2024-02-02
2024-02-02 19:40:00,122.31,122.32,122.23,122.26,29299,2024-02-02
2024-02-02 19:45:00,122.29,122.48,122.26,122.48,8312,2024-02-02
2024-02-02 19:50:00,122.5,122.525,122.28,122.28,12667,2024-02-02
2024-02-02 19:55:00,122.29,122.3,122.125,122.125,11315,2024-02-02
2024-02-02 20:00:00,122.16,122.19,122.035,122.035,11708,2024-02-02
2024-02-02 20:05:00,122.04,122.14,122.04,122.13,9884,2024-02-02
2024-02-02 20:10:00,122.12,122.285,122.1,122.205,8372,2024-02-02
2024-02-02 20:15:00,122.205,122.255,122.16,122.2048,8393,2024-02-02
2024-02-02 20:20:00,122.215,122.29,122.155,122.29,7894,2024-02-02
2024-02-02 20:25:00,122.32,122.3215,122.2,122.32,9518,2024-02-02
2024-02-02 20:30:00,122.28,122.28,122.185,122.2,8226,2024-02-02
2024-02-02 20:35:00,122.21,122.31,122.17,122.31,7145,2024-02-02
2024-02-02 20:40:00,122.32,122.36,122.08,122.09,15163,2024-02-02
2024-02-02 20:45:00,122.11,122.18,122.04,122.09,15133,2024-02-02
2024-02-02 20:50:00,122.04,122.14,122.03,122.14,9340,2024-02-02
2024-02-02 20:55:00,122.15,122.29,122.14,122.29,8519,2024-02-02
2024-02-02 21:00:00,122.31,122.415,122.31,122.37,8005,2024-02-02
2024-02-02 21:05:00,122.342,122.48,122.33,122.33,10740,2024-02-02
2024-02-02 21:10:00,122.3,122.33,122.24,122.32,18220,2024-02-02
2024-02-02 21:15:00,122.33,122.51,122.29,122.48,11116,2024-02-02
2024-02-02 21:20:00,122.485,122.53,122.43,122.43,16704,2024-02-02
2024-02-02 21:25:00,122.43,122.43,122.305,122.34,19716,2024-02-02
2024-02-02 21:30:00,122.36,122.45,122.35,122.4019,15097,2024-02-02
2024-02-02 21:35:00,122.42,122.48,122.33,122.34,11707,2024-02-02
2024-02-02 21:40:00,122.34,122.4108,122.33,122.41,12208,2024-02-02
2024-02-02 21:45:00,122.41,122.5089,122.36,122.5,9226,2024-02-02
2024-02-02 21:50:00,122.495,122.6,122.455,122.6,7427,2024-02-02
2024-02-02 21:55:00,122.59,122.59,122.4,122.4,17719,2024-02-02
2024-02-02 22:00:00,122.41,122.535,122.405,122.405,20379,2024-02-02
2024-02-02 22:05:00,122.405,122.445,122.33,122.43,22435,2024-02-02
2024-02-02 22:10:00,122.43,122.49,122.405,122.455,23384,2024-02-02
2024-02-02 22:15:00,122.455,122.475,122.35,122.35,36121,2024-02-02
2024-02-02 22:20:00,122.36,122.395,122.271,122.32,15372,2024-02-02
2024-02-02 22:25:00,122.315,122.4,122.255,122.4,23503,2024-02-02
2024-02-02 22:30:00,122.44,122.47,122.39,122.4602,31391,2024-02-02
2024-02-02 22:35:00,122.46,122.5519,122.41,122.52,16063,2024-02-02
2024-02-02 22:40:00,122.54,122.68,122.53,122.62,11930,2024-02-02
2024-02-02 22:45:00,122.61,122.665,122.59,122.62,15307,2024-02-02
2024-02-02 22:50:00,122.6265,122.67,122.58,122.67,11499,2024-02-02
2024-02-02 22:55:00,122.665,122.73,122.665,122.7,13998,2024-02-02
2024-02-02 23:00:00,122.7,122.78,122.684,122.78,12718,2024-02-02
2024-02-02 23:05:00,122.8,123.03,122.8,123.03,15178,2024-02-02
2024-02-02 23:10:00,123.01,123.15,123.01,123.11,22161,2024-02-02
2024-02-02 23:15:00,123.095,123.19,123.07,123.08,19623,2024-02-02
2024-02-02 23:20:00,123.1,123.195,123.1,123.18,18436,2024-02-02
2024-02-02 23:25:00,123.185,123.3,123.17,123.3,19779,2024-02-02
2024-02-02 23:30:00,123.295,123.295,123.145,123.16,22186,2024-02-02
2024-02-02 23:35:00,123.16,123.16,123.07,123.09,26839,2024-02-02
2024-02-02 23:40:00,123.08,123.09,122.92,123,22131,2024-02-02
2024-02-02 23:45:00,123.005,123.04,122.76,122.825,59492,2024-02-02
2024-02-02 23:50:00,122.82,122.85,122.58,122.645,66819,2024-02-02
2024-02-02 23:55:00,122.65,122.66,122.19,122.22,235780,2024-02-02
2024-02-03 00:00:00,122.26,122.26,122.26,122.26,4524,2024-02-02
2024-02-03 00:05:00,122.12,122.12,122.12,122.12,347277,2024-02-02
2024-02-03 00:15:00,122.08,122.08,122.08,122.08,201,2024-02-02
2024-02-05 17:30:00,122.1,122.4,121.59,121.8058,42708,2024-02-05
2024-02-05 17:35:00,121.7625,121.81,121.38,121.71,8722,2024-02-05
2024-02-05 17:40:00,121.72,122.25,121.72,122.14,58800,2024-02-05
2024-02-05 17:45:00,122.11,122.2755,122.02,122.22,10245,2024-02-05
2024-02-05 17:50:00,122.25,122.45,122.2,122.28,8605,2024-02-05
2024-02-05 17:55:00,122.2,122.2,122.01,122.07,9315,2024-02-05
2024-02-05 18:00:00,122.07,122.08,121.71,121.78,13732,2024-02-05
2024-02-05 18:05:00,121.76,121.98,121.58,121.62,19114,2024-02-05
2024-02-05 18:10:00,121.62,121.9399,121.59,121.795,13949,2024-02-05
2024-02-05 18:15:00,121.83,122.13,121.83,122.08,16979,2024-02-05
2024-02-05 18:20:00,122.06,122.085,121.91,121.91,18637,2024-02-05
2024-02-05 18:25:00,121.91,121.98,121.81,121.84,14099,2024-02-05
2024-02-05 18:30:00,121.83,121.895,121.74,121.88,15757,2024-02-05
2024-02-05 18:35:00,121.86,121.97,121.77,121.97,14716,2024-02-05
2024-02-05 18:40:00,121.97,122.025,121.79,121.8,20117,2024-02-05
2024-02-05 18:45:00,121.795,121.86,121.73,121.77,15629,2024-02-05
2024-02-05 18:50:00,121.76,121.85,121.58,121.58,12932,2024-02-05
2024-02-05 18:55:00,121.59,121.63,121.44,121.47,18257,2024-02-05
2024-02-05 19:00:00,121.46,121.495,121.4,121.48,19882,2024-02-05
2024-02-05 19:05:00,121.4,121.45,121.31,121.4,17178,2024-02-05
2024-02-05 19:10:00,121.4,121.4,121.27,121.27,21899,2024-02-05
2024-02-05 19:15:00,121.27,121.345,121.24,121.24,22846,2024-02-05
2024-02-05 19:20:00,121.25,121.31,121.19,121.25,21015,2024-02-05
2024-02-05 19:25:00,121.18,121.34,121.18,121.34,41725,2024-02-05
2024-02-05 19:30:00,121.35,121.39,121.02,121.0589,41180,2024-02-05
2024-02-05 19:35:00,121.05,121.05,120.88,121.01,22581,2024-02-05
2024-02-05 19:40:00,120.995,121.01,120.89,120.97,17516,2024-02-05
2024-02-05 19:45:00,120.97,121.1,120.96,120.97,14571,2024-02-05
2024-02-05 19:50:00,120.96,121.02,120.92,121,15051,2024-02-05
2024-02-05 19:55:00,120.99,121.055,120.94,121.01,13013,2024-02-05
2024-02-05 20:00:00,121.01,121.02,120.97,121.01,9077,2024-02-05
2024-02-05 20:05:00,121,121.17,121,121.17,7724,2024-02-05
2024-02-05 20:10:00,121.175,121.27,121.15,121.26,8056,2024-02-05
2024-02-05 20:15:00,121.265,121.38,121.265,121.38,9601,2024-02-05
2024-02-05 20:20:00,121.35,121.35,121.24,121.32,11228,2024-02-05
2024-02-05 20:25:00,121.31,121.34,121.2754,121.34,5240,2024-02-05
2024-02-05 20:30:00,121.35,121.4,121.34,121.4,6738,2024-02-05
2024-02-05 20:35:00,121.42,121.43,121.32,121.32,12329,2024-02-05
2024-02-05 20:40:00,121.32,121.32,121.2,121.2,8942,2024-02-05
2024-02-05 20:45:00,121.225,121.29,121.19,121.25,8508,2024-02-05
2024-02-05 20:50:00,121.26,121.26,121.1809,121.19,8368,2024-02-05
2024-02-05 20:55:00,121.2,121.2,121.11,121.13,9759,2024-02-05
2024-02-05 21:00:00,121.13,121.15,121.04,121.05,8763,2024-02-05
2024-02-05 21:05:00,120.99,121.07,120.98,121.07,7282,2024-02-05
2024-02-05 21:10:00,121.058,121.058,120.98,121.02,18180,2024-02-05
2024-02-05 21:15:00,121.025,121.09,121,121.09,14536,2024-02-05
2024-02-05 21:20:00,121.08,121.15,121.08,121.135,3848,2024-02-05
2024-02-05 21:25:00,121.1457,121.17,121.07,121.09,11937,2024-02-05
2024-02-05 21:30:00,121.08,121.11,121.05,121.11,11321,2024-02-05
2024-02-05 21:35:00,121.15,121.17,121.085,121.13,8738,2024-02-05
2024-02-05 21:40:00,121.13,121.13,121.025,121.06,6362,2024-02-05
2024-02-05 21:45:00,121.06,121.095,121.03,121.04,7763,2024-02-05
2024-02-05 21:50:00,121.04,121.13,121.04,121.13,7528,2024-02-05
2024-02-05 21:55:00,121.16,121.2,121.135,121.2,8921,2024-02-05
2024-02-05 22:00:00,121.19,121.2,121.145,121.1494,9696,2024-02-05
2024-02-05 22:05:00,121.16,121.23,121.11,121.156,11398,2024-02-05
2024-02-05 22:10:00,121.155,121.26,121.14,121.25,11123,2024-02-05
2024-02-05 22:15:00,121.24,121.2925,121.18,121.28,13686,2024-02-05
2024-02-05 22:20:00,121.28,121.34,121.26,121.28,7317,2024-02-05
2024-02-05 22:25:00,121.28,121.34,121.27,121.34,11256,2024-02-05
2024-02-05 22:30:00,121.35,121.38,121.31,121.31,10246,2024-02-05
2024-02-05 22:35:00,121.3,121.365,121.29,121.315,10824,2024-02-05
2024-02-05 22:40:00,121.33,121.38,121.29,121.31,11434,2024-02-05
2024-02-05 22:45:00,121.3,121.38,121.29,121.35,9585,2024-02-05
2024-02-05 22:50:00,121.3409,121.3898,121.3141,121.3673,10875,2024-02-05
2024-02-05 22:55:00,121.36,121.47,121.35,121.47,11217,2024-02-05
2024-02-05 23:00:00,121.45,121.57,121.45,121.57,17956,2024-02-05
2024-02-05 23:05:00,121.6,121.61,121.46,121.53,12772,2024-02-05
2024-02-05 23:10:00,121.51,121.585,121.5,121.56,19979,2024-02-05
2024-02-05 23:15:00,121.55,121.6,121.5103,121.5103,15986,2024-02-05
2024-02-05 23:20:00,121.52,121.615,121.485,121.615,23285,2024-02-05
2024-02-05 23:25:00,121.6,121.64,121.57,121.585,19550,2024-02-05
2024-02-05 23:30:00,121.58,121.715,121.56,121.68,27337,2024-02-05
2024-02-05 23:35:00,121.69,121.715,121.64,121.665,18086,2024-02-05
2024-02-05 23:40:00,121.67,121.675,121.52,121.58,37546,2024-02-05
2024-02-05 23:45:00,121.6,121.62,121.52,121.52,49820,2024-02-05
2024-02-05 23:50:00,121.53,121.555,121.18,121.24,79863,2024-02-05
2024-02-05 23:55:00,121.25,121.33,120.99,121.01,217027,2024-02-05
2024-02-06 00:00:00,120.98,120.98,120.98,120.98,3629,2024-02-05
2024-02-06 17:30:00,120.93,121.115,120.76,120.85,29600,2024-02-06
2024-02-06 17:35:00,120.83,121.3,120.7369,121.23,13816,2024-02-06
2024-02-06 17:40:00,121.29,121.41,121.11,121.245,22617,2024-02-06
2024-02-06 17:45:00,121.07,121.39,121.07,121.29,10457,2024-02-06
2024-02-06 17:50:00,121.265,121.3799,121.14,121.185,8978,2024-02-06
2024-02-06 17:55:00,121.2,121.22,120.98,121,13924,2024-02-06
2024-02-06 18:00:00,121.035,121.11,120.96,121.01,14058,2024-02-06
2024-02-06 18:05:00,121.03,121.03,120.77,120.84,20331,2024-02-06
2024-02-06 18:10:00,120.805,120.89,120.78,120.78,15577,2024-02-06
2024-02-06 18:15:00,120.78,120.82,120.61,120.61,10058,2024-02-06
2024-02-06 18:20:00,120.625,120.75,120.59,120.75,15337,2024-02-06
2024-02-06 18:25:00,120.75,120.87,120.75,120.78,19220,2024-02-06
2024-02-06 18:30:00,120.79,120.88,120.76,120.8,14322,2024-02-06
2024-02-06 18:35:00,120.785,121.01,120.78,120.995,14712,2024-02-06
2024-02-06 18:40:00,120.995,121.08,120.93,121.06,16255,2024-02-06
2024-02-06 18:45:00,121.0409,121.17,121.015,121.12,13374,2024-02-06
2024-02-06 18:50:00,121.08,121.18,121.08,121.17,12789,2024-02-06
2024-02-06 18:55:00,121.19,121.37,121.19,121.35,14935,2024-02-06
2024-02-06 19:00:00,121.365,121.365,121.175,121.23,12988,2024-02-06
2024-02-06 19:05:00,121.25,121.41,121.25,121.41,11722,2024-02-06
2024-02-06 19:10:00,121.415,121.48,121.415,121.42,7880,2024-02-06
2024-02-06 19:15:00,121.44,121.59,121.43,121.485,13763,2024-02-06
2024-02-06 19:20:00,121.46,121.46,121.3822,121.42,11495,2024-02-06
2024-02-06 19:25:00,121.42,121.49,121.4,121.46,11375,2024-02-06
2024-02-06 19:30:00,121.44,121.45,121.285,121.305,8074,2024-02-06
2024-02-06 19:35:00,121.28,121.28,121.23,121.23,10951,2024-02-06
2024-02-06 19:40:00,121.193,121.3,121.193,121.2675,15097,2024-02-06
2024-02-06 19:45:00,121.27,121.46,121.215,121.44,10620,2024-02-06
2024-02-06 19:50:00,121.43,121.577,121.42,121.4999,11684,2024-02-06
2024-02-06 19:55:00,121.48,121.48,121.41,121.46,9033,2024-02-06
2024-02-06 20:00:00,121.5,121.61,121.5,121.55,9571,2024-02-06
2024-02-06 20:05:00,121.54,121.58,121.52,121.54,7568,2024-02-06
2024-02-06 20:10:00,121.53,121.66,121.47,121.66,8637,2024-02-06
2024-02-06 20:15:00,121.67,121.68,121.61,121.645,9400,2024-02-06
2024-02-06 20:20:00,121.64,121.75,121.63,121.695,8860,2024-02-06
2024-02-06 20:25:00,121.69,121.78,121.69,121.758,8547,2024-02-06
2024-02-06 20:30:00,121.74,121.74,121.65,121.65,8989,2024-02-06
2024-02-06 20:35:00,121.665,121.665,121.51,121.56,16372,2024-02-06
2024-02-06 20:40:00,121.56,121.6,121.5,121.505,7932,2024-02-06
2024-02-06 20:45:00,121.49,121.58,121.41,121.525,11286,2024-02-06
2024-02-06 20:50:00,121.54,121.58,121.48,121.5,6761,2024-02-06
2024-02-06 20:55:00,121.49,121.52,121.4735,121.52,7370,2024-02-06
2024-02-06 21:00:00,121.52,121.58,121.51,121.565,9935,2024-02-06
2024-02-06 21:05:00,121.55,121.59,121.48,121.58,8910,2024-02-06
2024-02-06 21:10:00,121.62,121.64,121.54,121.56,7192,2024-02-06
2024-02-06 21:15:00,121.555,121.62,121.52,121.59,6230,2024-02-06
2024-02-06 21:20:00,121.57,121.57,121.505,121.52,6258,2024-02-06
2024-02-06 21:25:00,121.53,121.57,121.52,121.54,7031,2024-02-06
2024-02-06 21:30:00,121.54,121.65,121.54,121.65,13133,2024-02-06
2024-02-06 21:35:00,121.67,121.69,121.63,121.65,11420,2024-02-06
2024-02-06 21:40:00,121.67,121.67,121.59,121.6079,9545,2024-02-06
2024-02-06 21:45:00,121.63,121.63,121.57,121.595,9458,2024-02-06
2024-02-06 21:50:00,121.59,121.59,121.52,121.53,7840,2024-02-06
2024-02-06 21:55:00,121.48,121.53,121.47,121.53,8555,2024-02-06
2024-02-06 22:00:00,121.53,121.54,121.42,121.425,11366,2024-02-06
2024-02-06 22:05:00,121.39,121.395,121.27,121.27,8828,2024-02-06
2024-02-06 22:10:00,121.265,121.39,121.26,121.35,8300,2024-02-06
2024-02-06 22:15:00,121.31,121.41,121.275,121.38,10466,2024-02-06
2024-02-06 22:20:00,121.38,121.38,121.33,121.345,9004,2024-02-06
2024-02-06 22:25:00,121.34,121.34,121.2,121.2,7047,2024-02-06
2024-02-06 22:30:00,121.19,121.19,121.1,121.1501,17913,2024-02-06
2024-02-06 22:35:00,121.16,121.175,120.98,121.03,32487,2024-02-06
2024-02-06 22:40:00,121.0102,121.02,120.93,121.01,16731,2024-02-06
2024-02-06 22:45:00,121.03,121.07,121.02,121.02,12238,2024-02-06
2024-02-06 22:50:00,121.05,121.08,121.03,121.075,9185,2024-02-06
2024-02-06 22:55:00,121.085,121.14,121.06,121.08,12140,2024-02-06
2024-02-06 23:00:00,121.09,121.15,121.05,121.07,13682,2024-02-06
2024-02-06 23:05:00,121.05,121.13,121.02,121.12,19431,2024-02-06
2024-02-06 23:10:00,121.125,121.1435,121.02,121.02,12170,2024-02-06
2024-02-06 23:15:00,121.01,121.08,120.98,121.071,18354,2024-02-06
2024-02-06 23:20:00,121.08,121.14,121.05,121.11,15808,2024-02-06
2024-02-06 23:25:00,121.11,121.17,121.11,121.15,16710,2024-02-06
2024-02-06 23:30:00,121.175,121.245,121.14,121.24,19582,2024-02-06
2024-02-06 23:35:00,121.23,121.36,121.22,121.27,16817,2024-02-06
2024-02-06 23:40:00,121.28,121.31,121.25,121.269,26675,2024-02-06
2024-02-06 23:45:00,121.27,121.28,121.08,121.09,30736,2024-02-06
2024-02-06 23:50:00,121.12,121.18,121.07,121.125,54611,2024-02-06
2024-02-06 23:55:00,121.14,121.4,121.14,121.37,134712,2024-02-06
2024-02-07 00:00:00,121.33,121.33,121.33,121.33,32708,2024-02-06
2024-02-07 00:05:00,121.33,121.33,121.33,121.33,194199,2024-02-06
2024-02-07 17:25:00,122,122,122,122,177,2024-02-07
2024-02-07 17:30:00,122.02,122.02,121.43,121.505,27638,2024-02-07
2024-02-07 17:35:00,121.37,121.55,121.25,121.47,31031,2024-02-07
2024-02-07 17:40:00,121.41,121.475,120.83,120.995,17038,2024-02-07
2024-02-07 17:45:00,121.005,121.305,120.98,121.125,23591,2024-02-07
2024-02-07 17:50:00,121.15,121.22,121.06,121.1558,15806,2024-02-07
2024-02-07 17:55:00,121.17,121.31,120.93,121.015,13587,2024-02-07
2024-02-07 18:00:00,120.98,121.0712,120.89,120.935,13443,2024-02-07
2024-02-07 18:05:00,120.92,121.04,120.835,121,11114,2024-02-07
2024-02-07 18:10:00,120.99,121.005,120.7,120.82,19920,2024-02-07
2024-02-07 18:15:00,120.87,121.08,120.845,121.04,13382,2024-02-07
2024-02-07 18:20:00,121.1,121.16,120.98,121.01,13833,2024-02-07
2024-02-07 18:25:00,120.985,121.075,120.925,120.925,12997,2024-02-07
2024-02-07 18:30:00,120.94,120.94,120.81,120.83,14181,2024-02-07
2024-02-07 18:35:00,120.8149,120.945,120.75,120.78,16602,2024-02-07
2024-02-07 18:40:00,120.81,120.92,120.78,120.785,18030,2024-02-07
2024-02-07 18:45:00,120.73,120.8,120.7,120.725,13603,2024-02-07
2024-02-07 18:50:00,120.75,120.97,120.74,120.97,10013,2024-02-07
2024-02-07 18:55:00,120.94,121.15,120.93,121.15,14447,2024-02-07
2024-02-07 19:00:00,121.175,121.21,121.12,121.13,13088,2024-02-07
2024-02-07 19:05:00,121.15,121.24,121.11,121.16,13237,2024-02-07
2024-02-07 19:10:00,121.2,121.24,121.0324,121.235,24938,2024-02-07
2024-02-07 19:15:00,121.25,121.28,121.21,121.22,14585,2024-02-07
2024-02-07 19:20:00,121.21,121.32,121.17,121.195,19531,2024-02-07
2024-02-07 19:25:00,121.2,121.31,121.19,121.195,15923,2024-02-07
2024-02-07 19:30:00,121.21,121.25,121.17,121.18,28441,2024-02-07
2024-02-07 19:35:00,121.17,121.215,121.08,121.11,14205,2024-02-07
2024-02-07 19:40:00,121.11,121.1562,121.08,121.12,15373,2024-02-07
2024-02-07 19:45:00,121.13,121.19,120.98,121.17,15980,2024-02-07
2024-02-07 19:50:00,121.14,121.17,121.12,121.17,9981,2024-02-07
2024-02-07 19:55:00,121.14,121.225,121.11,121.125,17241,2024-02-07
2024-02-07 20:00:00,121.14,121.19,121.1045,121.15,11912,2024-02-07
2024-02-07 20:05:00,121.17,121.23,121.15,121.17,11847,2024-02-07
2024-02-07 20:10:00,121.175,121.25,121.175,121.25,7416,2024-02-07
2024-02-07 20:15:00,121.25,121.28,121.22,121.2682,11057,2024-02-07
2024-02-07 20:20:00,121.28,121.32,121.25,121.3,11894,2024-02-07
2024-02-07 20:25:00,121.33,121.395,121.29,121.36,10128,2024-02-07
2024-02-07 20:30:00,121.365,121.46,121.35,121.42,27699,2024-02-07
2024-02-07 20:35:00,121.415,121.417,121.35,121.385,12262,2024-02-07
2024-02-07 20:40:00,121.385,121.41,121.34,121.365,16035,2024-02-07
2024-02-07 20:45:00,121.4,121.415,121.35,121.415,11161,2024-02-07
2024-02-07 20:50:00,121.4,121.42,121.32,121.405,16779,2024-02-07
2024-02-07 20:55:00,121.415,121.42,121.33,121.34,11280,2024-02-07
2024-02-07 21:00:00,121.325,121.45,121.315,121.325,10181,2024-02-07
2024-02-07 21:05:00,121.31,121.31,121.13,121.16,13049,2024-02-07
2024-02-07 21:10:00,121.185,121.25,121.185,121.225,8463,2024-02-07
2024-02-07 21:15:00,121.22,121.26,121.12,121.13,12057,2024-02-07
2024-02-07 21:20:00,121.13,121.16,121.12,121.14,9192,2024-02-07
2024-02-07 21:25:00,121.1425,121.185,121.14,121.1501,6770,2024-02-07
2024-02-07 21:30:00,121.15,121.19,121.11,121.12,8608,2024-02-07
2024-02-07 21:35:00,121.115,121.115,120.94,121,12440,2024-02-07
2024-02-07 21:40:00,120.9948,121.05,120.93,121,14248,2024-02-07
2024-02-07 21:45:00,120.995,121.02,120.94,120.9725,10713,2024-02-07
2024-02-07 21:50:00,120.985,121.03,120.96,121,11903,2024-02-07
2024-02-07 21:55:00,121.02,121.0203,120.99,121,11062,2024-02-07
2024-02-07 22:00:00,120.99,121.03,120.98,121.02,8562,2024-02-07
2024-02-07 22:05:00,121.01,121.0588,120.98,121.045,15274,2024-02-07
2024-02-07 22:10:00,121.035,121.1,120.98,120.981,14114,2024-02-07
2024-02-07 22:15:00,120.9925,120.9925,120.87,120.87,19175,2024-02-07
2024-02-07 22:20:00,120.86,120.88,120.755,120.765,9346,2024-02-07
2024-02-07 22:25:00,120.775,120.8,120.73,120.76,11175,2024-02-07
2024-02-07 22:30:00,120.75,120.895,120.75,120.82,11455,2024-02-07
2024-02-07 22:35:00,120.825,120.93,120.82,120.89,9578,2024-02-07
2024-02-07 22:40:00,120.89,120.96,120.8805,120.95,6969,2024-02-07
2024-02-07 22:45:00,120.93,120.985,120.904,120.95,10934,2024-02-07
2024-02-07 22:50:00,120.96,120.97,120.9,120.92,7980,2024-02-07
2024-02-07 22:55:00,120.93,121,120.93,120.98,9437,2024-02-07
2024-02-07 23:00:00,120.98,121,120.91,120.93,10501,2024-02-07
2024-02-07 23:05:00,120.95,121.07,120.92,121.07,17080,2024-02-07
2024-02-07 23:10:00,121.09,121.095,120.98,121,15165,2024-02-07
2024-02-07 23:15:00,121.02,121.02,120.945,120.98,21904,2024-02-07
2024-02-07 23:20:00,120.99,120.99,120.83,120.855,14732,2024-02-07
2024-02-07 23:25:00,120.855,120.855,120.71,120.71,13621,2024-02-07
2024-02-07 23:30:00,120.715,120.8,120.7,120.72,22613,2024-02-07
2024-02-07 23:35:00,120.72,120.77,120.72,120.74,30966,2024-02-07
2024-02-07 23:40:00,120.76,120.88,120.72,120.74,20642,2024-02-07
2024-02-07 23:45:00,120.75,120.76,120.64,120.74,28921,2024-02-07
2024-02-07 23:50:00,120.76,120.87,120.7,120.76,52915,2024-02-07
2024-02-07 23:55:00,120.77,121.11,120.75,121.1,169223,2024-02-07
2024-02-08 00:00:00,121.07,121.07,121.07,121.07,43887,2024-02-07
2024-02-08 00:05:00,121.07,121.07,121.07,121.07,733,2024-02-07
2024-02-08 00:30:00,121.07,121.07,121.07,121.07,224,2024-02-07
2024-02-08 17:30:00,120.89,120.9586,120.65,120.68,26295,2024-02-08
2024-02-08 17:35:00,120.68,120.68,120.125,120.125,19144,2024-02-08
2024-02-08 17:40:00,120.1,120.38,120.04,120.27,19097,2024-02-08
2024-02-08 17:45:00,120.23,120.34,120.13,120.2,12979,2024-02-08
2024-02-08 17:50:00,120.245,120.34,120.13,120.13,10217,2024-02-08
2024-02-08 17:55:00,120.15,120.2,119.95,120.0173,24820,2024-02-08
2024-02-08 18:00:00,120.02,120.56,120,120.48,20981,2024-02-08
2024-02-08 18:05:00,120.47,120.58,120.4,120.5782,8283,2024-02-08
2024-02-08 18:10:00,120.53,120.637,120.47,120.637,12895,2024-02-08
2024-02-08 18:15:00,120.63,120.765,120.52,120.73,13929,2024-02-08
2024-02-08 18:20:00,120.7,120.76,120.67,120.76,14877,2024-02-08
2024-02-08 18:25:00,120.87,120.99,120.85,120.93,16891,2024-02-08
2024-02-08 18:30:00,120.93,121,120.8282,120.86,16810,2024-02-08
2024-02-08 18:35:00,120.85,120.94,120.83,120.925,21136,2024-02-08
2024-02-08 18:40:00,120.9,120.91,120.64,120.66,10792,2024-02-08
2024-02-08 18:45:00,120.655,120.69,120.56,120.56,16441,2024-02-08
2024-02-08 18:50:00,120.59,120.62,120.48,120.57,21534,2024-02-08
2024-02-08 18:55:00,120.5572,120.69,120.53,120.62,35116,2024-02-08
2024-02-08 19:00:00,120.62,120.62,120.3,120.32,10900,2024-02-08
2024-02-08 19:05:00,120.31,120.33,120.18,120.26,12936,2024-02-08
2024-02-08 19:10:00,120.25,120.25,120.05,120.05,27235,2024-02-08
2024-02-08 19:15:00,120.04,120.08,120,120.03,19841,2024-02-08
2024-02-08 19:20:00,120,120,119.84,119.96,12196,2024-02-08
2024-02-08 19:25:00,119.945,119.9687,119.85,119.88,16195,2024-02-08
2024-02-08 19:30:00,119.925,120.0261,119.835,120.005,43779,2024-02-08
2024-02-08 19:35:00,120.01,120.015,119.815,119.94,14190,2024-02-08
2024-02-08 19:40:00,119.955,119.995,119.91,119.93,12502,2024-02-08
2024-02-08 19:45:00,119.94,119.96,119.85,119.87,13617,2024-02-08
2024-02-08 19:50:00,119.88,119.93,119.79,119.845,30680,2024-02-08
2024-02-08 19:55:00,119.86,119.86,119.745,119.765,15452,2024-02-08
2024-02-08 20:00:00,119.78,119.895,119.7,119.895,25804,2024-02-08
2024-02-08 20:05:00,119.895,119.97,119.874,119.97,22985,2024-02-08
2024-02-08 20:10:00,119.995,120,119.88,119.92,11396,2024-02-08
2024-02-08 20:15:00,119.935,120.06,119.92,120.06,15194,2024-02-08
2024-02-08 20:20:00,120.05,120.085,120.025,120.085,21105,2024-02-08
2024-02-08 20:25:00,120.125,120.15,120.05,120.13,24034,2024-02-08
2024-02-08 20:30:00,120.115,120.27,120.109,120.265,13795,2024-02-08
2024-02-08 20:35:00,120.28,120.365,120.25,120.325,18130,2024-02-08
2024-02-08 20:40:00,120.33,120.39,120.3,120.3249,14721,2024-02-08
2024-02-08 20:45:00,120.31,120.35,120.245,120.29,20186,2024-02-08
2024-02-08 20:50:00,120.3,120.33,120.25,120.305,13645,2024-02-08
2024-02-08 20:55:00,120.28,120.4,120.27,120.375,9706,2024-02-08
2024-02-08 21:00:00,120.385,120.5,120.36,120.45,26067,2024-02-08
2024-02-08 21:05:00,120.445,120.445,120.3,120.31,13011,2024-02-08
2024-02-08 21:10:00,120.3255,120.33,120.26,120.28,9447,2024-02-08
2024-02-08 21:15:00,120.26,120.31,120.23,120.24,11436,2024-02-08
2024-02-08 21:20:00,120.25,120.26,120.122,120.122,14301,2024-02-08
2024-02-08 21:25:00,120.08,120.14,120.05,120.095,13244,2024-02-08
2024-02-08 21:30:00,120.1,120.21,120.1,120.13,12254,2024-02-08
2024-02-08 21:35:00,120.11,120.14,119.91,119.91,19376,2024-02-08
2024-02-08 21:40:00,119.9,119.91,119.8,119.82,19238,2024-02-08
2024-02-08 21:45:00,119.81,119.92,119.8,119.92,17159,2024-02-08
2024-02-08 21:50:00,119.92,120.12,119.9,120.08,12125,2024-02-08
2024-02-08 21:55:00,120.08,120.1,119.99,119.99,9345,2024-02-08
2024-02-08 22:00:00,120.02,120.14,120.02,120.08,24348,2024-02-08
2024-02-08 22:05:00,120.105,120.21,120.06,120.17,12003,2024-02-08
2024-02-08 22:10:00,120.155,120.21,120.11,120.125,18889,2024-02-08
2024-02-08 22:15:00,120.1,120.13,119.94,119.96,23714,2024-02-08
2024-02-08 22:20:00,119.97,120,119.885,119.961,22868,2024-02-08
2024-02-08 22:25:00,119.98,119.98,119.75,119.82,36640,2024-02-08
2024-02-08 22:30:00,119.795,120.03,119.795,120.0295,38009,2024-02-08
2024-02-08 22:35:00,119.98,120.16,119.98,120.075,23628,2024-02-08
2024-02-08 22:40:00,120.09,120.18,120.07,120.11,15415,2024-02-08
2024-02-08 22:45:00,120.08,120.17,120.08,120.1,13556,2024-02-08
2024-02-08 22:50:00,120.08,120.215,120.07,120.19,12537,2024-02-08
2024-02-08 22:55:00,120.17,120.24,120.16,120.175,13636,2024-02-08
2024-02-08 23:00:00,120.175,120.21,120.04,120.07,24094,2024-02-08
2024-02-08 23:05:00,120.04,120.09,119.99,120.04,15677,2024-02-08
2024-02-08 23:10:00,120.04,120.08,119.97,120.05,23110,2024-02-08
2024-02-08 23:15:00,120.045,120.09,120,120.09,31003,2024-02-08
2024-02-08 23:20:00,120.1,120.16,120.09,120.14,21725,2024-02-08
2024-02-08 23:25:00,120.12,120.125,119.99,119.99,30230,2024-02-08
2024-02-08 23:30:00,119.99,120.06,119.9746,120,22325,2024-02-08
2024-02-08 23:35:00,120,120.02,119.91,119.98,22604,2024-02-08
2024-02-08 23:40:00,120,120.05,119.97,119.99,24292,2024-02-08
2024-02-08 23:45:00,119.985,120.01,119.94,120.01,51011,2024-02-08
2024-02-08 23:50:00,120.02,120.11,119.96,119.99,59307,2024-02-08
2024-02-08 23:55:00,120.02,120.29,120.02,120.27,144192,2024-02-08
2024-02-09 00:00:00,120.27,120.27,120.27,120.27,4807,2024-02-08
2024-02-09 00:20:00,120.27,120.27,120.27,120.27,1081,2024-02-08
2024-02-09 01:35:00,120.27,120.27,120.27,120.27,999,2024-02-08
2024-02-09 17:30:00,120.08,120.33,119.81,120.235,33350,2024-02-09
2024-02-09 17:35:00,120.305,120.35,120.05,120.31,13758,2024-02-09
2024-02-09 17:40:00,120.37,120.47,120.15,120.165,14448,2024-02-09
2024-02-09 17:45:00,120.19,120.23,120.12,120.14,14064,2024-02-09
2024-02-09 17:50:00,120.19,120.23,119.99,120.01,13943,2024-02-09
2024-02-09 17:55:00,120.03,120.11,119.88,119.895,10109,2024-02-09
2024-02-09 18:00:00,119.94,120.15,119.93,120.15,8322,2024-02-09
2024-02-09 18:05:00,120.15,120.15,120,120.0001,10578,2024-02-09
2024-02-09 18:10:00,119.99,120.12,119.94,120.09,14437,2024-02-09
2024-02-09 18:15:00,120.135,120.135,119.82,119.82,22818,2024-02-09
2024-02-09 18:20:00,119.81,119.81,119.67,119.76,10864,2024-02-09
2024-02-09 18:25:00,119.765,119.81,119.64,119.64,12637,2024-02-09
2024-02-09 18:30:00,119.62,119.77,119.62,119.7,8485,2024-02-09
2024-02-09 18:35:00,119.7123,119.89,119.67,119.84,19169,2024-02-09
2024-02-09 18:40:00,119.86,119.91,119.8,119.9,11763,2024-02-09
2024-02-09 18:45:00,119.88,119.9,119.79,119.85,11435,2024-02-09
2024-02-09 18:50:00,119.86,119.88,119.77,119.82,11896,2024-02-09
2024-02-09 18:55:00,119.81,119.92,119.8,119.9,20296,2024-02-09
2024-02-09 19:00:00,119.88,119.905,119.81,119.855,13110,2024-02-09
2024-02-09 19:05:00,119.85,119.91,119.84,119.89,10329,2024-02-09
2024-02-09 19:10:00,119.88,119.97,119.88,119.92,7305,2024-02-09
2024-02-09 19:15:00,119.93,119.935,119.84,119.85,9404,2024-02-09
2024-02-09 19:20:00,119.82,119.9,119.81,119.8956,8106,2024-02-09
2024-02-09 19:25:00,119.87,120.015,119.85,119.98,26207,2024-02-09
2024-02-09 19:30:00,120.04,120.08,119.99,119.99,10336,2024-02-09
2024-02-09 19:35:00,119.99,120.0084,119.93,119.9799,9682,2024-02-09
2024-02-09 19:40:00,119.95,119.9984,119.9,119.9,12537,2024-02-09
2024-02-09 19:45:00,119.9,119.935,119.885,119.905,9717,2024-02-09
2024-02-09 19:50:00,119.9,119.93,119.85,119.9,15299,2024-02-09
2024-02-09 19:55:00,119.91,120,119.8,119.8,19657,2024-02-09
2024-02-09 20:00:00,119.81,119.82,119.57,119.58,20789,2024-02-09
2024-02-09 20:05:00,119.58,119.595,119.51,119.55,7491,2024-02-09
2024-02-09 20:10:00,119.53,119.6199,119.525,119.595,8055,2024-02-09
2024-02-09 20:15:00,119.57,119.58,119.38,119.3885,10417,2024-02-09
2024-02-09 20:20:00,119.38,119.45,119.32,119.45,12119,2024-02-09
2024-02-09 20:25:00,119.46,119.49,119.45,119.46,8654,2024-02-09
2024-02-09 20:30:00,119.46,119.475,119.365,119.38,17574,2024-02-09
2024-02-09 20:35:00,119.385,119.385,119.28,119.3,10526,2024-02-09
2024-02-09 20:40:00,119.279,119.33,119.25,119.31,9775,2024-02-09
2024-02-09 20:45:00,119.31,119.315,119.13,119.155,13160,2024-02-09
2024-02-09 20:50:00,119.15,119.27,119.11,119.2,11895,2024-02-09
2024-02-09 20:55:00,119.2,119.315,119.17,119.315,12085,2024-02-09
2024-02-09 21:00:00,119.34,119.39,119.28,119.31,14247,2024-02-09
2024-02-09 21:05:00,119.33,119.42,119.32,119.42,12687,2024-02-09
2024-02-09 21:10:00,119.43,119.5299,119.37,119.37,23346,2024-02-09
2024-02-09 21:15:00,119.3871,119.3871,119.29,119.33,10992,2024-02-09
2024-02-09 21:20:00,119.34,119.4,119.335,119.335,9859,2024-02-09
2024-02-09 21:25:00,119.335,119.335,119.26,119.27,10468,2024-02-09
2024-02-09 21:30:00,119.256,119.33,119.25,119.32,12095,2024-02-09
2024-02-09 21:35:00,119.32,119.32,119.22,119.254,14213,2024-02-09
2024-02-09 21:40:00,119.27,119.2899,119.215,119.25,12365,2024-02-09
2024-02-09 21:45:00,119.26,119.3,119.22,119.22,9626,2024-02-09
2024-02-09 21:50:00,119.21,119.2589,119.16,119.18,15401,2024-02-09
2024-02-09 21:55:00,119.19,119.255,119.19,119.23,8192,2024-02-09
2024-02-09 22:00:00,119.2699,119.325,119.2462,119.325,10624,2024-02-09
2024-02-09 22:05:00,119.32,119.34,119.26,119.26,9507,2024-02-09
2024-02-09 22:10:00,119.245,119.3164,119.23,119.3,6276,2024-02-09
2024-02-09 22:15:00,119.3,119.36,119.29,119.33,10395,2024-02-09
2024-02-09 22:20:00,119.32,119.355,119.31,119.31,8562,2024-02-09
2024-02-09 22:25:00,119.31,119.3482,119.25,119.26,16186,2024-02-09
2024-02-09 22:30:00,119.2503,119.37,119.2503,119.3699,13386,2024-02-09
2024-02-09 22:35:00,119.4,119.4,119.35,119.37,9439,2024-02-09
2024-02-09 22:40:00,119.385,119.51,119.385,119.5,17706,2024-02-09
2024-02-09 22:45:00,119.49,119.49,119.34,119.37,14284,2024-02-09
2024-02-09 22:50:00,119.36,119.44,119.3499,119.4,15483,2024-02-09
2024-02-09 22:55:00,119.39,119.39,119.33,119.35,14203,2024-02-09
2024-02-09 23:00:00,119.365,119.4,119.295,119.295,25212,2024-02-09
2024-02-09 23:05:00,119.31,119.3285,119.22,119.3285,14730,2024-02-09
2024-02-09 23:10:00,119.32,119.38,119.295,119.33,17348,2024-02-09
2024-02-09 23:15:00,119.33,119.3989,119.32,119.37,21337,2024-02-09
2024-02-09 23:20:00,119.38,119.41,119.33,119.34,15178,2024-02-09
2024-02-09 23:25:00,119.345,119.41,119.31,119.3667,23131,2024-02-09
2024-02-09 23:30:00,119.36,119.38,119.28,119.29,22270,2024-02-09
2024-02-09 23:35:00,119.28,119.31,119.24,119.3,23657,2024-02-09
2024-02-09 23:40:00,119.295,119.33,119.23,119.31,23929,2024-02-09
2024-02-09 23:45:00,119.32,119.375,119.27,119.27,34561,2024-02-09
2024-02-09 23:50:00,119.28,119.52,119.27,119.51,48285,2024-02-09
2024-02-09 23:55:00,119.5,119.83,119.49,119.81,160512,2024-02-09
2024-02-10 00:00:00,119.81,119.81,119.81,119.81,18290,2024-02-09
2024-02-10 00:05:00,119.81,119.81,119.79,119.79,1563,2024-02-09
2024-02-10 00:10:00,119.75,119.75,119.75,119.75,100,2024-02-09
2024-02-10 01:25:00,119.79,119.79,119.79,119.79,100,2024-02-09
2024-02-10 02:40:00,119.79,119.79,119.79,119.79,200,2024-02-09
2024-02-10 03:45:00,119.79,119.79,119.79,119.79,500,2024-02-09
2024-02-12 17:10:00,119.5601,119.5601,119.5601,119.5601,209,2024-02-12
2024-02-12 17:30:00,119.5,119.84,119.41,119.498,39275,2024-02-12
2024-02-12 17:35:00,119.55,119.58,119.35,119.41,8417,2024-02-12
2024-02-12 17:40:00,119.445,119.595,119.4,119.485,10974,2024-02-12
2024-02-12 17:45:00,119.49,119.7899,119.46,119.755,18656,2024-02-12
2024-02-12 17:50:00,119.755,119.765,119.389,119.56,13163,2024-02-12
2024-02-12 17:55:00,119.52,119.605,119.41,119.41,8139,2024-02-12
2024-02-12 18:00:00,119.4,119.5,119.35,119.435,14157,2024-02-12
2024-02-12 18:05:00,119.435,119.71,119.3901,119.625,13749,2024-02-12
2024-02-12 18:10:00,119.59,119.62,119.4669,119.525,8759,2024-02-12
2024-02-12 18:15:00,119.54,119.585,119.4,119.51,15011,2024-02-12
2024-02-12 18:20:00,119.5,119.5,119.19,119.21,13953,2024-02-12
2024-02-12 18:25:00,119.2,119.2,119.07,119.08,10362,2024-02-12
2024-02-12 18:30:00,119.1205,119.1391,118.96,118.9943,20303,2024-02-12
2024-02-12 18:35:00,118.98,118.99,118.86,118.86,15195,2024-02-12
2024-02-12 18:40:00,118.89,119.055,118.82,119.04,13038,2024-02-12
2024-02-12 18:45:00,119.05,119.15,119.04,119.0454,16043,2024-02-12
2024-02-12 18:50:00,119.06,119.12,119,119.03,23684,2024-02-12
2024-02-12 18:55:00,119.04,119.04,118.97,118.98,14421,2024-02-12
2024-02-12 19:00:00,118.97,119.09,118.91,119.07,16100,2024-02-12
2024-02-12 19:05:00,119.08,119.085,118.9879,119,13562,2024-02-12
2024-02-12 19:10:00,119.03,119.1125,119.01,119.07,16573,2024-02-12
2024-02-12 19:15:00,119.09,119.16,119.05,119.15,30137,2024-02-12
2024-02-12 19:20:00,119.145,119.23,119.07,119.23,38079,2024-02-12
2024-02-12 19:25:00,119.23,119.25,119.13,119.215,18076,2024-02-12
2024-02-12 19:30:00,119.24,119.5,119.24,119.43,26344,2024-02-12
2024-02-12 19:35:00,119.41,119.5064,119.3601,119.48,8465,2024-02-12
2024-02-12 19:40:00,119.5299,119.5299,119.38,119.45,11266,2024-02-12
2024-02-12 19:45:00,119.43,119.5,119.42,119.465,11640,2024-02-12
2024-02-12 19:50:00,119.47,119.48,119.39,119.39,14336,2024-02-12
2024-02-12 19:55:00,119.38,119.385,119.28,119.31,12199,2024-02-12
2024-02-12 20:00:00,119.31,119.31,119.21,119.24,19142,2024-02-12
2024-02-12 20:05:00,119.23,119.33,119.19,119.27,19782,2024-02-12
2024-02-12 20:10:00,119.26,119.37,119.26,119.295,17806,2024-02-12
2024-02-12 20:15:00,119.28,119.41,119.28,119.325,13171,2024-02-12
2024-02-12 20:20:00,119.34,119.37,119.25,119.28,14592,2024-02-12
2024-02-12 20:25:00,119.2825,119.285,119.1866,119.2548,8553,2024-02-12
2024-02-12 20:30:00,119.25,119.26,119.1501,119.18,12815,2024-02-12
2024-02-12 20:35:00,119.1594,119.18,119.06,119.08,11627,2024-02-12
2024-02-12 20:40:00,119.05,119.11,119.03,119.09,42526,2024-02-12
2024-02-12 20:45:00,119.09,119.2,119.07,119.16,14999,2024-02-12
2024-02-12 20:50:00,119.14,119.2,119.14,119.18,17412,2024-02-12
2024-02-12 20:55:00,119.17,119.25,119.145,119.23,15793,2024-02-12
2024-02-12 21:00:00,119.22,119.4199,119.21,119.4,18212,2024-02-12
2024-02-12 21:05:00,119.395,119.48,119.375,119.47,14255,2024-02-12
2024-02-12 21:10:00,119.47,119.49,119.3856,119.43,15330,2024-02-12
2024-02-12 21:15:00,119.4,119.45,119.385,119.4,18980,2024-02-12
2024-02-12 21:20:00,119.41,119.58,119.34,119.5,17643,2024-02-12
2024-02-12 21:25:00,119.48,119.53,119.41,119.51,7803,2024-02-12
2024-02-12 21:30:00,119.56,119.66,119.5209,119.645,7673,2024-02-12
2024-02-12 21:35:00,119.65,119.86,119.622,119.84,27181,2024-02-12
2024-02-12 21:40:00,119.83,119.855,119.57,119.66,23275,2024-02-12
2024-02-12 21:45:00,119.695,119.7,119.57,119.58,7330,2024-02-12
2024-02-12 21:50:00,119.5796,119.75,119.555,119.75,16302,2024-02-12
2024-02-12 21:55:00,119.73,119.84,119.6603,119.84,18637,2024-02-12
2024-02-12 22:00:00,119.83,120.03,119.83,120.03,23571,2024-02-12
2024-02-12 22:05:00,120.03,120.08,119.86,119.86,10796,2024-02-12
2024-02-12 22:10:00,119.84,119.85,119.76,119.8,10278,2024-02-12
2024-02-12 22:15:00,119.83,119.96,119.83,119.87,11848,2024-02-12
2024-02-12 22:20:00,119.85,120.03,119.83,119.94,12978,2024-02-12
2024-02-12 22:25:00,119.92,119.935,119.82,119.875,9097,2024-02-12
2024-02-12 22:30:00,119.87,119.93,119.82,119.88,9138,2024-02-12
2024-02-12 22:35:00,119.87,119.979,119.86,119.91,11054,2024-02-12
2024-02-12 22:40:00,119.9,119.917,119.86,119.9,14693,2024-02-12
2024-02-12 22:45:00,119.895,119.9,119.71,119.7499,8593,2024-02-12
2024-02-12 22:50:00,119.71,119.77,119.71,119.765,9262,2024-02-12
2024-02-12 22:55:00,119.75,119.8,119.665,119.665,8996,2024-02-12
2024-02-12 23:00:00,119.69,119.73,119.64,119.72,11075,2024-02-12
2024-02-12 23:05:00,119.725,119.76,119.635,119.67,10605,2024-02-12
2024-02-12 23:10:00,119.67,119.7,119.61,119.66,9559,2024-02-12
2024-02-12 23:15:00,119.66,119.68,119.54,119.55,13371,2024-02-12
2024-02-12 23:20:00,119.531,119.613,119.51,119.6,13246,2024-02-12
2024-02-12 23:25:00,119.6,119.6499,119.59,119.62,18525,2024-02-12
2024-02-12 23:30:00,119.6141,119.78,119.61,119.76,18237,2024-02-12
2024-02-12 23:35:00,119.76,119.78,119.71,119.71,18842,2024-02-12
2024-02-12 23:40:00,119.71,119.83,119.7,119.8,17321,2024-02-12
2024-02-12 23:45:00,119.79,119.881,119.705,119.881,30857,2024-02-12
2024-02-12 23:50:00,119.88,119.93,119.77,119.87,61865,2024-02-12
2024-02-12 23:55:00,119.885,120.08,119.845,120.07,139252,2024-02-12
2024-02-13 00:00:00,120.07,120.07,120.07,120.07,12896,2024-02-12
2024-02-13 00:05:00,120.07,120.07,120.07,120.07,1441,2024-02-12
2024-02-13 00:25:00,120,120,120,120,200,2024-02-12
2024-02-13 03:45:00,119.5,119.5,119.5,119.5,100,2024-02-12
2024-02-13 16:05:00,119.5,119.5,119.5,119.5,1000,2024-02-13
2024-02-13 17:30:00,120.42,120.79,120.08,120.43,31980,2024-02-13
2024-02-13 17:35:00,120.365,120.56,119.86,119.9,11066,2024-02-13
2024-02-13 17:40:00,119.9,120.0163,119.71,119.75,10607,2024-02-13
2024-02-13 17:45:00,119.8,119.82,119.5,119.5,11409,2024-02-13
2024-02-13 17:50:00,119.4102,119.46,119.285,119.285,7338,2024-02-13
2024-02-13 17:55:00,119.35,119.57,119.16,119.165,9853,2024-02-13
2024-02-13 18:00:00,119.18,119.37,119.18,119.315,13741,2024-02-13
2024-02-13 18:05:00,119.335,119.4,119.22,119.22,11602,2024-02-13
2024-02-13 18:10:00,119.26,119.4057,119.165,119.34,8700,2024-02-13
2024-02-13 18:15:00,119.39,119.43,119.1475,119.1475,11162,2024-02-13
2024-02-13 18:20:00,119.12,119.26,119.07,119.18,15883,2024-02-13
2024-02-13 18:25:00,119.2299,119.2299,119.02,119.04,13952,2024-02-13
2024-02-13 18:30:00,119.01,119.01,118.87,118.9,18945,2024-02-13
2024-02-13 18:35:00,118.885,118.91,118.5329,118.54,36596,2024-02-13
2024-02-13 18:40:00,118.5,118.57,118.16,118.19,19445,2024-02-13
2024-02-13 18:45:00,118.2068,118.46,118.11,118.44,17716,2024-02-13
2024-02-13 18:50:00,118.44,118.4529,118.295,118.39,10704,2024-02-13
2024-02-13 18:55:00,118.39,118.52,118.34,118.5,18537,2024-02-13
2024-02-13 19:00:00,118.5,118.505,118.35,118.41,12035,2024-02-13
2024-02-13 19:05:00,118.45,118.45,118.38,118.39,8275,2024-02-13
2024-02-13 19:10:00,118.395,118.44,118.35,118.36,11164,2024-02-13
2024-02-13 19:15:00,118.4,118.52,118.3866,118.44,10480,2024-02-13
2024-02-13 19:20:00,118.467,118.467,118.22,118.26,33346,2024-02-13
2024-02-13 19:25:00,118.265,118.4,118.25,118.3,25460,2024-02-13
2024-02-13 19:30:00,118.34,118.36,118.23,118.23,12909,2024-02-13
2024-02-13 19:35:00,118.25,118.33,118.1,118.33,18416,2024-02-13
2024-02-13 19:40:00,118.34,118.43,118.25,118.37,19123,2024-02-13
2024-02-13 19:45:00,118.41,118.4544,118.315,118.4,10814,2024-02-13
2024-02-13 19:50:00,118.35,118.44,118.3,118.3601,20681,2024-02-13
2024-02-13 19:55:00,118.41,118.44,118.3265,118.38,10528,2024-02-13
2024-02-13 20:00:00,118.35,118.45,118.34,118.37,9052,2024-02-13
2024-02-13 20:05:00,118.37,118.43,118.37,118.38,7506,2024-02-13
2024-02-13 20:10:00,118.36,118.56,118.36,118.47,16657,2024-02-13
2024-02-13 20:15:00,118.47,118.47,118.35,118.35,7224,2024-02-13
2024-02-13 20:20:00,118.37,118.585,118.35,118.505,32266,2024-02-13
2024-02-13 20:25:00,118.53,118.5883,118.5,118.54,6281,2024-02-13
2024-02-13 20:30:00,118.53,118.53,118.42,118.465,7200,2024-02-13
2024-02-13 20:35:00,118.4675,118.49,118.44,118.49,5204,2024-02-13
2024-02-13 20:40:00,118.469,118.475,118.41,118.42,7945,2024-02-13
2024-02-13 20:45:00,118.45,118.455,118.32,118.365,7759,2024-02-13
2024-02-13 20:50:00,118.4,118.48,118.4,118.44,7957,2024-02-13
2024-02-13 20:55:00,118.43,118.45,118.35,118.44,7563,2024-02-13
2024-02-13 21:00:00,118.41,118.41,118.34,118.34,5360,2024-02-13
2024-02-13 21:05:00,118.3301,118.4344,118.3,118.32,27637,2024-02-13
2024-02-13 21:10:00,118.315,118.44,118.29,118.42,7685,2024-02-13
2024-02-13 21:15:00,118.4,118.45,118.36,118.415,8066,2024-02-13
2024-02-13 21:20:00,118.4,118.46,118.38,118.3969,6610,2024-02-13
2024-02-13 21:25:00,118.38,118.445,118.365,118.405,5560,2024-02-13
2024-02-13 21:30:00,118.42,118.42,118.25,118.255,12315,2024-02-13
2024-02-13 21:35:00,118.2375,118.29,118.19,118.215,11334,2024-02-13
2024-02-13 21:40:00,118.18,118.18,118.11,118.16,7069,2024-02-13
2024-02-13 21:45:00,118.15,118.27,118.145,118.23,11526,2024-02-13
2024-02-13 21:50:00,118.23,118.28,118.2,118.24,12565,2024-02-13
2024-02-13 21:55:00,118.25,118.2794,118.2,118.2794,10507,2024-02-13
2024-02-13 22:00:00,118.31,118.39,118.29,118.35,7966,2024-02-13
2024-02-13 22:05:00,118.365,118.39,118.3,118.37,7416,2024-02-13
2024-02-13 22:10:00,118.37,118.42,118.32,118.42,12045,2024-02-13
2024-02-13 22:15:00,118.4,118.4,118.25,118.3,9347,2024-02-13
2024-02-13 22:20:00,118.31,118.33,118.25,118.285,9929,2024-02-13
2024-02-13 22:25:00,118.285,118.3,118.24,118.26,16606,2024-02-13
2024-02-13 22:30:00,118.25,118.38,118.25,118.366,9448,2024-02-13
2024-02-13 22:35:00,118.39,118.39,118.3,118.34,8998,2024-02-13
2024-02-13 22:40:00,118.34,118.35,118.29,118.31,20584,2024-02-13
2024-02-13 22:45:00,118.265,118.29,118.24,118.26,14034,2024-02-13
2024-02-13 22:50:00,118.25,118.32,118.25,118.305,16817,2024-02-13
2024-02-13 22:55:00,118.305,118.305,118.25,118.28,13065,2024-02-13
2024-02-13 23:00:00,118.3,118.3,118.17,118.27,62921,2024-02-13
2024-02-13 23:05:00,118.27,118.31,118.26,118.31,10108,2024-02-13
2024-02-13 23:10:00,118.31,118.41,118.2701,118.375,14167,2024-02-13
2024-02-13 23:15:00,118.355,118.37,118.25,118.26,22714,2024-02-13
2024-02-13 23:20:00,118.2634,118.41,118.25,118.39,23284,2024-02-13
2024-02-13 23:25:00,118.3797,118.39,118.32,118.38,14793,2024-02-13
2024-02-13 23:30:00,118.37,118.4,118.29,118.39,19264,2024-02-13
2024-02-13 23:35:00,118.38,118.43,118.25,118.27,17879,2024-02-13
2024-02-13 23:40:00,118.27,118.395,118.27,118.36,22985,2024-02-13
2024-02-13 23:45:00,118.365,118.51,118.365,118.44,34756,2024-02-13
2024-02-13 23:50:00,118.43,118.6,118.39,118.441,78192,2024-02-13
2024-02-13 23:55:00,118.45,118.685,118.45,118.54,179388,2024-02-13
2024-02-14 00:00:00,118.55,118.55,118.55,118.55,8048,2024-02-13
2024-02-14 00:05:00,118.55,118.55,118.55,118.55,5079,2024-02-13
2024-02-14 00:20:00,118.55,118.55,118.55,118.55,220,2024-02-13
2024-02-14 01:30:00,118.55,118.55,118.55,118.55,200,2024-02-13
2024-02-14 17:25:00,118.39,118.39,117.99,117.99,6201,2024-02-14
2024-02-14 17:30:00,117.97,118.4,117.92,118.1565,58406,2024-02-14
2024-02-14 17:35:00,118.065,118.1,117.8741,118.05,9944,2024-02-14
2024-02-14 17:40:00,118.07,118.25,118,118.23,6347,2024-02-14
2024-02-14 17:45:00,118.1853,118.25,118.1,118.25,9510,2024-02-14
2024-02-14 17:50:00,118.25,118.57,118.22,118.46,13963,2024-02-14
2024-02-14 17:55:00,118.44,118.44,117.9,117.9,21252,2024-02-14
2024-02-14 18:00:00,117.955,118.22,117.955,118.215,18114,2024-02-14
2024-02-14 18:05:00,118.16,118.19,118.06,118.175,9556,2024-02-14
2024-02-14 18:10:00,118.1722,118.1921,118.06,118.09,7376,2024-02-14
2024-02-14 18:15:00,118.04,118.115,117.99,118.0754,12347,2024-02-14
2024-02-14 18:20:00,118.12,118.23,118.08,118.145,7683,2024-02-14
2024-02-14 18:25:00,118.17,118.2713,118.115,118.175,25584,2024-02-14
2024-02-14 18:30:00,118.2,118.61,118.2,118.55,22768,2024-02-14
2024-02-14 18:35:00,118.57,118.6,118.46,118.57,7601,2024-02-14
2024-02-14 18:40:00,118.55,118.58,118.43,118.47,6438,2024-02-14
2024-02-14 18:45:00,118.45,118.48,118.38,118.48,6666,2024-02-14
2024-02-14 18:50:00,118.43,118.43,118.36,118.41,11245,2024-02-14
2024-02-14 18:55:00,118.4,118.5193,118.4,118.485,7272,2024-02-14
2024-02-14 19:00:00,118.49,118.53,118.405,118.415,10457,2024-02-14
2024-02-14 19:05:00,118.395,118.395,118.28,118.2817,30252,2024-02-14
2024-02-14 19:10:00,118.2735,118.28,118.09,118.09,7483,2024-02-14
2024-02-14 19:15:00,118.09,118.13,118.02,118.05,8680,2024-02-14
2024-02-14 19:20:00,118.0699,118.07,117.9,117.945,18551,2024-02-14
2024-02-14 19:25:00,117.925,117.963,117.86,117.9299,21635,2024-02-14
2024-02-14 19:30:00,117.91,117.9399,117.85,117.89,10595,2024-02-14
2024-02-14 19:35:00,117.9,118.0099,117.9,117.95,11364,2024-02-14
2024-02-14 19:40:00,117.955,118.04,117.9101,118.0038,11336,2024-02-14
2024-02-14 19:45:00,117.98,117.98,117.9,117.91,8344,2024-02-14
2024-02-14 19:50:00,117.9021,118,117.8668,117.945,12865,2024-02-14
2024-02-14 19:55:00,117.98,117.98,117.81,117.85,16947,2024-02-14
2024-02-14 20:00:00,117.86,117.86,117.7258,117.77,17569,2024-02-14
2024-02-14 20:05:00,117.74,117.79,117.7,117.79,22299,2024-02-14
2024-02-14 20:10:00,117.82,117.83,117.67,117.78,11966,2024-02-14
2024-02-14 20:15:00,117.76,117.795,117.71,117.76,13481,2024-02-14
2024-02-14 20:20:00,117.75,117.82,117.6816,117.82,8748,2024-02-14
2024-02-14 20:25:00,117.73,117.75,117.67,117.73,6801,2024-02-14
2024-02-14 20:30:00,117.76,117.85,117.74,117.85,11045,2024-02-14
2024-02-14 20:35:00,117.83,117.87,117.81,117.86,7074,2024-02-14
2024-02-14 20:40:00,117.89,118,117.885,117.92,14243,2024-02-14
2024-02-14 20:45:00,117.89,118.04,117.88,118.035,6610,2024-02-14
2024-02-14 20:50:00,118.04,118.06,118.01,118.06,7510,2024-02-14
2024-02-14 20:55:00,118.06,118.105,118.01,118.09,9336,2024-02-14
2024-02-14 21:00:00,118.1,118.16,118.1,118.11,22220,2024-02-14
2024-02-14 21:05:00,118.125,118.23,118.1,118.19,6379,2024-02-14
2024-02-14 21:10:00,118.185,118.19,118.14,118.18,10962,2024-02-14
2024-02-14 21:15:00,118.171,118.24,118.15,118.19,16543,2024-02-14
2024-02-14 21:20:00,118.161,118.23,118.1242,118.13,19054,2024-02-14
2024-02-14 21:25:00,118.15,118.15,118.08,118.11,7988,2024-02-14
2024-02-14 21:30:00,118.1001,118.19,118.1001,118.175,7907,2024-02-14
2024-02-14 21:35:00,118.21,118.29,118.18,118.28,7092,2024-02-14
2024-02-14 21:40:00,118.28,118.3,118.2,118.2,9797,2024-02-14
2024-02-14 21:45:00,118.21,118.21,118.13,118.18,6487,2024-02-14
2024-02-14 21:50:00,118.14,118.18,118.12,118.145,6310,2024-02-14
2024-02-14 21:55:00,118.15,118.215,118.14,118.185,8125,2024-02-14
2024-02-14 22:00:00,118.19,118.19,118.08,118.08,12056,2024-02-14
2024-02-14 22:05:00,118.065,118.08,117.94,117.94,20427,2024-02-14
2024-02-14 22:10:00,117.935,118.045,117.935,118,8265,2024-02-14
2024-02-14 22:15:00,118,118.005,117.93,117.965,14387,2024-02-14
2024-02-14 22:20:00,117.965,118.055,117.965,118.04,12904,2024-02-14
2024-02-14 22:25:00,118.04,118.06,118.0073,118.05,11855,2024-02-14
2024-02-14 22:30:00,118.05,118.19,118.035,118.175,8713,2024-02-14
2024-02-14 22:35:00,118.19,118.28,118.176,118.23,10239,2024-02-14
2024-02-14 22:40:00,118.23,118.23,118.17,118.18,7773,2024-02-14
2024-02-14 22:45:00,118.185,118.2198,118.17,118.19,6541,2024-02-14
2024-02-14 22:50:00,118.2,118.2,118.04,118.065,10412,2024-02-14
2024-02-14 22:55:00,118.075,118.09,118.05,118.09,10499,2024-02-14
2024-02-14 23:00:00,118.09,118.13,118.03,118.07,12468,2024-02-14
2024-02-14 23:05:00,118.07,118.175,118.05,118.15,15554,2024-02-14
2024-02-14 23:10:00,118.15,118.18,118.09,118.12,11421,2024-02-14
2024-02-14 23:15:00,118.125,118.24,118.125,118.18,12101,2024-02-14
2024-02-14 23:20:00,118.18,118.19,118.12,118.1559,12102,2024-02-14
2024-02-14 23:25:00,118.155,118.231,118.1452,118.15,11519,2024-02-14
2024-02-14 23:30:00,118.145,118.1743,118.09,118.124,17246,2024-02-14
2024-02-14 23:35:00,118.125,118.195,118.125,118.16,16706,2024-02-14
2024-02-14 23:40:00,118.18,118.21,118.072,118.185,21603,2024-02-14
2024-02-14 23:45:00,118.181,118.48,118.181,118.38,37766,2024-02-14
2024-02-14 23:50:00,118.37,118.43,118.27,118.33,70015,2024-02-14
2024-02-14 23:55:00,118.34,118.49,118.285,118.35,136429,2024-02-14
2024-02-15 00:00:00,118.4,118.4,118.4,118.4,19846,2024-02-14
2024-02-15 00:20:00,118.4,118.4,118.4,118.4,1291,2024-02-14
2024-02-15 17:30:00,118.65,118.83,118.415,118.54,32229,2024-02-15
2024-02-15 17:35:00,118.54,118.71,118.5,118.54,8872,2024-02-15
2024-02-15 17:40:00,118.495,118.67,118.43,118.645,13879,2024-02-15
2024-02-15 17:45:00,118.69,118.69,118.42,118.57,14382,2024-02-15
2024-02-15 17:50:00,118.565,118.612,118.35,118.4,15156,2024-02-15
2024-02-15 17:55:00,118.4,118.48,118.28,118.37,11008,2024-02-15
2024-02-15 18:00:00,118.35,118.41,118.19,118.29,14337,2024-02-15
2024-02-15 18:05:00,118.29,118.37,118.19,118.215,20954,2024-02-15
2024-02-15 18:10:00,118.2334,118.31,118.18,118.21,17800,2024-02-15
2024-02-15 18:15:00,118.19,118.48,118.19,118.45,20184,2024-02-15
2024-02-15 18:20:00,118.52,118.52,118.4001,118.51,8281,2024-02-15
2024-02-15 18:25:00,118.57,118.64,118.48,118.48,10944,2024-02-15
2024-02-15 18:30:00,118.44,118.47,118.32,118.42,12563,2024-02-15
2024-02-15 18:35:00,118.39,118.5,118.38,118.46,10157,2024-02-15
2024-02-15 18:40:00,118.46,118.55,118.41,118.505,15107,2024-02-15
2024-02-15 18:45:00,118.54,118.59,118.34,118.34,11562,2024-02-15
2024-02-15 18:50:00,118.34,118.38,118.28,118.33,8802,2024-02-15
2024-02-15 18:55:00,118.37,118.41,118.29,118.38,7637,2024-02-15
2024-02-15 19:00:00,118.37,118.6,118.37,118.57,8768,2024-02-15
2024-02-15 19:05:00,118.55,118.57,118.47,118.49,9582,2024-02-15
2024-02-15 19:10:00,118.48,118.495,118.29,118.29,12660,2024-02-15
2024-02-15 19:15:00,118.29,118.33,118.27,118.33,11832,2024-02-15
2024-02-15 19:20:00,118.33,118.33,118.14,118.14,20233,2024-02-15
2024-02-15 19:25:00,118.13,118.19,118.07,118.1592,19024,2024-02-15
2024-02-15 19:30:00,118.19,118.26,118.16,118.25,11122,2024-02-15
2024-02-15 19:35:00,118.265,118.28,118.13,118.19,13804,2024-02-15
2024-02-15 19:40:00,118.19,118.265,118.19,118.24,10195,2024-02-15
2024-02-15 19:45:00,118.24,118.41,118.235,118.39,13490,2024-02-15
2024-02-15 19:50:00,118.369,118.38,118.3,118.35,11477,2024-02-15
2024-02-15 19:55:00,118.3401,118.37,118.18,118.195,16180,2024-02-15
2024-02-15 20:00:00,118.1701,118.2054,118.085,118.2054,14030,2024-02-15
2024-02-15 20:05:00,118.21,118.25,118.12,118.16,11233,2024-02-15
2024-02-15 20:10:00,118.16,118.16,118.06,118.06,12534,2024-02-15
2024-02-15 20:15:00,118.06,118.2,118.05,118.18,8914,2024-02-15
2024-02-15 20:20:00,118.18,118.18,118.1,118.1065,8942,2024-02-15
2024-02-15 20:25:00,118.12,118.158,118.09,118.105,11722,2024-02-15
2024-02-15 20:30:00,118.115,118.165,118.09,118.11,10714,2024-02-15
2024-02-15 20:35:00,118.09,118.1599,118.09,118.12,6948,2024-02-15
2024-02-15 20:40:00,118.11,118.155,118.1,118.11,9893,2024-02-15
2024-02-15 20:45:00,118.13,118.25,118.13,118.24,13062,2024-02-15
2024-02-15 20:50:00,118.24,118.32,118.24,118.26,10455,2024-02-15
2024-02-15 20:55:00,118.26,118.28,118.2197,118.225,9194,2024-02-15
2024-02-15 21:00:00,118.21,118.21,118.11,118.11,9527,2024-02-15
2024-02-15 21:05:00,118.14,118.305,118.14,118.305,10917,2024-02-15
2024-02-15 21:10:00,118.27,118.3,118.22,118.22,8980,2024-02-15
2024-02-15 21:15:00,118.23,118.25,118.18,118.2,12450,2024-02-15
2024-02-15 21:20:00,118.2,118.24,118.19,118.19,10342,2024-02-15
2024-02-15 21:25:00,118.22,118.25,118.17,118.25,11570,2024-02-15
2024-02-15 21:30:00,118.3,118.4,118.3,118.355,13753,2024-02-15
2024-02-15 21:35:00,118.33,118.33,118.24,118.25,13528,2024-02-15
2024-02-15 21:40:00,118.26,118.32,118.175,118.2,13077,2024-02-15
2024-02-15 21:45:00,118.21,118.32,118.21,118.27,9854,2024-02-15
2024-02-15 21:50:00,118.27,118.37,118.265,118.37,11599,2024-02-15
2024-02-15 21:55:00,118.38,118.435,118.36,118.36,8923,2024-02-15
2024-02-15 22:00:00,118.38,118.47,118.38,118.43,11179,2024-02-15
2024-02-15 22:05:00,118.43,118.445,118.38,118.43,12753,2024-02-15
2024-02-15 22:10:00,118.43,118.56,118.43,118.51,11138,2024-02-15
2024-02-15 22:15:00,118.52,118.56,118.52,118.55,11201,2024-02-15
2024-02-15 22:20:00,118.54,118.545,118.46,118.46,8349,2024-02-15
2024-02-15 22:25:00,118.47,118.49,118.44,118.48,12889,2024-02-15
2024-02-15 22:30:00,118.485,118.535,118.46,118.53,9083,2024-02-15
2024-02-15 22:35:00,118.53,118.55,118.4861,118.495,10481,2024-02-15
2024-02-15 22:40:00,118.49,118.5,118.44,118.5,10715,2024-02-15
2024-02-15 22:45:00,118.51,118.5176,118.43,118.4575,10460,2024-02-15
2024-02-15 22:50:00,118.48,118.52,118.44,118.52,17529,2024-02-15
2024-02-15 22:55:00,118.54,118.61,118.54,118.6,11019,2024-02-15
2024-02-15 23:00:00,118.61,118.6369,118.55,118.5617,29057,2024-02-15
2024-02-15 23:05:00,118.57,118.58,118.48,118.58,12314,2024-02-15
2024-02-15 23:10:00,118.59,118.59,118.49,118.55,16975,2024-02-15
2024-02-15 23:15:00,118.56,118.735,118.5508,118.735,17938,2024-02-15
2024-02-15 23:20:00,118.74,118.79,118.71,118.79,41223,2024-02-15
2024-02-15 23:25:00,118.79,118.81,118.745,118.79,31409,2024-02-15
2024-02-15 23:30:00,118.79,118.79,118.71,118.72,21997,2024-02-15
2024-02-15 23:35:00,118.72,118.73,118.55,118.59,20200,2024-02-15
2024-02-15 23:40:00,118.58,118.65,118.58,118.63,23388,2024-02-15
2024-02-15 23:45:00,118.641,118.69,118.61,118.69,36086,2024-02-15
2024-02-15 23:50:00,118.68,118.79,118.64,118.78,64521,2024-02-15
2024-02-15 23:55:00,118.78,118.83,118.68,118.79,126405,2024-02-15
2024-02-16 00:00:00,118.79,118.79,118.79,118.79,19490,2024-02-15
2024-02-16 00:20:00,118.79,118.79,118.79,118.79,786,2024-02-15
2024-02-16 17:30:00,119.1,119.1,117.9895,117.9895,69837,2024-02-16
2024-02-16 17:35:00,117.99,118.13,117.93,118.06,10646,2024-02-16
2024-02-16 17:40:00,118.17,118.34,118.11,118.34,8157,2024-02-16
2024-02-16 17:45:00,118.28,118.52,118.23,118.49,11834,2024-02-16
2024-02-16 17:50:00,118.49,118.72,118.43,118.71,8956,2024-02-16
2024-02-16 17:55:00,118.71,118.79,118.4,118.535,17734,2024-02-16
2024-02-16 18:00:00,118.535,118.82,118.5,118.67,20408,2024-02-16
2024-02-16 18:05:00,118.67,118.8918,118.63,118.81,8369,2024-02-16
2024-02-16 18:10:00,118.79,118.87,118.77,118.825,14834,2024-02-16
2024-02-16 18:15:00,118.83,118.84,118.61,118.65,13873,2024-02-16
2024-02-16 18:20:00,118.62,118.7,118.5501,118.7,18330,2024-02-16
2024-02-16 18:25:00,118.69,118.8925,118.69,118.81,8588,2024-02-16
2024-02-16 18:30:00,118.8,118.858,118.7463,118.8,10240,2024-02-16
2024-02-16 18:35:00,118.78,118.8396,118.61,118.63,13122,2024-02-16
2024-02-16 18:40:00,118.6,118.615,118.54,118.59,13908,2024-02-16
2024-02-16 18:45:00,118.57,118.6,118.4396,118.58,21652,2024-02-16
2024-02-16 18:50:00,118.59,118.668,118.5,118.5912,10792,2024-02-16
2024-02-16 18:55:00,118.6,118.67,118.57,118.62,13793,2024-02-16
2024-02-16 19:00:00,118.62,118.72,118.55,118.6,7446,2024-02-16
2024-02-16 19:05:00,118.58,118.68,118.58,118.63,6816,2024-02-16
2024-02-16 19:10:00,118.62,118.62,118.505,118.53,9171,2024-02-16
2024-02-16 19:15:00,118.51,118.52,118.425,118.485,18284,2024-02-16
2024-02-16 19:20:00,118.49,118.71,118.47,118.66,12467,2024-02-16
2024-02-16 19:25:00,118.67,118.7742,118.665,118.7742,11923,2024-02-16
2024-02-16 19:30:00,118.765,118.765,118.69,118.69,4204,2024-02-16
2024-02-16 19:35:00,118.685,118.79,118.64,118.79,8353,2024-02-16
2024-02-16 19:40:00,118.8,118.86,118.79,118.85,8344,2024-02-16
2024-02-16 19:45:00,118.84,118.91,118.84,118.91,5999,2024-02-16
2024-02-16 19:50:00,118.92,118.92,118.82,118.83,9425,2024-02-16
2024-02-16 19:55:00,118.84,118.84,118.68,118.72,9435,2024-02-16
2024-02-16 20:00:00,118.715,118.715,118.61,118.635,9537,2024-02-16
2024-02-16 20:05:00,118.61,118.67,118.6,118.66,11291,2024-02-16
2024-02-16 20:10:00,118.67,118.72,118.64,118.64,11551,2024-02-16
2024-02-16 20:15:00,118.65,118.67,118.59,118.67,14977,2024-02-16
2024-02-16 20:20:00,118.67,118.69,118.62,118.62,9683,2024-02-16
2024-02-16 20:25:00,118.61,118.69,118.59,118.66,7577,2024-02-16
2024-02-16 20:30:00,118.65,118.72,118.61,118.67,10842,2024-02-16
2024-02-16 20:35:00,118.67,118.7,118.65,118.68,7099,2024-02-16
2024-02-16 20:40:00,118.63,118.7,118.62,118.69,9611,2024-02-16
2024-02-16 20:45:00,118.7,118.7703,118.69,118.735,9329,2024-02-16
2024-02-16 20:50:00,118.73,118.73,118.67,118.68,9460,2024-02-16
2024-02-16 20:55:00,118.71,118.77,118.69,118.71,7589,2024-02-16
2024-02-16 21:00:00,118.7115,118.81,118.7115,118.7864,5932,2024-02-16
2024-02-16 21:05:00,118.77,118.83,118.76,118.83,8479,2024-02-16
2024-02-16 21:10:00,118.8475,118.8475,118.74,118.74,10586,2024-02-16
2024-02-16 21:15:00,118.73,118.74,118.68,118.74,10802,2024-02-16
2024-02-16 21:20:00,118.75,118.86,118.74,118.84,15153,2024-02-16
2024-02-16 21:25:00,118.84,118.84,118.7891,118.81,10815,2024-02-16
2024-02-16 21:30:00,118.83,118.9211,118.815,118.84,9553,2024-02-16
2024-02-16 21:35:00,118.845,118.9,118.845,118.88,7597,2024-02-16
2024-02-16 21:40:00,118.87,118.87,118.73,118.73,12091,2024-02-16
2024-02-16 21:45:00,118.73,118.786,118.72,118.74,11828,2024-02-16
2024-02-16 21:50:00,118.75,118.77,118.72,118.73,9983,2024-02-16
2024-02-16 21:55:00,118.74,118.79,118.726,118.76,13565,2024-02-16
2024-02-16 22:00:00,118.76,118.76,118.67,118.7,12250,2024-02-16
2024-02-16 22:05:00,118.69,118.755,118.69,118.755,18337,2024-02-16
2024-02-16 22:10:00,118.755,118.82,118.73,118.74,10200,2024-02-16
2024-02-16 22:15:00,118.74,118.77,118.71,118.73,11928,2024-02-16
2024-02-16 22:20:00,118.72,118.74,118.68,118.71,10259,2024-02-16
2024-02-16 22:25:00,118.7,118.78,118.7,118.775,10374,2024-02-16
2024-02-16 22:30:00,118.77,118.82,118.735,118.74,13284,2024-02-16
2024-02-16 22:35:00,118.72,118.76,118.66,118.76,15445,2024-02-16
2024-02-16 22:40:00,118.755,118.789,118.745,118.765,18612,2024-02-16
2024-02-16 22:45:00,118.75,118.76,118.4,118.46,20400,2024-02-16
2024-02-16 22:50:00,118.44,118.69,118.43,118.672,18977,2024-02-16
2024-02-16 22:55:00,118.695,118.73,118.6,118.64,56552,2024-02-16
2024-02-16 23:00:00,118.65,118.71,118.61,118.68,29629,2024-02-16
2024-02-16 23:05:00,118.665,118.69,118.46,118.5,19927,2024-02-16
2024-02-16 23:10:00,118.48,118.49,118.39,118.39,16149,2024-02-16
2024-02-16 23:15:00,118.38,118.475,118.35,118.44,19718,2024-02-16
2024-02-16 23:20:00,118.445,118.46,118.392,118.425,16589,2024-02-16
2024-02-16 23:25:00,118.42,118.52,118.4,118.5005,18933,2024-02-16
2024-02-16 23:30:00,118.5,118.57,118.49,118.5329,24779,2024-02-16
2024-02-16 23:35:00,118.55,118.58,118.515,118.53,24555,2024-02-16
2024-02-16 23:40:00,118.521,118.535,118.25,118.28,33599,2024-02-16
2024-02-16 23:45:00,118.27,118.3599,118.23,118.3,45457,2024-02-16
2024-02-16 23:50:00,118.295,118.42,118.15,118.29,71055,2024-02-16
2024-02-16 23:55:00,118.3,118.34,118.16,118.31,134006,2024-02-16
2024-02-17 00:00:00,118.29,118.29,118.29,118.29,45169,2024-02-16
2024-02-17 00:05:00,118.29,118.29,118.29,118.29,954,2024-02-16
2024-02-17 00:30:00,118.29,118.29,118.29,118.29,75000,2024-02-16
2024-02-20 13:05:00,118.05,118.05,118.05,118.05,186,2024-02-20
2024-02-20 16:15:00,118.7174,118.7174,118.7174,118.7174,110,2024-02-20
2024-02-20 17:30:00,118.8,119,118.66,119,32566,2024-02-20
2024-02-20 17:35:00,119.12,119.58,119.07,119.455,15810,2024-02-20
2024-02-20 17:40:00,119.4001,119.89,119.4,119.78,16225,2024-02-20
2024-02-20 17:45:00,119.74,119.93,119.6501,119.89,13934,2024-02-20
2024-02-20 17:50:00,119.91,120.12,119.78,119.78,32111,2024-02-20
2024-02-20 17:55:00,119.75,119.77,119.33,119.36,41247,2024-02-20
2024-02-20 18:00:00,119.385,119.88,119.36,119.855,43069,2024-02-20
2024-02-20 18:05:00,119.88,120.17,119.59,120.12,37169,2024-02-20
2024-02-20 18:10:00,120.175,120.38,120.11,120.194,30752,2024-02-20
2024-02-20 18:15:00,120.15,120.195,120.02,120.135,16017,2024-02-20
2024-02-20 18:20:00,120.175,120.32,120.07,120.15,23769,2024-02-20
2024-02-20 18:25:00,120.15,120.43,120.14,120.43,20240,2024-02-20
2024-02-20 18:30:00,120.43,120.4775,120.16,120.17,23426,2024-02-20
2024-02-20 18:35:00,120.15,120.15,119.96,119.995,24005,2024-02-20
2024-02-20 18:40:00,120.01,120.155,119.9,120.1,46998,2024-02-20
2024-02-20 18:45:00,120.07,120.07,119.85,120,15540,2024-02-20
2024-02-20 18:50:00,119.965,120.05,119.8642,119.89,19141,2024-02-20
2024-02-20 18:55:00,119.84,119.86,119.55,119.625,21584,2024-02-20
2024-02-20 19:00:00,119.635,119.635,119.43,119.4899,18380,2024-02-20
2024-02-20 19:05:00,119.4798,119.59,119.41,119.48,39879,2024-02-20
2024-02-20 19:10:00,119.5,119.67,119.48,119.58,18528,2024-02-20
2024-02-20 19:15:00,119.6,119.65,119.56,119.595,12912,2024-02-20
2024-02-20 19:20:00,119.63,119.64,119.575,119.59,13315,2024-02-20
2024-02-20 19:25:00,119.56,119.64,119.52,119.58,16141,2024-02-20
2024-02-20 19:30:00,119.61,119.79,119.61,119.7,23905,2024-02-20
2024-02-20 19:35:00,119.67,119.71,119.67,119.69,8916,2024-02-20
2024-02-20 19:40:00,119.7,119.7,119.44,119.46,12174,2024-02-20
2024-02-20 19:45:00,119.47,119.55,119.405,119.55,9232,2024-02-20
2024-02-20 19:50:00,119.53,119.6178,119.53,119.6178,8803,2024-02-20
2024-02-20 19:55:00,119.615,119.66,119.481,119.55,10263,2024-02-20
2024-02-20 20:00:00,119.57,119.57,119.42,119.48,34968,2024-02-20
2024-02-20 20:05:00,119.46,119.66,119.445,119.62,12235,2024-02-20
2024-02-20 20:10:00,119.59,119.69,119.58,119.59,10554,2024-02-20
2024-02-20 20:15:00,119.61,119.64,119.58,119.6197,5528,2024-02-20
2024-02-20 20:20:00,119.65,119.67,119.61,119.62,8858,2024-02-20
2024-02-20 20:25:00,119.6,119.6,119.51,119.54,8616,2024-02-20
2024-02-20 20:30:00,119.535,119.6103,119.49,119.6,8669,2024-02-20
2024-02-20 20:35:00,119.59,119.63,119.575,119.61,11774,2024-02-20
2024-02-20 20:40:00,119.59,119.66,119.59,119.62,8715,2024-02-20
2024-02-20 20:45:00,119.63,119.64,119.58,119.595,10937,2024-02-20
2024-02-20 20:50:00,119.6,119.7,119.59,119.7,14139,2024-02-20
2024-02-20 20:55:00,119.69,119.69,119.6301,119.67,6496,2024-02-20
2024-02-20 21:00:00,119.67,119.72,119.65,119.72,8488,2024-02-20
2024-02-20 21:05:00,119.73,119.77,119.705,119.705,8097,2024-02-20
2024-02-20 21:10:00,119.71,119.72,119.62,119.6398,12410,2024-02-20
2024-02-20 21:15:00,119.64,119.68,119.6,119.65,8737,2024-02-20
2024-02-20 21:20:00,119.64,119.67,119.61,119.63,9983,2024-02-20
2024-02-20 21:25:00,119.64,119.65,119.58,119.61,8042,2024-02-20
2024-02-20 21:30:00,119.61,119.68,119.6,119.6401,13628,2024-02-20
2024-02-20 21:35:00,119.68,119.68,119.61,119.63,9097,2024-02-20
2024-02-20 21:40:00,119.63,119.64,119.6,119.63,8964,2024-02-20
2024-02-20 21:45:00,119.63,119.645,119.6,119.6,5308,2024-02-20
2024-02-20 21:50:00,119.6,119.68,119.59,119.6,20475,2024-02-20
2024-02-20 21:55:00,119.58,119.59,119.53,119.57,10737,2024-02-20
2024-02-20 22:00:00,119.55,119.59,119.47,119.49,13879,2024-02-20
2024-02-20 22:05:00,119.47,119.48,119.41,119.47,8016,2024-02-20
2024-02-20 22:10:00,119.46,119.4801,119.415,119.47,9531,2024-02-20
2024-02-20 22:15:00,119.46,119.52,119.46,119.495,7238,2024-02-20
2024-02-20 22:20:00,119.53,119.54,119.36,119.395,15392,2024-02-20
2024-02-20 22:25:00,119.38,119.45,119.38,119.45,31310,2024-02-20
2024-02-20 22:30:00,119.44,119.4526,119.3,119.37,22467,2024-02-20
2024-02-20 22:35:00,119.33,119.33,119.26,119.31,7782,2024-02-20
2024-02-20 22:40:00,119.295,119.37,119.23,119.28,15232,2024-02-20
2024-02-20 22:45:00,119.28,119.3068,119.25,119.297,9601,2024-02-20
2024-02-20 22:50:00,119.3,119.57,119.3,119.54,12648,2024-02-20
2024-02-20 22:55:00,119.5448,119.57,119.52,119.555,19421,2024-02-20
2024-02-20 23:00:00,119.55,119.6,119.44,119.46,11193,2024-02-20
2024-02-20 23:05:00,119.46,119.47,119.405,119.405,14233,2024-02-20
2024-02-20 23:10:00,119.4,119.45,119.39,119.425,11937,2024-02-20
2024-02-20 23:15:00,119.43,119.43,119.3,119.31,14304,2024-02-20
2024-02-20 23:20:00,119.3075,119.33,119.252,119.27,11843,2024-02-20
2024-02-20 23:25:00,119.27,119.37,119.27,119.34,19616,2024-02-20
2024-02-20 23:30:00,119.35,119.35,119.11,119.13,27560,2024-02-20
2024-02-20 23:35:00,119.13,119.2,119.11,119.16,22498,2024-02-20
2024-02-20 23:40:00,119.15,119.19,119.09,119.1,22964,2024-02-20
2024-02-20 23:45:00,119.08,119.0882,118.91,119.03,49723,2024-02-20
2024-02-20 23:50:00,119.02,119.13,118.965,119.05,62835,2024-02-20
2024-02-20 23:55:00,119.051,119.22,119.05,119.15,201657,2024-02-20
2024-02-21 00:00:00,119.15,119.15,119.15,119.15,4270,2024-02-20
2024-02-21 00:05:00,119.15,119.15,119.15,119.15,1392,2024-02-20
2024-02-21 00:20:00,119.15,119.15,119.15,119.15,503,2024-02-20
2024-02-21 15:20:00,119.02,119.02,119,119,325,2024-02-21
2024-02-21 16:20:00,119.2,119.2,119.2,119.2,134,2024-02-21
2024-02-21 17:30:00,119.58,120.15,119.47,119.7331,30483,2024-02-21
2024-02-21 17:35:00,119.7899,120.16,119.6,119.99,12265,2024-02-21
2024-02-21 17:40:00,120,120.33,119.98,120.33,18247,2024-02-21
2024-02-21 17:45:00,120.23,120.39,120.05,120.06,8187,2024-02-21
2024-02-21 17:50:00,120.01,120.16,119.97,119.97,7871,2024-02-21
2024-02-21 17:55:00,119.9525,119.99,119.67,119.73,9893,2024-02-21
2024-02-21 18:00:00,119.73,119.73,119.43,119.545,8163,2024-02-21
2024-02-21 18:05:00,119.51,119.65,119.41,119.65,7982,2024-02-21
2024-02-21 18:10:00,119.68,119.92,119.64,119.88,11186,2024-02-21
2024-02-21 18:15:00,119.87,119.885,119.67,119.8,13943,2024-02-21
2024-02-21 18:20:00,119.77,119.95,119.77,119.8801,10366,2024-02-21
2024-02-21 18:25:00,119.92,120.05,119.92,119.94,10832,2024-02-21
2024-02-21 18:30:00,119.9,119.91,119.71,119.74,11437,2024-02-21
2024-02-21 18:35:00,119.73,119.92,119.705,119.89,8341,2024-02-21
2024-02-21 18:40:00,119.88,119.915,119.83,119.84,9696,2024-02-21
2024-02-21 18:45:00,119.825,119.9253,119.79,119.82,10676,2024-02-21
2024-02-21 18:50:00,119.91,119.98,119.89,119.94,13245,2024-02-21
2024-02-21 18:55:00,119.975,120.03,119.9075,119.915,10077,2024-02-21
2024-02-21 19:00:00,119.91,120.05,119.8673,120.035,11665,2024-02-21
2024-02-21 19:05:00,120.025,120.15,120.025,120.03,13920,2024-02-21
2024-02-21 19:10:00,120.04,120.1,119.9259,119.9259,11844,2024-02-21
2024-02-21 19:15:00,119.91,120.02,119.9,119.96,8486,2024-02-21
2024-02-21 19:20:00,119.97,119.97,119.855,119.92,13482,2024-02-21
2024-02-21 19:25:00,119.9,119.97,119.85,119.87,7876,2024-02-21
2024-02-21 19:30:00,119.855,119.9276,119.82,119.86,12883,2024-02-21
2024-02-21 19:35:00,119.88,119.955,119.88,119.955,5857,2024-02-21
2024-02-21 19:40:00,119.955,120,119.94,120,6667,2024-02-21
2024-02-21 19:45:00,119.99,120.02,119.97,119.985,9498,2024-02-21
2024-02-21 19:50:00,119.99,120.08,119.99,120.07,4903,2024-02-21
2024-02-21 19:55:00,120.0984,120.12,120.04,120.08,7334,2024-02-21
2024-02-21 20:00:00,120.11,120.11,120.0101,120.1,6687,2024-02-21
2024-02-21 20:05:00,120.145,120.17,120.11,120.16,10666,2024-02-21
2024-02-21 20:10:00,120.16,120.32,120.16,120.3,7658,2024-02-21
2024-02-21 20:15:00,120.305,120.36,120.24,120.255,8948,2024-02-21
2024-02-21 20:20:00,120.2301,120.29,120.2301,120.29,4136,2024-02-21
2024-02-21 20:25:00,120.28,120.28,120.105,120.12,9690,2024-02-21
2024-02-21 20:30:00,120.065,120.07,119.96,119.97,6674,2024-02-21
2024-02-21 20:35:00,119.9901,120.025,119.935,119.935,5942,2024-02-21
2024-02-21 20:40:00,119.945,119.965,119.87,119.88,7515,2024-02-21
2024-02-21 20:45:00,119.91,119.965,119.9,119.955,11003,2024-02-21
2024-02-21 20:50:00,119.95,119.95,119.9056,119.93,5098,2024-02-21
2024-02-21 20:55:00,119.95,119.965,119.892,119.892,9197,2024-02-21
2024-02-21 21:00:00,119.91,119.92,119.81,119.84,10661,2024-02-21
2024-02-21 21:05:00,119.86,119.89,119.86,119.89,3358,2024-02-21
2024-02-21 21:10:00,119.87,119.93,119.86,119.9001,10975,2024-02-21
2024-02-21 21:15:00,119.9,119.97,119.86,119.95,8359,2024-02-21
2024-02-21 21:20:00,119.95,119.96,119.89,119.9,7308,2024-02-21
2024-02-21 21:25:00,119.91,119.98,119.9,119.95,9035,2024-02-21
2024-02-21 21:30:00,119.94,119.95,119.84,119.86,7721,2024-02-21
2024-02-21 21:35:00,119.86,119.88,119.85,119.87,4317,2024-02-21
2024-02-21 21:40:00,119.89,119.91,119.84,119.84,6964,2024-02-21
2024-02-21 21:45:00,119.85,119.91,119.83,119.91,6971,2024-02-21
2024-02-21 21:50:00,119.885,119.9038,119.84,119.84,6994,2024-02-21
2024-02-21 21:55:00,119.86,119.9,119.85,119.9,4779,2024-02-21
2024-02-21 22:00:00,119.91,120,119.89,119.98,5672,2024-02-21
2024-02-21 22:05:00,119.99,119.9994,119.92,119.92,7194,2024-02-21
2024-02-21 22:10:00,119.93,119.94,119.88,119.88,7834,2024-02-21
2024-02-21 22:15:00,119.88,119.9,119.86,119.87,6166,2024-02-21
2024-02-21 22:20:00,119.875,119.89,119.79,119.88,9114,2024-02-21
2024-02-21 22:25:00,119.86,120,119.85,119.99,9278,2024-02-21
2024-02-21 22:30:00,119.98,119.98,119.87,119.9,8917,2024-02-21
2024-02-21 22:35:00,119.93,119.98,119.91,119.96,9100,2024-02-21
2024-02-21 22:40:00,119.95,120.03,119.95,120.03,11861,2024-02-21
2024-02-21 22:45:00,120.04,120.09,120.0219,120.04,9870,2024-02-21
2024-02-21 22:50:00,120.05,120.08,120.04,120.06,8413,2024-02-21
2024-02-21 22:55:00,120.0644,120.0991,120.05,120.065,12258,2024-02-21
2024-02-21 23:00:00,120.065,120.09,120.015,120.07,12093,2024-02-21
2024-02-21 23:05:00,120.075,120.075,120.02,120.055,11682,2024-02-21
2024-02-21 23:10:00,120.06,120.06,119.96,120,11488,2024-02-21
2024-02-21 23:15:00,120.005,120.005,119.915,119.96,19793,2024-02-21
2024-02-21 23:20:00,119.96,119.98,119.9,119.91,13744,2024-02-21
2024-02-21 23:25:00,119.91,120.04,119.91,120.0398,14199,2024-02-21
2024-02-21 23:30:00,120.03,120.11,120.0197,120.06,21240,2024-02-21
2024-02-21 23:35:00,120.06,120.12,120.06,120.07,20737,2024-02-21
2024-02-21 23:40:00,120.075,120.13,120.05,120.06,29655,2024-02-21
2024-02-21 23:45:00,120.065,120.14,120.04,120.12,32349,2024-02-21
2024-02-21 23:50:00,120.15,120.35,120.13,120.27,59424,2024-02-21
2024-02-21 23:55:00,120.27,120.48,120.25,120.46,158039,2024-02-21
2024-02-22 00:00:00,120.45,120.45,120.45,120.45,7626,2024-02-21
2024-02-22 00:20:00,120.45,120.45,120.45,120.45,6420,2024-02-21
2024-02-22 17:05:00,120.9999,120.9999,120.9999,120.9999,187,2024-02-22
2024-02-22 17:25:00,119.86,119.86,119.86,119.86,437,2024-02-22
2024-02-22 17:30:00,119.76,119.76,119,119.375,43157,2024-02-22
2024-02-22 17:35:00,119.37,119.38,118.84,118.9,37204,2024-02-22
2024-02-22 17:40:00,118.85,118.99,118.85,118.97,22610,2024-02-22
2024-02-22 17:45:00,118.99,119.045,118.62,119.045,64233,2024-02-22
2024-02-22 17:50:00,119.045,119.36,118.86,119.315,31058,2024-02-22
2024-02-22 17:55:00,119.27,119.56,119.26,119.445,21654,2024-02-22
2024-02-22 18:00:00,119.49,119.8,119.45,119.72,20596,2024-02-22
2024-02-22 18:05:00,119.73,119.74,119.37,119.41,17466,2024-02-22
2024-02-22 18:10:00,119.38,119.51,119.23,119.3,39799,2024-02-22
2024-02-22 18:15:00,119.31,119.3389,119.095,119.19,17503,2024-02-22
2024-02-22 18:20:00,119.165,119.21,119.04,119.205,14910,2024-02-22
2024-02-22 18:25:00,119.23,119.2997,119.17,119.2652,8278,2024-02-22
2024-02-22 18:30:00,119.25,119.33,119.15,119.29,10199,2024-02-22
2024-02-22 18:35:00,119.28,119.38,119.28,119.33,8874,2024-02-22
2024-02-22 18:40:00,119.35,119.53,119.35,119.46,19843,2024-02-22
2024-02-22 18:45:00,119.47,119.56,119.44,119.545,12806,2024-02-22
2024-02-22 18:50:00,119.53,119.53,119.39,119.4,13534,2024-02-22
2024-02-22 18:55:00,119.4042,119.5325,119.39,119.48,11681,2024-02-22
2024-02-22 19:00:00,119.5,119.55,119.43,119.48,42760,2024-02-22
2024-02-22 19:05:00,119.48,119.54,119.44,119.52,9992,2024-02-22
2024-02-22 19:10:00,119.56,119.7505,119.56,119.5901,11566,2024-02-22
2024-02-22 19:15:00,119.65,119.72,119.65,119.7177,5350,2024-02-22
2024-02-22 19:20:00,119.71,119.73,119.66,119.6846,9747,2024-02-22
2024-02-22 19:25:00,119.71,119.78,119.64,119.77,8625,2024-02-22
2024-02-22 19:30:00,119.76,119.81,119.7,119.725,11821,2024-02-22
2024-02-22 19:35:00,119.75,119.88,119.75,119.83,6662,2024-02-22
2024-02-22 19:40:00,119.81,119.9,119.81,119.8271,9668,2024-02-22
2024-02-22 19:45:00,119.83,119.86,119.74,119.76,11080,2024-02-22
2024-02-22 19:50:00,119.78,119.89,119.78,119.85,10211,2024-02-22
2024-02-22 19:55:00,119.8552,119.88,119.844,119.86,5089,2024-02-22
2024-02-22 20:00:00,119.86,119.98,119.8301,119.98,6704,2024-02-22
2024-02-22 20:05:00,119.97,120.01,119.9201,119.95,6935,2024-02-22
2024-02-22 20:10:00,119.935,120.0021,119.93,119.9778,6930,2024-02-22
2024-02-22 20:15:00,119.98,120.045,119.96,120.03,7533,2024-02-22
2024-02-22 20:20:00,120.0205,120.08,120.02,120.08,6556,2024-02-22
2024-02-22 20:25:00,120.12,120.12,120.06,120.07,9133,2024-02-22
2024-02-22 20:30:00,120.07,120.115,120.06,120.09,5876,2024-02-22
2024-02-22 20:35:00,120.08,120.095,120.04,120.082,6949,2024-02-22
2024-02-22 20:40:00,120.09,120.14,120.09,120.11,7100,2024-02-22
2024-02-22 20:45:00,120.13,120.1699,120.11,120.162,6116,2024-02-22
2024-02-22 20:50:00,120.14,120.15,120.08,120.115,8024,2024-02-22
2024-02-22 20:55:00,120.095,120.18,120.093,120.093,8836,2024-02-22
2024-02-22 21:00:00,120.12,120.23,120.11,120.21,5978,2024-02-22
2024-02-22 21:05:00,120.17,120.26,120.17,120.24,5451,2024-02-22
2024-02-22 21:10:00,120.23,120.27,120.21,120.23,9283,2024-02-22
2024-02-22 21:15:00,120.24,120.38,120.24,120.38,8806,2024-02-22
2024-02-22 21:20:00,120.395,120.58,120.37,120.58,13548,2024-02-22
2024-02-22 21:25:00,120.6,120.675,120.57,120.66,9929,2024-02-22
2024-02-22 21:30:00,120.701,120.84,120.66,120.84,11732,2024-02-22
2024-02-22 21:35:00,120.84,120.9,120.84,120.89,9900,2024-02-22
2024-02-22 21:40:00,120.89,120.95,120.88,120.95,7776,2024-02-22
2024-02-22 21:45:00,120.9475,120.96,120.89,120.9,7434,2024-02-22
2024-02-22 21:50:00,120.89,120.9,120.82,120.82,10024,2024-02-22
2024-02-22 21:55:00,120.82,120.91,120.816,120.89,8569,2024-02-22
2024-02-22 22:00:00,120.9,121.08,120.9,121.07,10628,2024-02-22
2024-02-22 22:05:00,121.03,121.0952,121.02,121.06,15886,2024-02-22
2024-02-22 22:10:00,121.06,121.15,121.01,121.1395,16602,2024-02-22
2024-02-22 22:15:00,121.135,121.15,121.05,121.08,9816,2024-02-22
2024-02-22 22:20:00,121.11,121.15,121.07,121.15,16923,2024-02-22
2024-02-22 22:25:00,121.15,121.23,121.15,121.18,14412,2024-02-22
2024-02-22 22:30:00,121.2,121.21,121.03,121.1,11362,2024-02-22
2024-02-22 22:35:00,121.1,121.18,121.08,121.18,10075,2024-02-22
2024-02-22 22:40:00,121.19,121.195,121.13,121.195,11383,2024-02-22
2024-02-22 22:45:00,121.19,121.2,121.1007,121.13,10594,2024-02-22
2024-02-22 22:50:00,121.13,121.1325,121.08,121.115,11602,2024-02-22
2024-02-22 22:55:00,121.11,121.2,121.1,121.14,18705,2024-02-22
2024-02-22 23:00:00,121.17,121.26,121.17,121.23,12373,2024-02-22
2024-02-22 23:05:00,121.22,121.22,121.03,121.07,14154,2024-02-22
2024-02-22 23:10:00,121.06,121.06,120.955,121.03,12913,2024-02-22
2024-02-22 23:15:00,121.02,121.0617,121,121.04,15990,2024-02-22
2024-02-22 23:20:00,121.04,121.21,121.04,121.19,12759,2024-02-22
2024-02-22 23:25:00,121.19,121.22,121.09,121.1,20287,2024-02-22
2024-02-22 23:30:00,121.09,121.09,120.89,120.89,19358,2024-02-22
2024-02-22 23:35:00,120.89,120.91,120.76,120.81,19175,2024-02-22
2024-02-22 23:40:00,120.81,120.85,120.76,120.76,27947,2024-02-22
2024-02-22 23:45:00,120.74,120.82,120.72,120.8,29779,2024-02-22
2024-02-22 23:50:00,120.81,121.1,120.79,121.09,55988,2024-02-22
2024-02-22 23:55:00,121.09,121.225,121.04,121.06,139294,2024-02-22
2024-02-23 00:00:00,121.05,121.05,121.05,121.05,6981,2024-02-22
2024-02-23 00:05:00,121.05,121.05,121.05,121.05,23006,2024-02-22
2024-02-23 00:20:00,121.05,121.05,121.05,121.05,226,2024-02-22
2024-02-23 17:25:00,121.22,121.42,121.22,121.42,1133,2024-02-23
2024-02-23 17:30:00,121.36,121.545,120.95,121.12,36245,2024-02-23
2024-02-23 17:35:00,121.1236,121.235,121.01,121.21,9386,2024-02-23
2024-02-23 17:40:00,121.28,121.65,121.28,121.64,10027,2024-02-23
2024-02-23 17:45:00,121.61,121.83,121.59,121.785,12008,2024-02-23
2024-02-23 17:50:00,121.82,121.83,121.7,121.76,11212,2024-02-23
2024-02-23 17:55:00,121.74,122.015,121.74,121.935,19392,2024-02-23
2024-02-23 18:00:00,121.935,121.96,121.7805,121.94,9738,2024-02-23
2024-02-23 18:05:00,122,122.01,121.94,122.0025,19179,2024-02-23
2024-02-23 18:10:00,122,122.35,121.99,122.28,41301,2024-02-23
2024-02-23 18:15:00,122.28,122.37,122.26,122.3,29041,2024-02-23
2024-02-23 18:20:00,122.3,122.55,122.26,122.47,23188,2024-02-23
2024-02-23 18:25:00,122.48,122.65,122.47,122.615,53771,2024-02-23
2024-02-23 18:30:00,122.6,122.62,122.51,122.575,26531,2024-02-23
2024-02-23 18:35:00,122.59,122.6,122.3201,122.36,16301,2024-02-23
2024-02-23 18:40:00,122.33,122.59,122.3292,122.52,12525,2024-02-23
2024-02-23 18:45:00,122.495,122.495,122.35,122.37,8537,2024-02-23
2024-02-23 18:50:00,122.35,122.35,122.14,122.14,9951,2024-02-23
2024-02-23 18:55:00,122.13,122.32,122.09,122.245,24824,2024-02-23
2024-02-23 19:00:00,122.27,122.29,122.11,122.12,6818,2024-02-23
2024-02-23 19:05:00,122.16,122.35,122.16,122.25,9601,2024-02-23
2024-02-23 19:10:00,122.26,122.27,122.15,122.15,11400,2024-02-23
2024-02-23 19:15:00,122.13,122.2001,122.025,122.04,14436,2024-02-23
2024-02-23 19:20:00,122.03,122.03,121.84,121.85,15503,2024-02-23
2024-02-23 19:25:00,121.81,121.87,121.76,121.87,14367,2024-02-23
2024-02-23 19:30:00,121.83,121.91,121.74,121.805,13999,2024-02-23
2024-02-23 19:35:00,121.765,121.91,121.765,121.91,8228,2024-02-23
2024-02-23 19:40:00,121.93,122.025,121.92,122,14271,2024-02-23
2024-02-23 19:45:00,121.97,122.055,121.97,121.985,12778,2024-02-23
2024-02-23 19:50:00,121.985,121.99,121.88,121.89,19822,2024-02-23
2024-02-23 19:55:00,121.88,121.88,121.7,121.72,9796,2024-02-23
2024-02-23 20:00:00,121.72,121.76,121.68,121.73,10732,2024-02-23
2024-02-23 20:05:00,121.73,121.78,121.6635,121.73,10664,2024-02-23
2024-02-23 20:10:00,121.71,121.73,121.62,121.7,8572,2024-02-23
2024-02-23 20:15:00,121.71,121.71,121.64,121.68,7876,2024-02-23
2024-02-23 20:20:00,121.697,121.697,121.595,121.62,7139,2024-02-23
2024-02-23 20:25:00,121.62,121.66,121.595,121.625,7714,2024-02-23
2024-02-23 20:30:00,121.635,121.65,121.6,121.64,6796,2024-02-23
2024-02-23 20:35:00,121.59,121.5982,121.47,121.49,7990,2024-02-23
2024-02-23 20:40:00,121.495,121.54,121.45,121.54,6513,2024-02-23
2024-02-23 20:45:00,121.52,121.56,121.5,121.539,6937,2024-02-23
2024-02-23 20:50:00,121.54,121.565,121.54,121.555,6187,2024-02-23
2024-02-23 20:55:00,121.5599,121.64,121.555,121.6,6038,2024-02-23
2024-02-23 21:00:00,121.6,121.62,121.595,121.61,5174,2024-02-23
2024-02-23 21:05:00,121.62,121.63,121.565,121.58,7273,2024-02-23
2024-02-23 21:10:00,121.56,121.675,121.56,121.675,6596,2024-02-23
2024-02-23 21:15:00,121.68,121.715,121.66,121.715,7223,2024-02-23
2024-02-23 21:20:00,121.72,121.78,121.72,121.78,4741,2024-02-23
2024-02-23 21:25:00,121.785,121.815,121.77,121.79,7898,2024-02-23
2024-02-23 21:30:00,121.82,121.82,121.78,121.78,5325,2024-02-23
2024-02-23 21:35:00,121.79,121.81,121.76,121.79,4940,2024-02-23
2024-02-23 21:40:00,121.79,121.79,121.69,121.705,6882,2024-02-23
2024-02-23 21:45:00,121.7,121.7,121.65,121.66,6374,2024-02-23
2024-02-23 21:50:00,121.67,121.72,121.67,121.71,6533,2024-02-23
2024-02-23 21:55:00,121.71,121.75,121.7,121.75,9929,2024-02-23
2024-02-23 22:00:00,121.75,121.81,121.73,121.735,8964,2024-02-23
2024-02-23 22:05:00,121.71,121.735,121.64,121.705,10727,2024-02-23
2024-02-23 22:10:00,121.68,121.72,121.65,121.7,8565,2024-02-23
2024-02-23 22:15:00,121.71,121.745,121.67,121.745,7198,2024-02-23
2024-02-23 22:20:00,121.7386,121.76,121.72,121.75,7649,2024-02-23
2024-02-23 22:25:00,121.77,121.81,121.735,121.76,8998,2024-02-23
2024-02-23 22:30:00,121.75,121.75,121.69,121.74,9235,2024-02-23
2024-02-23 22:35:00,121.73,121.76,121.69,121.75,10269,2024-02-23
2024-02-23 22:40:00,121.75,121.8,121.725,121.76,9230,2024-02-23
2024-02-23 22:45:00,121.775,121.84,121.775,121.83,6651,2024-02-23
2024-02-23 22:50:00,121.82,121.86,121.79,121.86,8838,2024-02-23
2024-02-23 22:55:00,121.865,122,121.865,121.96,15473,2024-02-23
2024-02-23 23:00:00,121.98,122.03,121.87,121.965,15180,2024-02-23
2024-02-23 23:05:00,121.935,122,121.915,121.94,11336,2024-02-23
2024-02-23 23:10:00,121.955,121.9799,121.9105,121.97,8174,2024-02-23
2024-02-23 23:15:00,121.96,121.99,121.9407,121.99,12350,2024-02-23
2024-02-23 23:20:00,121.99,122.06,121.98,122.05,10971,2024-02-23
2024-02-23 23:25:00,122.06,122.1,122.06,122.08,13850,2024-02-23
2024-02-23 23:30:00,122.08,122.1,121.94,121.97,35633,2024-02-23
2024-02-23 23:35:00,121.95,121.95,121.8,121.8,22176,2024-02-23
2024-02-23 23:40:00,121.8,121.81,121.71,121.725,26843,2024-02-23
2024-02-23 23:45:00,121.73,121.915,121.68,121.915,34595,2024-02-23
2024-02-23 23:50:00,121.89,121.92,121.7,121.75,45600,2024-02-23
2024-02-23 23:55:00,121.76,121.79,121.62,121.62,129755,2024-02-23
2024-02-24 00:00:00,121.64,121.64,121.64,121.64,8003,2024-02-23
2024-02-24 00:20:00,121.64,121.64,121.64,121.64,1947,2024-02-23
2024-02-26 17:30:00,121.47,121.75,121.47,121.73,16910,2024-02-26
2024-02-26 17:35:00,121.85,121.87,121.67,121.76,5299,2024-02-26
2024-02-26 17:40:00,121.67,121.89,121.66,121.85,8162,2024-02-26
2024-02-26 17:45:00,121.94,122.08,121.86,121.92,5423,2024-02-26
2024-02-26 17:50:00,121.87,122.06,121.87,121.97,8499,2024-02-26
2024-02-26 17:55:00,121.96,122.055,121.65,122.055,13493,2024-02-26
2024-02-26 18:00:00,121.9,121.97,121.81,121.81,8742,2024-02-26
2024-02-26 18:05:00,121.775,121.845,121.73,121.79,5200,2024-02-26
2024-02-26 18:10:00,121.755,121.79,121.67,121.705,11569,2024-02-26
2024-02-26 18:15:00,121.74,121.77,121.47,121.47,6207,2024-02-26
2024-02-26 18:20:00,121.43,121.535,121.415,121.53,6466,2024-02-26
2024-02-26 18:25:00,121.47,121.6423,121.43,121.64,8238,2024-02-26
2024-02-26 18:30:00,121.63,121.8,121.6208,121.64,29107,2024-02-26
2024-02-26 18:35:00,121.63,121.95,121.595,121.83,8524,2024-02-26
2024-02-26 18:40:00,121.83,121.87,121.74,121.82,6659,2024-02-26
2024-02-26 18:45:00,121.8,121.85,121.685,121.685,4867,2024-02-26
2024-02-26 18:50:00,121.6,121.6,121.5,121.54,7448,2024-02-26
2024-02-26 18:55:00,121.52,121.64,121.515,121.57,6811,2024-02-26
2024-02-26 19:00:00,121.585,121.65,121.495,121.55,7383,2024-02-26
2024-02-26 19:05:00,121.55,121.645,121.52,121.63,6759,2024-02-26
2024-02-26 19:10:00,121.6,121.62,121.55,121.59,5676,2024-02-26
2024-02-26 19:15:00,121.61,121.69,121.58,121.645,6597,2024-02-26
2024-02-26 19:20:00,121.659,121.7,121.62,121.63,10709,2024-02-26
2024-02-26 19:25:00,121.65,121.66,121.5,121.52,13976,2024-02-26
2024-02-26 19:30:00,121.52,121.54,121.465,121.47,6813,2024-02-26
2024-02-26 19:35:00,121.48,121.49,121.38,121.49,9768,2024-02-26
2024-02-26 19:40:00,121.495,121.56,121.495,121.54,16603,2024-02-26
2024-02-26 19:45:00,121.53,121.59,121.48,121.58,8384,2024-02-26
2024-02-26 19:50:00,121.59,121.6,121.56,121.6,8213,2024-02-26
2024-02-26 19:55:00,121.595,121.61,121.57,121.605,8063,2024-02-26
2024-02-26 20:00:00,121.6,121.645,121.55,121.63,13699,2024-02-26
2024-02-26 20:05:00,121.64,121.66,121.52,121.52,7825,2024-02-26
2024-02-26 20:10:00,121.5,121.5,121.44,121.475,6128,2024-02-26
2024-02-26 20:15:00,121.47,121.485,121.45,121.48,3547,2024-02-26
2024-02-26 20:20:00,121.49,121.51,121.37,121.38,9080,2024-02-26
2024-02-26 20:25:00,121.37,121.42,121.345,121.415,6924,2024-02-26
2024-02-26 20:30:00,121.4,121.4,121.27,121.33,8923,2024-02-26
2024-02-26 20:35:00,121.325,121.345,121.23,121.26,10447,2024-02-26
2024-02-26 20:40:00,121.26,121.28,121.18,121.2,8507,2024-02-26
2024-02-26 20:45:00,121.2,121.3,121.2,121.2846,7888,2024-02-26
2024-02-26 20:50:00,121.29,121.33,121.285,121.29,4218,2024-02-26
2024-02-26 20:55:00,121.295,121.32,121.29,121.3,5376,2024-02-26
2024-02-26 21:00:00,121.3,121.31,121.21,121.215,9702,2024-02-26
2024-02-26 21:05:00,121.21,121.245,121.21,121.225,2931,2024-02-26
2024-02-26 21:10:00,121.19,121.25,121.19,121.25,9282,2024-02-26
2024-02-26 21:15:00,121.26,121.36,121.26,121.29,6608,2024-02-26
2024-02-26 21:20:00,121.28,121.335,121.22,121.23,8593,2024-02-26
2024-02-26 21:25:00,121.2,121.23,121.175,121.22,8954,2024-02-26
2024-02-26 21:30:00,121.1957,121.2,121.09,121.09,6041,2024-02-26
2024-02-26 21:35:00,121.09,121.14,121.08,121.12,4194,2024-02-26
2024-02-26 21:40:00,121.17,121.26,121.17,121.22,3921,2024-02-26
2024-02-26 21:45:00,121.235,121.235,121.1,121.1,5936,2024-02-26
2024-02-26 21:50:00,121.12,121.26,121.11,121.24,9665,2024-02-26
2024-02-26 21:55:00,121.23,121.25,121.21,121.25,4336,2024-02-26
2024-02-26 22:00:00,121.26,121.2864,121.215,121.23,6174,2024-02-26
2024-02-26 22:05:00,121.25,121.31,121.24,121.27,9946,2024-02-26
2024-02-26 22:10:00,121.27,121.34,121.24,121.26,8845,2024-02-26
2024-02-26 22:15:00,121.25,121.25,121.13,121.17,7738,2024-02-26
2024-02-26 22:20:00,121.1625,121.17,121.0678,121.109,10731,2024-02-26
2024-02-26 22:25:00,121.1,121.21,121.094,121.21,7660,2024-02-26
2024-02-26 22:30:00,121.23,121.32,121.2263,121.26,6349,2024-02-26
2024-02-26 22:35:00,121.31,121.32,121.23,121.25,7061,2024-02-26
2024-02-26 22:40:00,121.24,121.25,121.2,121.24,8934,2024-02-26
2024-02-26 22:45:00,121.225,121.29,121.225,121.265,8201,2024-02-26
2024-02-26 22:50:00,121.27,121.35,121.27,121.32,7946,2024-02-26
2024-02-26 22:55:00,121.3,121.3472,121.3,121.3,5220,2024-02-26
2024-02-26 23:00:00,121.28,121.36,121.28,121.34,7782,2024-02-26
2024-02-26 23:05:00,121.31,121.32,121.265,121.3,12302,2024-02-26
2024-02-26 23:10:00,121.29,121.29,121.23,121.275,15384,2024-02-26
2024-02-26 23:15:00,121.3,121.34,121.3,121.32,10585,2024-02-26
2024-02-26 23:20:00,121.32,121.37,121.315,121.34,13207,2024-02-26
2024-02-26 23:25:00,121.34,121.4,121.281,121.3571,15720,2024-02-26
2024-02-26 23:30:00,121.355,121.47,121.35,121.47,19734,2024-02-26
2024-02-26 23:35:00,121.48,121.57,121.46,121.56,25072,2024-02-26
2024-02-26 23:40:00,121.56,121.605,121.51,121.6,30200,2024-02-26
2024-02-26 23:45:00,121.6,121.73,121.525,121.71,39272,2024-02-26
2024-02-26 23:50:00,121.73,121.75,121.57,121.6,58486,2024-02-26
2024-02-26 23:55:00,121.61,121.61,121.2,121.21,140335,2024-02-26
2024-02-27 00:00:00,121.23,121.23,121.23,121.23,15856,2024-02-26
2024-02-27 17:30:00,120.99,121.497,120.62,120.77,17327,2024-02-27
2024-02-27 17:35:00,120.67,120.9,120.6519,120.89,9537,2024-02-27
2024-02-27 17:40:00,120.93,121.21,120.87,121.08,8288,2024-02-27
2024-02-27 17:45:00,121.16,121.29,121.12,121.22,6909,2024-02-27
2024-02-27 17:50:00,121.195,121.25,121.09,121.09,4603,2024-02-27
2024-02-27 17:55:00,121.11,121.11,120.98,120.99,6155,2024-02-27
2024-02-27 18:00:00,121.045,121.11,120.95,121.06,18349,2024-02-27
2024-02-27 18:05:00,121.0364,121.165,120.99,120.99,19400,2024-02-27
2024-02-27 18:10:00,121.05,121.05,120.96,120.995,8737,2024-02-27
2024-02-27 18:15:00,121.02,121.11,120.86,120.87,14007,2024-02-27
2024-02-27 18:20:00,120.875,120.875,120.76,120.82,8343,2024-02-27
2024-02-27 18:25:00,120.79,120.86,120.715,120.86,4899,2024-02-27
2024-02-27 18:30:00,120.82,120.8599,120.78,120.83,4449,2024-02-27
2024-02-27 18:35:00,120.83,120.83,120.67,120.74,6110,2024-02-27
2024-02-27 18:40:00,120.76,120.82,120.685,120.81,4737,2024-02-27
2024-02-27 18:45:00,120.805,120.88,120.695,120.695,17970,2024-02-27
2024-02-27 18:50:00,120.7294,120.73,120.63,120.66,6504,2024-02-27
2024-02-27 18:55:00,120.68,120.7333,120.65,120.65,10325,2024-02-27
2024-02-27 19:00:00,120.635,120.66,120.59,120.66,7606,2024-02-27
2024-02-27 19:05:00,120.69,120.73,120.63,120.64,5112,2024-02-27
2024-02-27 19:10:00,120.67,120.67,120.58,120.58,5631,2024-02-27
2024-02-27 19:15:00,120.5704,120.62,120.5181,120.605,12604,2024-02-27
2024-02-27 19:20:00,120.625,120.64,120.58,120.58,4245,2024-02-27
2024-02-27 19:25:00,120.585,120.715,120.585,120.715,7882,2024-02-27
2024-02-27 19:30:00,120.72,120.77,120.72,120.76,4719,2024-02-27
2024-02-27 19:35:00,120.73,120.76,120.71,120.71,4796,2024-02-27
2024-02-27 19:40:00,120.725,120.725,120.68,120.7002,5434,2024-02-27
2024-02-27 19:45:00,120.69,120.69,120.54,120.62,9924,2024-02-27
2024-02-27 19:50:00,120.605,120.605,120.53,120.5404,6727,2024-02-27
2024-02-27 19:55:00,120.565,120.65,120.54,120.59,7913,2024-02-27
2024-02-27 20:00:00,120.57,120.63,120.57,120.63,2709,2024-02-27
2024-02-27 20:05:00,120.625,120.625,120.58,120.59,3598,2024-02-27
2024-02-27 20:10:00,120.58,120.595,120.53,120.56,5269,2024-02-27
2024-02-27 20:15:00,120.5315,120.57,120.53,120.57,5696,2024-02-27
2024-02-27 20:20:00,120.57,120.6356,120.56,120.6356,5694,2024-02-27
2024-02-27 20:25:00,120.62,120.68,120.6,120.6,5748,2024-02-27
2024-02-27 20:30:00,120.59,120.73,120.59,120.71,6751,2024-02-27
2024-02-27 20:35:00,120.68,120.785,120.6541,120.785,8417,2024-02-27
2024-02-27 20:40:00,120.76,120.76,120.72,120.7308,3361,2024-02-27
2024-02-27 20:45:00,120.75,120.83,120.74,120.83,4713,2024-02-27
2024-02-27 20:50:00,120.84,120.855,120.8258,120.855,3564,2024-02-27
2024-02-27 20:55:00,120.855,120.92,120.84,120.865,6017,2024-02-27
2024-02-27 21:00:00,120.85,120.88,120.795,120.84,7248,2024-02-27
2024-02-27 21:05:00,120.83,120.86,120.81,120.83,2572,2024-02-27
2024-02-27 21:10:00,120.82,120.825,120.76,120.78,4253,2024-02-27
2024-02-27 21:15:00,120.7875,120.85,120.7875,120.82,3655,2024-02-27
2024-02-27 21:20:00,120.82,120.92,120.82,120.92,9995,2024-02-27
2024-02-27 21:25:00,120.97,120.975,120.865,120.865,7040,2024-02-27
2024-02-27 21:30:00,120.86,120.92,120.86,120.87,6054,2024-02-27
2024-02-27 21:35:00,120.865,120.915,120.865,120.87,4174,2024-02-27
2024-02-27 21:40:00,120.87,120.92,120.87,120.88,7815,2024-02-27
2024-02-27 21:45:00,120.87,120.9,120.86,120.89,12977,2024-02-27
2024-02-27 21:50:00,120.8819,120.93,120.8311,120.86,5823,2024-02-27
2024-02-27 21:55:00,120.87,120.94,120.845,120.89,15482,2024-02-27
2024-02-27 22:00:00,120.9,120.9,120.86,120.8907,8080,2024-02-27
2024-02-27 22:05:00,120.88,120.97,120.8797,120.91,32252,2024-02-27
2024-02-27 22:10:00,120.86,120.86,120.801,120.82,6647,2024-02-27
2024-02-27 22:15:00,120.82,120.8998,120.7904,120.85,13395,2024-02-27
2024-02-27 22:20:00,120.84,120.8425,120.74,120.74,5474,2024-02-27
2024-02-27 22:25:00,120.75,120.75,120.67,120.6784,9325,2024-02-27
2024-02-27 22:30:00,120.65,120.695,120.565,120.565,12262,2024-02-27
2024-02-27 22:35:00,120.575,120.64,120.49,120.57,17174,2024-02-27
2024-02-27 22:40:00,120.56,120.58,120.52,120.58,9374,2024-02-27
2024-02-27 22:45:00,120.58,120.61,120.51,120.51,9071,2024-02-27
2024-02-27 22:50:00,120.5,120.63,120.5,120.63,15614,2024-02-27
2024-02-27 22:55:00,120.63,120.735,120.63,120.71,10491,2024-02-27
2024-02-27 23:00:00,120.7134,120.85,120.7134,120.85,7660,2024-02-27
2024-02-27 23:05:00,120.84,120.84,120.7382,120.7382,14500,2024-02-27
2024-02-27 23:10:00,120.74,120.76,120.72,120.75,6799,2024-02-27
2024-02-27 23:15:00,120.75,120.75,120.66,120.7,12682,2024-02-27
2024-02-27 23:20:00,120.71,120.77,120.685,120.77,12229,2024-02-27
2024-02-27 23:25:00,120.79,120.795,120.701,120.73,10572,2024-02-27
2024-02-27 23:30:00,120.72,120.87,120.71,120.84,16133,2024-02-27
2024-02-27 23:35:00,120.86,120.99,120.86,120.99,18937,2024-02-27
2024-02-27 23:40:00,120.98,121.1199,120.98,121.1199,21051,2024-02-27
2024-02-27 23:45:00,121.095,121.095,121,121.015,29893,2024-02-27
2024-02-27 23:50:00,121.03,121.28,121.03,121.27,61645,2024-02-27
2024-02-27 23:55:00,121.27,121.42,121.18,121.19,155286,2024-02-27
2024-02-28 00:00:00,121.19,121.19,121.19,121.19,21047,2024-02-27
2024-02-28 00:05:00,121.19,121.19,121.19,121.19,1258,2024-02-27
2024-02-28 00:20:00,121.19,121.19,121.19,121.19,875,2024-02-27
2024-02-28 01:05:00,120.5,120.5,120.5,120.5,150,2024-02-27
2024-02-28 17:30:00,121.09,121.14,120.6,120.6,14923,2024-02-28
2024-02-28 17:35:00,120.53,120.72,120.53,120.575,20499,2024-02-28
2024-02-28 17:40:00,120.625,120.87,120.625,120.87,10923,2024-02-28
2024-02-28 17:45:00,120.88,120.99,120.84,120.91,5778,2024-02-28
2024-02-28 17:50:00,120.895,121.17,120.895,121.135,8908,2024-02-28
2024-02-28 17:55:00,121.1,121.19,120.98,121.08,11238,2024-02-28
2024-02-28 18:00:00,121.075,121.26,121.075,121.23,5763,2024-02-28
2024-02-28 18:05:00,121.25,121.315,121.16,121.2556,11577,2024-02-28
2024-02-28 18:10:00,121.24,121.26,121.22,121.2401,6699,2024-02-28
2024-02-28 18:15:00,121.28,121.35,121.27,121.28,10739,2024-02-28
2024-02-28 18:20:00,121.29,121.39,121.2419,121.39,5947,2024-02-28
2024-02-28 18:25:00,121.39,121.39,121.275,121.36,8905,2024-02-28
2024-02-28 18:30:00,121.39,121.58,121.39,121.545,8983,2024-02-28
2024-02-28 18:35:00,121.55,121.59,121.5,121.5,8781,2024-02-28
2024-02-28 18:40:00,121.515,121.56,121.48,121.48,11304,2024-02-28
2024-02-28 18:45:00,121.45,121.45,121.28,121.2809,14586,2024-02-28
2024-02-28 18:50:00,121.3,121.34,121.205,121.29,18990,2024-02-28
2024-02-28 18:55:00,121.3,121.425,121.2456,121.41,11811,2024-02-28
2024-02-28 19:00:00,121.43,121.48,121.36,121.48,5664,2024-02-28
2024-02-28 19:05:00,121.475,121.475,121.3001,121.36,4766,2024-02-28
2024-02-28 19:10:00,121.39,121.49,121.36,121.45,14746,2024-02-28
2024-02-28 19:15:00,121.455,121.47,121.295,121.295,6651,2024-02-28
2024-02-28 19:20:00,121.28,121.3889,121.28,121.38,7144,2024-02-28
2024-02-28 19:25:00,121.36,121.38,121.32,121.32,8034,2024-02-28
2024-02-28 19:30:00,121.3,121.305,121.15,121.15,15865,2024-02-28
2024-02-28 19:35:00,121.152,121.16,121.04,121.04,10327,2024-02-28
2024-02-28 19:40:00,121.04,121.04,120.93,120.935,8570,2024-02-28
2024-02-28 19:45:00,120.935,121.065,120.935,121.065,8087,2024-02-28
2024-02-28 19:50:00,121.06,121.07,121.01,121.01,6919,2024-02-28
2024-02-28 19:55:00,121.03,121.06,120.88,120.89,8502,2024-02-28
2024-02-28 20:00:00,120.87,120.91,120.75,120.78,5860,2024-02-28
2024-02-28 20:05:00,120.8,120.8,120.73,120.7901,5920,2024-02-28
2024-02-28 20:10:00,120.8,120.835,120.7,120.7,4527,2024-02-28
2024-02-28 20:15:00,120.67,120.72,120.65,120.715,9921,2024-02-28
2024-02-28 20:20:00,120.725,120.73,120.645,120.65,13867,2024-02-28
2024-02-28 20:25:00,120.66,120.685,120.64,120.65,14402,2024-02-28
2024-02-28 20:30:00,120.66,120.69,120.645,120.68,5846,2024-02-28
2024-02-28 20:35:00,120.679,120.69,120.61,120.61,6538,2024-02-28
2024-02-28 20:40:00,120.6199,120.679,120.615,120.679,5431,2024-02-28
2024-02-28 20:45:00,120.69,120.72,120.675,120.72,8907,2024-02-28
2024-02-28 20:50:00,120.7,120.8099,120.68,120.78,18811,2024-02-28
2024-02-28 20:55:00,120.8,120.81,120.77,120.78,2810,2024-02-28
2024-02-28 21:00:00,120.8,120.87,120.7802,120.87,7908,2024-02-28
2024-02-28 21:05:00,120.8475,120.91,120.8475,120.91,3191,2024-02-28
2024-02-28 21:10:00,120.92,120.94,120.91,120.92,2807,2024-02-28
2024-02-28 21:15:00,120.94,120.96,120.93,120.95,3319,2024-02-28
2024-02-28 21:20:00,120.98,121.09,120.98,121.09,4809,2024-02-28
2024-02-28 21:25:00,121.09,121.175,121.09,121.165,8636,2024-02-28
2024-02-28 21:30:00,121.21,121.21,121.135,121.145,7091,2024-02-28
2024-02-28 21:35:00,121.1368,121.22,121.13,121.21,4081,2024-02-28
2024-02-28 21:40:00,121.216,121.23,121.04,121.07,10257,2024-02-28
2024-02-28 21:45:00,121.07,121.25,121.07,121.25,9408,2024-02-28
2024-02-28 21:50:00,121.22,121.29,121.21,121.29,3928,2024-02-28
2024-02-28 21:55:00,121.2633,121.3,121.2633,121.2861,7134,2024-02-28
2024-02-28 22:00:00,121.31,121.31,121.155,121.155,4154,2024-02-28
2024-02-28 22:05:00,121.16,121.235,121.14,121.22,8332,2024-02-28
2024-02-28 22:10:00,121.22,121.22,121.17,121.21,5145,2024-02-28
2024-02-28 22:15:00,121.2,121.25,121.11,121.25,8370,2024-02-28
2024-02-28 22:20:00,121.25,121.27,121.19,121.19,18526,2024-02-28
2024-02-28 22:25:00,121.17,121.2197,121.12,121.12,7414,2024-02-28
2024-02-28 22:30:00,121.13,121.19,121.11,121.17,12065,2024-02-28
2024-02-28 22:35:00,121.17,121.25,121.17,121.25,5549,2024-02-28
2024-02-28 22:40:00,121.29,121.33,121.2,121.2,6225,2024-02-28
2024-02-28 22:45:00,121.23,121.26,121.205,121.205,5017,2024-02-28
2024-02-28 22:50:00,121.16,121.19,121.115,121.18,8871,2024-02-28
2024-02-28 22:55:00,121.18,121.235,121.16,121.21,7071,2024-02-28
2024-02-28 23:00:00,121.22,121.27,121.2103,121.24,8236,2024-02-28
2024-02-28 23:05:00,121.225,121.225,121.16,121.1878,6817,2024-02-28
2024-02-28 23:10:00,121.16,121.21,121.16,121.16,7759,2024-02-28
2024-02-28 23:15:00,121.135,121.19,121.135,121.15,7046,2024-02-28
2024-02-28 23:20:00,121.15,121.16,121.071,121.071,9166,2024-02-28
2024-02-28 23:25:00,121.072,121.12,121.0675,121.12,8124,2024-02-28
2024-02-28 23:30:00,121.11,121.25,121.11,121.19,11327,2024-02-28
2024-02-28 23:35:00,121.2,121.2,121.131,121.1427,8831,2024-02-28
2024-02-28 23:40:00,121.14,121.18,121.1,121.12,13587,2024-02-28
2024-02-28 23:45:00,121.1181,121.29,121.1181,121.28,28416,2024-02-28
2024-02-28 23:50:00,121.28,121.29,121.09,121.14,43197,2024-02-28
2024-02-28 23:55:00,121.145,121.28,121.14,121.28,88734,2024-02-28
2024-02-29 00:00:00,121.23,121.23,121.23,121.23,6206,2024-02-28
2024-02-29 00:20:00,121.23,121.23,121.23,121.23,620,2024-02-28
2024-02-29 17:30:00,121.2,121.27,121.115,121.18,36147,2024-02-29
2024-02-29 17:35:00,121.18,121.25,121.04,121.25,14088,2024-02-29
2024-02-29 17:40:00,121.17,121.35,121.17,121.3189,25000,2024-02-29
2024-02-29 17:45:00,121.24,121.28,121.04,121.09,16940,2024-02-29
2024-02-29 17:50:00,121.085,121.18,120.78,120.82,18240,2024-02-29
2024-02-29 17:55:00,120.84,120.84,120.68,120.74,11553,2024-02-29
2024-02-29 18:00:00,120.695,120.76,120.54,120.58,9656,2024-02-29
2024-02-29 18:05:00,120.56,120.7999,120.555,120.7999,19422,2024-02-29
2024-02-29 18:10:00,120.835,120.865,120.72,120.79,23248,2024-02-29
2024-02-29 18:15:00,120.77,120.965,120.77,120.87,11089,2024-02-29
2024-02-29 18:20:00,120.865,120.865,120.63,120.775,17190,2024-02-29
2024-02-29 18:25:00,120.78,120.85,120.78,120.78,14358,2024-02-29
2024-02-29 18:30:00,120.76,120.85,120.705,120.7225,12390,2024-02-29
2024-02-29 18:35:00,120.71,120.815,120.705,120.81,11246,2024-02-29
2024-02-29 18:40:00,120.81,120.92,120.765,120.9,13442,2024-02-29
2024-02-29 18:45:00,120.895,121.105,120.895,121.105,13017,2024-02-29
2024-02-29 18:50:00,121.14,121.22,121.11,121.12,18740,2024-02-29
2024-02-29 18:55:00,121.12,121.22,121.12,121.195,11219,2024-02-29
2024-02-29 19:00:00,121.18,121.415,121.18,121.415,8858,2024-02-29
2024-02-29 19:05:00,121.4,121.41,121.31,121.4,15210,2024-02-29
2024-02-29 19:10:00,121.41,121.42,121.3,121.39,22121,2024-02-29
2024-02-29 19:15:00,121.39,121.4,121.29,121.305,11140,2024-02-29
2024-02-29 19:20:00,121.3,121.3899,121.18,121.23,30948,2024-02-29
2024-02-29 19:25:00,121.245,121.27,121.19,121.25,17648,2024-02-29
2024-02-29 19:30:00,121.24,121.29,121.16,121.165,13751,2024-02-29
2024-02-29 19:35:00,121.15,121.22,121.09,121.215,14490,2024-02-29
2024-02-29 19:40:00,121.21,121.355,121.21,121.25,9609,2024-02-29
2024-02-29 19:45:00,121.23,121.3,121.21,121.24,15814,2024-02-29
2024-02-29 19:50:00,121.245,121.27,121.18,121.19,16680,2024-02-29
2024-02-29 19:55:00,121.18,121.26,121.17,121.2,9691,2024-02-29
2024-02-29 20:00:00,121.21,121.275,121.21,121.275,11234,2024-02-29
2024-02-29 20:05:00,121.26,121.29,121.16,121.18,12557,2024-02-29
2024-02-29 20:10:00,121.19,121.28,121.19,121.28,6979,2024-02-29
2024-02-29 20:15:00,121.285,121.315,121.24,121.27,12148,2024-02-29
2024-02-29 20:20:00,121.275,121.36,121.25,121.36,16184,2024-02-29
2024-02-29 20:25:00,121.36,121.47,121.34,121.45,11767,2024-02-29
2024-02-29 20:30:00,121.45,121.515,121.41,121.515,9570,2024-02-29
2024-02-29 20:35:00,121.54,121.61,121.54,121.57,14023,2024-02-29
2024-02-29 20:40:00,121.58,121.64,121.57,121.61,11086,2024-02-29
2024-02-29 20:45:00,121.6016,121.665,121.53,121.66,13529,2024-02-29
2024-02-29 20:50:00,121.67,121.7,121.6001,121.68,9811,2024-02-29
2024-02-29 20:55:00,121.67,121.71,121.66,121.7,9599,2024-02-29
2024-02-29 21:00:00,121.7,121.73,121.66,121.72,8532,2024-02-29
2024-02-29 21:05:00,121.72,121.72,121.64,121.66,7928,2024-02-29
2024-02-29 21:10:00,121.64,121.665,121.59,121.65,10150,2024-02-29
2024-02-29 21:15:00,121.65,121.78,121.65,121.77,14781,2024-02-29
2024-02-29 21:20:00,121.79,121.85,121.715,121.72,17471,2024-02-29
2024-02-29 21:25:00,121.71,121.785,121.71,121.775,11289,2024-02-29
2024-02-29 21:30:00,121.76,121.76,121.69,121.695,12327,2024-02-29
2024-02-29 21:35:00,121.7,121.72,121.56,121.57,9424,2024-02-29
2024-02-29 21:40:00,121.58,121.61,121.48,121.48,12278,2024-02-29
2024-02-29 21:45:00,121.4703,121.4703,121.25,121.25,13254,2024-02-29
2024-02-29 21:50:00,121.23,121.4,121.23,121.39,16275,2024-02-29
2024-02-29 21:55:00,121.385,121.39,121.27,121.32,13134,2024-02-29
2024-02-29 22:00:00,121.31,121.44,121.27,121.42,17061,2024-02-29
2024-02-29 22:05:00,121.435,121.47,121.355,121.38,12628,2024-02-29
2024-02-29 22:10:00,121.37,121.45,121.32,121.4114,16668,2024-02-29
2024-02-29 22:15:00,121.43,121.44,121.345,121.35,9953,2024-02-29
2024-02-29 22:20:00,121.36,121.48,121.36,121.43,20603,2024-02-29
2024-02-29 22:25:00,121.42,121.46,121.325,121.34,11739,2024-02-29
2024-02-29 22:30:00,121.34,121.435,121.34,121.4108,13582,2024-02-29
2024-02-29 22:35:00,121.4201,121.455,121.4,121.43,11188,2024-02-29
2024-02-29 22:40:00,121.43,121.44,121.345,121.35,13325,2024-02-29
2024-02-29 22:45:00,121.34,121.4,121.31,121.33,17973,2024-02-29
2024-02-29 22:50:00,121.3131,121.37,121.27,121.36,17961,2024-02-29
2024-02-29 22:55:00,121.36,121.55,121.3506,121.53,37757,2024-02-29
2024-02-29 23:00:00,121.535,121.58,121.5,121.5001,16637,2024-02-29
2024-02-29 23:05:00,121.51,121.54,121.45,121.47,12142,2024-02-29
2024-02-29 23:10:00,121.48,121.56,121.48,121.56,16560,2024-02-29
2024-02-29 23:15:00,121.56,121.57,121.52,121.54,15630,2024-02-29
2024-02-29 23:20:00,121.53,121.57,121.48,121.4884,21985,2024-02-29
2024-02-29 23:25:00,121.5,121.5482,121.47,121.54,21843,2024-02-29
2024-02-29 23:30:00,121.55,121.62,121.55,121.57,22446,2024-02-29
2024-02-29 23:35:00,121.57,121.65,121.565,121.65,26969,2024-02-29
2024-02-29 23:40:00,121.66,121.7822,121.66,121.75,37917,2024-02-29
2024-02-29 23:45:00,121.75,121.82,121.67,121.82,51924,2024-02-29
2024-02-29 23:50:00,121.82,121.825,121.37,121.43,129528,2024-02-29
2024-02-29 23:55:00,121.43,121.43,121.04,121.17,323995,2024-02-29
2024-03-01 00:00:00,121.17,121.17,121.17,121.17,106326,2024-02-29
2024-03-01 00:05:00,121.17,121.17,121.17,121.17,3072,2024-02-29
2024-03-01 00:20:00,121.17,121.17,121.17,121.17,2785,2024-02-29
2024-03-01 00:25:00,120.7,120.7,120.7,120.7,931,2024-02-29
2024-03-01 12:00:00,121.7,122.01,121.7,122.01,2100,2024-03-01
2024-03-01 13:25:00,121.76,121.76,121.76,121.76,200,2024-03-01
2024-03-01 14:05:00,122.25,122.29,122,122,660,2024-03-01
2024-03-01 16:00:00,122.05,122.05,121.44,121.5,929,2024-03-01
2024-03-01 16:35:00,122,122,121.78,121.78,400,2024-03-01
2024-03-01 16:50:00,121.99,121.99,121.99,121.99,695,2024-03-01
2024-03-01 17:10:00,121.81,122,121.81,122,676,2024-03-01
2024-03-01 17:15:00,122.01,122.22,122,122.22,1869,2024-03-01
2024-03-01 17:20:00,121.97,122.2,121.97,122.2,630,2024-03-01
2024-03-01 17:25:00,122.5,122.75,122.5,122.75,665,2024-03-01
2024-03-01 17:30:00,121.73,121.92,121,121.62,71475,2024-03-01
2024-03-01 17:35:00,121.62,121.76,121.355,121.435,19683,2024-03-01
2024-03-01 17:40:00,121.415,121.76,121.38,121.55,14438,2024-03-01
2024-03-01 17:45:00,121.55,121.93,121.4489,121.81,18338,2024-03-01
2024-03-01 17:50:00,121.79,122.075,121.661,121.945,21453,2024-03-01
2024-03-01 17:55:00,121.98,122.11,121.92,121.97,42631,2024-03-01
2024-03-01 18:00:00,122,122.02,121.613,121.831,32670,2024-03-01
2024-03-01 18:05:00,121.86,122.005,121.83,122,15724,2024-03-01
2024-03-01 18:10:00,121.995,122.42,121.995,122.361,44205,2024-03-01
2024-03-01 18:15:00,122.36,122.485,122.33,122.39,23373,2024-03-01
2024-03-01 18:20:00,122.42,122.53,122.411,122.43,28104,2024-03-01
2024-03-01 18:25:00,122.45,122.77,122.45,122.73,42128,2024-03-01
2024-03-01 18:30:00,122.795,123.01,122.795,122.97,45002,2024-03-01
2024-03-01 18:35:00,122.94,122.96,122.741,122.815,19244,2024-03-01
2024-03-01 18:40:00,122.79,122.89,122.77,122.84,13253,2024-03-01
2024-03-01 18:45:00,122.811,122.925,122.74,122.74,16042,2024-03-01
2024-03-01 18:50:00,122.765,122.845,122.5,122.5,13653,2024-03-01
2024-03-01 18:55:00,122.54,122.74,122.54,122.67,15100,2024-03-01
2024-03-01 19:00:00,122.71,122.71,122.48,122.53,13407,2024-03-01
2024-03-01 19:05:00,122.55,122.682,122.53,122.543,13363,2024-03-01
2024-03-01 19:10:00,122.55,122.59,122.52,122.58,21933,2024-03-01
2024-03-01 19:15:00,122.58,122.63,122.485,122.5,20783,2024-03-01
2024-03-01 19:20:00,122.48,122.48,122.26,122.36,29601,2024-03-01
2024-03-01 19:25:00,122.32,122.32,121.87,121.87,37621,2024-03-01
2024-03-01 19:30:00,121.87,121.875,121.743,121.77,22428,2024-03-01
2024-03-01 19:35:00,121.76,121.76,121.55,121.61,22019,2024-03-01
2024-03-01 19:40:00,121.62,122.07,121.62,122.07,14495,2024-03-01
2024-03-01 19:45:00,122.12,122.31,122.12,122.3,94379,2024-03-01
2024-03-01 19:50:00,122.27,122.27,122.1,122.105,41781,2024-03-01
2024-03-01 19:55:00,122.1,122.3,122.08,122.24,12513,2024-03-01
2024-03-01 20:00:00,122.24,122.38,122.221,122.36,17491,2024-03-01
2024-03-01 20:05:00,122.37,122.55,122.37,122.49,22928,2024-03-01
2024-03-01 20:10:00,122.46,122.54,122.423,122.505,12941,2024-03-01
2024-03-01 20:15:00,122.5,122.61,122.4628,122.61,13800,2024-03-01
2024-03-01 20:20:00,122.63,122.66,122.6,122.64,14296,2024-03-01
2024-03-01 20:25:00,122.64,122.74,122.621,122.66,11086,2024-03-01
2024-03-01 20:30:00,122.67,122.712,122.625,122.712,12010,2024-03-01
2024-03-01 20:35:00,122.7,122.77,122.67,122.74,12596,2024-03-01
2024-03-01 20:40:00,122.74,122.74,122.59,122.67,9793,2024-03-01
2024-03-01 20:45:00,122.72,122.7224,122.66,122.72,10559,2024-03-01
2024-03-01 20:50:00,122.71,122.73,122.67,122.7,8860,2024-03-01
2024-03-01 20:55:00,122.71,122.73,122.57,122.57,9350,2024-03-01
2024-03-01 21:00:00,122.59,122.651,122.56,122.631,14157,2024-03-01
2024-03-01 21:05:00,122.62,122.62,122.57,122.601,8087,2024-03-01
2024-03-01 21:10:00,122.61,122.65,122.56,122.57,12334,2024-03-01
2024-03-01 21:15:00,122.54,122.58,122.53,122.54,10745,2024-03-01
2024-03-01 21:20:00,122.525,122.61,122.51,122.53,9061,2024-03-01
2024-03-01 21:25:00,122.53,122.555,122.5054,122.54,9225,2024-03-01
2024-03-01 21:30:00,122.55,122.58,122.495,122.551,11207,2024-03-01
2024-03-01 21:35:00,122.565,122.565,122.47,122.5197,14299,2024-03-01
2024-03-01 21:40:00,122.52,122.55,122.4664,122.55,12175,2024-03-01
2024-03-01 21:45:00,122.55,122.66,122.55,122.64,9222,2024-03-01
2024-03-01 21:50:00,122.63,122.67,122.61,122.65,8829,2024-03-01
2024-03-01 21:55:00,122.67,122.73,122.67,122.7,14213,2024-03-01
2024-03-01 22:00:00,122.71,122.77,122.69,122.71,13286,2024-03-01
2024-03-01 22:05:00,122.7191,122.84,122.704,122.77,18101,2024-03-01
2024-03-01 22:10:00,122.79,122.86,122.7501,122.76,8941,2024-03-01
2024-03-01 22:15:00,122.76,122.77,122.7,122.71,11716,2024-03-01
2024-03-01 22:20:00,122.7,122.8,122.7,122.8,11514,2024-03-01
2024-03-01 22:25:00,122.78,122.87,122.78,122.865,12619,2024-03-01
2024-03-01 22:30:00,122.88,122.88,122.72,122.735,12865,2024-03-01
2024-03-01 22:35:00,122.735,122.81,122.71,122.76,14732,2024-03-01
2024-03-01 22:40:00,122.75,122.86,122.75,122.83,10765,2024-03-01
2024-03-01 22:45:00,122.82,122.825,122.79,122.815,12506,2024-03-01
2024-03-01 22:50:00,122.81,122.85,122.79,122.85,10740,2024-03-01
2024-03-01 22:55:00,122.84,122.865,122.78,122.82,19221,2024-03-01
2024-03-01 23:00:00,122.81,122.885,122.745,122.87,22214,2024-03-01
2024-03-01 23:05:00,122.87,122.95,122.87,122.92,20584,2024-03-01
2024-03-01 23:10:00,122.9,122.98,122.89,122.97,16439,2024-03-01
2024-03-01 23:15:00,122.97,123,122.92,122.93,18027,2024-03-01
2024-03-01 23:20:00,122.93,123,122.86,122.86,30313,2024-03-01
2024-03-01 23:25:00,122.849,122.935,122.849,122.925,24574,2024-03-01
2024-03-01 23:30:00,122.93,123.009,122.93,122.949,30450,2024-03-01
2024-03-01 23:35:00,122.95,122.96,122.86,122.88,34888,2024-03-01
2024-03-01 23:40:00,122.86,122.869,122.81,122.85,33427,2024-03-01
2024-03-01 23:45:00,122.849,123.009,122.835,122.97,50819,2024-03-01
2024-03-01 23:50:00,122.98,123.008,122.89,122.905,95859,2024-03-01
2024-03-01 23:55:00,122.905,123.07,122.88,122.88,230399,2024-03-01
2024-03-02 00:00:00,122.9,122.9,122.9,122.9,9645,2024-03-01
2024-03-02 00:05:00,122.9,122.9,122.9,122.9,2515,2024-03-01
2024-03-02 01:05:00,122.45,122.45,122.45,122.45,400,2024-03-01
2024-03-04 16:00:00,123.2,123.2,123.2,123.2,197,2024-03-04
2024-03-04 17:00:00,122.5,122.5,122.5,122.5,1997,2024-03-04
2024-03-04 17:25:00,122.93,123.53,122.85,123.5,2258,2024-03-04
2024-03-04 17:30:00,123.07,123.82,122.975,123.765,85008,2024-03-04
2024-03-04 17:35:00,123.645,123.75,123.2,123.21,28282,2024-03-04
2024-03-04 17:40:00,123.255,124,123.24,124,36293,2024-03-04
2024-03-04 17:45:00,124,124.56,124,124.5,64186,2024-03-04
2024-03-04 17:50:00,124.5,124.61,124.35,124.48,85948,2024-03-04
2024-03-04 17:55:00,124.48,124.83,124.48,124.65,36881,2024-03-04
2024-03-04 18:00:00,124.65,124.8764,124.64,124.7,39281,2024-03-04
2024-03-04 18:05:00,124.69,124.85,124.65,124.73,51794,2024-03-04
2024-03-04 18:10:00,124.73,124.735,124.39,124.69,38120,2024-03-04
2024-03-04 18:15:00,124.69,124.76,124.56,124.62,42944,2024-03-04
2024-03-04 18:20:00,124.61,124.73,124.61,124.63,35092,2024-03-04
2024-03-04 18:25:00,124.61,124.63,124.33,124.385,30534,2024-03-04
2024-03-04 18:30:00,124.34,124.475,124.27,124.43,51815,2024-03-04
2024-03-04 18:35:00,124.43,124.53,124.38,124.38,37076,2024-03-04
2024-03-04 18:40:00,124.38,124.51,124.31,124.44,58301,2024-03-04
2024-03-04 18:45:00,124.455,124.5,124.03,124.11,31997,2024-03-04
2024-03-04 18:50:00,124.1,124.38,124.06,124.34,24845,2024-03-04
2024-03-04 18:55:00,124.355,124.53,124.34,124.41,39802,2024-03-04
2024-03-04 19:00:00,124.42,124.59,124.365,124.5,36454,2024-03-04
2024-03-04 19:05:00,124.5,124.5,124.25,124.29,22708,2024-03-04
2024-03-04 19:10:00,124.305,124.45,124.26,124.43,32979,2024-03-04
2024-03-04 19:15:00,124.45,124.52,124.29,124.44,30609,2024-03-04
2024-03-04 19:20:00,124.425,124.5,124.38,124.495,35616,2024-03-04
2024-03-04 19:25:00,124.495,124.6549,124.495,124.635,34120,2024-03-04
2024-03-04 19:30:00,124.62,124.76,124.6,124.665,35745,2024-03-04
2024-03-04 19:35:00,124.686,124.73,124.5001,124.5001,22542,2024-03-04
2024-03-04 19:40:00,124.51,124.69,124.49,124.665,29307,2024-03-04
2024-03-04 19:45:00,124.65,124.83,124.65,124.825,30228,2024-03-04
2024-03-04 19:50:00,124.84,124.88,124.6601,124.68,29316,2024-03-04
2024-03-04 19:55:00,124.6627,124.77,124.63,124.665,23274,2024-03-04
2024-03-04 20:00:00,124.64,124.69,124.57,124.575,16068,2024-03-04
2024-03-04 20:05:00,124.59,124.61,124.43,124.57,28858,2024-03-04
2024-03-04 20:10:00,124.585,124.634,124.545,124.6,19232,2024-03-04
2024-03-04 20:15:00,124.605,124.61,124.47,124.485,15646,2024-03-04
2024-03-04 20:20:00,124.47,124.47,124.21,124.22,49082,2024-03-04
2024-03-04 20:25:00,124.19,124.25,124.12,124.22,20624,2024-03-04
2024-03-04 20:30:00,124.2,124.21,124.09,124.16,20557,2024-03-04
2024-03-04 20:35:00,124.18,124.21,124.16,124.17,13402,2024-03-04
2024-03-04 20:40:00,124.185,124.37,124.165,124.37,25542,2024-03-04
2024-03-04 20:45:00,124.37,124.38,124.17,124.2,19458,2024-03-04
2024-03-04 20:50:00,124.17,124.26,124.15,124.26,27817,2024-03-04
2024-03-04 20:55:00,124.265,124.275,124.16,124.195,22552,2024-03-04
2024-03-04 21:00:00,124.21,124.21,124.15,124.15,13837,2024-03-04
2024-03-04 21:05:00,124.1656,124.18,124.0454,124.0454,15902,2024-03-04
2024-03-04 21:10:00,124.05,124.08,123.96,123.96,33630,2024-03-04
2024-03-04 21:15:00,123.965,124.01,123.85,123.94,31504,2024-03-04
2024-03-04 21:20:00,123.91,123.995,123.86,123.9,38733,2024-03-04
2024-03-04 21:25:00,123.8961,123.9,123.7,123.79,23816,2024-03-04
2024-03-04 21:30:00,123.8,123.81,123.72,123.8,14907,2024-03-04
2024-03-04 21:35:00,123.81,123.94,123.81,123.84,17418,2024-03-04
2024-03-04 21:40:00,123.81,123.94,123.81,123.92,23569,2024-03-04
2024-03-04 21:45:00,123.92,123.935,123.785,123.785,26809,2024-03-04
2024-03-04 21:50:00,123.77,123.87,123.76,123.815,19697,2024-03-04
2024-03-04 21:55:00,123.83,123.9,123.805,123.875,17537,2024-03-04
2024-03-04 22:00:00,123.88,123.89,123.8,123.86,32418,2024-03-04
2024-03-04 22:05:00,123.86,123.955,123.82,123.895,33506,2024-03-04
2024-03-04 22:10:00,123.91,123.91,123.77,123.84,29671,2024-03-04
2024-03-04 22:15:00,123.85,123.9,123.825,123.86,16515,2024-03-04
2024-03-04 22:20:00,123.85,123.86,123.75,123.83,23671,2024-03-04
2024-03-04 22:25:00,123.83,123.85,123.785,123.8,22444,2024-03-04
2024-03-04 22:30:00,123.8,123.87,123.7663,123.79,27262,2024-03-04
2024-03-04 22:35:00,123.78,123.85,123.725,123.85,26645,2024-03-04
2024-03-04 22:40:00,123.86,123.93,123.86,123.87,26980,2024-03-04
2024-03-04 22:45:00,123.88,123.88,123.725,123.755,22066,2024-03-04
2024-03-04 22:50:00,123.77,123.88,123.755,123.8,17788,2024-03-04
2024-03-04 22:55:00,123.8,123.84,123.73,123.74,22556,2024-03-04
2024-03-04 23:00:00,123.745,123.78,123.667,123.675,23137,2024-03-04
2024-03-04 23:05:00,123.66,123.74,123.65,123.68,25259,2024-03-04
2024-03-04 23:10:00,123.68,123.68,123.49,123.495,21369,2024-03-04
2024-03-04 23:15:00,123.495,123.53,123.4,123.4,31481,2024-03-04
2024-03-04 23:20:00,123.4,123.45,123.37,123.37,33045,2024-03-04
2024-03-04 23:25:00,123.37,123.44,123.32,123.4,32608,2024-03-04
2024-03-04 23:30:00,123.42,123.615,123.405,123.53,64401,2024-03-04
2024-03-04 23:35:00,123.53,123.57,123.375,123.42,46088,2024-03-04
2024-03-04 23:40:00,123.43,123.45,123.33,123.4,61593,2024-03-04
2024-03-04 23:45:00,123.39,123.63,123.38,123.53,107586,2024-03-04
2024-03-04 23:50:00,123.56,123.63,123.49,123.49,190409,2024-03-04
2024-03-04 23:55:00,123.5,123.59,123.45,123.48,329286,2024-03-04
2024-03-05 00:00:00,123.49,123.49,123.49,123.49,8791,2024-03-04
2024-03-05 00:05:00,123.49,123.49,123.49,123.49,509,2024-03-04
2024-03-05 00:20:00,123.49,123.49,123.49,123.49,446,2024-03-04
2024-03-05 02:20:00,124.28,124.28,124.28,124.28,120,2024-03-04
2024-03-05 17:30:00,123.78,124.12,123.7665,123.94,31627,2024-03-05
2024-03-05 17:35:00,124.02,124.1,123.71,123.8891,32777,2024-03-05
2024-03-05 17:40:00,123.89,124.22,123.87,124.16,26679,2024-03-05
2024-03-05 17:45:00,124.15,124.31,124.07,124.075,52082,2024-03-05
2024-03-05 17:50:00,124.11,124.29,124.11,124.29,36313,2024-03-05
2024-03-05 17:55:00,124.275,124.275,123.92,124.11,26353,2024-03-05
2024-03-05 18:00:00,124.065,124.26,124.01,124.01,22959,2024-03-05
2024-03-05 18:05:00,124.045,124.13,123.99,124.05,32311,2024-03-05
2024-03-05 18:10:00,124.03,124.03,123.67,123.84,20180,2024-03-05
2024-03-05 18:15:00,123.87,124.16,123.84,124.16,16010,2024-03-05
2024-03-05 18:20:00,124.14,124.2,124,124.04,20560,2024-03-05
2024-03-05 18:25:00,124,124.025,123.88,124.01,26005,2024-03-05
2024-03-05 18:30:00,124.0301,124.17,123.92,124.04,33820,2024-03-05
2024-03-05 18:35:00,124.03,124.17,123.965,124.12,29424,2024-03-05
2024-03-05 18:40:00,124.13,124.34,124.09,124.34,22145,2024-03-05
2024-03-05 18:45:00,124.325,124.395,124.15,124.25,44243,2024-03-05
2024-03-05 18:50:00,124.25,124.34,124.1,124.1,30182,2024-03-05
2024-03-05 18:55:00,124.1,124.12,123.97,123.994,15122,2024-03-05
2024-03-05 19:00:00,124.02,124.02,123.92,123.94,18601,2024-03-05
2024-03-05 19:05:00,123.9,123.91,123.82,123.84,12659,2024-03-05
2024-03-05 19:10:00,123.83,123.89,123.7601,123.785,15349,2024-03-05
2024-03-05 19:15:00,123.785,123.81,123.59,123.6,18650,2024-03-05
2024-03-05 19:20:00,123.585,123.585,123.335,123.43,18428,2024-03-05
2024-03-05 19:25:00,123.46,123.58,123.43,123.53,16861,2024-03-05
2024-03-05 19:30:00,123.51,123.65,123.5,123.62,26360,2024-03-05
2024-03-05 19:35:00,123.61,123.63,123.53,123.535,18618,2024-03-05
2024-03-05 19:40:00,123.535,123.555,123.295,123.295,30650,2024-03-05
2024-03-05 19:45:00,123.29,123.29,123.195,123.27,23414,2024-03-05
2024-03-05 19:50:00,123.27,123.48,123.24,123.46,21615,2024-03-05
2024-03-05 19:55:00,123.4451,123.465,123.35,123.37,17780,2024-03-05
2024-03-05 20:00:00,123.375,123.375,123.165,123.19,22407,2024-03-05
2024-03-05 20:05:00,123.16,123.38,123.16,123.3228,17344,2024-03-05
2024-03-05 20:10:00,123.3368,123.36,123.25,123.285,13855,2024-03-05
2024-03-05 20:15:00,123.27,123.335,123.23,123.26,14191,2024-03-05
2024-03-05 20:20:00,123.255,123.27,123.23,123.255,15507,2024-03-05
2024-03-05 20:25:00,123.27,123.3,123.13,123.145,15960,2024-03-05
2024-03-05 20:30:00,123.12,123.1492,123.03,123.1492,19197,2024-03-05
2024-03-05 20:35:00,123.17,123.17,123.04,123.05,16107,2024-03-05
2024-03-05 20:40:00,123.04,123.13,122.985,123.13,15171,2024-03-05
2024-03-05 20:45:00,123.15,123.3,123.15,123.28,16361,2024-03-05
2024-03-05 20:50:00,123.2873,123.31,123.2,123.29,14703,2024-03-05
2024-03-05 20:55:00,123.3,123.38,123.27,123.34,19316,2024-03-05
2024-03-05 21:00:00,123.34,123.43,123.34,123.42,15725,2024-03-05
2024-03-05 21:05:00,123.42,123.53,123.375,123.53,15931,2024-03-05
2024-03-05 21:10:00,123.53,123.69,123.515,123.67,22289,2024-03-05
2024-03-05 21:15:00,123.675,123.77,123.6552,123.71,14620,2024-03-05
2024-03-05 21:20:00,123.72,123.75,123.68,123.695,20115,2024-03-05
2024-03-05 21:25:00,123.69,123.71,123.6101,123.71,22273,2024-03-05
2024-03-05 21:30:00,123.71,123.92,123.69,123.92,26528,2024-03-05
2024-03-05 21:35:00,123.92,123.97,123.81,123.815,18971,2024-03-05
2024-03-05 21:40:00,123.83,123.88,123.78,123.8,19461,2024-03-05
2024-03-05 21:45:00,123.8,123.84,123.67,123.735,27927,2024-03-05
2024-03-05 21:50:00,123.73,123.84,123.695,123.84,17798,2024-03-05
2024-03-05 21:55:00,123.82,123.84,123.66,123.66,38229,2024-03-05
2024-03-05 22:00:00,123.66,123.67,123.43,123.435,11958,2024-03-05
2024-03-05 22:05:00,123.42,123.53,123.4,123.495,16065,2024-03-05
2024-03-05 22:10:00,123.5,123.5,123.315,123.35,15057,2024-03-05
2024-03-05 22:15:00,123.37,123.42,123.35,123.42,15942,2024-03-05
2024-03-05 22:20:00,123.41,123.5,123.41,123.46,13168,2024-03-05
2024-03-05 22:25:00,123.46,123.52,123.39,123.48,17638,2024-03-05
2024-03-05 22:30:00,123.5,123.52,123.38,123.51,23826,2024-03-05
2024-03-05 22:35:00,123.51,123.61,123.48,123.61,14588,2024-03-05
2024-03-05 22:40:00,123.6,123.6,123.46,123.48,15925,2024-03-05
2024-03-05 22:45:00,123.47,123.47,123.26,123.27,13839,2024-03-05
2024-03-05 22:50:00,123.28,123.38,123.28,123.35,14913,2024-03-05
2024-03-05 22:55:00,123.36,123.42,123.35,123.41,19475,2024-03-05
2024-03-05 23:00:00,123.42,123.425,123.33,123.35,16058,2024-03-05
2024-03-05 23:05:00,123.37,123.39,123.32,123.32,14039,2024-03-05
2024-03-05 23:10:00,123.315,123.34,123.25,123.2522,18266,2024-03-05
2024-03-05 23:15:00,123.259,123.275,123.16,123.18,24451,2024-03-05
2024-03-05 23:20:00,123.18,123.37,123.18,123.35,26242,2024-03-05
2024-03-05 23:25:00,123.35,123.36,123.25,123.26,24223,2024-03-05
2024-03-05 23:30:00,123.265,123.35,123.21,123.35,38560,2024-03-05
2024-03-05 23:35:00,123.37,123.44,123.34,123.438,32172,2024-03-05
2024-03-05 23:40:00,123.435,123.435,123.32,123.4,38698,2024-03-05
2024-03-05 23:45:00,123.4,123.54,123.34,123.54,60481,2024-03-05
2024-03-05 23:50:00,123.54,123.675,123.49,123.63,104897,2024-03-05
2024-03-05 23:55:00,123.63,123.695,123.59,123.6,209569,2024-03-05
2024-03-06 00:00:00,123.62,123.62,123.62,123.62,3730,2024-03-05
2024-03-06 00:05:00,123.62,123.62,123.62,123.62,2600,2024-03-05
2024-03-06 02:20:00,124.75,124.75,124.75,124.75,1000,2024-03-05
2024-03-06 16:00:00,124.19,124.19,124.19,124.19,105,2024-03-06
2024-03-06 16:30:00,123.68,123.68,123.68,123.68,100,2024-03-06
2024-03-06 16:45:00,124.54,124.54,124.12,124.12,400,2024-03-06
2024-03-06 17:30:00,123.57,124.13,123.252,124.13,31781,2024-03-06
2024-03-06 17:35:00,124.14,124.17,123.84,123.96,23206,2024-03-06
2024-03-06 17:40:00,123.975,124.37,123.88,124.28,30932,2024-03-06
2024-03-06 17:45:00,124.26,124.5,124.15,124.44,22075,2024-03-06
2024-03-06 17:50:00,124.36,124.58,124.325,124.54,23969,2024-03-06
2024-03-06 17:55:00,124.54,124.675,124.43,124.65,41261,2024-03-06
2024-03-06 18:00:00,124.63,124.9,124.61,124.71,33105,2024-03-06
2024-03-06 18:05:00,124.67,124.92,124.37,124.37,30743,2024-03-06
2024-03-06 18:10:00,124.355,124.68,124.3,124.475,22440,2024-03-06
2024-03-06 18:15:00,124.44,124.44,124.08,124.27,19512,2024-03-06
2024-03-06 18:20:00,124.17,124.23,123.995,124.14,18169,2024-03-06
2024-03-06 18:25:00,124.065,124.175,124.03,124.14,15919,2024-03-06
2024-03-06 18:30:00,124.14,124.185,123.99,124.005,20855,2024-03-06
2024-03-06 18:35:00,124.005,124.09,123.97,124.025,16521,2024-03-06
2024-03-06 18:40:00,124.0386,124.095,123.98,124.01,11032,2024-03-06
2024-03-06 18:45:00,123.99,123.99,123.75,123.76,14762,2024-03-06
2024-03-06 18:50:00,123.76,123.88,123.66,123.82,14006,2024-03-06
2024-03-06 18:55:00,123.82,123.8858,123.78,123.8858,16461,2024-03-06
2024-03-06 19:00:00,123.91,124.025,123.86,123.965,18876,2024-03-06
2024-03-06 19:05:00,123.9622,123.98,123.77,123.77,12084,2024-03-06
2024-03-06 19:10:00,123.78,123.91,123.7501,123.91,12032,2024-03-06
2024-03-06 19:15:00,123.93,124.08,123.93,124.01,10293,2024-03-06
2024-03-06 19:20:00,124.01,124.0878,123.97,124.0878,33521,2024-03-06
2024-03-06 19:25:00,124.0975,124.16,124.045,124.14,26139,2024-03-06
2024-03-06 19:30:00,124.14,124.24,124.09,124.23,21759,2024-03-06
2024-03-06 19:35:00,124.25,124.35,124.22,124.3,15031,2024-03-06
2024-03-06 19:40:00,124.31,124.43,124.31,124.365,19013,2024-03-06
2024-03-06 19:45:00,124.35,124.36,124.2,124.295,20766,2024-03-06
2024-03-06 19:50:00,124.2945,124.42,124.28,124.34,16535,2024-03-06
2024-03-06 19:55:00,124.36,124.43,124.32,124.38,10174,2024-03-06
2024-03-06 20:00:00,124.39,124.61,124.38,124.59,19720,2024-03-06
2024-03-06 20:05:00,124.62,124.75,124.606,124.71,23979,2024-03-06
2024-03-06 20:10:00,124.715,124.845,124.715,124.81,15387,2024-03-06
2024-03-06 20:15:00,124.82,124.82,124.68,124.68,11171,2024-03-06
2024-03-06 20:20:00,124.69,124.76,124.6675,124.74,12535,2024-03-06
2024-03-06 20:25:00,124.7499,124.845,124.73,124.8,10917,2024-03-06
2024-03-06 20:30:00,124.78,124.78,124.62,124.698,14769,2024-03-06
2024-03-06 20:35:00,124.69,124.8051,124.67,124.79,9027,2024-03-06
2024-03-06 20:40:00,124.785,124.79,124.69,124.74,18699,2024-03-06
2024-03-06 20:45:00,124.74,124.8003,124.67,124.725,13124,2024-03-06
2024-03-06 20:50:00,124.72,124.77,124.67,124.68,10075,2024-03-06
2024-03-06 20:55:00,124.67,124.6827,124.52,124.5592,9663,2024-03-06
2024-03-06 21:00:00,124.55,124.58,124.51,124.56,9524,2024-03-06
2024-03-06 21:05:00,124.58,124.58,124.5,124.53,8821,2024-03-06
2024-03-06 21:10:00,124.53,124.56,124.49,124.55,12508,2024-03-06
2024-03-06 21:15:00,124.5666,124.61,124.56,124.61,9656,2024-03-06
2024-03-06 21:20:00,124.62,124.65,124.46,124.47,13424,2024-03-06
2024-03-06 21:25:00,124.451,124.54,124.415,124.53,15414,2024-03-06
2024-03-06 21:30:00,124.55,124.55,124.385,124.4,7868,2024-03-06
2024-03-06 21:35:00,124.355,124.4409,124.34,124.39,12402,2024-03-06
2024-03-06 21:40:00,124.4,124.49,124.4,124.475,8181,2024-03-06
2024-03-06 21:45:00,124.475,124.57,124.4,124.41,16279,2024-03-06
2024-03-06 21:50:00,124.38,124.45,124.38,124.39,8246,2024-03-06
2024-03-06 21:55:00,124.39,124.41,124.3214,124.405,8841,2024-03-06
2024-03-06 22:00:00,124.39,124.41,124.258,124.31,12109,2024-03-06
2024-03-06 22:05:00,124.33,124.37,124.15,124.235,65627,2024-03-06
2024-03-06 22:10:00,124.215,124.24,124.14,124.22,14192,2024-03-06
2024-03-06 22:15:00,124.205,124.205,124.005,124.005,14064,2024-03-06
2024-03-06 22:20:00,124,124.09,123.98,124.065,12610,2024-03-06
2024-03-06 22:25:00,124.04,124.185,123.97,124.185,15221,2024-03-06
2024-03-06 22:30:00,124.17,124.33,124.15,124.305,21562,2024-03-06
2024-03-06 22:35:00,124.29,124.294,124.11,124.1109,12898,2024-03-06
2024-03-06 22:40:00,124.127,124.17,124.08,124.08,14120,2024-03-06
2024-03-06 22:45:00,124.08,124.19,124.05,124.19,15724,2024-03-06
2024-03-06 22:50:00,124.21,124.25,124.1075,124.11,16490,2024-03-06
2024-03-06 22:55:00,124.12,124.23,124.05,124.21,16065,2024-03-06
2024-03-06 23:00:00,124.215,124.25,124.07,124.11,26405,2024-03-06
2024-03-06 23:05:00,124.12,124.18,124.09,124.17,15913,2024-03-06
2024-03-06 23:10:00,124.18,124.27,124.15,124.16,12884,2024-03-06
2024-03-06 23:15:00,124.19,124.26,124.19,124.21,17639,2024-03-06
2024-03-06 23:20:00,124.237,124.34,124.16,124.34,469696,2024-03-06
2024-03-06 23:25:00,124.355,124.46,124.3,124.46,22014,2024-03-06
2024-03-06 23:30:00,124.47,124.6,124.42,124.59,36761,2024-03-06
2024-03-06 23:35:00,124.61,124.77,124.6,124.74,35791,2024-03-06
2024-03-06 23:40:00,124.76,124.789,124.66,124.75,32560,2024-03-06
2024-03-06 23:45:00,124.73,124.91,124.655,124.875,57788,2024-03-06
2024-03-06 23:50:00,124.865,124.91,124.67,124.785,86646,2024-03-06
2024-03-06 23:55:00,124.79,124.98,124.78,124.8,189099,2024-03-06
2024-03-07 00:00:00,124.81,124.81,124.81,124.81,6798,2024-03-06
2024-03-07 00:05:00,124.81,124.81,124.81,124.81,414,2024-03-06
2024-03-07 00:20:00,124.81,124.81,124.81,124.81,511,2024-03-06
2024-03-07 00:30:00,124.9999,124.9999,124.9999,124.9999,100,2024-03-06
2024-03-07 00:50:00,124.81,124.81,124.81,124.81,134,2024-03-06
2024-03-07 02:15:00,124.81,124.81,124.81,124.81,585,2024-03-06
2024-03-07 03:25:00,124.05,124.05,124.05,124.05,400,2024-03-06
2024-03-07 16:30:00,123.74,123.74,123.74,123.74,500,2024-03-07
2024-03-07 17:30:00,124,124.09,123.58,123.88,43559,2024-03-07
2024-03-07 17:35:00,123.86,123.91,123.46,123.62,14634,2024-03-07
2024-03-07 17:40:00,123.62,124.08,123.615,123.77,12160,2024-03-07
2024-03-07 17:45:00,123.79,124.175,123.78,124.14,16146,2024-03-07
2024-03-07 17:50:00,124.17,124.1784,123.97,124.07,19618,2024-03-07
2024-03-07 17:55:00,124.04,124.39,124,124.31,19413,2024-03-07
2024-03-07 18:00:00,124.31,124.39,124.2,124.32,18342,2024-03-07
2024-03-07 18:05:00,124.325,124.51,124.28,124.39,37570,2024-03-07
2024-03-07 18:10:00,124.39,124.5,124.26,124.26,18092,2024-03-07
2024-03-07 18:15:00,124.26,124.31,124.135,124.22,9985,2024-03-07
2024-03-07 18:20:00,124.16,124.23,124.05,124.065,12938,2024-03-07
2024-03-07 18:25:00,124.075,124.415,124.075,124.415,8383,2024-03-07
2024-03-07 18:30:00,124.42,124.46,124.23,124.23,13139,2024-03-07
2024-03-07 18:35:00,124.28,124.28,124.07,124.07,11031,2024-03-07
2024-03-07 18:40:00,124.04,124.125,123.92,124,15658,2024-03-07
2024-03-07 18:45:00,124,124.055,123.86,123.92,9642,2024-03-07
2024-03-07 18:50:00,123.92,123.99,123.84,123.855,12495,2024-03-07
2024-03-07 18:55:00,123.855,123.9,123.81,123.86,13791,2024-03-07
2024-03-07 19:00:00,123.84,123.85,123.74,123.74,10364,2024-03-07
2024-03-07 19:05:00,123.75,123.8,123.71,123.75,12479,2024-03-07
2024-03-07 19:10:00,123.74,123.76,123.67,123.69,14126,2024-03-07
2024-03-07 19:15:00,123.705,123.85,123.705,123.7694,21749,2024-03-07
2024-03-07 19:20:00,123.77,123.99,123.77,123.99,10820,2024-03-07
2024-03-07 19:25:00,123.97,124.16,123.92,124.08,26580,2024-03-07
2024-03-07 19:30:00,124.07,124.07,123.82,123.88,29919,2024-03-07
2024-03-07 19:35:00,123.875,123.99,123.87,123.925,10546,2024-03-07
2024-03-07 19:40:00,123.91,123.98,123.88,123.92,11491,2024-03-07
2024-03-07 19:45:00,123.93,123.94,123.825,123.825,17106,2024-03-07
2024-03-07 19:50:00,123.81,123.858,123.66,123.72,16467,2024-03-07
2024-03-07 19:55:00,123.72,123.88,123.72,123.865,13606,2024-03-07
2024-03-07 20:00:00,123.87,123.91,123.83,123.905,15996,2024-03-07
2024-03-07 20:05:00,123.91,124.005,123.85,123.87,11380,2024-03-07
2024-03-07 20:10:00,123.86,124.05,123.83,124.04,5973,2024-03-07
2024-03-07 20:15:00,124.01,124.1,123.97,124.075,11965,2024-03-07
2024-03-07 20:20:00,124.065,124.19,124.05,124.15,30217,2024-03-07
2024-03-07 20:25:00,124.15,124.27,124.15,124.185,20617,2024-03-07
2024-03-07 20:30:00,124.17,124.37,124.13,124.35,15801,2024-03-07
2024-03-07 20:35:00,124.31,124.42,124.31,124.375,8806,2024-03-07
2024-03-07 20:40:00,124.37,124.49,124.34,124.43,10918,2024-03-07
2024-03-07 20:45:00,124.43,124.46,124.39,124.42,12057,2024-03-07
2024-03-07 20:50:00,124.405,124.54,124.39,124.54,13161,2024-03-07
2024-03-07 20:55:00,124.54,124.59,124.465,124.58,13460,2024-03-07
2024-03-07 21:00:00,124.5669,124.6,124.53,124.575,9510,2024-03-07
2024-03-07 21:05:00,124.6,124.63,124.51,124.58,19397,2024-03-07
2024-03-07 21:10:00,124.59,124.65,124.54,124.54,14126,2024-03-07
2024-03-07 21:15:00,124.58,124.62,124.55,124.56,7273,2024-03-07
2024-03-07 21:20:00,124.54,124.5933,124.53,124.55,19140,2024-03-07
2024-03-07 21:25:00,124.57,124.68,124.57,124.67,15930,2024-03-07
2024-03-07 21:30:00,124.66,124.73,124.62,124.7,15439,2024-03-07
2024-03-07 21:35:00,124.695,124.77,124.67,124.7646,13224,2024-03-07
2024-03-07 21:40:00,124.77,124.87,124.68,124.87,22145,2024-03-07
2024-03-07 21:45:00,124.86,124.89,124.81,124.815,11205,2024-03-07
2024-03-07 21:50:00,124.83,124.86,124.83,124.8585,8319,2024-03-07
2024-03-07 21:55:00,124.8435,124.86,124.81,124.85,12684,2024-03-07
2024-03-07 22:00:00,124.84,124.98,124.82,124.98,35017,2024-03-07
2024-03-07 22:05:00,124.98,124.99,124.955,124.99,11119,2024-03-07
2024-03-07 22:10:00,124.99,125.09,124.93,125.08,55506,2024-03-07
2024-03-07 22:15:00,125.09,125.18,125.07,125.155,44613,2024-03-07
2024-03-07 22:20:00,125.16,125.19,124.93,124.97,57513,2024-03-07
2024-03-07 22:25:00,124.99,125.07,124.955,125.015,51618,2024-03-07
2024-03-07 22:30:00,125.03,125.16,124.99,125.16,25804,2024-03-07
2024-03-07 22:35:00,125.155,125.1826,125.1,125.15,11000,2024-03-07
2024-03-07 22:40:00,125.185,125.28,125.18,125.28,14866,2024-03-07
2024-03-07 22:45:00,125.265,125.27,125.16,125.165,16678,2024-03-07
2024-03-07 22:50:00,125.18,125.23,125.18,125.23,14336,2024-03-07
2024-03-07 22:55:00,125.21,125.36,125.21,125.36,21427,2024-03-07
2024-03-07 23:00:00,125.365,125.39,125.295,125.315,19944,2024-03-07
2024-03-07 23:05:00,125.31,125.45,125.28,125.45,33230,2024-03-07
2024-03-07 23:10:00,125.46,125.53,125.42,125.49,20605,2024-03-07
2024-03-07 23:15:00,125.5,125.5,125.4,125.485,25978,2024-03-07
2024-03-07 23:20:00,125.49,125.55,125.475,125.55,28531,2024-03-07
2024-03-07 23:25:00,125.57,125.62,125.55,125.62,26776,2024-03-07
2024-03-07 23:30:00,125.62,125.77,125.59,125.77,48297,2024-03-07
2024-03-07 23:35:00,125.76,125.84,125.75,125.8,38751,2024-03-07
2024-03-07 23:40:00,125.81,125.94,125.8,125.86,57395,2024-03-07
2024-03-07 23:45:00,125.87,125.905,125.72,125.78,71806,2024-03-07
2024-03-07 23:50:00,125.79,126.02,125.745,126.01,116988,2024-03-07
2024-03-07 23:55:00,126.01,126.05,125.8,125.91,366413,2024-03-07
2024-03-08 00:00:00,125.9,125.9,125.9,125.9,44189,2024-03-07
2024-03-08 00:45:00,125.9,125.9,125.9,125.9,246,2024-03-07
2024-03-08 16:00:00,124.88,124.88,124.88,124.88,136,2024-03-08
2024-03-08 16:20:00,125.85,125.85,125.85,125.85,292,2024-03-08
2024-03-08 16:30:00,125.85,125.85,125.85,125.85,1000,2024-03-08
2024-03-08 16:50:00,125.9,125.9,125.9,125.9,270,2024-03-08
2024-03-08 17:25:00,125.9,126.05,125.9,126.05,751,2024-03-08
2024-03-08 17:30:00,125.71,126,125.1485,125.1485,37223,2024-03-08
2024-03-08 17:35:00,125.1371,125.4,124.98,125.4,18236,2024-03-08
2024-03-08 17:40:00,125.33,125.66,125.33,125.66,13373,2024-03-08
2024-03-08 17:45:00,125.605,125.78,125.39,125.66,20558,2024-03-08
2024-03-08 17:50:00,125.62,125.96,125.555,125.81,26681,2024-03-08
2024-03-08 17:55:00,125.825,125.95,125.67,125.72,13761,2024-03-08
2024-03-08 18:00:00,125.69,125.69,125.44,125.445,18976,2024-03-08
2024-03-08 18:05:00,125.415,125.445,124.99,125.08,15045,2024-03-08
2024-03-08 18:10:00,125.1,125.23,125.08,125.115,16210,2024-03-08
2024-03-08 18:15:00,125.09,125.095,124.86,124.885,14936,2024-03-08
2024-03-08 18:20:00,124.85,125.1451,124.84,125.065,21516,2024-03-08
2024-03-08 18:25:00,125.04,125.17,125.03,125.08,13643,2024-03-08
2024-03-08 18:30:00,125.12,125.265,125.08,125.168,15206,2024-03-08
2024-03-08 18:35:00,125.17,125.42,125.17,125.36,12079,2024-03-08
2024-03-08 18:40:00,125.37,125.44,125.305,125.405,19815,2024-03-08
2024-03-08 18:45:00,125.42,125.5,125.395,125.43,24743,2024-03-08
2024-03-08 18:50:00,125.44,125.46,125.285,125.39,20621,2024-03-08
2024-03-08 18:55:00,125.42,125.475,125.39,125.475,11101,2024-03-08
2024-03-08 19:00:00,125.49,125.66,125.47,125.555,25166,2024-03-08
2024-03-08 19:05:00,125.57,125.62,125.42,125.62,18682,2024-03-08
2024-03-08 19:10:00,125.62,125.62,125.21,125.39,19193,2024-03-08
2024-03-08 19:15:00,125.37,125.66,125.37,125.45,27761,2024-03-08
2024-03-08 19:20:00,125.45,125.61,125.25,125.55,43851,2024-03-08
2024-03-08 19:25:00,125.525,125.75,125.48,125.685,36492,2024-03-08
2024-03-08 19:30:00,125.75,126.025,125.72,125.745,17307,2024-03-08
2024-03-08 19:35:00,125.8099,125.8099,125.49,125.53,9144,2024-03-08
2024-03-08 19:40:00,125.48,125.49,125.385,125.42,25069,2024-03-08
2024-03-08 19:45:00,125.38,125.56,125.325,125.48,12767,2024-03-08
2024-03-08 19:50:00,125.455,125.5,125.43,125.47,13985,2024-03-08
2024-03-08 19:55:00,125.45,125.54,125.34,125.515,19089,2024-03-08
2024-03-08 20:00:00,125.5,125.66,125.5,125.61,17911,2024-03-08
2024-03-08 20:05:00,125.61,125.75,125.54,125.74,36275,2024-03-08
2024-03-08 20:10:00,125.78,125.83,125.66,125.75,13191,2024-03-08
2024-03-08 20:15:00,125.767,125.81,125.715,125.79,22749,2024-03-08
2024-03-08 20:20:00,125.81,125.81,125.695,125.73,15229,2024-03-08
2024-03-08 20:25:00,125.75,125.75,125.65,125.71,9441,2024-03-08
2024-03-08 20:30:00,125.705,125.805,125.65,125.79,16070,2024-03-08
2024-03-08 20:35:00,125.795,125.86,125.72,125.8,13966,2024-03-08
2024-03-08 20:40:00,125.75,125.78,125.685,125.715,9785,2024-03-08
2024-03-08 20:45:00,125.68,125.737,125.66,125.72,9806,2024-03-08
2024-03-08 20:50:00,125.73,125.745,125.61,125.61,12788,2024-03-08
2024-03-08 20:55:00,125.615,125.88,125.615,125.8,14700,2024-03-08
2024-03-08 21:00:00,125.805,125.88,125.66,125.835,22691,2024-03-08
2024-03-08 21:05:00,125.83,125.98,125.8,125.93,36516,2024-03-08
2024-03-08 21:10:00,125.935,126,125.93,125.96,12671,2024-03-08
2024-03-08 21:15:00,125.95,125.9999,125.93,125.93,10071,2024-03-08
2024-03-08 21:20:00,125.9,125.99,125.88,125.975,11259,2024-03-08
2024-03-08 21:25:00,125.99,125.99,125.895,125.905,11596,2024-03-08
2024-03-08 21:30:00,125.9201,126,125.9201,125.935,14947,2024-03-08
2024-03-08 21:35:00,125.92,125.95,125.85,125.85,11230,2024-03-08
2024-03-08 21:40:00,125.83,125.88,125.825,125.84,7675,2024-03-08
2024-03-08 21:45:00,125.845,125.87,125.8,125.835,10931,2024-03-08
2024-03-08 21:50:00,125.84,125.92,125.746,125.795,15641,2024-03-08
2024-03-08 21:55:00,125.78,125.865,125.78,125.802,13644,2024-03-08
2024-03-08 22:00:00,125.82,125.92,125.76,125.915,33978,2024-03-08
2024-03-08 22:05:00,125.915,126,125.9,125.945,16648,2024-03-08
2024-03-08 22:10:00,125.94,126.01,125.9,125.995,20323,2024-03-08
2024-03-08 22:15:00,126,126.03,125.96,125.98,29075,2024-03-08
2024-03-08 22:20:00,126,126.06,125.99,126.053,32890,2024-03-08
2024-03-08 22:25:00,126.06,126.1329,126.035,126.11,9418,2024-03-08
2024-03-08 22:30:00,126.12,126.135,126.02,126.03,13314,2024-03-08
2024-03-08 22:35:00,126.01,126.04,125.93,125.94,14032,2024-03-08
2024-03-08 22:40:00,125.95,126.01,125.92,125.94,14309,2024-03-08
2024-03-08 22:45:00,125.945,126.04,125.94,125.94,16542,2024-03-08
2024-03-08 22:50:00,125.945,126.13,125.945,126.125,19197,2024-03-08
2024-03-08 22:55:00,126.1,126.11,126.0194,126.06,12070,2024-03-08
2024-03-08 23:00:00,126.065,126.0899,126.005,126.05,14955,2024-03-08
2024-03-08 23:05:00,126.05,126.14,126.05,126.05,15541,2024-03-08
2024-03-08 23:10:00,126.04,126.055,125.92,125.92,11463,2024-03-08
2024-03-08 23:15:00,125.94,126,125.911,125.935,13977,2024-03-08
2024-03-08 23:20:00,125.935,125.95,125.81,125.843,28818,2024-03-08
2024-03-08 23:25:00,125.845,125.96,125.795,125.87,23961,2024-03-08
2024-03-08 23:30:00,125.87,125.97,125.84,125.97,22558,2024-03-08
2024-03-08 23:35:00,125.94,125.95,125.83,125.83,21049,2024-03-08
2024-03-08 23:40:00,125.85,125.88,125.81,125.81,32575,2024-03-08
2024-03-08 23:45:00,125.82,125.91,125.8,125.89,39093,2024-03-08
2024-03-08 23:50:00,125.9,125.99,125.875,125.98,63182,2024-03-08
2024-03-08 23:55:00,125.97,126.005,125.64,125.65,190913,2024-03-08
2024-03-09 00:00:00,125.65,125.65,125.65,125.65,3947,2024-03-08
2024-03-09 00:05:00,125.65,125.65,125.65,125.65,1468,2024-03-08
2024-03-09 00:55:00,124.6,124.6,124.6,124.6,250,2024-03-08
2024-03-09 03:30:00,125.1,125.13,125.1,125.13,600,2024-03-08
2024-03-11 16:25:00,125.92,126.01,125.92,126.01,1761,2024-03-11
2024-03-11 16:30:00,126.12,126.85,126.12,126.7,22012,2024-03-11
2024-03-11 16:35:00,126.63,126.72,126.23,126.235,5291,2024-03-11
2024-03-11 16:40:00,126.3425,126.585,126.02,126.54,9750,2024-03-11
2024-03-11 16:45:00,126.61,126.76,126.45,126.62,10219,2024-03-11
2024-03-11 16:50:00,126.57,126.72,126.49,126.5575,11928,2024-03-11
2024-03-11 16:55:00,126.57,126.57,126.24,126.46,10675,2024-03-11
2024-03-11 17:00:00,126.41,126.48,126.39,126.48,13520,2024-03-11
2024-03-11 17:05:00,126.47,126.48,126.16,126.2,6805,2024-03-11
2024-03-11 17:10:00,126.25,126.3055,126.1001,126.21,19505,2024-03-11
2024-03-11 17:15:00,126.23,126.25,126.07,126.24,8189,2024-03-11
2024-03-11 17:20:00,126.21,126.24,126.06,126.06,7242,2024-03-11
2024-03-11 17:25:00,126.065,126.08,125.98,126.08,12843,2024-03-11
2024-03-11 17:30:00,126.06,126.09,125.97,126.06,15571,2024-03-11
2024-03-11 17:35:00,126.05,126.1675,126.035,126.1,8292,2024-03-11
2024-03-11 17:40:00,126.09,126.09,125.92,125.95,16244,2024-03-11
2024-03-11 17:45:00,125.955,126.0544,125.93,126.025,6619,2024-03-11
2024-03-11 17:50:00,126.06,126.06,125.8346,125.94,14996,2024-03-11
2024-03-11 17:55:00,125.97,126.45,125.97,126.405,16154,2024-03-11
2024-03-11 18:00:00,126.37,126.43,126.15,126.15,16399,2024-03-11
2024-03-11 18:05:00,126.07,126.14,126.06,126.12,8237,2024-03-11
2024-03-11 18:10:00,126.14,126.16,126,126.04,6407,2024-03-11
2024-03-11 18:15:00,126.02,126.14,126.02,126.06,8679,2024-03-11
2024-03-11 18:20:00,126.07,126.16,126.07,126.14,6172,2024-03-11
2024-03-11 18:25:00,126.16,126.18,126.035,126.075,10981,2024-03-11
2024-03-11 18:30:00,126.0661,126.13,125.995,125.995,13373,2024-03-11
2024-03-11 18:35:00,125.98,126.18,125.9775,126.08,16604,2024-03-11
2024-03-11 18:40:00,126.1299,126.15,126.06,126.15,5434,2024-03-11
2024-03-11 18:45:00,126.15,126.185,126.1,126.1401,5789,2024-03-11
2024-03-11 18:50:00,126.18,126.26,126.13,126.2,8490,2024-03-11
2024-03-11 18:55:00,126.18,126.25,126.14,126.22,7893,2024-03-11
2024-03-11 19:00:00,126.26,126.35,126.26,126.3,10849,2024-03-11
2024-03-11 19:05:00,126.27,126.35,126.22,126.35,10250,2024-03-11
2024-03-11 19:10:00,126.3753,126.47,126.345,126.4,8891,2024-03-11
2024-03-11 19:15:00,126.41,126.45,126.28,126.28,8244,2024-03-11
2024-03-11 19:20:00,126.25,126.326,126.25,126.3,7388,2024-03-11
2024-03-11 19:25:00,126.295,126.44,126.29,126.42,6345,2024-03-11
2024-03-11 19:30:00,126.44,126.46,126.39,126.43,8478,2024-03-11
2024-03-11 19:35:00,126.41,126.49,126.41,126.48,5659,2024-03-11
2024-03-11 19:40:00,126.5,126.51,126.435,126.4801,14426,2024-03-11
2024-03-11 19:45:00,126.5,126.51,126.41,126.425,10662,2024-03-11
2024-03-11 19:50:00,126.44,126.52,126.42,126.48,17739,2024-03-11
2024-03-11 19:55:00,126.4926,126.5,126.405,126.45,13102,2024-03-11
2024-03-11 20:00:00,126.45,126.5,126.36,126.39,11100,2024-03-11
2024-03-11 20:05:00,126.43,126.5,126.41,126.42,9122,2024-03-11
2024-03-11 20:10:00,126.44,126.47,126.32,126.32,7465,2024-03-11
2024-03-11 20:15:00,126.34,126.44,126.32,126.44,9048,2024-03-11
2024-03-11 20:20:00,126.44,126.48,126.4,126.4,6890,2024-03-11
2024-03-11 20:25:00,126.41,126.45,126.36,126.45,6676,2024-03-11
2024-03-11 20:30:00,126.455,126.51,126.455,126.47,10204,2024-03-11
2024-03-11 20:35:00,126.47,126.51,126.41,126.445,11703,2024-03-11
2024-03-11 20:40:00,126.44,126.52,126.42,126.47,7627,2024-03-11
2024-03-11 20:45:00,126.47,126.505,126.415,126.4291,11991,2024-03-11
2024-03-11 20:50:00,126.435,126.44,126.38,126.42,7616,2024-03-11
2024-03-11 20:55:00,126.435,126.49,126.435,126.45,8775,2024-03-11
2024-03-11 21:00:00,126.455,126.5025,126.42,126.42,11520,2024-03-11
2024-03-11 21:05:00,126.45,126.51,126.43,126.5,11584,2024-03-11
2024-03-11 21:10:00,126.51,126.52,126.45,126.455,10598,2024-03-11
2024-03-11 21:15:00,126.46,126.4825,126.425,126.435,7953,2024-03-11
2024-03-11 21:20:00,126.44,126.44,126.37,126.41,8718,2024-03-11
2024-03-11 21:25:00,126.42,126.49,126.42,126.47,7242,2024-03-11
2024-03-11 21:30:00,126.46,126.51,126.415,126.445,9813,2024-03-11
2024-03-11 21:35:00,126.445,126.49,126.445,126.47,15981,2024-03-11
2024-03-11 21:40:00,126.45,126.45,126.37,126.385,10475,2024-03-11
2024-03-11 21:45:00,126.375,126.44,126.37,126.42,13456,2024-03-11
2024-03-11 21:50:00,126.42,126.48,126.41,126.44,18413,2024-03-11
2024-03-11 21:55:00,126.44,126.53,126.44,126.5037,18978,2024-03-11
2024-03-11 22:00:00,126.5071,126.54,126.5071,126.53,10775,2024-03-11
2024-03-11 22:05:00,126.53,126.65,126.53,126.635,10171,2024-03-11
2024-03-11 22:10:00,126.69,126.76,126.68,126.76,9451,2024-03-11
2024-03-11 22:15:00,126.77,126.77,126.69,126.69,16130,2024-03-11
2024-03-11 22:20:00,126.7,126.76,126.7,126.7,12471,2024-03-11
2024-03-11 22:25:00,126.7011,126.7744,126.7,126.72,12267,2024-03-11
2024-03-11 22:30:00,126.74,126.76,126.7023,126.72,19874,2024-03-11
2024-03-11 22:35:00,126.74,126.76,126.7001,126.76,14941,2024-03-11
2024-03-11 22:40:00,126.77,126.815,126.76,126.77,19185,2024-03-11
2024-03-11 22:45:00,126.8,126.84,126.64,126.7,31768,2024-03-11
2024-03-11 22:50:00,126.71,126.765,126.65,126.65,46724,2024-03-11
2024-03-11 22:55:00,126.66,126.795,126.66,126.76,110262,2024-03-11
2024-03-11 23:00:00,126.78,126.78,126.78,126.78,7005,2024-03-11
2024-03-11 23:15:00,126.78,126.78,126.78,126.78,1180,2024-03-11
2024-03-11 23:20:00,126.78,126.78,126.78,126.78,820,2024-03-11
2024-03-11 23:45:00,126.78,126.78,126.78,126.78,107,2024-03-11
2024-03-12 16:30:00,126.59,126.72,126.31,126.61,20466,2024-03-12
2024-03-12 16:35:00,126.6,126.63,126.43,126.555,50896,2024-03-12
2024-03-12 16:40:00,126.67,127.3,126.64,127.17,21738,2024-03-12
2024-03-12 16:45:00,127.18,127.36,127.18,127.22,11543,2024-03-12
2024-03-12 16:50:00,127.2,127.36,127.2,127.255,8606,2024-03-12
2024-03-12 16:55:00,127.255,127.43,127.255,127.43,12945,2024-03-12
2024-03-12 17:00:00,127.43,127.485,127.11,127.19,15519,2024-03-12
2024-03-12 17:05:00,127.22,127.32,127.14,127.3,10816,2024-03-12
2024-03-12 17:10:00,127.276,127.31,127.133,127.285,15161,2024-03-12
2024-03-12 17:15:00,127.31,127.34,127.2456,127.34,11559,2024-03-12
2024-03-12 17:20:00,127.38,127.45,127.32,127.33,10426,2024-03-12
2024-03-12 17:25:00,127.33,127.45,127.3,127.43,9093,2024-03-12
2024-03-12 17:30:00,127.4,127.44,127.115,127.2324,19732,2024-03-12
2024-03-12 17:35:00,127.245,127.33,127.23,127.33,15562,2024-03-12
2024-03-12 17:40:00,127.35,127.39,127.28,127.31,12425,2024-03-12
2024-03-12 17:45:00,127.305,127.32,127.15,127.315,11629,2024-03-12
2024-03-12 17:50:00,127.315,127.59,127.25,127.58,16775,2024-03-12
2024-03-12 17:55:00,127.58,127.58,127.451,127.55,14690,2024-03-12
2024-03-12 18:00:00,127.55,127.58,127.42,127.425,12088,2024-03-12
2024-03-12 18:05:00,127.44,127.44,127.13,127.285,40196,2024-03-12
2024-03-12 18:10:00,127.275,127.38,127.24,127.36,13976,2024-03-12
2024-03-12 18:15:00,127.36,127.4248,127.3,127.343,24029,2024-03-12
2024-03-12 18:20:00,127.38,127.43,127.11,127.125,15356,2024-03-12
2024-03-12 18:25:00,127.16,127.175,127.03,127.03,17962,2024-03-12
2024-03-12 18:30:00,127,127.105,126.96,127.105,10750,2024-03-12
2024-03-12 18:35:00,127.105,127.33,127.091,127.255,18666,2024-03-12
2024-03-12 18:40:00,127.222,127.26,127.1,127.1,10220,2024-03-12
2024-03-12 18:45:00,127.084,127.13,126.88,126.895,9325,2024-03-12
2024-03-12 18:50:00,126.84,126.98,126.83,126.935,9846,2024-03-12
2024-03-12 18:55:00,126.93,126.96,126.81,126.87,12606,2024-03-12
2024-03-12 19:00:00,126.86,126.9,126.77,126.9,9513,2024-03-12
2024-03-12 19:05:00,126.89,126.89,126.735,126.74,9744,2024-03-12
2024-03-12 19:10:00,126.755,126.8,126.692,126.7109,9073,2024-03-12
2024-03-12 19:15:00,126.72,126.76,126.631,126.67,9758,2024-03-12
2024-03-12 19:20:00,126.653,126.6701,126.58,126.58,10955,2024-03-12
2024-03-12 19:25:00,126.6,126.69,126.55,126.61,49999,2024-03-12
2024-03-12 19:30:00,126.6,126.66,126.59,126.63,11848,2024-03-12
2024-03-12 19:35:00,126.63,126.83,126.63,126.735,9431,2024-03-12
2024-03-12 19:40:00,126.72,126.72,126.614,126.614,7316,2024-03-12
2024-03-12 19:45:00,126.62,126.62,126.471,126.59,16462,2024-03-12
2024-03-12 19:50:00,126.57,126.69,126.57,126.6601,7714,2024-03-12
2024-03-12 19:55:00,126.7,126.75,126.66,126.68,6894,2024-03-12
2024-03-12 20:00:00,126.7,126.7,126.55,126.61,7397,2024-03-12
2024-03-12 20:05:00,126.61,126.61,126.52,126.52,8187,2024-03-12
2024-03-12 20:10:00,126.48,126.49,126.43,126.48,12949,2024-03-12
2024-03-12 20:15:00,126.48,126.595,126.41,126.561,9062,2024-03-12
2024-03-12 20:20:00,126.6,126.645,126.595,126.6,6756,2024-03-12
2024-03-12 20:25:00,126.62,126.66,126.59,126.63,10189,2024-03-12
2024-03-12 20:30:00,126.62,126.72,126.62,126.695,9166,2024-03-12
2024-03-12 20:35:00,126.69,126.72,126.65,126.665,12820,2024-03-12
2024-03-12 20:40:00,126.68,126.72,126.67,126.715,8424,2024-03-12
2024-03-12 20:45:00,126.72,126.79,126.7,126.79,9846,2024-03-12
2024-03-12 20:50:00,126.81,126.84,126.77,126.84,8053,2024-03-12
2024-03-12 20:55:00,126.85,126.865,126.8,126.8,6235,2024-03-12
2024-03-12 21:00:00,126.78,126.81,126.725,126.81,6445,2024-03-12
2024-03-12 21:05:00,126.81,126.94,126.8,126.92,6762,2024-03-12
2024-03-12 21:10:00,126.93,126.98,126.91,126.96,6930,2024-03-12
2024-03-12 21:15:00,126.965,127,126.91,126.92,7252,2024-03-12
2024-03-12 21:20:00,126.92,127.03,126.905,127.03,7063,2024-03-12
2024-03-12 21:25:00,127.01,127.05,127,127.04,9048,2024-03-12
2024-03-12 21:30:00,127.05,127.12,127.03,127.06,9190,2024-03-12
2024-03-12 21:35:00,127.03,127.09,127.03,127.09,8918,2024-03-12
2024-03-12 21:40:00,127.0501,127.06,126.93,126.99,9562,2024-03-12
2024-03-12 21:45:00,127.01,127.155,127.01,127.155,7311,2024-03-12
2024-03-12 21:50:00,127.1648,127.1648,127.07,127.09,9440,2024-03-12
2024-03-12 21:55:00,127.12,127.15,127.09,127.12,13166,2024-03-12
2024-03-12 22:00:00,127.12,127.2,127.08,127.19,8887,2024-03-12
2024-03-12 22:05:00,127.18,127.18,127.01,127.01,11779,2024-03-12
2024-03-12 22:10:00,126.99,127.09,126.99,127.025,13163,2024-03-12
2024-03-12 22:15:00,127.06,127.1017,127.045,127.095,16357,2024-03-12
2024-03-12 22:20:00,127.11,127.11,127.02,127.0982,14143,2024-03-12
2024-03-12 22:25:00,127.08,127.14,127.07,127.12,14582,2024-03-12
2024-03-12 22:30:00,127.121,127.121,126.83,126.868,23699,2024-03-12
2024-03-12 22:35:00,126.86,126.94,126.83,126.91,28475,2024-03-12
2024-03-12 22:40:00,126.9,126.94,126.84,126.84,28922,2024-03-12
2024-03-12 22:45:00,126.8156,126.82,126.7,126.74,35898,2024-03-12
2024-03-12 22:50:00,126.74,126.91,126.68,126.84,54887,2024-03-12
2024-03-12 22:55:00,126.85,126.97,126.67,126.71,130253,2024-03-12
2024-03-12 23:00:00,126.71,126.71,126.71,126.71,13458,2024-03-12
2024-03-13 14:10:00,125.87,126.31,125.87,126.31,405,2024-03-13
2024-03-13 16:30:00,126.98,127.33,126.79,126.79,19588,2024-03-13
2024-03-13 16:35:00,126.985,127.105,126.69,126.855,6571,2024-03-13
2024-03-13 16:40:00,126.855,127.0027,126.54,126.75,7147,2024-03-13
2024-03-13 16:45:00,126.721,126.9,126.675,126.805,22945,2024-03-13
2024-03-13 16:50:00,126.805,127.02,126.735,126.735,22042,2024-03-13
2024-03-13 16:55:00,126.74,126.94,126.59,126.8,8064,2024-03-13
2024-03-13 17:00:00,126.835,126.9,126.74,126.79,12394,2024-03-13
2024-03-13 17:05:00,126.75,126.87,126.73,126.855,18639,2024-03-13
2024-03-13 17:10:00,126.86,127.1,126.85,126.97,15110,2024-03-13
2024-03-13 17:15:00,126.975,127.14,126.9689,127.07,12217,2024-03-13
2024-03-13 17:20:00,127.1,127.165,127.03,127.11,8753,2024-03-13
2024-03-13 17:25:00,127.09,127.09,126.92,126.92,10261,2024-03-13
2024-03-13 17:30:00,126.97,127.02,126.935,126.98,13962,2024-03-13
2024-03-13 17:35:00,127,127.0475,126.95,127.025,78049,2024-03-13
2024-03-13 17:40:00,127.035,127.05,126.95,126.95,31473,2024-03-13
2024-03-13 17:45:00,126.95,126.95,126.73,126.8,14476,2024-03-13
2024-03-13 17:50:00,126.7,126.795,126.62,126.795,7303,2024-03-13
2024-03-13 17:55:00,126.78,126.855,126.72,126.775,15099,2024-03-13
2024-03-13 18:00:00,126.75,126.79,126.655,126.655,9729,2024-03-13
2024-03-13 18:05:00,126.655,126.78,126.655,126.77,13342,2024-03-13
2024-03-13 18:10:00,126.76,126.965,126.71,126.965,9388,2024-03-13
2024-03-13 18:15:00,126.95,126.95,126.82,126.84,8354,2024-03-13
2024-03-13 18:20:00,126.83,126.95,126.81,126.87,9460,2024-03-13
2024-03-13 18:25:00,126.85,126.97,126.85,126.97,10503,2024-03-13
2024-03-13 18:30:00,126.975,127,126.9434,126.96,7731,2024-03-13
2024-03-13 18:35:00,126.96,127,126.92,126.95,8683,2024-03-13
2024-03-13 18:40:00,126.97,127.12,126.97,127.045,16123,2024-03-13
2024-03-13 18:45:00,127.06,127.07,126.955,126.985,13483,2024-03-13
2024-03-13 18:50:00,126.97,127.13,126.945,127.08,40987,2024-03-13
2024-03-13 18:55:00,127.08,127.1,126.98,127.05,16864,2024-03-13
2024-03-13 19:00:00,127.03,127.14,127.03,127.13,7895,2024-03-13
2024-03-13 19:05:00,127.12,127.12,127.05,127.07,9376,2024-03-13
2024-03-13 19:10:00,127.05,127.205,127.05,127.1,7304,2024-03-13
2024-03-13 19:15:00,127.08,127.17,127.06,127.17,9096,2024-03-13
2024-03-13 19:20:00,127.155,127.18,127.1,127.1299,10273,2024-03-13
2024-03-13 19:25:00,127.12,127.22,127.0512,127.095,15353,2024-03-13
2024-03-13 19:30:00,127.1,127.28,127.08,127.25,13031,2024-03-13
2024-03-13 19:35:00,127.27,127.27,127.15,127.16,5971,2024-03-13
2024-03-13 19:40:00,127.16,127.22,127.135,127.135,9726,2024-03-13
2024-03-13 19:45:00,127.14,127.29,127.14,127.27,11242,2024-03-13
2024-03-13 19:50:00,127.27,127.28,127.21,127.2544,11598,2024-03-13
2024-03-13 19:55:00,127.25,127.33,127.25,127.294,10762,2024-03-13
2024-03-13 20:00:00,127.3,127.4,127.27,127.38,15671,2024-03-13
2024-03-13 20:05:00,127.39,127.5,127.375,127.43,6751,2024-03-13
2024-03-13 20:10:00,127.41,127.52,127.39,127.52,17517,2024-03-13
2024-03-13 20:15:00,127.52,127.58,127.46,127.46,11983,2024-03-13
2024-03-13 20:20:00,127.455,127.48,127.3,127.325,8836,2024-03-13
2024-03-13 20:25:00,127.325,127.39,127.295,127.295,8568,2024-03-13
2024-03-13 20:30:00,127.27,127.31,127.19,127.235,10024,2024-03-13
2024-03-13 20:35:00,127.23,127.27,127.22,127.245,6505,2024-03-13
2024-03-13 20:40:00,127.23,127.2642,127.22,127.2642,7418,2024-03-13
2024-03-13 20:45:00,127.23,127.25,127.2,127.245,8087,2024-03-13
2024-03-13 20:50:00,127.23,127.25,127.1457,127.16,10782,2024-03-13
2024-03-13 20:55:00,127.175,127.27,127.175,127.27,6406,2024-03-13
2024-03-13 21:00:00,127.27,127.285,127.22,127.2468,10295,2024-03-13
2024-03-13 21:05:00,127.24,127.27,127.23,127.26,9141,2024-03-13
2024-03-13 21:10:00,127.28,127.3,127.22,127.265,11814,2024-03-13
2024-03-13 21:15:00,127.25,127.29,127.23,127.29,9274,2024-03-13
2024-03-13 21:20:00,127.29,127.345,127.29,127.34,10439,2024-03-13
2024-03-13 21:25:00,127.34,127.41,127.34,127.375,9802,2024-03-13
2024-03-13 21:30:00,127.375,127.44,127.36,127.41,7402,2024-03-13
2024-03-13 21:35:00,127.43,127.43,127.36,127.395,11189,2024-03-13
2024-03-13 21:40:00,127.385,127.46,127.38,127.46,12713,2024-03-13
2024-03-13 21:45:00,127.455,127.465,127.37,127.465,9984,2024-03-13
2024-03-13 21:50:00,127.45,127.51,127.38,127.51,16236,2024-03-13
2024-03-13 21:55:00,127.495,127.5,127.45,127.47,13944,2024-03-13
2024-03-13 22:00:00,127.465,127.53,127.44,127.52,14242,2024-03-13
2024-03-13 22:05:00,127.525,127.61,127.49,127.57,16823,2024-03-13
2024-03-13 22:10:00,127.57,127.58,127.53,127.56,16731,2024-03-13
2024-03-13 22:15:00,127.57,127.6,127.52,127.52,23220,2024-03-13
2024-03-13 22:20:00,127.52,127.64,127.5,127.63,16652,2024-03-13
2024-03-13 22:25:00,127.66,127.69,127.53,127.59,53695,2024-03-13
2024-03-13 22:30:00,127.61,127.67,127.42,127.58,26185,2024-03-13
2024-03-13 22:35:00,127.58,127.7,127.58,127.68,25464,2024-03-13
2024-03-13 22:40:00,127.665,127.735,127.63,127.69,37795,2024-03-13
2024-03-13 22:45:00,127.664,127.85,127.66,127.73,47681,2024-03-13
2024-03-13 22:50:00,127.74,127.89,127.68,127.83,83847,2024-03-13
2024-03-13 22:55:00,127.83,127.95,127.76,127.91,193303,2024-03-13
2024-03-13 23:00:00,127.9,127.9,127.9,127.9,15811,2024-03-13
2024-03-13 23:05:00,127.9,127.9,127.9,127.9,4720,2024-03-13
2024-03-14 16:25:00,127.75,127.75,127.75,127.75,101,2024-03-14
2024-03-14 16:30:00,127.48,127.86,127.185,127.485,48415,2024-03-14
2024-03-14 16:35:00,127.49,127.6,127.31,127.59,29800,2024-03-14
2024-03-14 16:40:00,127.54,127.8,127.5,127.5,13917,2024-03-14
2024-03-14 16:45:00,127.491,127.62,127.43,127.53,6712,2024-03-14
2024-03-14 16:50:00,127.49,127.58,127.25,127.25,8108,2024-03-14
2024-03-14 16:55:00,127.24,127.425,127.215,127.315,15633,2024-03-14
2024-03-14 17:00:00,127.325,127.41,127.0217,127.0217,14503,2024-03-14
2024-03-14 17:05:00,127.02,127.095,126.9233,126.95,3946,2024-03-14
2024-03-14 17:10:00,126.95,127.07,126.92,127.07,14956,2024-03-14
2024-03-14 17:15:00,127.04,127.21,127.04,127.2062,5328,2024-03-14
2024-03-14 17:20:00,127.185,127.185,127.04,127.065,15383,2024-03-14
2024-03-14 17:25:00,127.06,127.1,126.87,126.985,23174,2024-03-14
2024-03-14 17:30:00,126.95,127.065,126.95,127,11071,2024-03-14
2024-03-14 17:35:00,126.97,127.03,126.92,126.95,19549,2024-03-14
2024-03-14 17:40:00,126.92,126.96,126.73,126.73,23005,2024-03-14
2024-03-14 17:45:00,126.72,126.75,126.645,126.645,13472,2024-03-14
2024-03-14 17:50:00,126.645,126.645,126.5,126.54,14995,2024-03-14
2024-03-14 17:55:00,126.54,126.55,126.49,126.5,10405,2024-03-14
2024-03-14 18:00:00,126.5,126.67,126.47,126.64,25772,2024-03-14
2024-03-14 18:05:00,126.575,126.575,126.415,126.45,12033,2024-03-14
2024-03-14 18:10:00,126.43,126.51,126.31,126.35,31926,2024-03-14
2024-03-14 18:15:00,126.36,126.37,126.02,126.15,28946,2024-03-14
2024-03-14 18:20:00,126.15,126.26,126.0501,126.145,7322,2024-03-14
2024-03-14 18:25:00,126.1,126.28,126.06,126.25,9064,2024-03-14
2024-03-14 18:30:00,126.28,126.28,126.05,126.055,9188,2024-03-14
2024-03-14 18:35:00,126.05,126.17,126.05,126.13,12693,2024-03-14
2024-03-14 18:40:00,126.13,126.2645,126.13,126.25,7891,2024-03-14
2024-03-14 18:45:00,126.27,126.29,126.16,126.17,11944,2024-03-14
2024-03-14 18:50:00,126.18,126.225,126.15,126.2,12783,2024-03-14
2024-03-14 18:55:00,126.2,126.2,126.04,126.13,11187,2024-03-14
2024-03-14 19:00:00,126.1302,126.25,126.12,126.25,18522,2024-03-14
2024-03-14 19:05:00,126.23,126.29,126.21,126.27,15942,2024-03-14
2024-03-14 19:10:00,126.26,126.325,126.24,126.285,18278,2024-03-14
2024-03-14 19:15:00,126.295,126.4,126.25,126.31,37316,2024-03-14
2024-03-14 19:20:00,126.28,126.38,126.24,126.35,22832,2024-03-14
2024-03-14 19:25:00,126.344,126.38,126.295,126.35,11714,2024-03-14
2024-03-14 19:30:00,126.345,126.345,126.07,126.11,61907,2024-03-14
2024-03-14 19:35:00,126.1,126.14,125.94,126.13,30758,2024-03-14
2024-03-14 19:40:00,126.125,126.15,125.925,125.93,19455,2024-03-14
2024-03-14 19:45:00,125.95,125.99,125.81,125.83,12842,2024-03-14
2024-03-14 19:50:00,125.835,125.835,125.685,125.71,16239,2024-03-14
2024-03-14 19:55:00,125.74,125.775,125.63,125.655,12904,2024-03-14
2024-03-14 20:00:00,125.62,125.91,125.58,125.91,29612,2024-03-14
2024-03-14 20:05:00,125.925,125.975,125.895,125.92,21349,2024-03-14
2024-03-14 20:10:00,125.92,125.92,125.815,125.84,11155,2024-03-14
2024-03-14 20:15:00,125.835,125.835,125.705,125.72,8483,2024-03-14
2024-03-14 20:20:00,125.7,125.7,125.45,125.51,16532,2024-03-14
2024-03-14 20:25:00,125.49,125.505,125.39,125.42,8260,2024-03-14
2024-03-14 20:30:00,125.38,125.395,125.23,125.37,114763,2024-03-14
2024-03-14 20:35:00,125.37,125.37,125.26,125.3,16894,2024-03-14
2024-03-14 20:40:00,125.27,125.29,125.07,125.149,55711,2024-03-14
2024-03-14 20:45:00,125.16,125.17,124.99,125.02,23838,2024-03-14
2024-03-14 20:50:00,125,125.36,125,125.3,23017,2024-03-14
2024-03-14 20:55:00,125.305,125.415,125.305,125.32,10345,2024-03-14
2024-03-14 21:00:00,125.335,125.35,125.28,125.29,17919,2024-03-14
2024-03-14 21:05:00,125.305,125.345,125.24,125.29,31085,2024-03-14
2024-03-14 21:10:00,125.275,125.275,125.195,125.265,13298,2024-03-14
2024-03-14 21:15:00,125.28,125.39,125.2697,125.385,14103,2024-03-14
2024-03-14 21:20:00,125.395,125.445,125.37,125.44,11683,2024-03-14
2024-03-14 21:25:00,125.43,125.435,125.19,125.2,18627,2024-03-14
2024-03-14 21:30:00,125.2,125.22,125.14,125.21,13619,2024-03-14
2024-03-14 21:35:00,125.205,125.27,125.16,125.255,10722,2024-03-14
2024-03-14 21:40:00,125.27,125.3,125.2578,125.3,15188,2024-03-14
2024-03-14 21:45:00,125.31,125.31,125.14,125.18,12698,2024-03-14
2024-03-14 21:50:00,125.2,125.36,125.2,125.315,11276,2024-03-14
2024-03-14 21:55:00,125.315,125.34,125.26,125.34,16466,2024-03-14
2024-03-14 22:00:00,125.33,125.33,125.14,125.18,16942,2024-03-14
2024-03-14 22:05:00,125.23,125.26,125.12,125.15,16194,2024-03-14
2024-03-14 22:10:00,125.14,125.16,125.07,125.07,13671,2024-03-14
2024-03-14 22:15:00,125.06,125.07,125.01,125.04,21148,2024-03-14
2024-03-14 22:20:00,125.02,125.1,125.006,125.02,21451,2024-03-14
2024-03-14 22:25:00,125.02,125.0669,124.85,124.86,49055,2024-03-14
2024-03-14 22:30:00,124.865,124.87,124.6,124.68,55222,2024-03-14
2024-03-14 22:35:00,124.66,124.66,124.47,124.56,39433,2024-03-14
2024-03-14 22:40:00,124.57,124.74,124.57,124.63,47276,2024-03-14
2024-03-14 22:45:00,124.61,124.85,124.59,124.85,90823,2024-03-14
2024-03-14 22:50:00,124.86,125.07,124.785,125.01,117153,2024-03-14
2024-03-14 22:55:00,125,125.12,124.73,124.81,304407,2024-03-14
2024-03-14 23:00:00,124.81,124.81,124.81,124.81,35123,2024-03-14
2024-03-14 23:45:00,124.81,124.81,124.81,124.81,18000,2024-03-14
2024-03-15 16:25:00,124.01,124.01,123.08,123.18,2906,2024-03-15
2024-03-15 16:30:00,123.39,125.14,123.39,124.72,323218,2024-03-15
2024-03-15 16:35:00,124.66,124.765,124.38,124.4125,16264,2024-03-15
2024-03-15 16:40:00,124.415,124.7,124.28,124.39,17544,2024-03-15
2024-03-15 16:45:00,124.4125,124.61,124.3,124.31,21491,2024-03-15
2024-03-15 16:50:00,124.31,124.37,123.895,123.94,11568,2024-03-15
2024-03-15 16:55:00,123.935,124.03,123.87,123.9,15205,2024-03-15
2024-03-15 17:00:00,123.86,124.15,123.86,124.07,15781,2024-03-15
2024-03-15 17:05:00,124.07,124.11,123.93,123.93,26928,2024-03-15
2024-03-15 17:10:00,124.02,124.16,123.88,123.88,19344,2024-03-15
2024-03-15 17:15:00,123.95,124.12,123.945,124.0153,12635,2024-03-15
2024-03-15 17:20:00,124.01,124.11,124,124.09,19963,2024-03-15
2024-03-15 17:25:00,124.085,124.1099,123.955,124.1099,15434,2024-03-15
2024-03-15 17:30:00,124.085,124.11,124.02,124.03,16492,2024-03-15
2024-03-15 17:35:00,124,124.04,123.93,124,13011,2024-03-15
2024-03-15 17:40:00,124.015,124.13,124.015,124.13,11426,2024-03-15
2024-03-15 17:45:00,124.145,124.28,124.08,124.255,11339,2024-03-15
2024-03-15 17:50:00,124.255,124.55,124.23,124.545,7336,2024-03-15
2024-03-15 17:55:00,124.57,124.69,124.555,124.68,15509,2024-03-15
2024-03-15 18:00:00,124.65,124.65,124.44,124.465,9452,2024-03-15
2024-03-15 18:05:00,124.46,124.46,124.31,124.35,7254,2024-03-15
2024-03-15 18:10:00,124.36,124.5,124.355,124.44,9175,2024-03-15
2024-03-15 18:15:00,124.46,124.61,124.46,124.54,15498,2024-03-15
2024-03-15 18:20:00,124.54,124.635,124.53,124.635,5788,2024-03-15
2024-03-15 18:25:00,124.65,124.81,124.65,124.81,13787,2024-03-15
2024-03-15 18:30:00,124.7923,124.91,124.79,124.85,11668,2024-03-15
2024-03-15 18:35:00,124.85,124.95,124.84,124.95,6464,2024-03-15
2024-03-15 18:40:00,124.97,124.9853,124.84,124.87,9748,2024-03-15
2024-03-15 18:45:00,124.88,125.09,124.88,125.07,11686,2024-03-15
2024-03-15 18:50:00,125.09,125.15,124.995,125.041,10707,2024-03-15
2024-03-15 18:55:00,125.055,125.08,124.94,124.97,9175,2024-03-15
2024-03-15 19:00:00,124.97,125.02,124.93,124.95,9881,2024-03-15
2024-03-15 19:05:00,124.955,125.06,124.77,124.88,78124,2024-03-15
2024-03-15 19:10:00,124.905,124.9599,124.87,124.89,9720,2024-03-15
2024-03-15 19:15:00,124.97,125.07,124.93,124.97,8561,2024-03-15
2024-03-15 19:20:00,124.985,125.01,124.87,124.89,7953,2024-03-15
2024-03-15 19:25:00,124.89,124.91,124.71,124.72,8393,2024-03-15
2024-03-15 19:30:00,124.72,124.98,124.72,124.97,24821,2024-03-15
2024-03-15 19:35:00,124.97,125.03,124.93,125,6212,2024-03-15
2024-03-15 19:40:00,125.0297,125.06,124.89,124.945,10184,2024-03-15
2024-03-15 19:45:00,124.9306,125.04,124.93,125,7711,2024-03-15
2024-03-15 19:50:00,125.015,125.02,124.93,125.02,9582,2024-03-15
2024-03-15 19:55:00,125,125.16,124.98,125.13,9672,2024-03-15
2024-03-15 20:00:00,125.1,125.11,124.81,124.88,11211,2024-03-15
2024-03-15 20:05:00,124.88,124.95,124.82,124.92,19308,2024-03-15
2024-03-15 20:10:00,124.92,125.0258,124.88,124.97,9304,2024-03-15
2024-03-15 20:15:00,125,125,124.798,124.798,5691,2024-03-15
2024-03-15 20:20:00,124.81,124.96,124.81,124.93,8601,2024-03-15
2024-03-15 20:25:00,124.91,124.94,124.76,124.79,47011,2024-03-15
2024-03-15 20:30:00,124.805,124.95,124.77,124.89,8722,2024-03-15
2024-03-15 20:35:00,124.89,124.92,124.865,124.92,5544,2024-03-15
2024-03-15 20:40:00,124.94,124.94,124.86,124.86,6499,2024-03-15
2024-03-15 20:45:00,124.88,124.93,124.87,124.91,9148,2024-03-15
2024-03-15 20:50:00,124.91,124.94,124.88,124.88,6785,2024-03-15
2024-03-15 20:55:00,124.88,124.945,124.87,124.92,12873,2024-03-15
2024-03-15 21:00:00,124.93,124.935,124.845,124.89,10586,2024-03-15
2024-03-15 21:05:00,124.9,124.925,124.83,124.835,14435,2024-03-15
2024-03-15 21:10:00,124.84,124.9699,124.84,124.96,14943,2024-03-15
2024-03-15 21:15:00,124.97,125.19,124.97,125.1899,17056,2024-03-15
2024-03-15 21:20:00,125.153,125.31,125.14,125.185,18794,2024-03-15
2024-03-15 21:25:00,125.18,125.335,125.1775,125.335,15006,2024-03-15
2024-03-15 21:30:00,125.36,125.36,125.25,125.27,13941,2024-03-15
2024-03-15 21:35:00,125.29,125.399,125.24,125.36,16482,2024-03-15
2024-03-15 21:40:00,125.375,125.43,125.35,125.4105,14619,2024-03-15
2024-03-15 21:45:00,125.454,125.454,125.36,125.36,14288,2024-03-15
2024-03-15 21:50:00,125.36,125.428,125.33,125.37,15944,2024-03-15
2024-03-15 21:55:00,125.388,125.44,125.36,125.38,11919,2024-03-15
2024-03-15 22:00:00,125.39,125.39,125.18,125.22,14319,2024-03-15
2024-03-15 22:05:00,125.2,125.215,125.15,125.17,14342,2024-03-15
2024-03-15 22:10:00,125.155,125.205,125.075,125.15,22162,2024-03-15
2024-03-15 22:15:00,125.13,125.15,125.06,125.08,20593,2024-03-15
2024-03-15 22:20:00,125.11,125.12,124.955,124.955,40283,2024-03-15
2024-03-15 22:25:00,124.94,125.03,124.89,124.91,37054,2024-03-15
2024-03-15 22:30:00,124.91,124.945,124.78,124.83,26320,2024-03-15
2024-03-15 22:35:00,124.82,124.82,124.61,124.635,42895,2024-03-15
2024-03-15 22:40:00,124.62,124.63,124.5,124.555,46327,2024-03-15
2024-03-15 22:45:00,124.5404,124.88,124.535,124.85,69902,2024-03-15
2024-03-15 22:50:00,124.82,124.86,124.65,124.66,115913,2024-03-15
2024-03-15 22:55:00,124.67,124.77,124.43,124.49,283387,2024-03-15
2024-03-15 23:00:00,124.47,124.47,124.47,124.47,1229219.0,2024-03-15
2024-03-15 23:05:00,124.47,124.95,124.47,124.47,2574,2024-03-15
2024-03-15 23:10:00,124.47,124.47,124.47,124.47,12713,2024-03-15
2024-03-15 23:15:00,126.0853,126.0853,126.0853,126.0853,146,2024-03-15
2024-03-16 02:55:00,124.7,124.7,124.7,124.7,227,2024-03-15
2024-03-18 16:30:00,124.4,124.75,124.4,124.67,21010,2024-03-18
2024-03-18 16:35:00,124.66,124.66,124.33,124.52,10894,2024-03-18
2024-03-18 16:40:00,124.48,124.65,124.45,124.63,10189,2024-03-18
2024-03-18 16:45:00,124.66,124.6839,124.41,124.56,9563,2024-03-18
2024-03-18 16:50:00,124.64,124.94,124.64,124.915,6534,2024-03-18
2024-03-18 16:55:00,124.965,124.9759,124.81,124.94,13151,2024-03-18
2024-03-18 17:00:00,124.94,125.23,124.9,125.23,11420,2024-03-18
2024-03-18 17:05:00,125.215,125.215,124.92,124.92,22061,2024-03-18
2024-03-18 17:10:00,124.89,125,124.84,124.91,30425,2024-03-18
2024-03-18 17:15:00,124.88,125.05,124.78,125.05,12643,2024-03-18
2024-03-18 17:20:00,125.045,125.05,124.94,124.96,16983,2024-03-18
2024-03-18 17:25:00,124.98,125.005,124.9,124.9068,11984,2024-03-18
2024-03-18 17:30:00,124.91,125.115,124.91,125.115,37280,2024-03-18
2024-03-18 17:35:00,125.105,125.29,125.07,125.29,22205,2024-03-18
2024-03-18 17:40:00,125.265,125.265,125.11,125.22,13807,2024-03-18
2024-03-18 17:45:00,125.19,125.36,125.19,125.36,9962,2024-03-18
2024-03-18 17:50:00,125.36,125.3775,125.26,125.31,12230,2024-03-18
2024-03-18 17:55:00,125.339,125.38,125.08,125.115,14276,2024-03-18
2024-03-18 18:00:00,125.08,125.16,124.96,125.1092,21146,2024-03-18
2024-03-18 18:05:00,125.115,125.12,124.87,124.8794,9980,2024-03-18
2024-03-18 18:10:00,124.88,125.01,124.86,124.96,6626,2024-03-18
2024-03-18 18:15:00,125,125.04,124.87,124.88,10680,2024-03-18
2024-03-18 18:20:00,124.92,124.94,124.87,124.91,12046,2024-03-18
2024-03-18 18:25:00,124.915,125.04,124.87,125.04,15651,2024-03-18
2024-03-18 18:30:00,125.09,125.19,125.07,125.14,11511,2024-03-18
2024-03-18 18:35:00,125.11,125.18,125.06,125.11,13289,2024-03-18
2024-03-18 18:40:00,125.09,125.12,125.04,125.065,10168,2024-03-18
2024-03-18 18:45:00,125.065,125.1,125.04,125.1,8926,2024-03-18
2024-03-18 18:50:00,125.09,125.09,125.01,125.05,7007,2024-03-18
2024-03-18 18:55:00,125.05,125.05,124.93,125.01,8887,2024-03-18
2024-03-18 19:00:00,125.03,125.05,124.91,124.91,9891,2024-03-18
2024-03-18 19:05:00,124.89,124.95,124.84,124.84,10817,2024-03-18
2024-03-18 19:10:00,124.84,124.93,124.82,124.87,7870,2024-03-18
2024-03-18 19:15:00,124.9,124.91,124.84,124.887,10521,2024-03-18
2024-03-18 19:20:00,124.85,124.91,124.8,124.8445,8010,2024-03-18
2024-03-18 19:25:00,124.85,124.9,124.83,124.9,8419,2024-03-18
2024-03-18 19:30:00,124.9,124.935,124.63,124.64,68585,2024-03-18
2024-03-18 19:35:00,124.64,124.65,124.54,124.61,13172,2024-03-18
2024-03-18 19:40:00,124.625,124.73,124.61,124.7,22480,2024-03-18
2024-03-18 19:45:00,124.705,124.7318,124.67,124.7,20402,2024-03-18
2024-03-18 19:50:00,124.695,124.91,124.68,124.75,50344,2024-03-18
2024-03-18 19:55:00,124.755,124.825,124.755,124.81,22593,2024-03-18
2024-03-18 20:00:00,124.81,124.8819,124.7,124.765,25903,2024-03-18
2024-03-18 20:05:00,124.755,124.79,124.73,124.775,14660,2024-03-18
2024-03-18 20:10:00,124.76,124.83,124.71,124.83,43311,2024-03-18
2024-03-18 20:15:00,124.815,124.83,124.67,124.675,7078,2024-03-18
2024-03-18 20:20:00,124.67,124.68,124.62,124.66,14172,2024-03-18
2024-03-18 20:25:00,124.65,124.75,124.63,124.74,11039,2024-03-18
2024-03-18 20:30:00,124.74,124.74,124.6,124.65,14204,2024-03-18
2024-03-18 20:35:00,124.64,124.71,124.595,124.66,9799,2024-03-18
2024-03-18 20:40:00,124.635,124.635,124.55,124.6,9349,2024-03-18
2024-03-18 20:45:00,124.59,124.59,124.54,124.5671,10529,2024-03-18
2024-03-18 20:50:00,124.54,124.58,124.535,124.55,11087,2024-03-18
2024-03-18 20:55:00,124.5463,124.55,124.52,124.54,9616,2024-03-18
2024-03-18 21:00:00,124.56,124.59,124.53,124.57,11545,2024-03-18
2024-03-18 21:05:00,124.58,124.6,124.465,124.48,14741,2024-03-18
2024-03-18 21:10:00,124.48,124.62,124.468,124.585,13692,2024-03-18
2024-03-18 21:15:00,124.57,124.57,124.47,124.48,16496,2024-03-18
2024-03-18 21:20:00,124.49,124.49,124.35,124.37,19118,2024-03-18
2024-03-18 21:25:00,124.37,124.44,124.37,124.42,13387,2024-03-18
2024-03-18 21:30:00,124.43,124.49,124.41,124.44,12496,2024-03-18
2024-03-18 21:35:00,124.45,124.45,124.41,124.43,10090,2024-03-18
2024-03-18 21:40:00,124.42,124.445,124.28,124.31,15733,2024-03-18
2024-03-18 21:45:00,124.32,124.345,124.305,124.31,12004,2024-03-18
2024-03-18 21:50:00,124.3,124.3825,124.3,124.35,13088,2024-03-18
2024-03-18 21:55:00,124.356,124.42,124.3012,124.42,20376,2024-03-18
2024-03-18 22:00:00,124.41,124.5079,124.41,124.45,20136,2024-03-18
2024-03-18 22:05:00,124.44,124.44,124.28,124.285,28332,2024-03-18
2024-03-18 22:10:00,124.29,124.45,124.29,124.41,26397,2024-03-18
2024-03-18 22:15:00,124.39,124.51,124.38,124.51,15314,2024-03-18
2024-03-18 22:20:00,124.505,124.52,124.41,124.45,36368,2024-03-18
2024-03-18 22:25:00,124.41,124.48,124.41,124.44,20935,2024-03-18
2024-03-18 22:30:00,124.43,124.48,124.41,124.45,27790,2024-03-18
2024-03-18 22:35:00,124.45,124.45,124.36,124.36,23078,2024-03-18
2024-03-18 22:40:00,124.35,124.43,124.35,124.39,28761,2024-03-18
2024-03-18 22:45:00,124.3921,124.505,124.34,124.49,47812,2024-03-18
2024-03-18 22:50:00,124.5,124.57,124.33,124.345,75256,2024-03-18
2024-03-18 22:55:00,124.34,124.41,124.18,124.26,167850,2024-03-18
2024-03-18 23:00:00,124.23,124.23,124.23,124.23,22241,2024-03-18
2024-03-18 23:10:00,124.23,124.23,124.23,124.23,8899,2024-03-18
2024-03-18 23:20:00,124.23,124.23,124.23,124.23,2936,2024-03-18
2024-03-19 16:30:00,124.78,124.88,124.21,124.51,22610,2024-03-19
2024-03-19 16:35:00,124.47,124.85,124.47,124.83,8408,2024-03-19
2024-03-19 16:40:00,124.86,125.07,124.7517,124.9829,9697,2024-03-19
2024-03-19 16:45:00,124.98,125.27,124.98,125.1826,7461,2024-03-19
2024-03-19 16:50:00,125.19,125.3199,125.13,125.3,6526,2024-03-19
2024-03-19 16:55:00,125.3,125.33,125.11,125.215,8856,2024-03-19
2024-03-19 17:00:00,125.25,125.3,125.04,125.155,9395,2024-03-19
2024-03-19 17:05:00,125.16,125.21,124.92,125.0265,44096,2024-03-19
2024-03-19 17:10:00,125.02,125.19,124.87,124.985,16245,2024-03-19
2024-03-19 17:15:00,125.02,125.11,124.97,125,11634,2024-03-19
2024-03-19 17:20:00,125.04,125.27,125.035,125.26,15654,2024-03-19
2024-03-19 17:25:00,125.24,125.24,125.06,125.195,20362,2024-03-19
2024-03-19 17:30:00,125.23,125.36,125.21,125.23,10763,2024-03-19
2024-03-19 17:35:00,125.205,125.205,125.05,125.09,10550,2024-03-19
2024-03-19 17:40:00,125.14,125.325,125.1,125.18,19411,2024-03-19
2024-03-19 17:45:00,125.175,125.32,125.15,125.17,8044,2024-03-19
2024-03-19 17:50:00,125.13,125.28,125.1087,125.28,4158,2024-03-19
2024-03-19 17:55:00,125.345,125.36,125.2845,125.31,14454,2024-03-19
2024-03-19 18:00:00,125.31,125.31,125.11,125.14,13575,2024-03-19
2024-03-19 18:05:00,125.139,125.1597,125.04,125.07,12078,2024-03-19
2024-03-19 18:10:00,125.1,125.2,125.07,125.2,6312,2024-03-19
2024-03-19 18:15:00,125.19,125.205,125.16,125.17,7579,2024-03-19
2024-03-19 18:20:00,125.16,125.23,125.15,125.23,7470,2024-03-19
2024-03-19 18:25:00,125.265,125.3,125.16,125.17,12789,2024-03-19
2024-03-19 18:30:00,125.17,125.21,125.15,125.15,15519,2024-03-19
2024-03-19 18:35:00,125.1101,125.18,125.11,125.175,10743,2024-03-19
2024-03-19 18:40:00,125.19,125.26,125.165,125.21,7474,2024-03-19
2024-03-19 18:45:00,125.16,125.24,125.15,125.21,14217,2024-03-19
2024-03-19 18:50:00,125.2,125.255,125.1,125.12,16376,2024-03-19
2024-03-19 18:55:00,125.11,125.125,125.06,125.06,12300,2024-03-19
2024-03-19 19:00:00,125.05,125.05,125,125.025,10037,2024-03-19
2024-03-19 19:05:00,125.02,125.02,124.72,124.72,32137,2024-03-19
2024-03-19 19:10:00,124.72,124.79,124.71,124.75,11342,2024-03-19
2024-03-19 19:15:00,124.77,124.79,124.65,124.74,7002,2024-03-19
2024-03-19 19:20:00,124.74,124.9,124.74,124.9,20836,2024-03-19
2024-03-19 19:25:00,124.92,124.92,124.77,124.885,6374,2024-03-19
2024-03-19 19:30:00,124.91,125.0303,124.84,124.84,19527,2024-03-19
2024-03-19 19:35:00,124.85,124.98,124.82,124.93,12353,2024-03-19
2024-03-19 19:40:00,124.9553,125.03,124.95,125.01,6022,2024-03-19
2024-03-19 19:45:00,124.98,124.98,124.9,124.9397,6030,2024-03-19
2024-03-19 19:50:00,124.93,124.9799,124.81,124.92,11727,2024-03-19
2024-03-19 19:55:00,124.93,124.98,124.9101,124.95,6115,2024-03-19
2024-03-19 20:00:00,124.97,125.015,124.89,124.915,17158,2024-03-19
2024-03-19 20:05:00,124.91,124.99,124.8743,124.955,6397,2024-03-19
2024-03-19 20:10:00,124.97,124.99,124.93,124.93,11554,2024-03-19
2024-03-19 20:15:00,124.89,124.95,124.89,124.92,3868,2024-03-19
2024-03-19 20:20:00,124.93,124.93,124.7302,124.85,44719,2024-03-19
2024-03-19 20:25:00,124.9,124.91,124.8667,124.91,5385,2024-03-19
2024-03-19 20:30:00,124.9,124.92,124.84,124.92,11267,2024-03-19
2024-03-19 20:35:00,124.92,124.97,124.87,124.8985,13101,2024-03-19
2024-03-19 20:40:00,124.915,124.9709,124.9,124.95,5318,2024-03-19
2024-03-19 20:45:00,124.94,124.94,124.74,124.74,13099,2024-03-19
2024-03-19 20:50:00,124.765,124.87,124.76,124.85,12282,2024-03-19
2024-03-19 20:55:00,124.85,124.86,124.81,124.825,12260,2024-03-19
2024-03-19 21:00:00,124.81,124.85,124.76,124.85,8366,2024-03-19
2024-03-19 21:05:00,124.84,124.87,124.78,124.8,15205,2024-03-19
2024-03-19 21:10:00,124.785,124.8,124.63,124.675,13766,2024-03-19
2024-03-19 21:15:00,124.68,124.72,124.67,124.69,11192,2024-03-19
2024-03-19 21:20:00,124.69,124.77,124.69,124.75,7680,2024-03-19
2024-03-19 21:25:00,124.76,124.84,124.75,124.83,11605,2024-03-19
2024-03-19 21:30:00,124.835,124.87,124.81,124.8618,7676,2024-03-19
2024-03-19 21:35:00,124.89,124.93,124.88,124.92,4434,2024-03-19
2024-03-19 21:40:00,124.94,124.955,124.89,124.9,15569,2024-03-19
2024-03-19 21:45:00,124.88,124.98,124.81,124.9549,14916,2024-03-19
2024-03-19 21:50:00,124.94,124.9524,124.84,124.84,8543,2024-03-19
2024-03-19 21:55:00,124.85,124.9,124.81,124.81,13235,2024-03-19
2024-03-19 22:00:00,124.81,124.81,124.68,124.7,12620,2024-03-19
2024-03-19 22:05:00,124.69,124.84,124.68,124.8,16629,2024-03-19
2024-03-19 22:10:00,124.79,124.84,124.78,124.84,9530,2024-03-19
2024-03-19 22:15:00,124.825,124.83,124.79,124.83,8754,2024-03-19
2024-03-19 22:20:00,124.84,124.905,124.83,124.8913,12703,2024-03-19
2024-03-19 22:25:00,124.89,124.92,124.875,124.89,16031,2024-03-19
2024-03-19 22:30:00,124.88,124.9343,124.845,124.8639,18731,2024-03-19
2024-03-19 22:35:00,124.88,124.89,124.81,124.81,12026,2024-03-19
2024-03-19 22:40:00,124.79,124.92,124.78,124.91,21922,2024-03-19
2024-03-19 22:45:00,124.92,124.965,124.86,124.86,26548,2024-03-19
2024-03-19 22:50:00,124.87,125.11,124.87,125,71522,2024-03-19
2024-03-19 22:55:00,124.98,125.05,124.95,125.05,146618,2024-03-19
2024-03-19 23:00:00,125.05,125.05,125.05,125.05,8845,2024-03-19
2024-03-19 23:05:00,125.05,125.05,125.05,125.05,89767,2024-03-19
2024-03-19 23:10:00,125.05,125.05,125.05,125.05,11600,2024-03-19
2024-03-19 23:20:00,125.05,125.05,125.05,125.05,713,2024-03-19
2024-03-20 14:00:00,125.24,125.24,125.24,125.24,180,2024-03-20
2024-03-20 16:25:00,125.2,125.2,125.2,125.2,500,2024-03-20
2024-03-20 16:30:00,124.92,125.11,124.7943,124.93,30631,2024-03-20
2024-03-20 16:35:00,124.91,125.2199,124.91,125.165,3712,2024-03-20
2024-03-20 16:40:00,125.215,125.22,124.85,125.025,8002,2024-03-20
2024-03-20 16:45:00,124.96,125.14,124.9114,124.99,55738,2024-03-20
2024-03-20 16:50:00,124.91,124.96,124.71,124.81,15922,2024-03-20
2024-03-20 16:55:00,124.77,124.8218,124.55,124.69,6588,2024-03-20
2024-03-20 17:00:00,124.69,124.7999,124.605,124.62,8195,2024-03-20
2024-03-20 17:05:00,124.61,124.74,124.6,124.6813,7038,2024-03-20
2024-03-20 17:10:00,124.68,124.73,124.655,124.68,7922,2024-03-20
2024-03-20 17:15:00,124.73,124.7644,124.69,124.72,5698,2024-03-20
2024-03-20 17:20:00,124.73,124.81,124.71,124.73,11919,2024-03-20
2024-03-20 17:25:00,124.69,124.7195,124.64,124.64,2977,2024-03-20
2024-03-20 17:30:00,124.63,124.71,124.61,124.61,21128,2024-03-20
2024-03-20 17:35:00,124.63,124.7,124.53,124.565,23279,2024-03-20
2024-03-20 17:40:00,124.55,124.64,124.53,124.54,17597,2024-03-20
2024-03-20 17:45:00,124.545,124.63,124.52,124.59,14472,2024-03-20
2024-03-20 17:50:00,124.61,124.62,124.52,124.585,17841,2024-03-20
2024-03-20 17:55:00,124.59,124.73,124.59,124.675,16505,2024-03-20
2024-03-20 18:00:00,124.675,124.675,124.35,124.43,10575,2024-03-20
2024-03-20 18:05:00,124.42,124.48,124.38,124.48,9206,2024-03-20
2024-03-20 18:10:00,124.48,124.4999,124.445,124.47,10085,2024-03-20
2024-03-20 18:15:00,124.47,124.49,124.45,124.46,12743,2024-03-20
2024-03-20 18:20:00,124.48,124.48,124.28,124.28,11944,2024-03-20
2024-03-20 18:25:00,124.3,124.3,124.21,124.25,7373,2024-03-20
2024-03-20 18:30:00,124.26,124.28,124.185,124.185,6432,2024-03-20
2024-03-20 18:35:00,124.17,124.2547,124.17,124.21,5282,2024-03-20
2024-03-20 18:40:00,124.245,124.29,124.21,124.285,6980,2024-03-20
2024-03-20 18:45:00,124.285,124.38,124.285,124.33,12676,2024-03-20
2024-03-20 18:50:00,124.33,124.39,124.33,124.375,9201,2024-03-20
2024-03-20 18:55:00,124.37,124.39,124.34,124.39,8823,2024-03-20
2024-03-20 19:00:00,124.38,124.39,124.29,124.305,10599,2024-03-20
2024-03-20 19:05:00,124.33,124.43,124.3,124.42,13260,2024-03-20
2024-03-20 19:10:00,124.45,124.475,124.41,124.45,3604,2024-03-20
2024-03-20 19:15:00,124.48,124.5,124.44,124.465,4082,2024-03-20
2024-03-20 19:20:00,124.48,124.58,124.48,124.495,12229,2024-03-20
2024-03-20 19:25:00,124.495,124.52,124.42,124.42,9271,2024-03-20
2024-03-20 19:30:00,124.41,124.41,124.33,124.34,8213,2024-03-20
2024-03-20 19:35:00,124.3421,124.4,124.305,124.37,10265,2024-03-20
2024-03-20 19:40:00,124.39,124.475,124.39,124.425,6907,2024-03-20
2024-03-20 19:45:00,124.44,124.48,124.43,124.439,5719,2024-03-20
2024-03-20 19:50:00,124.49,124.625,124.49,124.625,6263,2024-03-20
2024-03-20 19:55:00,124.615,124.65,124.6,124.6,5947,2024-03-20
2024-03-20 20:00:00,124.58,124.58,124.48,124.51,3875,2024-03-20
2024-03-20 20:05:00,124.478,124.51,124.445,124.49,6324,2024-03-20
2024-03-20 20:10:00,124.47,124.56,124.47,124.56,5411,2024-03-20
2024-03-20 20:15:00,124.58,124.58,124.51,124.51,3252,2024-03-20
2024-03-20 20:20:00,124.49,124.61,124.49,124.56,6032,2024-03-20
2024-03-20 20:25:00,124.5875,124.64,124.57,124.63,5216,2024-03-20
2024-03-20 20:30:00,124.62,124.62,124.56,124.56,3284,2024-03-20
2024-03-20 20:35:00,124.5799,124.608,124.475,124.5,4365,2024-03-20
2024-03-20 20:40:00,124.5,124.5,124.4652,124.5,5512,2024-03-20
2024-03-20 20:45:00,124.495,124.54,124.49,124.53,7424,2024-03-20
2024-03-20 20:50:00,124.55,124.61,124.53,124.61,4971,2024-03-20
2024-03-20 20:55:00,124.6494,124.68,124.59,124.59,6799,2024-03-20
2024-03-20 21:00:00,124.61,124.79,124.57,124.62,10602,2024-03-20
2024-03-20 21:05:00,124.54,124.565,124.37,124.4,7133,2024-03-20
2024-03-20 21:10:00,124.44,124.47,124.3,124.345,5470,2024-03-20
2024-03-20 21:15:00,124.31,124.335,124.22,124.255,12714,2024-03-20
2024-03-20 21:20:00,124.255,124.29,124.2001,124.266,7133,2024-03-20
2024-03-20 21:25:00,124.26,124.41,124.23,124.41,22536,2024-03-20
2024-03-20 21:30:00,124.43,124.46,124.3633,124.41,11881,2024-03-20
2024-03-20 21:35:00,124.41,124.52,124.41,124.47,7481,2024-03-20
2024-03-20 21:40:00,124.49,124.72,124.49,124.645,6977,2024-03-20
2024-03-20 21:45:00,124.69,124.806,124.67,124.78,5934,2024-03-20
2024-03-20 21:50:00,124.7,124.7065,124.3848,124.3848,10770,2024-03-20
2024-03-20 21:55:00,124.385,124.52,124.37,124.38,7728,2024-03-20
2024-03-20 22:00:00,124.44,124.47,124.395,124.4157,10500,2024-03-20
2024-03-20 22:05:00,124.47,124.51,124.41,124.47,10305,2024-03-20
2024-03-20 22:10:00,124.5,124.57,124.45,124.45,10951,2024-03-20
2024-03-20 22:15:00,124.5,124.59,124.4813,124.54,14121,2024-03-20
2024-03-20 22:20:00,124.535,124.61,124.48,124.61,14222,2024-03-20
2024-03-20 22:25:00,124.6,124.64,124.56,124.58,10412,2024-03-20
2024-03-20 22:30:00,124.58,124.58,124.34,124.34,16836,2024-03-20
2024-03-20 22:35:00,124.35,124.55,124.33,124.55,16630,2024-03-20
2024-03-20 22:40:00,124.56,124.645,124.52,124.54,22903,2024-03-20
2024-03-20 22:45:00,124.54,124.54,124.2,124.3,42377,2024-03-20
2024-03-20 22:50:00,124.32,124.47,124.26,124.31,54142,2024-03-20
2024-03-20 22:55:00,124.32,124.47,124.21,124.41,100725,2024-03-20
2024-03-20 23:00:00,124.42,124.42,124.42,124.42,11914,2024-03-20
2024-03-20 23:10:00,124.42,124.42,124.42,124.42,2024,2024-03-20
2024-03-21 16:15:00,124.45,124.45,124.44,124.44,698,2024-03-21
2024-03-21 16:30:00,124.03,124.2,123.02,123.4,26860,2024-03-21
2024-03-21 16:35:00,123.4178,123.54,123.23,123.4511,45670,2024-03-21
2024-03-21 16:40:00,123.47,123.88,123.38,123.82,43526,2024-03-21
2024-03-21 16:45:00,123.8,123.9,123.645,123.88,21058,2024-03-21
2024-03-21 16:50:00,123.9,124.0704,123.875,123.95,12911,2024-03-21
2024-03-21 16:55:00,123.945,124.18,123.91,124.15,17029,2024-03-21
2024-03-21 17:00:00,124.27,124.305,124.09,124.09,11150,2024-03-21
2024-03-21 17:05:00,124.1,124.12,124.0086,124.02,14004,2024-03-21
2024-03-21 17:10:00,124.02,124.23,123.98,124.21,24099,2024-03-21
2024-03-21 17:15:00,124.21,124.45,124.2,124.255,20196,2024-03-21
2024-03-21 17:20:00,124.2,124.35,124.16,124.35,14880,2024-03-21
2024-03-21 17:25:00,124.395,124.46,124.305,124.32,9423,2024-03-21
2024-03-21 17:30:00,124.335,124.38,124.11,124.11,14243,2024-03-21
2024-03-21 17:35:00,124.15,124.18,124.03,124.06,13310,2024-03-21
2024-03-21 17:40:00,124.08,124.28,124.08,124.28,12037,2024-03-21
2024-03-21 17:45:00,124.32,124.39,124.154,124.17,11347,2024-03-21
2024-03-21 17:50:00,124.19,124.29,124.18,124.29,10953,2024-03-21
2024-03-21 17:55:00,124.29,124.47,124.2,124.295,37900,2024-03-21
2024-03-21 18:00:00,124.3,124.34,124.1,124.33,18618,2024-03-21
2024-03-21 18:05:00,124.35,124.38,124.17,124.23,22474,2024-03-21
2024-03-21 18:10:00,124.2,124.295,124.13,124.155,19834,2024-03-21
2024-03-21 18:15:00,124.14,124.295,124.14,124.21,19932,2024-03-21
2024-03-21 18:20:00,124.18,124.25,124.12,124.23,10720,2024-03-21
2024-03-21 18:25:00,124.24,124.24,124.11,124.135,11615,2024-03-21
2024-03-21 18:30:00,124.1,124.1,123.99,124.095,15539,2024-03-21
2024-03-21 18:35:00,124.09,124.15,124.04,124.07,10157,2024-03-21
2024-03-21 18:40:00,124.05,124.135,124.03,124.085,19756,2024-03-21
2024-03-21 18:45:00,124.08,124.11,124.015,124.04,13903,2024-03-21
2024-03-21 18:50:00,124.03,124.11,123.98,124.11,13570,2024-03-21
2024-03-21 18:55:00,124.115,124.44,124.09,124.44,14863,2024-03-21
2024-03-21 19:00:00,124.42,124.52,124.4,124.47,8135,2024-03-21
2024-03-21 19:05:00,124.49,124.49,124.4015,124.43,5343,2024-03-21
2024-03-21 19:10:00,124.43,124.43,124.32,124.34,7424,2024-03-21
2024-03-21 19:15:00,124.32,124.33,124.23,124.33,10202,2024-03-21
2024-03-21 19:20:00,124.33,124.36,124.3,124.36,5362,2024-03-21
2024-03-21 19:25:00,124.37,124.435,124.37,124.4,5709,2024-03-21
2024-03-21 19:30:00,124.415,124.43,124.23,124.23,11234,2024-03-21
2024-03-21 19:35:00,124.1975,124.27,124.1851,124.235,14793,2024-03-21
2024-03-21 19:40:00,124.21,124.21,124.13,124.181,9879,2024-03-21
2024-03-21 19:45:00,124.1914,124.27,124.17,124.25,8589,2024-03-21
2024-03-21 19:50:00,124.27,124.275,124.21,124.22,7164,2024-03-21
2024-03-21 19:55:00,124.24,124.25,124.14,124.17,10953,2024-03-21
2024-03-21 20:00:00,124.16,124.24,124.14,124.1838,24773,2024-03-21
2024-03-21 20:05:00,124.2,124.34,124.1909,124.32,8234,2024-03-21
2024-03-21 20:10:00,124.3299,124.36,124.27,124.36,8471,2024-03-21
2024-03-21 20:15:00,124.37,124.425,124.365,124.375,6884,2024-03-21
2024-03-21 20:20:00,124.365,124.38,124.312,124.312,6020,2024-03-21
2024-03-21 20:25:00,124.325,124.33,124.29,124.3,9253,2024-03-21
2024-03-21 20:30:00,124.29,124.37,124.29,124.37,13103,2024-03-21
2024-03-21 20:35:00,124.38,124.435,124.365,124.42,7675,2024-03-21
2024-03-21 20:40:00,124.42,124.43,124.3401,124.375,6643,2024-03-21
2024-03-21 20:45:00,124.375,124.47,124.37,124.44,9976,2024-03-21
2024-03-21 20:50:00,124.44,124.56,124.44,124.555,9466,2024-03-21
2024-03-21 20:55:00,124.55,124.625,124.55,124.58,8281,2024-03-21
2024-03-21 21:00:00,124.59,124.695,124.565,124.65,11083,2024-03-21
2024-03-21 21:05:00,124.65,124.81,124.63,124.78,9767,2024-03-21
2024-03-21 21:10:00,124.79,124.815,124.71,124.71,9100,2024-03-21
2024-03-21 21:15:00,124.7,124.81,124.68,124.81,12681,2024-03-21
2024-03-21 21:20:00,124.8,124.82,124.73,124.735,9463,2024-03-21
2024-03-21 21:25:00,124.735,124.745,124.7,124.715,9685,2024-03-21
2024-03-21 21:30:00,124.715,124.75,124.6701,124.75,14134,2024-03-21
2024-03-21 21:35:00,124.75,124.76,124.69,124.7,6305,2024-03-21
2024-03-21 21:40:00,124.685,124.7498,124.68,124.73,9178,2024-03-21
2024-03-21 21:45:00,124.73,124.75,124.67,124.6704,7775,2024-03-21
2024-03-21 21:50:00,124.66,124.74,124.62,124.62,11169,2024-03-21
2024-03-21 21:55:00,124.625,124.68,124.59,124.65,13323,2024-03-21
2024-03-21 22:00:00,124.6575,124.71,124.62,124.71,18151,2024-03-21
2024-03-21 22:05:00,124.73,124.74,124.6,124.6,11670,2024-03-21
2024-03-21 22:10:00,124.59,124.59,124.49,124.5,9408,2024-03-21
2024-03-21 22:15:00,124.48,124.55,124.45,124.545,14489,2024-03-21
2024-03-21 22:20:00,124.545,124.61,124.475,124.585,20809,2024-03-21
2024-03-21 22:25:00,124.59,124.66,124.52,124.56,14367,2024-03-21
2024-03-21 22:30:00,124.565,124.665,124.565,124.63,19658,2024-03-21
2024-03-21 22:35:00,124.64,124.78,124.64,124.74,19492,2024-03-21
2024-03-21 22:40:00,124.745,124.83,124.74,124.815,24022,2024-03-21
2024-03-21 22:45:00,124.8,124.8,124.64,124.65,31949,2024-03-21
2024-03-21 22:50:00,124.67,124.68,124.54,124.65,45319,2024-03-21
2024-03-21 22:55:00,124.69,124.95,124.68,124.81,186288,2024-03-21
2024-03-21 23:00:00,124.81,124.81,124.81,124.81,10462,2024-03-21
2024-03-21 23:10:00,124.81,124.81,124.81,124.81,1255,2024-03-21
2024-03-21 23:20:00,124.81,124.81,124.81,124.81,5080,2024-03-21
2024-03-22 16:30:00,125.24,125.24,124.85,124.895,18607,2024-03-22
2024-03-22 16:35:00,124.9,124.935,124.795,124.905,3955,2024-03-22
2024-03-22 16:40:00,124.765,125.2,124.765,125.105,74879,2024-03-22
2024-03-22 16:45:00,125.105,125.305,125.09,125.285,10172,2024-03-22
2024-03-22 16:50:00,125.2767,125.3399,125.25,125.325,23450,2024-03-22
2024-03-22 16:55:00,125.29,125.425,125.24,125.38,11613,2024-03-22
2024-03-22 17:00:00,125.385,125.445,125.315,125.41,5082,2024-03-22
2024-03-22 17:05:00,125.41,125.48,125.38,125.45,5889,2024-03-22
2024-03-22 17:10:00,125.46,125.46,125.3,125.3,9686,2024-03-22
2024-03-22 17:15:00,125.33,125.4422,125.33,125.4422,7757,2024-03-22
2024-03-22 17:20:00,125.43,125.44,125.33,125.4,7491,2024-03-22
2024-03-22 17:25:00,125.42,125.575,125.42,125.525,10210,2024-03-22
2024-03-22 17:30:00,125.5,125.5,125.255,125.2641,8103,2024-03-22
2024-03-22 17:35:00,125.28,125.28,125.02,125.085,22766,2024-03-22
2024-03-22 17:40:00,125.075,125.12,124.94,124.94,24496,2024-03-22
2024-03-22 17:45:00,124.95,125.085,124.91,125.02,16903,2024-03-22
2024-03-22 17:50:00,125.015,125.19,124.945,125.19,10708,2024-03-22
2024-03-22 17:55:00,125.15,125.33,125.03,125.04,10064,2024-03-22
2024-03-22 18:00:00,125.07,125.2,125.0475,125.2,4912,2024-03-22
2024-03-22 18:05:00,125.17,125.17,125.015,125.025,7934,2024-03-22
2024-03-22 18:10:00,125.09,125.185,125.09,125.16,6181,2024-03-22
2024-03-22 18:15:00,125.17,125.175,125.08,125.14,7677,2024-03-22
2024-03-22 18:20:00,125.1425,125.285,125.1425,125.28,10361,2024-03-22
2024-03-22 18:25:00,125.29,125.32,125.2526,125.26,6668,2024-03-22
2024-03-22 18:30:00,125.3,125.35,125.19,125.19,11527,2024-03-22
2024-03-22 18:35:00,125.205,125.28,125.15,125.28,6460,2024-03-22
2024-03-22 18:40:00,125.285,125.31,125.17,125.24,8920,2024-03-22
2024-03-22 18:45:00,125.22,125.24,125.1859,125.21,8981,2024-03-22
2024-03-22 18:50:00,125.23,125.3199,125.23,125.28,6504,2024-03-22
2024-03-22 18:55:00,125.26,125.29,125.23,125.25,6485,2024-03-22
2024-03-22 19:00:00,125.255,125.275,125.14,125.15,10994,2024-03-22
2024-03-22 19:05:00,125.1399,125.16,125.13,125.15,5723,2024-03-22
2024-03-22 19:10:00,125.13,125.16,125.1,125.117,5771,2024-03-22
2024-03-22 19:15:00,125.11,125.2,125.11,125.14,6458,2024-03-22
2024-03-22 19:20:00,125.135,125.135,125.07,125.11,11575,2024-03-22
2024-03-22 19:25:00,125.11,125.15,125.04,125.075,17576,2024-03-22
2024-03-22 19:30:00,125.12,125.12,125.025,125.07,5983,2024-03-22
2024-03-22 19:35:00,125.09,125.13,125.04,125.059,6715,2024-03-22
2024-03-22 19:40:00,125.06,125.09,125.01,125.09,5202,2024-03-22
2024-03-22 19:45:00,125.09,125.1,125.06,125.075,7126,2024-03-22
2024-03-22 19:50:00,125.075,125.08,124.945,124.955,10556,2024-03-22
2024-03-22 19:55:00,124.93,124.985,124.91,124.985,5901,2024-03-22
2024-03-22 20:00:00,124.995,124.995,124.86,124.905,6130,2024-03-22
2024-03-22 20:05:00,124.91,124.91,124.79,124.815,6535,2024-03-22
2024-03-22 20:10:00,124.815,124.82,124.75,124.75,9567,2024-03-22
2024-03-22 20:15:00,124.79,124.92,124.78,124.92,6359,2024-03-22
2024-03-22 20:20:00,124.92,125.03,124.92,125.03,8635,2024-03-22
2024-03-22 20:25:00,125.05,125.05,125.04,125.045,4187,2024-03-22
2024-03-22 20:30:00,125.05,125.09,124.995,125,11871,2024-03-22
2024-03-22 20:35:00,125.005,125.05,124.99,125.03,6230,2024-03-22
2024-03-22 20:40:00,125.02,125.035,124.91,124.91,5987,2024-03-22
2024-03-22 20:45:00,124.93,124.97,124.89,124.895,6825,2024-03-22
2024-03-22 20:50:00,124.875,124.98,124.86,124.95,8807,2024-03-22
2024-03-22 20:55:00,124.9401,124.97,124.94,124.96,7352,2024-03-22
2024-03-22 21:00:00,124.96,124.99,124.94,124.94,6388,2024-03-22
2024-03-22 21:05:00,124.96,125.03,124.96,125.01,6739,2024-03-22
2024-03-22 21:10:00,125.02,125.02,124.95,125.01,8000,2024-03-22
2024-03-22 21:15:00,125.005,125.01,124.95,124.98,8283,2024-03-22
2024-03-22 21:20:00,124.99,125.085,124.96,124.96,8214,2024-03-22
2024-03-22 21:25:00,124.955,125.035,124.955,124.97,5841,2024-03-22
2024-03-22 21:30:00,124.98,125,124.93,124.93,6987,2024-03-22
2024-03-22 21:35:00,124.95,125.03,124.95,125.0033,8224,2024-03-22
2024-03-22 21:40:00,125,125.01,124.98,124.985,7449,2024-03-22
2024-03-22 21:45:00,124.995,125.1,124.995,125.087,6746,2024-03-22
2024-03-22 21:50:00,125.075,125.13,125.05,125.13,8829,2024-03-22
2024-03-22 21:55:00,125.11,125.15,125.08,125.12,10238,2024-03-22
2024-03-22 22:00:00,125.12,125.18,125.1,125.13,6935,2024-03-22
2024-03-22 22:05:00,125.135,125.18,125.11,125.14,10514,2024-03-22
2024-03-22 22:10:00,125.15,125.2,125.1,125.19,15659,2024-03-22
2024-03-22 22:15:00,125.195,125.24,125.155,125.16,10209,2024-03-22
2024-03-22 22:20:00,125.12,125.15,125.1,125.11,9150,2024-03-22
2024-03-22 22:25:00,125.12,125.22,125.11,125.215,13203,2024-03-22
2024-03-22 22:30:00,125.2,125.26,125.19,125.2,18817,2024-03-22
2024-03-22 22:35:00,125.21,125.24,125.09,125.09,26428,2024-03-22
2024-03-22 22:40:00,125.08,125.15,125.03,125.15,27312,2024-03-22
2024-03-22 22:45:00,125.1082,125.24,125.105,125.22,23774,2024-03-22
2024-03-22 22:50:00,125.21,125.315,125.1,125.21,47921,2024-03-22
2024-03-22 22:55:00,125.18,125.21,124.92,124.92,142099,2024-03-22
2024-03-22 23:00:00,124.93,124.93,124.93,124.93,7915,2024-03-22
2024-03-22 23:05:00,124.93,124.93,124.93,124.93,2385,2024-03-22
2024-03-22 23:50:00,125,125,125,125,500,2024-03-22
2024-03-25 16:30:00,125.17,126.29,125.17,125.52,42597,2024-03-25
2024-03-25 16:35:00,125.505,125.96,125.455,125.885,9298,2024-03-25
2024-03-25 16:40:00,125.96,126.26,125.87,125.96,20451,2024-03-25
2024-03-25 16:45:00,125.995,125.995,125.7125,125.85,16487,2024-03-25
2024-03-25 16:50:00,125.8,125.92,125.7,125.875,38939,2024-03-25
2024-03-25 16:55:00,125.87,126.02,125.84,126.02,40087,2024-03-25
2024-03-25 17:00:00,125.99,126.12,125.9,126.115,26012,2024-03-25
2024-03-25 17:05:00,126.08,126.17,125.99,126.02,20676,2024-03-25
2024-03-25 17:10:00,126.04,126.34,126.03,126.33,24915,2024-03-25
2024-03-25 17:15:00,126.34,126.46,126.295,126.43,23752,2024-03-25
2024-03-25 17:20:00,126.45,126.52,126.34,126.43,31230,2024-03-25
2024-03-25 17:25:00,126.43,126.515,126.39,126.46,28360,2024-03-25
2024-03-25 17:30:00,126.47,126.525,126.345,126.495,33533,2024-03-25
2024-03-25 17:35:00,126.49,126.58,126.4,126.51,21057,2024-03-25
2024-03-25 17:40:00,126.51,126.51,126.13,126.14,10291,2024-03-25
2024-03-25 17:45:00,126.13,126.18,125.965,125.965,11263,2024-03-25
2024-03-25 17:50:00,125.975,126.065,125.94,126.03,12078,2024-03-25
2024-03-25 17:55:00,126.03,126.13,126.03,126.11,8159,2024-03-25
2024-03-25 18:00:00,126.11,126.11,125.97,125.98,16767,2024-03-25
2024-03-25 18:05:00,125.99,126.01,125.75,125.9,14348,2024-03-25
2024-03-25 18:10:00,125.91,126.08,125.9,126.02,21131,2024-03-25
2024-03-25 18:15:00,126.03,126.1,125.97,126.03,12955,2024-03-25
2024-03-25 18:20:00,126.01,126.14,125.98,126.05,12813,2024-03-25
2024-03-25 18:25:00,126.02,126.105,125.97,126.01,25616,2024-03-25
2024-03-25 18:30:00,125.97,125.9799,125.645,125.695,15603,2024-03-25
2024-03-25 18:35:00,125.69,125.76,125.625,125.65,25137,2024-03-25
2024-03-25 18:40:00,125.68,125.7,125.64,125.685,14254,2024-03-25
2024-03-25 18:45:00,125.685,125.69,125.635,125.645,18739,2024-03-25
2024-03-25 18:50:00,125.645,125.71,125.64,125.65,19101,2024-03-25
2024-03-25 18:55:00,125.65,125.685,125.43,125.51,31911,2024-03-25
2024-03-25 19:00:00,125.52,125.83,125.51,125.78,22882,2024-03-25
2024-03-25 19:05:00,125.75,125.86,125.71,125.81,20367,2024-03-25
2024-03-25 19:10:00,125.77,125.775,125.5825,125.5825,11222,2024-03-25
2024-03-25 19:15:00,125.565,125.66,125.56,125.58,10002,2024-03-25
2024-03-25 19:20:00,125.59,125.6761,125.54,125.64,16913,2024-03-25
2024-03-25 19:25:00,125.64,125.74,125.57,125.685,18208,2024-03-25
2024-03-25 19:30:00,125.69,125.91,125.69,125.87,8344,2024-03-25
2024-03-25 19:35:00,125.885,125.97,125.855,125.965,9766,2024-03-25
2024-03-25 19:40:00,125.98,125.99,125.87,125.89,6830,2024-03-25
2024-03-25 19:45:00,125.8903,125.9,125.845,125.87,7231,2024-03-25
2024-03-25 19:50:00,125.88,125.8948,125.84,125.84,5125,2024-03-25
2024-03-25 19:55:00,125.83,126.04,125.83,126.04,5477,2024-03-25
2024-03-25 20:00:00,126.025,126.025,125.95,125.95,5584,2024-03-25
2024-03-25 20:05:00,125.93,125.965,125.91,125.915,7762,2024-03-25
2024-03-25 20:10:00,125.915,125.94,125.83,125.84,7946,2024-03-25
2024-03-25 20:15:00,125.83,125.86,125.8,125.82,6390,2024-03-25
2024-03-25 20:20:00,125.82,125.82,125.69,125.715,6390,2024-03-25
2024-03-25 20:25:00,125.72,125.81,125.72,125.77,7866,2024-03-25
2024-03-25 20:30:00,125.725,125.795,125.725,125.78,6666,2024-03-25
2024-03-25 20:35:00,125.8,125.84,125.7804,125.83,6030,2024-03-25
2024-03-25 20:40:00,125.83,125.83,125.73,125.73,9682,2024-03-25
2024-03-25 20:45:00,125.735,125.75,125.64,125.67,20263,2024-03-25
2024-03-25 20:50:00,125.68,125.7,125.66,125.69,6532,2024-03-25
2024-03-25 20:55:00,125.68,125.75,125.67,125.73,9860,2024-03-25
2024-03-25 21:00:00,125.72,125.8,125.7,125.705,18073,2024-03-25
2024-03-25 21:05:00,125.69,125.7648,125.67,125.7648,11575,2024-03-25
2024-03-25 21:10:00,125.745,125.76,125.61,125.6163,12769,2024-03-25
2024-03-25 21:15:00,125.63,125.68,125.61,125.65,9406,2024-03-25
2024-03-25 21:20:00,125.64,125.7,125.64,125.6847,11161,2024-03-25
2024-03-25 21:25:00,125.69,125.72,125.62,125.65,10700,2024-03-25
2024-03-25 21:30:00,125.65,125.66,125.58,125.5865,13305,2024-03-25
2024-03-25 21:35:00,125.58,125.71,125.57,125.66,10134,2024-03-25
2024-03-25 21:40:00,125.67,125.67,125.555,125.57,8873,2024-03-25
2024-03-25 21:45:00,125.56,125.58,125.44,125.46,13190,2024-03-25
2024-03-25 21:50:00,125.44,125.46,125.37,125.38,9928,2024-03-25
2024-03-25 21:55:00,125.35,125.4,125.33,125.4,16102,2024-03-25
2024-03-25 22:00:00,125.37,125.375,125.27,125.3335,9599,2024-03-25
2024-03-25 22:05:00,125.35,125.3794,125.32,125.37,14797,2024-03-25
2024-03-25 22:10:00,125.34,125.345,125.27,125.27,9537,2024-03-25
2024-03-25 22:15:00,125.24,125.29,125.2,125.21,16736,2024-03-25
2024-03-25 22:20:00,125.23,125.23,125.1815,125.22,13553,2024-03-25
2024-03-25 22:25:00,125.23,125.32,125.22,125.31,14726,2024-03-25
2024-03-25 22:30:00,125.32,125.46,125.32,125.37,17560,2024-03-25
2024-03-25 22:35:00,125.36,125.36,125.14,125.25,31875,2024-03-25
2024-03-25 22:40:00,125.25,125.25,125.11,125.11,22231,2024-03-25
2024-03-25 22:45:00,125.07,125.12,125.005,125.09,34590,2024-03-25
2024-03-25 22:50:00,125.07,125.23,124.95,125.23,50383,2024-03-25
2024-03-25 22:55:00,125.23,125.26,125.09,125.18,160915,2024-03-25
2024-03-25 23:00:00,125.18,125.18,125.18,125.18,155801,2024-03-25
2024-03-25 23:05:00,125.18,125.18,125.18,125.18,7166,2024-03-25
2024-03-26 16:00:00,125.53,125.53,125.53,125.53,206,2024-03-26
2024-03-26 16:15:00,125.31,125.32,125.31,125.32,410,2024-03-26
2024-03-26 16:30:00,125.44,125.89,125.347,125.51,20543,2024-03-26
2024-03-26 16:35:00,125.49,126.05,125.49,126.05,16136,2024-03-26
2024-03-26 16:40:00,126,126.03,125.57,125.57,7951,2024-03-26
2024-03-26 16:45:00,125.565,125.63,125.4,125.6098,10610,2024-03-26
2024-03-26 16:50:00,125.64,125.68,125.48,125.48,7461,2024-03-26
2024-03-26 16:55:00,125.52,125.59,125.4025,125.519,10996,2024-03-26
2024-03-26 17:00:00,125.52,125.55,125.33,125.47,15872,2024-03-26
2024-03-26 17:05:00,125.44,125.515,125.31,125.515,11105,2024-03-26
2024-03-26 17:10:00,125.515,125.52,125.23,125.285,8377,2024-03-26
2024-03-26 17:15:00,125.2472,125.45,125.24,125.36,9158,2024-03-26
2024-03-26 17:20:00,125.35,125.56,125.33,125.545,13358,2024-03-26
2024-03-26 17:25:00,125.575,125.77,125.53,125.73,10642,2024-03-26
2024-03-26 17:30:00,125.725,125.85,125.69,125.78,19153,2024-03-26
2024-03-26 17:35:00,125.81,125.81,125.535,125.56,6966,2024-03-26
2024-03-26 17:40:00,125.5351,125.78,125.5351,125.765,8528,2024-03-26
2024-03-26 17:45:00,125.79,125.79,125.685,125.76,9096,2024-03-26
2024-03-26 17:50:00,125.7401,125.83,125.73,125.82,6812,2024-03-26
2024-03-26 17:55:00,125.79,125.89,125.73,125.767,10005,2024-03-26
2024-03-26 18:00:00,125.75,125.8004,125.69,125.717,11417,2024-03-26
2024-03-26 18:05:00,125.66,125.71,125.59,125.59,7960,2024-03-26
2024-03-26 18:10:00,125.59,125.66,125.585,125.59,10477,2024-03-26
2024-03-26 18:15:00,125.605,125.68,125.555,125.68,9825,2024-03-26
2024-03-26 18:20:00,125.7,125.7,125.6053,125.69,9541,2024-03-26
2024-03-26 18:25:00,125.7,125.72,125.66,125.72,8474,2024-03-26
2024-03-26 18:30:00,125.69,125.72,125.61,125.62,9966,2024-03-26
2024-03-26 18:35:00,125.605,125.665,125.54,125.64,12128,2024-03-26
2024-03-26 18:40:00,125.64,125.92,125.59,125.92,22959,2024-03-26
2024-03-26 18:45:00,125.945,125.97,125.83,125.875,8967,2024-03-26
2024-03-26 18:50:00,125.86,125.93,125.8,125.93,9048,2024-03-26
2024-03-26 18:55:00,125.95,126.03,125.94,126.02,7923,2024-03-26
2024-03-26 19:00:00,126.02,126.02,125.94,125.97,11807,2024-03-26
2024-03-26 19:05:00,125.97,126.01,125.865,125.91,9131,2024-03-26
2024-03-26 19:10:00,125.88,125.9,125.76,125.76,8352,2024-03-26
2024-03-26 19:15:00,125.7753,125.84,125.7753,125.83,7932,2024-03-26
2024-03-26 19:20:00,125.82,125.85,125.73,125.73,9821,2024-03-26
2024-03-26 19:25:00,125.71,125.735,125.64,125.65,10052,2024-03-26
2024-03-26 19:30:00,125.65,125.69,125.6,125.6,9115,2024-03-26
2024-03-26 19:35:00,125.61,125.61,125.53,125.54,9277,2024-03-26
2024-03-26 19:40:00,125.56,125.58,125.55,125.57,6501,2024-03-26
2024-03-26 19:45:00,125.57,125.64,125.5476,125.635,11561,2024-03-26
2024-03-26 19:50:00,125.639,125.77,125.62,125.765,17659,2024-03-26
2024-03-26 19:55:00,125.765,125.81,125.7249,125.785,7018,2024-03-26
2024-03-26 20:00:00,125.79,125.94,125.79,125.83,17700,2024-03-26
2024-03-26 20:05:00,125.82,125.87,125.75,125.75,17325,2024-03-26
2024-03-26 20:10:00,125.74,125.81,125.74,125.81,9469,2024-03-26
2024-03-26 20:15:00,125.8,125.86,125.79,125.85,10532,2024-03-26
2024-03-26 20:20:00,125.86,125.92,125.859,125.92,7915,2024-03-26
2024-03-26 20:25:00,125.93,126.02,125.91,125.98,11271,2024-03-26
2024-03-26 20:30:00,125.9717,126.01,125.932,126.01,13737,2024-03-26
2024-03-26 20:35:00,125.99,126.04,125.98,125.99,20223,2024-03-26
2024-03-26 20:40:00,125.99,126.04,125.984,125.984,11610,2024-03-26
2024-03-26 20:45:00,126,126.19,125.97,126.18,17603,2024-03-26
2024-03-26 20:50:00,126.165,126.19,126.115,126.15,17697,2024-03-26
2024-03-26 20:55:00,126.13,126.17,126.13,126.16,9026,2024-03-26
2024-03-26 21:00:00,126.165,126.21,126.135,126.14,23017,2024-03-26
2024-03-26 21:05:00,126.15,126.15,125.97,125.99,12550,2024-03-26
2024-03-26 21:10:00,125.99,126.11,125.99,126.09,14739,2024-03-26
2024-03-26 21:15:00,126.11,126.13,126.08,126.13,12640,2024-03-26
2024-03-26 21:20:00,126.1379,126.1379,126.07,126.12,10976,2024-03-26
2024-03-26 21:25:00,126.12,126.135,126.05,126.065,11553,2024-03-26
2024-03-26 21:30:00,126.03,126.07,125.895,125.895,10808,2024-03-26
2024-03-26 21:35:00,125.895,126.1,125.895,126.1,17246,2024-03-26
2024-03-26 21:40:00,126.095,126.13,126.03,126.11,15381,2024-03-26
2024-03-26 21:45:00,126.11,126.11,126.05,126.083,9890,2024-03-26
2024-03-26 21:50:00,126.08,126.1,126,126,15793,2024-03-26
2024-03-26 21:55:00,126,126.035,125.895,125.92,10406,2024-03-26
2024-03-26 22:00:00,125.93,125.99,125.93,125.99,10275,2024-03-26
2024-03-26 22:05:00,125.99,126.14,125.99,126.14,15328,2024-03-26
2024-03-26 22:10:00,126.13,126.16,126.11,126.125,11202,2024-03-26
2024-03-26 22:15:00,126.13,126.205,126.1,126.18,16026,2024-03-26
2024-03-26 22:20:00,126.17,126.32,126.15,126.2932,18312,2024-03-26
2024-03-26 22:25:00,126.3,126.345,126.26,126.275,19569,2024-03-26
2024-03-26 22:30:00,126.27,126.47,126.27,126.4395,32016,2024-03-26
2024-03-26 22:35:00,126.44,126.44,126.18,126.3,27875,2024-03-26
2024-03-26 22:40:00,126.3,126.53,126.3,126.5,54239,2024-03-26
2024-03-26 22:45:00,126.5,126.5,126.255,126.29,53195,2024-03-26
2024-03-26 22:50:00,126.28,126.53,126.26,126.53,89706,2024-03-26
2024-03-26 22:55:00,126.54,126.56,126.06,126.09,249736,2024-03-26
2024-03-26 23:00:00,126.09,126.09,126.09,126.09,157009,2024-03-26
2024-03-26 23:40:00,126,126,126,126,494,2024-03-26
2024-03-27 01:40:00,126.4,126.4,126.4,126.4,100,2024-03-26
2024-03-27 02:55:00,126.88,126.88,126.88,126.88,100,2024-03-26
2024-03-27 14:10:00,126.82,127.2,126.82,127.2,1122,2024-03-27
2024-03-27 14:15:00,126.95,127.75,126.95,127.75,1219,2024-03-27
2024-03-27 15:00:00,127.98,127.98,127.98,127.98,104,2024-03-27
2024-03-27 15:05:00,127.99,128,127.99,128,302,2024-03-27
2024-03-27 16:25:00,128.15,129.49,128.15,129.2,2921,2024-03-27
2024-03-27 16:30:00,129.29,129.29,127.41,127.97,95994,2024-03-27
2024-03-27 16:35:00,127.85,127.85,126.96,127.33,42170,2024-03-27
2024-03-27 16:40:00,127.26,127.4,126.775,127.37,26806,2024-03-27
2024-03-27 16:45:00,127.43,127.875,127.29,127.645,44915,2024-03-27
2024-03-27 16:50:00,127.6,127.76,127.42,127.65,27477,2024-03-27
2024-03-27 16:55:00,127.57,127.8,127.51,127.615,38826,2024-03-27
2024-03-27 17:00:00,127.62,127.96,127.6,127.7875,29437,2024-03-27
2024-03-27 17:05:00,127.8,127.81,127.64,127.76,25564,2024-03-27
2024-03-27 17:10:00,127.76,128,127.7,127.91,24973,2024-03-27
2024-03-27 17:15:00,127.81,127.83,127.65,127.7,31834,2024-03-27
2024-03-27 17:20:00,127.7,127.7,127.03,127.1,33486,2024-03-27
2024-03-27 17:25:00,127.02,127.1,126.84,126.86,18094,2024-03-27
2024-03-27 17:30:00,126.84,126.9,126.64,126.77,18937,2024-03-27
2024-03-27 17:35:00,126.73,126.73,126.301,126.46,23928,2024-03-27
2024-03-27 17:40:00,126.479,126.62,126.4,126.475,13930,2024-03-27
2024-03-27 17:45:00,126.499,126.755,126.47,126.745,21707,2024-03-27
2024-03-27 17:50:00,126.75,126.93,126.675,126.84,16440,2024-03-27
2024-03-27 17:55:00,126.82,127.02,126.82,126.915,13279,2024-03-27
2024-03-27 18:00:00,126.89,127.17,126.89,127.09,13534,2024-03-27
2024-03-27 18:05:00,127.105,127.23,127.07,127.175,27263,2024-03-27
2024-03-27 18:10:00,127.19,127.269,126.905,126.905,18036,2024-03-27
2024-03-27 18:15:00,126.93,126.96,126.72,126.72,16434,2024-03-27
2024-03-27 18:20:00,126.73,126.92,126.73,126.92,15817,2024-03-27
2024-03-27 18:25:00,126.9,126.92,126.77,126.83,13469,2024-03-27
2024-03-27 18:30:00,126.89,126.939,126.81,126.85,9825,2024-03-27
2024-03-27 18:35:00,126.854,126.949,126.75,126.82,13388,2024-03-27
2024-03-27 18:40:00,126.815,126.85,126.705,126.705,7565,2024-03-27
2024-03-27 18:45:00,126.67,126.92,126.66,126.78,18933,2024-03-27
2024-03-27 18:50:00,126.8,126.84,126.755,126.81,7969,2024-03-27
2024-03-27 18:55:00,126.8175,126.83,126.685,126.735,11611,2024-03-27
2024-03-27 19:00:00,126.78,126.78,126.68,126.755,8840,2024-03-27
2024-03-27 19:05:00,126.77,127.08,126.77,127.035,30465,2024-03-27
2024-03-27 19:10:00,127.035,127.04,126.77,126.83,23636,2024-03-27
2024-03-27 19:15:00,126.795,126.86,126.65,126.69,12843,2024-03-27
2024-03-27 19:20:00,126.67,126.78,126.66,126.7,15200,2024-03-27
2024-03-27 19:25:00,126.73,126.838,126.73,126.775,8952,2024-03-27
2024-03-27 19:30:00,126.775,126.81,126.68,126.73,14740,2024-03-27
2024-03-27 19:35:00,126.71,126.93,126.6925,126.93,13283,2024-03-27
2024-03-27 19:40:00,126.925,126.965,126.89,126.915,16009,2024-03-27
2024-03-27 19:45:00,126.89,126.89,126.69,126.81,14486,2024-03-27
2024-03-27 19:50:00,126.7845,126.92,126.7845,126.885,8061,2024-03-27
2024-03-27 19:55:00,126.8825,126.97,126.82,126.82,8132,2024-03-27
2024-03-27 20:00:00,126.83,127.049,126.82,127.049,8812,2024-03-27
2024-03-27 20:05:00,127.05,127.19,127.035,127.09,10287,2024-03-27
2024-03-27 20:10:00,127.05,127.11,126.96,127.09,8422,2024-03-27
2024-03-27 20:15:00,127.11,127.25,127.08,127.24,11667,2024-03-27
2024-03-27 20:20:00,127.266,127.29,127.21,127.265,11383,2024-03-27
2024-03-27 20:25:00,127.24,127.3,127.17,127.24,22149,2024-03-27
2024-03-27 20:30:00,127.22,127.24,127.12,127.14,10873,2024-03-27
2024-03-27 20:35:00,127.15,127.225,126.96,126.97,12932,2024-03-27
2024-03-27 20:40:00,126.98,126.99,126.84,126.91,15826,2024-03-27
2024-03-27 20:45:00,126.92,126.95,126.75,126.865,14159,2024-03-27
2024-03-27 20:50:00,126.86,126.9,126.82,126.82,13669,2024-03-27
2024-03-27 20:55:00,126.83,126.84,126.76,126.8,11558,2024-03-27
2024-03-27 21:00:00,126.79,126.835,126.711,126.815,13194,2024-03-27
2024-03-27 21:05:00,126.815,126.9001,126.815,126.9001,17224,2024-03-27
2024-03-27 21:10:00,126.9,126.9,126.81,126.87,11700,2024-03-27
2024-03-27 21:15:00,126.95,126.95,126.8,126.82,9463,2024-03-27
2024-03-27 21:20:00,126.815,126.83,126.7,126.72,13466,2024-03-27
2024-03-27 21:25:00,126.715,126.8,126.64,126.8,11187,2024-03-27
2024-03-27 21:30:00,126.8,126.86,126.785,126.785,8862,2024-03-27
2024-03-27 21:35:00,126.7843,126.91,126.77,126.89,10892,2024-03-27
2024-03-27 21:40:00,126.9,126.992,126.88,126.97,12043,2024-03-27
2024-03-27 21:45:00,126.96,126.97,126.88,126.91,12608,2024-03-27
2024-03-27 21:50:00,126.895,126.945,126.86,126.88,15804,2024-03-27
2024-03-27 21:55:00,126.9,126.93,126.86,126.915,16196,2024-03-27
2024-03-27 22:00:00,126.93,126.93,126.68,126.71,16742,2024-03-27
2024-03-27 22:05:00,126.71,126.76,126.64,126.67,19396,2024-03-27
2024-03-27 22:10:00,126.69,126.72,126.64,126.69,35322,2024-03-27
2024-03-27 22:15:00,126.69,126.84,126.68,126.84,23315,2024-03-27
2024-03-27 22:20:00,126.84,126.95,126.805,126.94,22745,2024-03-27
2024-03-27 22:25:00,126.935,126.96,126.835,126.9,27380,2024-03-27
2024-03-27 22:30:00,126.9,126.95,126.79,126.79,35044,2024-03-27
2024-03-27 22:35:00,126.79,126.995,126.79,126.95,32843,2024-03-27
2024-03-27 22:40:00,126.975,127.12,126.96,127.11,34157,2024-03-27
2024-03-27 22:45:00,127.12,127.13,126.94,126.94,56048,2024-03-27
2024-03-27 22:50:00,126.96,127.26,126.95,127.12,84425,2024-03-27
2024-03-27 22:55:00,127.13,127.28,127.11,127.27,191567,2024-03-27
2024-03-27 23:00:00,127.27,127.27,127.27,127.27,6342,2024-03-27
2024-03-27 23:05:00,127.27,127.27,127.27,127.27,78498,2024-03-27
2024-03-28 01:20:00,127.26,127.26,127.26,127.26,300,2024-03-27
2024-03-28 01:30:00,127.2894,127.2894,127.2894,127.2894,249,2024-03-27
2024-03-28 01:35:00,127.29,127.29,127.29,127.29,257,2024-03-27
2024-03-28 13:00:00,127.75,127.8,127.75,127.8,203,2024-03-28
2024-03-28 13:05:00,127.99,127.99,127.98,127.99,300,2024-03-28
2024-03-28 15:00:00,128.01,128.4,128.01,128.4,293,2024-03-28
2024-03-28 15:10:00,128.38,128.4,127.27,127.27,1128,2024-03-28
2024-03-28 16:00:00,128.4,128.48,128.4,128.48,201,2024-03-28
2024-03-28 16:15:00,128.3,128.3,128.3,128.3,504,2024-03-28
2024-03-28 16:30:00,128.89,129.27,128.5,129.16,81999,2024-03-28
2024-03-28 16:35:00,129.12,129.18,128.51,128.67,27859,2024-03-28
2024-03-28 16:40:00,128.64,128.91,128.52,128.78,31262,2024-03-28
2024-03-28 16:45:00,128.745,128.81,128.49,128.54,35916,2024-03-28
2024-03-28 16:50:00,128.51,128.68,128.39,128.4375,139990,2024-03-28
2024-03-28 16:55:00,128.425,128.65,128.42,128.58,49055,2024-03-28
2024-03-28 17:00:00,128.58,128.76,128.555,128.76,37019,2024-03-28
2024-03-28 17:05:00,128.73,128.92,128.685,128.805,40960,2024-03-28
2024-03-28 17:10:00,128.805,129,128.66,128.93,42972,2024-03-28
2024-03-28 17:15:00,128.93,129.12,128.905,129.045,26917,2024-03-28
2024-03-28 17:20:00,129,129.1,128.89,128.91,55275,2024-03-28
2024-03-28 17:25:00,128.91,129.12,128.89,129.08,30636,2024-03-28
2024-03-28 17:30:00,129.075,129.235,128.985,129.15,32019,2024-03-28
2024-03-28 17:35:00,129.13,129.24,129.07,129.235,32119,2024-03-28
2024-03-28 17:40:00,129.22,129.325,129.19,129.27,26711,2024-03-28
2024-03-28 17:45:00,129.255,129.54,129.25,129.52,37915,2024-03-28
2024-03-28 17:50:00,129.53,129.94,129.53,129.865,48307,2024-03-28
2024-03-28 17:55:00,129.86,129.97,129.75,129.84,44275,2024-03-28
2024-03-28 18:00:00,129.835,129.875,129.52,129.66,29321,2024-03-28
2024-03-28 18:05:00,129.66,129.73,129.615,129.63,37296,2024-03-28
2024-03-28 18:10:00,129.615,129.655,129.4506,129.52,26107,2024-03-28
2024-03-28 18:15:00,129.51,129.6425,129.4978,129.57,14484,2024-03-28
2024-03-28 18:20:00,129.57,129.655,129.55,129.56,16350,2024-03-28
2024-03-28 18:25:00,129.57,129.6,129.56,129.5927,13792,2024-03-28
2024-03-28 18:30:00,129.58,129.58,129.34,129.34,16989,2024-03-28
2024-03-28 18:35:00,129.3796,129.44,129.34,129.4,23679,2024-03-28
2024-03-28 18:40:00,129.39,129.43,129.19,129.28,18847,2024-03-28
2024-03-28 18:45:00,129.27,129.28,129.175,129.27,17921,2024-03-28
2024-03-28 18:50:00,129.274,129.32,129.26,129.27,14044,2024-03-28
2024-03-28 18:55:00,129.26,129.26,129.09,129.15,18325,2024-03-28
2024-03-28 19:00:00,129.15,129.3,129.1,129.3,14863,2024-03-28
2024-03-28 19:05:00,129.3,129.54,129.3,129.51,20292,2024-03-28
2024-03-28 19:10:00,129.51,129.51,129.375,129.41,15884,2024-03-28
2024-03-28 19:15:00,129.395,129.54,129.395,129.5101,13605,2024-03-28
2024-03-28 19:20:00,129.5101,129.72,129.51,129.63,25632,2024-03-28
2024-03-28 19:25:00,129.6,129.61,129.44,129.46,9068,2024-03-28
2024-03-28 19:30:00,129.45,129.45,129.3345,129.43,10711,2024-03-28
2024-03-28 19:35:00,129.445,129.6,129.43,129.47,28276,2024-03-28
2024-03-28 19:40:00,129.47,129.52,129.415,129.46,14549,2024-03-28
2024-03-28 19:45:00,129.44,129.44,129.25,129.38,11264,2024-03-28
2024-03-28 19:50:00,129.38,129.42,129.35,129.42,13611,2024-03-28
2024-03-28 19:55:00,129.39,129.49,129.37,129.44,17679,2024-03-28
2024-03-28 20:00:00,129.445,129.5,129.43,129.44,18892,2024-03-28
2024-03-28 20:05:00,129.43,129.53,129.43,129.52,18353,2024-03-28
2024-03-28 20:10:00,129.52,129.57,129.48,129.55,17017,2024-03-28
2024-03-28 20:15:00,129.555,129.56,129.3,129.3125,10704,2024-03-28
2024-03-28 20:20:00,129.325,129.36,129.3,129.36,14037,2024-03-28
2024-03-28 20:25:00,129.36,129.455,129.33,129.44,24764,2024-03-28
2024-03-28 20:30:00,129.43,129.435,129.36,129.4001,21942,2024-03-28
2024-03-28 20:35:00,129.4,129.42,129.3683,129.42,12345,2024-03-28
2024-03-28 20:40:00,129.415,129.5,129.4143,129.5,16987,2024-03-28
2024-03-28 20:45:00,129.51,129.61,129.49,129.6,15956,2024-03-28
2024-03-28 20:50:00,129.6,129.62,129.57,129.58,14930,2024-03-28
2024-03-28 20:55:00,129.575,129.81,129.575,129.81,22212,2024-03-28
2024-03-28 21:00:00,129.82,129.84,129.75,129.785,18937,2024-03-28
2024-03-28 21:05:00,129.77,129.77,129.65,129.705,21958,2024-03-28
2024-03-28 21:10:00,129.705,129.755,129.67,129.7241,18841,2024-03-28
2024-03-28 21:15:00,129.72,129.86,129.71,129.85,19620,2024-03-28
2024-03-28 21:20:00,129.86,129.87,129.75,129.78,17685,2024-03-28
2024-03-28 21:25:00,129.775,129.775,129.56,129.7,22692,2024-03-28
2024-03-28 21:30:00,129.73,129.79,129.63,129.68,16882,2024-03-28
2024-03-28 21:35:00,129.67,129.82,129.665,129.78,20700,2024-03-28
2024-03-28 21:40:00,129.78,129.88,129.76,129.835,24042,2024-03-28
2024-03-28 21:45:00,129.84,129.84,129.65,129.65,18597,2024-03-28
2024-03-28 21:50:00,129.63,129.68,129.54,129.63,27632,2024-03-28
2024-03-28 21:55:00,129.635,129.74,129.56,129.66,29512,2024-03-28
2024-03-28 22:00:00,129.665,129.68,129.525,129.525,32821,2024-03-28
2024-03-28 22:05:00,129.53,129.6,129.42,129.5,37995,2024-03-28
2024-03-28 22:10:00,129.5,129.67,129.495,129.6,30464,2024-03-28
2024-03-28 22:15:00,129.6,129.685,129.53,129.53,23299,2024-03-28
2024-03-28 22:20:00,129.54,129.69,129.54,129.65,28005,2024-03-28
2024-03-28 22:25:00,129.65,129.8,129.585,129.6,38742,2024-03-28
2024-03-28 22:30:00,129.59,129.61,129.45,129.51,44732,2024-03-28
2024-03-28 22:35:00,129.51,129.63,129.47,129.62,48084,2024-03-28
2024-03-28 22:40:00,129.63,129.635,129.51,129.565,46550,2024-03-28
2024-03-28 22:45:00,129.56,129.58,129.39,129.5,58882,2024-03-28
2024-03-28 22:50:00,129.49,129.5,129.35,129.42,103476,2024-03-28
2024-03-28 22:55:00,129.43,129.58,129.29,129.31,251086,2024-03-28
2024-03-28 23:00:00,129.35,129.35,129.35,129.35,47879,2024-03-28
2024-03-28 23:40:00,129.35,129.35,129.35,129.35,213,2024-03-28
2024-04-01 16:00:00,129,129,129,129,151,2024-04-01
2024-04-01 16:30:00,128.6,129.33,128.5701,129.17,36361,2024-04-01
2024-04-01 16:35:00,128.965,129.23,128.81,129.095,15912,2024-04-01
2024-04-01 16:40:00,129.05,129.18,128.9,128.995,18358,2024-04-01
2024-04-01 16:45:00,129,129.06,128.68,128.68,39628,2024-04-01
2024-04-01 16:50:00,128.71,128.915,128.66,128.67,15497,2024-04-01
2024-04-01 16:55:00,128.55,128.76,128.53,128.745,10356,2024-04-01
2024-04-01 17:00:00,128.755,128.785,128.56,128.765,16025,2024-04-01
2024-04-01 17:05:00,128.77,129.23,128.77,129.23,66268,2024-04-01
2024-04-01 17:10:00,129.17,129.255,129.14,129.165,21501,2024-04-01
2024-04-01 17:15:00,129.17,129.31,129.045,129.2234,23671,2024-04-01
2024-04-01 17:20:00,129.25,129.33,129.16,129.165,19768,2024-04-01
2024-04-01 17:25:00,129.14,129.15,128.975,129.045,33599,2024-04-01
2024-04-01 17:30:00,129.06,129.235,129.06,129.155,42158,2024-04-01
2024-04-01 17:35:00,129.155,129.33,129.1,129.26,23414,2024-04-01
2024-04-01 17:40:00,129.23,129.37,129.22,129.34,23056,2024-04-01
2024-04-01 17:45:00,129.36,129.39,129.26,129.26,15534,2024-04-01
2024-04-01 17:50:00,129.24,129.285,129.01,129.165,52569,2024-04-01
2024-04-01 17:55:00,129.15,129.18,128.97,128.97,18056,2024-04-01
2024-04-01 18:00:00,128.94,129.02,128.905,128.96,17894,2024-04-01
2024-04-01 18:05:00,128.96,128.96,128.785,128.81,20623,2024-04-01
2024-04-01 18:10:00,128.835,128.84,128.62,128.65,29586,2024-04-01
2024-04-01 18:15:00,128.645,128.79,128.53,128.76,22671,2024-04-01
2024-04-01 18:20:00,128.78,128.81,128.7,128.735,17570,2024-04-01
2024-04-01 18:25:00,128.76,128.84,128.69,128.81,13799,2024-04-01
2024-04-01 18:30:00,128.845,128.87,128.77,128.8,7536,2024-04-01
2024-04-01 18:35:00,128.79,128.89,128.7132,128.79,13540,2024-04-01
2024-04-01 18:40:00,128.77,128.78,128.6889,128.71,10253,2024-04-01
2024-04-01 18:45:00,128.66,128.66,128.57,128.6003,9053,2024-04-01
2024-04-01 18:50:00,128.56,128.56,128.48,128.52,10371,2024-04-01
2024-04-01 18:55:00,128.53,128.59,128.37,128.575,9447,2024-04-01
2024-04-01 19:00:00,128.56,128.621,128.55,128.61,12925,2024-04-01
2024-04-01 19:05:00,128.605,128.65,128.59,128.59,5609,2024-04-01
2024-04-01 19:10:00,128.6,128.62,128.53,128.62,8302,2024-04-01
2024-04-01 19:15:00,128.63,128.63,128.53,128.545,5921,2024-04-01
2024-04-01 19:20:00,128.53,128.55,128.49,128.51,8685,2024-04-01
2024-04-01 19:25:00,128.515,128.6,128.515,128.58,6539,2024-04-01
2024-04-01 19:30:00,128.57,128.5897,128.53,128.5668,7970,2024-04-01
2024-04-01 19:35:00,128.58,128.66,128.58,128.64,8564,2024-04-01
2024-04-01 19:40:00,128.665,128.72,128.65,128.7,4244,2024-04-01
2024-04-01 19:45:00,128.72,128.75,128.69,128.75,8505,2024-04-01
2024-04-01 19:50:00,128.76,128.89,128.686,128.89,46130,2024-04-01
2024-04-01 19:55:00,128.86,128.86,128.77,128.82,19940,2024-04-01
2024-04-01 20:00:00,128.83,128.92,128.83,128.895,7767,2024-04-01
2024-04-01 20:05:00,128.9,128.9,128.82,128.852,5677,2024-04-01
2024-04-01 20:10:00,128.86,128.92,128.82,128.92,4953,2024-04-01
2024-04-01 20:15:00,128.885,128.9,128.83,128.855,23114,2024-04-01
2024-04-01 20:20:00,128.83,129,128.83,128.98,10253,2024-04-01
2024-04-01 20:25:00,128.965,129.005,128.9152,128.9946,8378,2024-04-01
2024-04-01 20:30:00,129,129.01,128.93,128.93,10124,2024-04-01
2024-04-01 20:35:00,128.96,128.995,128.955,128.98,4249,2024-04-01
2024-04-01 20:40:00,129,129.01,128.9556,129.005,12922,2024-04-01
2024-04-01 20:45:00,129.01,129.04,128.96,128.96,10319,2024-04-01
2024-04-01 20:50:00,128.97,129.085,128.95,129.026,9870,2024-04-01
2024-04-01 20:55:00,129.005,129.06,128.99,129.06,4961,2024-04-01
2024-04-01 21:00:00,129.075,129.11,129.02,129.11,12095,2024-04-01
2024-04-01 21:05:00,129.09,129.14,129.07,129.09,9648,2024-04-01
2024-04-01 21:10:00,129.09,129.12,129.05,129.08,10359,2024-04-01
2024-04-01 21:15:00,129.06,129.1425,129.03,129.12,8389,2024-04-01
2024-04-01 21:20:00,129.13,129.15,128.92,128.93,28594,2024-04-01
2024-04-01 21:25:00,128.94,129.01,128.93,128.97,12175,2024-04-01
2024-04-01 21:30:00,128.98,129.08,128.97,129.075,16422,2024-04-01
2024-04-01 21:35:00,129.078,129.12,129.05,129.0671,15289,2024-04-01
2024-04-01 21:40:00,129.075,129.2,129.075,129.2,8137,2024-04-01
2024-04-01 21:45:00,129.21,129.22,129.14,129.205,10120,2024-04-01
2024-04-01 21:50:00,129.2,129.26,129.17,129.22,12022,2024-04-01
2024-04-01 21:55:00,129.23,129.24,129.19,129.22,11464,2024-04-01
2024-04-01 22:00:00,129.21,129.31,129.17,129.31,41999,2024-04-01
2024-04-01 22:05:00,129.31,129.38,129.3,129.34,12702,2024-04-01
2024-04-01 22:10:00,129.35,129.37,129.29,129.34,12457,2024-04-01
2024-04-01 22:15:00,129.335,129.335,129.21,129.27,60350,2024-04-01
2024-04-01 22:20:00,129.27,129.32,129.25,129.29,19261,2024-04-01
2024-04-01 22:25:00,129.3,129.46,129.29,129.43,33213,2024-04-01
2024-04-01 22:30:00,129.44,129.54,129.39,129.54,19186,2024-04-01
2024-04-01 22:35:00,129.54,129.56,129.38,129.46,35099,2024-04-01
2024-04-01 22:40:00,129.45,129.45,129.34,129.35,30497,2024-04-01
2024-04-01 22:45:00,129.3521,129.355,129.24,129.26,48656,2024-04-01
2024-04-01 22:50:00,129.26,129.33,129.23,129.25,80247,2024-04-01
2024-04-01 22:55:00,129.235,129.275,128.78,128.8,213574,2024-04-01
2024-04-01 23:00:00,128.8,128.8,128.8,128.8,29926,2024-04-01
2024-04-01 23:05:00,128.8,128.8,128.8,128.8,823,2024-04-01
2024-04-02 00:40:00,128.36,128.36,128.36,128.36,375,2024-04-01
2024-04-02 14:10:00,128.32,128.32,128.32,128.32,369,2024-04-02
2024-04-02 16:00:00,128.79,128.79,128.79,128.79,176,2024-04-02
2024-04-02 16:25:00,128.99,128.99,128.99,128.99,352,2024-04-02
2024-04-02 16:30:00,128.5,128.966,128.37,128.91,63862,2024-04-02
2024-04-02 16:35:00,128.895,129.3,128.82,129.125,22202,2024-04-02
2024-04-02 16:40:00,129.22,129.3837,129.12,129.18,20925,2024-04-02
2024-04-02 16:45:00,129.18,129.54,129.08,129.4,34452,2024-04-02
2024-04-02 16:50:00,129.45,129.655,129.4,129.51,30185,2024-04-02
2024-04-02 16:55:00,129.45,129.48,129.295,129.385,27314,2024-04-02
2024-04-02 17:00:00,129.41,129.42,129.01,129.05,20216,2024-04-02
2024-04-02 17:05:00,129.0599,129.08,128.79,128.84,18563,2024-04-02
2024-04-02 17:10:00,128.85,128.9,128.77,128.87,15979,2024-04-02
2024-04-02 17:15:00,128.85,128.93,128.795,128.87,22735,2024-04-02
2024-04-02 17:20:00,128.86,128.96,128.825,128.92,17131,2024-04-02
2024-04-02 17:25:00,128.905,129.01,128.81,128.95,15025,2024-04-02
2024-04-02 17:30:00,128.93,129.17,128.93,129.069,16841,2024-04-02
2024-04-02 17:35:00,129.06,129.18,128.99,129.108,23823,2024-04-02
2024-04-02 17:40:00,129.11,129.1666,129.08,129.08,15543,2024-04-02
2024-04-02 17:45:00,129.07,129.22,129.04,129.1,31059,2024-04-02
2024-04-02 17:50:00,129.1,129.15,129.035,129.07,22407,2024-04-02
2024-04-02 17:55:00,129.07,129.095,128.96,128.965,38411,2024-04-02
2024-04-02 18:00:00,128.95,128.98,128.71,128.76,26122,2024-04-02
2024-04-02 18:05:00,128.759,128.759,128.51,128.51,10574,2024-04-02
2024-04-02 18:10:00,128.49,128.735,128.48,128.72,27527,2024-04-02
2024-04-02 18:15:00,128.695,128.74,128.57,128.59,21936,2024-04-02
2024-04-02 18:20:00,128.57,128.59,128.55,128.55,18279,2024-04-02
2024-04-02 18:25:00,128.54,128.66,128.53,128.6,36715,2024-04-02
2024-04-02 18:30:00,128.58,128.78,128.58,128.74,19518,2024-04-02
2024-04-02 18:35:00,128.77,128.81,128.53,128.55,23152,2024-04-02
2024-04-02 18:40:00,128.5375,128.57,128.47,128.55,24386,2024-04-02
2024-04-02 18:45:00,128.545,128.58,128.48,128.54,16740,2024-04-02
2024-04-02 18:50:00,128.54,128.59,128.48,128.51,39997,2024-04-02
2024-04-02 18:55:00,128.495,128.61,128.46,128.575,14414,2024-04-02
2024-04-02 19:00:00,128.56,128.599,128.4,128.47,14973,2024-04-02
2024-04-02 19:05:00,128.5,128.62,128.5,128.55,23257,2024-04-02
2024-04-02 19:10:00,128.57,128.59,128.38,128.485,37798,2024-04-02
2024-04-02 19:15:00,128.45,128.54,128.43,128.539,9081,2024-04-02
2024-04-02 19:20:00,128.525,128.69,128.51,128.69,8113,2024-04-02
2024-04-02 19:25:00,128.689,128.71,128.62,128.68,6298,2024-04-02
2024-04-02 19:30:00,128.64,128.668,128.6,128.618,6948,2024-04-02
2024-04-02 19:35:00,128.61,128.76,128.61,128.76,12326,2024-04-02
2024-04-02 19:40:00,128.78,128.79,128.57,128.58,10562,2024-04-02
2024-04-02 19:45:00,128.55,128.65,128.51,128.595,14636,2024-04-02
2024-04-02 19:50:00,128.6,128.62,128.51,128.52,5901,2024-04-02
2024-04-02 19:55:00,128.52,128.57,128.4701,128.517,7989,2024-04-02
2024-04-02 20:00:00,128.51,128.546,128.45,128.495,7025,2024-04-02
2024-04-02 20:05:00,128.48,128.48,128.42,128.45,8373,2024-04-02
2024-04-02 20:10:00,128.46,128.468,128.395,128.395,7548,2024-04-02
2024-04-02 20:15:00,128.4,128.51,128.39,128.51,9637,2024-04-02
2024-04-02 20:20:00,128.515,128.569,128.505,128.5276,8975,2024-04-02
2024-04-02 20:25:00,128.53,128.568,128.52,128.53,8274,2024-04-02
2024-04-02 20:30:00,128.5,128.51,128.4137,128.46,8380,2024-04-02
2024-04-02 20:35:00,128.46,128.46,128.36,128.37,9854,2024-04-02
2024-04-02 20:40:00,128.37,128.46,128.36,128.42,12706,2024-04-02
2024-04-02 20:45:00,128.43,128.5,128.41,128.45,11638,2024-04-02
2024-04-02 20:50:00,128.46,128.478,128.37,128.395,8349,2024-04-02
2024-04-02 20:55:00,128.41,128.49,128.383,128.45,11320,2024-04-02
2024-04-02 21:00:00,128.435,128.435,128.335,128.39,11892,2024-04-02
2024-04-02 21:05:00,128.37,128.4,128.345,128.35,10540,2024-04-02
2024-04-02 21:10:00,128.34,128.38,128.32,128.35,9022,2024-04-02
2024-04-02 21:15:00,128.34,128.39,128.3,128.39,11676,2024-04-02
2024-04-02 21:20:00,128.39,128.39,128.32,128.34,7863,2024-04-02
2024-04-02 21:25:00,128.35,128.4,128.34,128.37,13723,2024-04-02
2024-04-02 21:30:00,128.36,128.42,128.31,128.38,11758,2024-04-02
2024-04-02 21:35:00,128.33,128.36,128.31,128.34,8223,2024-04-02
2024-04-02 21:40:00,128.335,128.4,128.32,128.32,11648,2024-04-02
2024-04-02 21:45:00,128.324,128.325,128.29,128.3,12366,2024-04-02
2024-04-02 21:50:00,128.3,128.38,128.27,128.27,18371,2024-04-02
2024-04-02 21:55:00,128.26,128.28,128.1,128.11,12401,2024-04-02
2024-04-02 22:00:00,128.08,128.09,128.01,128.06,12223,2024-04-02
2024-04-02 22:05:00,128.08,128.15,128.055,128.1,9728,2024-04-02
2024-04-02 22:10:00,128.095,128.142,128.04,128.14,14659,2024-04-02
2024-04-02 22:15:00,128.14,128.21,128.1052,128.17,15246,2024-04-02
2024-04-02 22:20:00,128.17,128.18,128.09,128.13,10802,2024-04-02
2024-04-02 22:25:00,128.15,128.18,128.1,128.16,13595,2024-04-02
2024-04-02 22:30:00,128.17,128.205,128.06,128.07,21133,2024-04-02
2024-04-02 22:35:00,128.07,128.14,128.02,128.05,19507,2024-04-02
2024-04-02 22:40:00,128.04,128.05,127.95,128.01,29244,2024-04-02
2024-04-02 22:45:00,128,128.03,127.96,128,33618,2024-04-02
2024-04-02 22:50:00,128.01,128.03,127.845,127.91,60933,2024-04-02
2024-04-02 22:55:00,127.93,128.03,127.66,127.73,250246,2024-04-02
2024-04-02 23:00:00,127.69,127.69,127.69,127.69,16240,2024-04-02
2024-04-02 23:05:00,127.69,127.69,127.69,127.69,2918,2024-04-02
2024-04-02 23:20:00,127.69,127.69,127.69,127.69,639,2024-04-02
2024-04-03 16:30:00,127.55,127.79,127.14,127.21,46142,2024-04-03
2024-04-03 16:35:00,127.29,127.42,126.6,126.6,60560,2024-04-03
2024-04-03 16:40:00,126.65,127.33,126.615,127.33,12988,2024-04-03
2024-04-03 16:45:00,127.375,127.38,127.17,127.38,16946,2024-04-03
2024-04-03 16:50:00,127.36,127.38,126.93,126.96,24160,2024-04-03
2024-04-03 16:55:00,126.86,126.87,126.355,126.4,51903,2024-04-03
2024-04-03 17:00:00,126.375,126.87,126.31,126.805,18538,2024-04-03
2024-04-03 17:05:00,126.86,126.915,126.78,126.89,14925,2024-04-03
2024-04-03 17:10:00,126.88,126.905,126.74,126.87,16214,2024-04-03
2024-04-03 17:15:00,126.86,127.02,126.81,126.9825,20033,2024-04-03
2024-04-03 17:20:00,126.96,127.1,126.83,126.86,18909,2024-04-03
2024-04-03 17:25:00,126.755,126.82,126.715,126.79,9443,2024-04-03
2024-04-03 17:30:00,126.77,126.78,126.63,126.63,12885,2024-04-03
2024-04-03 17:35:00,126.67,126.74,126.595,126.74,19772,2024-04-03
2024-04-03 17:40:00,126.7,126.7,126.53,126.6,9826,2024-04-03
2024-04-03 17:45:00,126.61,126.685,126.51,126.6037,15592,2024-04-03
2024-04-03 17:50:00,126.62,126.755,126.525,126.74,26955,2024-04-03
2024-04-03 17:55:00,126.75,126.97,126.715,126.715,14348,2024-04-03
2024-04-03 18:00:00,126.75,126.82,126.75,126.81,5804,2024-04-03
2024-04-03 18:05:00,126.77,126.8051,126.715,126.79,9812,2024-04-03
2024-04-03 18:10:00,126.75,126.75,126.57,126.59,10876,2024-04-03
2024-04-03 18:15:00,126.565,126.595,126.52,126.555,11834,2024-04-03
2024-04-03 18:20:00,126.58,126.71,126.55,126.675,11729,2024-04-03
2024-04-03 18:25:00,126.69,126.69,126.35,126.41,14987,2024-04-03
2024-04-03 18:30:00,126.42,126.515,126.38,126.475,12594,2024-04-03
2024-04-03 18:35:00,126.451,126.465,126.35,126.415,15086,2024-04-03
2024-04-03 18:40:00,126.39,126.47,126.385,126.43,13530,2024-04-03
2024-04-03 18:45:00,126.41,126.43,126.35,126.38,25677,2024-04-03
2024-04-03 18:50:00,126.39,126.555,126.39,126.555,11157,2024-04-03
2024-04-03 18:55:00,126.57,126.57,126.41,126.425,18537,2024-04-03
2024-04-03 19:00:00,126.41,126.52,126.405,126.47,11773,2024-04-03
2024-04-03 19:05:00,126.4851,126.54,126.46,126.485,11204,2024-04-03
2024-04-03 19:10:00,126.4957,126.54,126.42,126.48,12138,2024-04-03
2024-04-03 19:15:00,126.45,126.51,126.42,126.45,30205,2024-04-03
2024-04-03 19:20:00,126.4622,126.58,126.45,126.58,7846,2024-04-03
2024-04-03 19:25:00,126.5799,126.6,126.52,126.59,13383,2024-04-03
2024-04-03 19:30:00,126.595,126.595,126.495,126.535,10296,2024-04-03
2024-04-03 19:35:00,126.52,126.58,126.37,126.37,48444,2024-04-03
2024-04-03 19:40:00,126.35,126.49,126.35,126.48,11002,2024-04-03
2024-04-03 19:45:00,126.48,126.48,126.24,126.24,9586,2024-04-03
2024-04-03 19:50:00,126.245,126.415,126.175,126.405,24606,2024-04-03
2024-04-03 19:55:00,126.3828,126.46,126.3828,126.455,9492,2024-04-03
2024-04-03 20:00:00,126.485,126.51,126.38,126.415,13419,2024-04-03
2024-04-03 20:05:00,126.37,126.39,126.285,126.33,22966,2024-04-03
2024-04-03 20:10:00,126.33,126.335,126.2,126.25,21549,2024-04-03
2024-04-03 20:15:00,126.255,126.44,126.25,126.39,13706,2024-04-03
2024-04-03 20:20:00,126.4,126.43,126.34,126.39,8491,2024-04-03
2024-04-03 20:25:00,126.42,126.46,126.4,126.44,6349,2024-04-03
2024-04-03 20:30:00,126.45,126.46,126.3782,126.4,6264,2024-04-03
2024-04-03 20:35:00,126.4,126.445,126.39,126.41,8881,2024-04-03
2024-04-03 20:40:00,126.418,126.44,126.36,126.37,7315,2024-04-03
2024-04-03 20:45:00,126.37,126.4156,126.34,126.39,13232,2024-04-03
2024-04-03 20:50:00,126.4,126.4,126.31,126.345,7939,2024-04-03
2024-04-03 20:55:00,126.34,126.43,126.34,126.43,15740,2024-04-03
2024-04-03 21:00:00,126.415,126.44,126.39,126.42,47826,2024-04-03
2024-04-03 21:05:00,126.42,126.42,126.325,126.38,11062,2024-04-03
2024-04-03 21:10:00,126.36,126.42,126.305,126.42,15485,2024-04-03
2024-04-03 21:15:00,126.42,126.46,126.37,126.42,13780,2024-04-03
2024-04-03 21:20:00,126.42,126.4257,126.33,126.34,7743,2024-04-03
2024-04-03 21:25:00,126.34,126.37,126.34,126.35,11679,2024-04-03
2024-04-03 21:30:00,126.35,126.4,126.25,126.3957,42780,2024-04-03
2024-04-03 21:35:00,126.38,126.385,126.31,126.355,18790,2024-04-03
2024-04-03 21:40:00,126.36,126.425,126.34,126.405,20578,2024-04-03
2024-04-03 21:45:00,126.405,126.44,126.39,126.44,18383,2024-04-03
2024-04-03 21:50:00,126.43,126.45,126.3,126.31,72611,2024-04-03
2024-04-03 21:55:00,126.305,126.36,126.23,126.2399,14672,2024-04-03
2024-04-03 22:00:00,126.2,126.23,126.17,126.21,10124,2024-04-03
2024-04-03 22:05:00,126.2,126.2,126.1,126.13,10858,2024-04-03
2024-04-03 22:10:00,126.14,126.19,126,126.02,14738,2024-04-03
2024-04-03 22:15:00,126.015,126.04,125.875,125.92,21518,2024-04-03
2024-04-03 22:20:00,125.92,126.05,125.893,126,14715,2024-04-03
2024-04-03 22:25:00,126.02,126.13,126.01,126.13,13066,2024-04-03
2024-04-03 22:30:00,126.14,126.3,126.135,126.3,21773,2024-04-03
2024-04-03 22:35:00,126.305,126.39,126.3,126.3,15678,2024-04-03
2024-04-03 22:40:00,126.275,126.29,126.22,126.24,20416,2024-04-03
2024-04-03 22:45:00,126.24,126.43,126.2,126.39,29422,2024-04-03
2024-04-03 22:50:00,126.37,126.39,126.18,126.2,51777,2024-04-03
2024-04-03 22:55:00,126.21,126.24,125.99,126.06,166610,2024-04-03
2024-04-03 23:00:00,126.06,126.06,126.06,126.06,8729,2024-04-03
2024-04-03 23:10:00,126.06,126.06,126.06,126.06,1851,2024-04-03
2024-04-03 23:20:00,126.06,126.06,126.06,126.06,2050,2024-04-03
2024-04-04 00:10:00,126.04,126.04,126.04,126.04,100,2024-04-03
2024-04-04 15:20:00,126.17,126.17,126.17,126.17,142,2024-04-04
2024-04-04 16:30:00,126.72,126.83,126.57,126.57,23512,2024-04-04
2024-04-04 16:35:00,126.59,126.59,126.38,126.535,5804,2024-04-04
2024-04-04 16:40:00,126.54,126.775,126.54,126.71,9839,2024-04-04
2024-04-04 16:45:00,126.705,127.01,126.6826,126.955,18947,2024-04-04
2024-04-04 16:50:00,126.945,126.955,126.75,126.77,17123,2024-04-04
2024-04-04 16:55:00,126.74,126.81,126.67,126.735,16250,2024-04-04
2024-04-04 17:00:00,126.74,126.91,126.67,126.85,20703,2024-04-04
2024-04-04 17:05:00,126.86,126.86,126.68,126.69,13681,2024-04-04
2024-04-04 17:10:00,126.68,126.84,126.64,126.76,16502,2024-04-04
2024-04-04 17:15:00,126.75,126.89,126.68,126.87,32941,2024-04-04
2024-04-04 17:20:00,126.87,127,126.83,126.92,19452,2024-04-04
2024-04-04 17:25:00,126.92,127,126.85,126.895,15951,2024-04-04
2024-04-04 17:30:00,126.88,126.89,126.72,126.855,27500,2024-04-04
2024-04-04 17:35:00,126.85,126.9,126.705,126.76,26718,2024-04-04
2024-04-04 17:40:00,126.74,126.92,126.74,126.905,21181,2024-04-04
2024-04-04 17:45:00,126.905,127,126.905,126.9733,16786,2024-04-04
2024-04-04 17:50:00,126.9609,127.115,126.92,127.115,37981,2024-04-04
2024-04-04 17:55:00,127.06,127.065,126.98,127.03,9824,2024-04-04
2024-04-04 18:00:00,127.04,127.235,127.03,127.215,20810,2024-04-04
2024-04-04 18:05:00,127.22,127.29,127.15,127.24,18823,2024-04-04
2024-04-04 18:10:00,127.24,127.3,127.19,127.23,17701,2024-04-04
2024-04-04 18:15:00,127.25,127.26,127.01,127.02,11517,2024-04-04
2024-04-04 18:20:00,127.02,127.06,126.93,127.06,8599,2024-04-04
2024-04-04 18:25:00,127.07,127.13,127.05,127.05,9215,2024-04-04
2024-04-04 18:30:00,126.96,126.99,126.91,126.98,15904,2024-04-04
2024-04-04 18:35:00,126.98,126.98,126.91,126.935,7252,2024-04-04
2024-04-04 18:40:00,126.93,126.955,126.88,126.88,7077,2024-04-04
2024-04-04 18:45:00,126.875,126.91,126.84,126.91,6413,2024-04-04
2024-04-04 18:50:00,126.91,126.93,126.87,126.89,8234,2024-04-04
2024-04-04 18:55:00,126.88,126.97,126.88,126.9,8738,2024-04-04
2024-04-04 19:00:00,126.855,126.88,126.825,126.865,8327,2024-04-04
2024-04-04 19:05:00,126.88,126.92,126.83,126.91,6749,2024-04-04
2024-04-04 19:10:00,126.92,126.96,126.89,126.91,5906,2024-04-04
2024-04-04 19:15:00,126.95,126.95,126.8638,126.88,9939,2024-04-04
2024-04-04 19:20:00,126.87,126.89,126.81,126.82,8766,2024-04-04
2024-04-04 19:25:00,126.83,126.9,126.83,126.845,10081,2024-04-04
2024-04-04 19:30:00,126.83,126.86,126.76,126.77,9305,2024-04-04
2024-04-04 19:35:00,126.7667,126.82,126.7667,126.78,5427,2024-04-04
2024-04-04 19:40:00,126.76,126.83,126.75,126.76,6355,2024-04-04
2024-04-04 19:45:00,126.7699,126.86,126.75,126.79,7876,2024-04-04
2024-04-04 19:50:00,126.8,126.8,126.7175,126.74,10059,2024-04-04
2024-04-04 19:55:00,126.74,126.79,126.72,126.76,4836,2024-04-04
2024-04-04 20:00:00,126.77,126.82,126.75,126.81,8139,2024-04-04
2024-04-04 20:05:00,126.825,126.88,126.825,126.87,4942,2024-04-04
2024-04-04 20:10:00,126.86,126.865,126.81,126.81,7676,2024-04-04
2024-04-04 20:15:00,126.8205,126.84,126.79,126.835,6308,2024-04-04
2024-04-04 20:20:00,126.8447,126.86,126.81,126.83,8171,2024-04-04
2024-04-04 20:25:00,126.84,127.015,126.84,127.01,14160,2024-04-04
2024-04-04 20:30:00,127.01,127.09,126.97,127.03,24506,2024-04-04
2024-04-04 20:35:00,127.025,127.1,127,127.07,14049,2024-04-04
2024-04-04 20:40:00,127.075,127.09,126.96,127,6859,2024-04-04
2024-04-04 20:45:00,126.995,127.02,126.9,126.925,7018,2024-04-04
2024-04-04 20:50:00,126.875,126.875,126.8211,126.85,5776,2024-04-04
2024-04-04 20:55:00,126.84,126.85,126.72,126.775,11453,2024-04-04
2024-04-04 21:00:00,126.755,126.755,126.66,126.69,8053,2024-04-04
2024-04-04 21:05:00,126.695,126.72,126.55,126.55,21197,2024-04-04
2024-04-04 21:10:00,126.56,126.63,126.52,126.59,9708,2024-04-04
2024-04-04 21:15:00,126.54,126.54,126.435,126.445,11243,2024-04-04
2024-04-04 21:20:00,126.4,126.42,126.31,126.42,13197,2024-04-04
2024-04-04 21:25:00,126.39,126.41,126.2345,126.24,14951,2024-04-04
2024-04-04 21:30:00,126.21,126.235,126.07,126.095,16778,2024-04-04
2024-04-04 21:35:00,126.12,126.38,126.12,126.34,11817,2024-04-04
2024-04-04 21:40:00,126.3,126.3,126.12,126.12,12959,2024-04-04
2024-04-04 21:45:00,126.15,126.285,126.15,126.255,9970,2024-04-04
2024-04-04 21:50:00,126.25,126.36,126.23,126.36,21760,2024-04-04
2024-04-04 21:55:00,126.355,126.355,126.235,126.275,15784,2024-04-04
2024-04-04 22:00:00,126.28,126.38,126.185,126.38,15515,2024-04-04
2024-04-04 22:05:00,126.39,126.64,126.39,126.58,22204,2024-04-04
2024-04-04 22:10:00,126.545,126.79,126.5125,126.79,31501,2024-04-04
2024-04-04 22:15:00,126.795,126.82,126.65,126.655,24688,2024-04-04
2024-04-04 22:20:00,126.64,126.67,126.56,126.56,18561,2024-04-04
2024-04-04 22:25:00,126.55,126.66,126.51,126.565,22663,2024-04-04
2024-04-04 22:30:00,126.59,126.66,126.49,126.515,32445,2024-04-04
2024-04-04 22:35:00,126.505,126.62,126.44,126.605,30470,2024-04-04
2024-04-04 22:40:00,126.605,126.62,126.52,126.595,41682,2024-04-04
2024-04-04 22:45:00,126.61,126.68,126.56,126.66,57293,2024-04-04
2024-04-04 22:50:00,126.665,126.68,126.421,126.59,62226,2024-04-04
2024-04-04 22:55:00,126.595,126.78,126.47,126.52,121736,2024-04-04
2024-04-04 23:00:00,126.5,126.5,126.5,126.5,254581,2024-04-04
2024-04-05 00:10:00,126,126,126,126,300,2024-04-04
2024-04-05 14:35:00,126.63,126.63,126.63,126.63,244,2024-04-05
2024-04-05 15:50:00,126.93,126.94,126.93,126.94,553,2024-04-05
2024-04-05 16:30:00,126.07,126.46,125.62,126.43,35696,2024-04-05
2024-04-05 16:35:00,126.3736,126.49,126.16,126.32,15591,2024-04-05
2024-04-05 16:40:00,126.32,126.33,125.635,125.69,13236,2024-04-05
2024-04-05 16:45:00,125.74,125.74,125.42,125.65,11150,2024-04-05
2024-04-05 16:50:00,125.645,125.75,125.38,125.4225,15050,2024-04-05
2024-04-05 16:55:00,125.395,125.53,125.29,125.31,9656,2024-04-05
2024-04-05 17:00:00,125.3,125.48,125.27,125.39,10314,2024-04-05
2024-04-05 17:05:00,125.34,125.39,125.25,125.2901,22540,2024-04-05
2024-04-05 17:10:00,125.33,125.5,125.25,125.25,12975,2024-04-05
2024-04-05 17:15:00,125.25,125.34,125.24,125.29,12227,2024-04-05
2024-04-05 17:20:00,125.275,125.3492,125.25,125.31,6750,2024-04-05
2024-04-05 17:25:00,125.3,125.34,125.24,125.325,23946,2024-04-05
2024-04-05 17:30:00,125.3,125.39,125.25,125.31,9491,2024-04-05
2024-04-05 17:35:00,125.28,125.32,125.24,125.295,8775,2024-04-05
2024-04-05 17:40:00,125.28,125.35,125.25,125.305,19837,2024-04-05
2024-04-05 17:45:00,125.32,125.43,125.3075,125.405,9936,2024-04-05
2024-04-05 17:50:00,125.4,125.56,125.355,125.355,15404,2024-04-05
2024-04-05 17:55:00,125.36,125.415,125.33,125.415,17293,2024-04-05
2024-04-05 18:00:00,125.4,125.41,125.33,125.375,12636,2024-04-05
2024-04-05 18:05:00,125.35,125.47,125.34,125.4,10704,2024-04-05
2024-04-05 18:10:00,125.395,125.49,125.38,125.44,8266,2024-04-05
2024-04-05 18:15:00,125.41,125.45,125.335,125.375,25401,2024-04-05
2024-04-05 18:20:00,125.375,125.5,125.375,125.47,8479,2024-04-05
2024-04-05 18:25:00,125.475,125.64,125.435,125.64,15863,2024-04-05
2024-04-05 18:30:00,125.645,125.695,125.59,125.59,8594,2024-04-05
2024-04-05 18:35:00,125.555,125.555,125.41,125.49,17770,2024-04-05
2024-04-05 18:40:00,125.51,125.8,125.51,125.75,22969,2024-04-05
2024-04-05 18:45:00,125.69,125.82,125.69,125.79,7138,2024-04-05
2024-04-05 18:50:00,125.79,125.84,125.74,125.84,8121,2024-04-05
2024-04-05 18:55:00,125.84,125.93,125.795,125.84,12581,2024-04-05
2024-04-05 19:00:00,125.855,125.89,125.8,125.88,10292,2024-04-05
2024-04-05 19:05:00,125.88,126.02,125.855,125.985,22076,2024-04-05
2024-04-05 19:10:00,125.985,126.05,125.965,126.045,14741,2024-04-05
2024-04-05 19:15:00,126.055,126.15,126.05,126.1,14808,2024-04-05
2024-04-05 19:20:00,126.0515,126.15,126.0515,126.14,8322,2024-04-05
2024-04-05 19:25:00,126.17,126.17,126.07,126.07,7892,2024-04-05
2024-04-05 19:30:00,126.055,126.055,125.94,126.01,10693,2024-04-05
2024-04-05 19:35:00,126,126.03,125.96,125.96,8505,2024-04-05
2024-04-05 19:40:00,125.98,126,125.95,125.98,9108,2024-04-05
2024-04-05 19:45:00,125.995,126.005,125.875,125.875,5546,2024-04-05
2024-04-05 19:50:00,125.89,125.97,125.89,125.95,7185,2024-04-05
2024-04-05 19:55:00,125.95,125.965,125.84,125.87,6624,2024-04-05
2024-04-05 20:00:00,125.85,126,125.8,125.98,13722,2024-04-05
2024-04-05 20:05:00,125.96,126.08,125.94,125.94,16909,2024-04-05
2024-04-05 20:10:00,125.95,126.14,125.95,126.06,24629,2024-04-05
2024-04-05 20:15:00,126.04,126.04,125.84,125.85,7731,2024-04-05
2024-04-05 20:20:00,125.85,125.9,125.85,125.9,5978,2024-04-05
2024-04-05 20:25:00,125.9018,125.95,125.89,125.93,9665,2024-04-05
2024-04-05 20:30:00,125.92,125.98,125.9,125.98,6766,2024-04-05
2024-04-05 20:35:00,125.995,126.03,125.98,125.99,6045,2024-04-05
2024-04-05 20:40:00,125.9986,126.095,125.985,126.055,11814,2024-04-05
2024-04-05 20:45:00,126.07,126.08,125.97,126.05,10055,2024-04-05
2024-04-05 20:50:00,126.0242,126.11,126.0242,126.03,12142,2024-04-05
2024-04-05 20:55:00,126.015,126.02,125.88,125.98,9607,2024-04-05
2024-04-05 21:00:00,125.96,125.97,125.82,125.87,6283,2024-04-05
2024-04-05 21:05:00,125.89,126.15,125.89,126.14,10485,2024-04-05
2024-04-05 21:10:00,126.17,126.21,126.04,126.06,11005,2024-04-05
2024-04-05 21:15:00,126.09,126.13,126.045,126.105,5559,2024-04-05
2024-04-05 21:20:00,126.11,126.21,126.11,126.135,5233,2024-04-05
2024-04-05 21:25:00,126.17,126.18,126.0312,126.08,10997,2024-04-05
2024-04-05 21:30:00,126.06,126.1,126.03,126.04,9898,2024-04-05
2024-04-05 21:35:00,126.0201,126.21,126,126.21,17132,2024-04-05
2024-04-05 21:40:00,126.22,126.25,126.09,126.19,17332,2024-04-05
2024-04-05 21:45:00,126.14,126.14,126.045,126.065,7827,2024-04-05
2024-04-05 21:50:00,126.05,126.09,126.01,126.09,6231,2024-04-05
2024-04-05 21:55:00,126.1,126.1,126,126.08,10079,2024-04-05
2024-04-05 22:00:00,126.09,126.14,126.05,126.14,11861,2024-04-05
2024-04-05 22:05:00,126.16,126.21,126.12,126.17,8875,2024-04-05
2024-04-05 22:10:00,126.19,126.26,126.14,126.24,11042,2024-04-05
2024-04-05 22:15:00,126.29,126.29,126.18,126.19,8786,2024-04-05
2024-04-05 22:20:00,126.2,126.2,126.045,126.08,15473,2024-04-05
2024-04-05 22:25:00,126.08,126.08,125.971,126.04,13672,2024-04-05
2024-04-05 22:30:00,126.04,126.23,126.01,126.23,17353,2024-04-05
2024-04-05 22:35:00,126.21,126.21,126.102,126.14,15372,2024-04-05
2024-04-05 22:40:00,126.15,126.2,126.14,126.16,20532,2024-04-05
2024-04-05 22:45:00,126.1518,126.23,126.081,126.23,30493,2024-04-05
2024-04-05 22:50:00,126.22,126.351,126.17,126.35,46756,2024-04-05
2024-04-05 22:55:00,126.345,126.345,126.19,126.25,138826,2024-04-05
2024-04-05 23:00:00,126.31,126.31,126.31,126.31,9781,2024-04-05
2024-04-05 23:05:00,126.31,126.31,126.31,126.31,5184,2024-04-05
2024-04-05 23:20:00,126.31,126.31,126.31,126.31,164,2024-04-05
2024-04-08 16:30:00,126.09,126.27,126.0499,126.1361,20389,2024-04-08
2024-04-08 16:35:00,126.225,126.92,126.1777,126.92,6537,2024-04-08
2024-04-08 16:40:00,126.93,127.08,126.72,127.07,9303,2024-04-08
2024-04-08 16:45:00,127.045,127.12,126.88,126.98,13247,2024-04-08
2024-04-08 16:50:00,126.98,127.08,126.8,126.84,7358,2024-04-08
2024-04-08 16:55:00,126.845,126.9,126.59,126.605,5522,2024-04-08
2024-04-08 17:00:00,126.64,126.815,126.55,126.55,11196,2024-04-08
2024-04-08 17:05:00,126.51,126.64,126.35,126.35,8728,2024-04-08
2024-04-08 17:10:00,126.35,126.5,126.345,126.39,18115,2024-04-08
2024-04-08 17:15:00,126.36,126.41,126.29,126.29,15584,2024-04-08
2024-04-08 17:20:00,126.2775,126.295,126.2,126.26,8473,2024-04-08
2024-04-08 17:25:00,126.28,126.33,126.13,126.15,19114,2024-04-08
2024-04-08 17:30:00,126.145,126.22,126.115,126.115,12747,2024-04-08
2024-04-08 17:35:00,126.13,126.145,125.99,126.075,13213,2024-04-08
2024-04-08 17:40:00,126.11,126.15,126.09,126.14,9715,2024-04-08
2024-04-08 17:45:00,126.14,126.24,126.0104,126.0422,8581,2024-04-08
2024-04-08 17:50:00,126.06,126.1298,125.9576,126.025,35483,2024-04-08
2024-04-08 17:55:00,125.968,126.01,125.8214,126,24954,2024-04-08
2024-04-08 18:00:00,126.01,126.18,126,126.12,14351,2024-04-08
2024-04-08 18:05:00,126.11,126.12,126.025,126.09,13419,2024-04-08
2024-04-08 18:10:00,126.075,126.12,125.93,125.935,12243,2024-04-08
2024-04-08 18:15:00,125.935,126.01,125.825,125.825,20430,2024-04-08
2024-04-08 18:20:00,125.84,125.905,125.83,125.885,12031,2024-04-08
2024-04-08 18:25:00,125.9,125.94,125.865,125.93,12605,2024-04-08
2024-04-08 18:30:00,125.92,125.97,125.9,125.91,11018,2024-04-08
2024-04-08 18:35:00,125.92,125.92,125.775,125.86,12603,2024-04-08
2024-04-08 18:40:00,125.86,125.9,125.81,125.82,8841,2024-04-08
2024-04-08 18:45:00,125.81,125.815,125.7,125.74,15020,2024-04-08
2024-04-08 18:50:00,125.75,125.835,125.74,125.835,9881,2024-04-08
2024-04-08 18:55:00,125.82,125.86,125.76,125.825,13439,2024-04-08
2024-04-08 19:00:00,125.825,125.825,125.7,125.73,9400,2024-04-08
2024-04-08 19:05:00,125.725,125.84,125.725,125.77,7222,2024-04-08
2024-04-08 19:10:00,125.77,125.79,125.75,125.79,9194,2024-04-08
2024-04-08 19:15:00,125.79,125.83,125.78,125.82,13199,2024-04-08
2024-04-08 19:20:00,125.815,125.955,125.8,125.885,11481,2024-04-08
2024-04-08 19:25:00,125.88,125.98,125.8715,125.96,9600,2024-04-08
2024-04-08 19:30:00,125.95,125.98,125.82,125.855,8210,2024-04-08
2024-04-08 19:35:00,125.87,125.91,125.83,125.84,7023,2024-04-08
2024-04-08 19:40:00,125.82,125.88,125.79,125.85,7122,2024-04-08
2024-04-08 19:45:00,125.86,125.86,125.8005,125.85,9652,2024-04-08
2024-04-08 19:50:00,125.86,125.89,125.82,125.825,10185,2024-04-08
2024-04-08 19:55:00,125.81,125.97,125.805,125.96,13352,2024-04-08
2024-04-08 20:00:00,125.955,126.02,125.95,126.01,10952,2024-04-08
2024-04-08 20:05:00,126.02,126.03,125.95,126.01,7353,2024-04-08
2024-04-08 20:10:00,126.03,126.1,126.03,126.095,7818,2024-04-08
2024-04-08 20:15:00,126.1,126.14,126.065,126.095,9977,2024-04-08
2024-04-08 20:20:00,126.09,126.15,126.09,126.135,8173,2024-04-08
2024-04-08 20:25:00,126.135,126.175,126.11,126.14,6806,2024-04-08
2024-04-08 20:30:00,126.15,126.19,126.14,126.16,10726,2024-04-08
2024-04-08 20:35:00,126.155,126.155,126.0694,126.09,9081,2024-04-08
2024-04-08 20:40:00,126.11,126.19,126.11,126.18,10898,2024-04-08
2024-04-08 20:45:00,126.2,126.23,126.18,126.2143,7472,2024-04-08
2024-04-08 20:50:00,126.23,126.26,126.2,126.225,8555,2024-04-08
2024-04-08 20:55:00,126.23,126.28,126.195,126.195,10634,2024-04-08
2024-04-08 21:00:00,126.195,126.2,126.02,126.02,6703,2024-04-08
2024-04-08 21:05:00,126.04,126.145,126.04,126.145,10823,2024-04-08
2024-04-08 21:10:00,126.14,126.14,126.065,126.08,6629,2024-04-08
2024-04-08 21:15:00,126.08,126.1,126.07,126.09,7002,2024-04-08
2024-04-08 21:20:00,126.0901,126.16,126.09,126.11,11894,2024-04-08
2024-04-08 21:25:00,126.12,126.14,126.11,126.125,6511,2024-04-08
2024-04-08 21:30:00,126.125,126.15,126.1,126.135,5670,2024-04-08
2024-04-08 21:35:00,126.135,126.135,126.07,126.095,10313,2024-04-08
2024-04-08 21:40:00,126.095,126.1,126.01,126.02,8337,2024-04-08
2024-04-08 21:45:00,126.03,126.056,126.01,126.04,9982,2024-04-08
2024-04-08 21:50:00,126.04,126.08,126.02,126.065,17200,2024-04-08
2024-04-08 21:55:00,126.065,126.065,126,126.0015,10685,2024-04-08
2024-04-08 22:00:00,126.04,126.16,126.04,126.14,8690,2024-04-08
2024-04-08 22:05:00,126.135,126.15,126.07,126.075,7361,2024-04-08
2024-04-08 22:10:00,126.06,126.08,125.96,125.97,7778,2024-04-08
2024-04-08 22:15:00,125.975,126,125.96,125.99,6524,2024-04-08
2024-04-08 22:20:00,125.96,126.01,125.96,125.9964,9182,2024-04-08
2024-04-08 22:25:00,126,126.01,125.92,125.94,6343,2024-04-08
2024-04-08 22:30:00,125.95,125.99,125.93,125.97,11340,2024-04-08
2024-04-08 22:35:00,125.97,125.97,125.74,125.795,14091,2024-04-08
2024-04-08 22:40:00,125.795,125.89,125.79,125.87,21712,2024-04-08
2024-04-08 22:45:00,125.87,125.92,125.85,125.9,30897,2024-04-08
2024-04-08 22:50:00,125.89,125.98,125.735,125.945,46072,2024-04-08
2024-04-08 22:55:00,125.95,126.11,125.92,126.07,117996,2024-04-08
2024-04-08 23:00:00,126.05,126.05,126.05,126.05,4693,2024-04-08
2024-04-08 23:05:00,126.05,126.05,126.05,126.05,706,2024-04-08
2024-04-09 15:00:00,126.13,126.13,126.13,126.13,139,2024-04-09
2024-04-09 15:40:00,126.8522,126.8522,126.8522,126.8522,100,2024-04-09
2024-04-09 16:30:00,126.21,126.65,126.21,126.65,14088,2024-04-09
2024-04-09 16:35:00,126.545,126.78,126.525,126.78,4483,2024-04-09
2024-04-09 16:40:00,126.8,126.8,126.6,126.75,17859,2024-04-09
2024-04-09 16:45:00,126.72,126.725,126.32,126.32,5354,2024-04-09
2024-04-09 16:50:00,126.41,126.43,126.145,126.15,5146,2024-04-09
2024-04-09 16:55:00,126.21,126.34,126.1201,126.29,9158,2024-04-09
2024-04-09 17:00:00,126.29,126.45,126.27,126.285,19571,2024-04-09
2024-04-09 17:05:00,126.3,126.605,126.3,126.605,11741,2024-04-09
2024-04-09 17:10:00,126.63,126.815,126.58,126.78,10990,2024-04-09
2024-04-09 17:15:00,126.81,127.02,126.71,127.02,18418,2024-04-09
2024-04-09 17:20:00,127.035,127.135,126.98,127.1107,15585,2024-04-09
2024-04-09 17:25:00,127.11,127.44,127.105,127.37,27188,2024-04-09
2024-04-09 17:30:00,127.38,127.47,127.32,127.455,27913,2024-04-09
2024-04-09 17:35:00,127.43,127.5,127.255,127.35,31055,2024-04-09
2024-04-09 17:40:00,127.345,127.36,127.13,127.21,33374,2024-04-09
2024-04-09 17:45:00,127.1903,127.215,126.885,126.94,28272,2024-04-09
2024-04-09 17:50:00,126.93,127.22,126.93,127.215,27517,2024-04-09
2024-04-09 17:55:00,127.215,127.26,127.13,127.26,26193,2024-04-09
2024-04-09 18:00:00,127.26,127.4,127.26,127.28,29620,2024-04-09
2024-04-09 18:05:00,127.29,127.44,127.26,127.44,16331,2024-04-09
2024-04-09 18:10:00,127.43,127.5,127.4,127.5,40832,2024-04-09
2024-04-09 18:15:00,127.5,127.67,127.49,127.64,38857,2024-04-09
2024-04-09 18:20:00,127.64,127.6402,127.53,127.605,19668,2024-04-09
2024-04-09 18:25:00,127.62,127.705,127.61,127.67,16822,2024-04-09
2024-04-09 18:30:00,127.67,127.75,127.54,127.735,27922,2024-04-09
2024-04-09 18:35:00,127.75,127.82,127.68,127.71,17095,2024-04-09
2024-04-09 18:40:00,127.72,127.72,127.52,127.675,28232,2024-04-09
2024-04-09 18:45:00,127.66,127.6985,127.62,127.66,9118,2024-04-09
2024-04-09 18:50:00,127.645,127.835,127.64,127.82,17007,2024-04-09
2024-04-09 18:55:00,127.825,127.855,127.75,127.855,16901,2024-04-09
2024-04-09 19:00:00,127.85,127.95,127.83,127.95,18365,2024-04-09
2024-04-09 19:05:00,127.965,127.965,127.84,127.84,11484,2024-04-09
2024-04-09 19:10:00,127.84,127.925,127.82,127.88,10620,2024-04-09
2024-04-09 19:15:00,127.89,127.925,127.82,127.855,11525,2024-04-09
2024-04-09 19:20:00,127.86,127.875,127.83,127.845,7599,2024-04-09
2024-04-09 19:25:00,127.84,127.88,127.77,127.77,15752,2024-04-09
2024-04-09 19:30:00,127.79,127.92,127.78,127.92,12056,2024-04-09
2024-04-09 19:35:00,127.9269,127.9269,127.85,127.85,8955,2024-04-09
2024-04-09 19:40:00,127.85,127.86,127.5973,127.5973,14633,2024-04-09
2024-04-09 19:45:00,127.58,127.66,127.54,127.62,12627,2024-04-09
2024-04-09 19:50:00,127.6,127.6,127.2611,127.36,18158,2024-04-09
2024-04-09 19:55:00,127.39,127.45,127.3,127.37,23004,2024-04-09
2024-04-09 20:00:00,127.38,127.5,127.36,127.4995,7498,2024-04-09
2024-04-09 20:05:00,127.51,127.64,127.51,127.64,8554,2024-04-09
2024-04-09 20:10:00,127.63,127.71,127.62,127.67,9599,2024-04-09
2024-04-09 20:15:00,127.69,127.76,127.66,127.75,7099,2024-04-09
2024-04-09 20:20:00,127.76,127.82,127.72,127.72,9760,2024-04-09
2024-04-09 20:25:00,127.7116,127.73,127.665,127.73,7737,2024-04-09
2024-04-09 20:30:00,127.72,127.74,127.7,127.73,6998,2024-04-09
2024-04-09 20:35:00,127.74,127.77,127.7,127.765,11640,2024-04-09
2024-04-09 20:40:00,127.77,127.79,127.716,127.73,13742,2024-04-09
2024-04-09 20:45:00,127.7,127.7,127.46,127.4603,8417,2024-04-09
2024-04-09 20:50:00,127.48,127.55,127.46,127.48,11137,2024-04-09
2024-04-09 20:55:00,127.495,127.6,127.42,127.575,33623,2024-04-09
2024-04-09 21:00:00,127.575,127.595,127.52,127.53,9870,2024-04-09
2024-04-09 21:05:00,127.525,127.57,127.465,127.57,8172,2024-04-09
2024-04-09 21:10:00,127.555,127.59,127.47,127.48,10245,2024-04-09
2024-04-09 21:15:00,127.48,127.6,127.48,127.57,9600,2024-04-09
2024-04-09 21:20:00,127.5641,127.58,127.44,127.46,10970,2024-04-09
2024-04-09 21:25:00,127.47,127.54,127.469,127.51,10760,2024-04-09
2024-04-09 21:30:00,127.51,127.6,127.465,127.6,13861,2024-04-09
2024-04-09 21:35:00,127.59,127.61,127.52,127.52,8082,2024-04-09
2024-04-09 21:40:00,127.515,127.55,127.5,127.52,9323,2024-04-09
2024-04-09 21:45:00,127.5102,127.54,127.5102,127.52,6051,2024-04-09
2024-04-09 21:50:00,127.52,127.56,127.51,127.525,8815,2024-04-09
2024-04-09 21:55:00,127.5209,127.59,127.5,127.58,18828,2024-04-09
2024-04-09 22:00:00,127.58,127.61,127.52,127.56,12136,2024-04-09
2024-04-09 22:05:00,127.56,127.57,127.5,127.5,18945,2024-04-09
2024-04-09 22:10:00,127.51,127.57,127.495,127.55,23252,2024-04-09
2024-04-09 22:15:00,127.55,127.805,127.55,127.79,28987,2024-04-09
2024-04-09 22:20:00,127.79,127.87,127.775,127.87,24437,2024-04-09
2024-04-09 22:25:00,127.87,128,127.87,127.99,43582,2024-04-09
2024-04-09 22:30:00,127.99,128.01,127.95,127.98,34608,2024-04-09
2024-04-09 22:35:00,127.98,127.98,127.8235,127.83,20325,2024-04-09
2024-04-09 22:40:00,127.84,127.94,127.84,127.91,27489,2024-04-09
2024-04-09 22:45:00,127.92,127.94,127.78,127.82,44250,2024-04-09
2024-04-09 22:50:00,127.82,127.95,127.72,127.94,69445,2024-04-09
2024-04-09 22:55:00,127.96,128.04,127.89,127.92,154546,2024-04-09
2024-04-09 23:00:00,127.94,127.94,127.94,127.94,9507,2024-04-09
2024-04-09 23:05:00,127.94,127.94,127.94,127.94,2157,2024-04-09
2024-04-10 16:30:00,127.22,127.42,126.765,127.1,51184,2024-04-10
2024-04-10 16:35:00,127.09,127.44,126.81,126.98,24663,2024-04-10
2024-04-10 16:40:00,126.99,127.045,126.775,126.925,17453,2024-04-10
2024-04-10 16:45:00,126.925,127,126.66,126.67,20385,2024-04-10
2024-04-10 16:50:00,126.6086,126.79,126.55,126.685,41866,2024-04-10
2024-04-10 16:55:00,126.68,126.8,126.46,126.8,37653,2024-04-10
2024-04-10 17:00:00,126.85,126.89,126.65,126.65,17879,2024-04-10
2024-04-10 17:05:00,126.635,126.96,126.54,126.8,10694,2024-04-10
2024-04-10 17:10:00,126.81,127.05,126.8,127.02,9420,2024-04-10
2024-04-10 17:15:00,127.07,127.07,126.88,127.06,7382,2024-04-10
2024-04-10 17:20:00,127.07,127.13,126.96,126.98,8939,2024-04-10
2024-04-10 17:25:00,126.92,126.95,126.84,126.88,10527,2024-04-10
2024-04-10 17:30:00,126.85,127.0207,126.84,126.98,12431,2024-04-10
2024-04-10 17:35:00,127.005,127.22,126.965,127.21,9494,2024-04-10
2024-04-10 17:40:00,127.21,127.22,127.0501,127.06,7672,2024-04-10
2024-04-10 17:45:00,127.14,127.14,127.085,127.1,7027,2024-04-10
2024-04-10 17:50:00,127.145,127.19,127.025,127.025,6630,2024-04-10
2024-04-10 17:55:00,127,127.085,126.94,127.04,13432,2024-04-10
2024-04-10 18:00:00,127.055,127.06,126.87,126.87,10233,2024-04-10
2024-04-10 18:05:00,126.86,126.86,126.79,126.85,6159,2024-04-10
2024-04-10 18:10:00,126.85,126.885,126.78,126.79,16498,2024-04-10
2024-04-10 18:15:00,126.795,126.8,126.695,126.72,19935,2024-04-10
2024-04-10 18:20:00,126.74,126.77,126.7,126.76,13602,2024-04-10
2024-04-10 18:25:00,126.74,126.81,126.74,126.79,10509,2024-04-10
2024-04-10 18:30:00,126.805,126.805,126.72,126.79,10411,2024-04-10
2024-04-10 18:35:00,126.77,126.775,126.74,126.74,6072,2024-04-10
2024-04-10 18:40:00,126.75,126.7525,126.675,126.75,12197,2024-04-10
2024-04-10 18:45:00,126.73,126.84,126.705,126.8,31037,2024-04-10
2024-04-10 18:50:00,126.79,126.86,126.725,126.81,19344,2024-04-10
2024-04-10 18:55:00,126.79,126.86,126.77,126.8,12040,2024-04-10
2024-04-10 19:00:00,126.8121,126.87,126.72,126.87,17877,2024-04-10
2024-04-10 19:05:00,126.88,126.92,126.825,126.83,23201,2024-04-10
2024-04-10 19:10:00,126.85,126.885,126.8065,126.885,15581,2024-04-10
2024-04-10 19:15:00,126.89,126.95,126.88,126.94,6891,2024-04-10
2024-04-10 19:20:00,126.95,126.99,126.93,126.98,11137,2024-04-10
2024-04-10 19:25:00,127,127,126.95,126.98,10435,2024-04-10
2024-04-10 19:30:00,126.97,126.99,126.94,126.99,9991,2024-04-10
2024-04-10 19:35:00,126.99,127.08,126.99,127.055,11365,2024-04-10
2024-04-10 19:40:00,127.08,127.09,127.0537,127.085,7332,2024-04-10
2024-04-10 19:45:00,127.08,127.19,127.07,127.19,12470,2024-04-10
2024-04-10 19:50:00,127.17,127.17,127.11,127.14,7293,2024-04-10
2024-04-10 19:55:00,127.14,127.25,127.14,127.18,8589,2024-04-10
2024-04-10 20:00:00,127.17,127.19,126.96,126.995,20732,2024-04-10
2024-04-10 20:05:00,127.01,127.02,126.905,126.905,18740,2024-04-10
2024-04-10 20:10:00,126.905,126.98,126.905,126.98,15344,2024-04-10
2024-04-10 20:15:00,126.96,127.08,126.956,127.06,12716,2024-04-10
2024-04-10 20:20:00,127.07,127.29,127.06,127.29,12655,2024-04-10
2024-04-10 20:25:00,127.285,127.35,127.23,127.23,8762,2024-04-10
2024-04-10 20:30:00,127.2,127.25,127.03,127.11,16384,2024-04-10
2024-04-10 20:35:00,127.125,127.15,127.08,127.08,12639,2024-04-10
2024-04-10 20:40:00,127.085,127.14,127.02,127.02,14231,2024-04-10
2024-04-10 20:45:00,126.9885,127.07,126.9885,127.07,10642,2024-04-10
2024-04-10 20:50:00,127.06,127.11,127.05,127.11,14416,2024-04-10
2024-04-10 20:55:00,127.11,127.31,127.08,127.1456,21983,2024-04-10
2024-04-10 21:00:00,127.19,127.22,127.105,127.22,13484,2024-04-10
2024-04-10 21:05:00,127.215,127.33,127.18,127.275,13497,2024-04-10
2024-04-10 21:10:00,127.28,127.35,127.23,127.35,10366,2024-04-10
2024-04-10 21:15:00,127.36,127.38,127.2,127.25,13270,2024-04-10
2024-04-10 21:20:00,127.245,127.29,127.18,127.21,12938,2024-04-10
2024-04-10 21:25:00,127.21,127.29,127.21,127.27,11315,2024-04-10
2024-04-10 21:30:00,127.265,127.3,127.245,127.25,9942,2024-04-10
2024-04-10 21:35:00,127.23,127.32,127.19,127.25,12657,2024-04-10
2024-04-10 21:40:00,127.25,127.4,127.24,127.38,11691,2024-04-10
2024-04-10 21:45:00,127.385,127.39,127.32,127.37,9149,2024-04-10
2024-04-10 21:50:00,127.36,127.36,127.08,127.08,56389,2024-04-10
2024-04-10 21:55:00,127.06,127.105,126.97,126.995,26947,2024-04-10
2024-04-10 22:00:00,126.995,127.16,126.99,127.135,18570,2024-04-10
2024-04-10 22:05:00,127.14,127.22,127.11,127.19,14997,2024-04-10
2024-04-10 22:10:00,127.19,127.32,127.15,127.32,16078,2024-04-10
2024-04-10 22:15:00,127.34,127.41,127.33,127.39,15773,2024-04-10
2024-04-10 22:20:00,127.4,127.5,127.315,127.46,20621,2024-04-10
2024-04-10 22:25:00,127.47,127.495,127.371,127.485,18537,2024-04-10
2024-04-10 22:30:00,127.485,127.485,127.27,127.35,20737,2024-04-10
2024-04-10 22:35:00,127.335,127.36,127.23,127.23,19764,2024-04-10
2024-04-10 22:40:00,127.25,127.29,127.123,127.17,32583,2024-04-10
2024-04-10 22:45:00,127.165,127.26,127.141,127.15,32513,2024-04-10
2024-04-10 22:50:00,127.15,127.24,127.14,127.22,61723,2024-04-10
2024-04-10 22:55:00,127.22,127.26,127.13,127.15,120278,2024-04-10
2024-04-10 23:00:00,127.16,127.16,127.16,127.16,25169,2024-04-10
2024-04-10 23:05:00,127.16,127.16,127.16,127.16,1772,2024-04-10
2024-04-11 16:25:00,127.67,127.75,127.67,127.75,1706,2024-04-11
2024-04-11 16:30:00,127.97,127.97,127.26,127.33,27805,2024-04-11
2024-04-11 16:35:00,127.33,127.335,126.95,127.09,5250,2024-04-11
2024-04-11 16:40:00,127.13,127.415,126.995,127.415,19453,2024-04-11
2024-04-11 16:45:00,127.45,127.49,127.34,127.4205,17963,2024-04-11
2024-04-11 16:50:00,127.41,127.51,127.35,127.48,13588,2024-04-11
2024-04-11 16:55:00,127.48,127.55,127.32,127.325,20854,2024-04-11
2024-04-11 17:00:00,127.32,127.33,127.005,127.04,21428,2024-04-11
2024-04-11 17:05:00,127.1,127.27,126.965,126.98,22075,2024-04-11
2024-04-11 17:10:00,126.99,127.1,126.91,127.055,21150,2024-04-11
2024-04-11 17:15:00,127.065,127.16,127.01,127.14,16015,2024-04-11
2024-04-11 17:20:00,127.1,127.13,126.97,127.1,23187,2024-04-11
2024-04-11 17:25:00,127.1,127.1,126.87,126.94,19310,2024-04-11
2024-04-11 17:30:00,126.97,127.115,126.875,127.08,25280,2024-04-11
2024-04-11 17:35:00,127.05,127.075,126.84,127.075,32713,2024-04-11
2024-04-11 17:40:00,127.075,127.13,126.98,127.12,27395,2024-04-11
2024-04-11 17:45:00,127.12,127.285,126.975,127.04,35181,2024-04-11
2024-04-11 17:50:00,127.07,127.18,126.96,127.05,14986,2024-04-11
2024-04-11 17:55:00,127.01,127.03,126.82,126.83,22293,2024-04-11
2024-04-11 18:00:00,126.8346,127.08,126.8346,127.05,15556,2024-04-11
2024-04-11 18:05:00,127.03,127.03,126.68,126.7,25332,2024-04-11
2024-04-11 18:10:00,126.64,126.74,126.625,126.675,16867,2024-04-11
2024-04-11 18:15:00,126.69,126.79,126.64,126.79,13998,2024-04-11
2024-04-11 18:20:00,126.775,126.81,126.71,126.71,19430,2024-04-11
2024-04-11 18:25:00,126.71,126.75,126.53,126.645,22747,2024-04-11
2024-04-11 18:30:00,126.62,126.66,126.54,126.55,10218,2024-04-11
2024-04-11 18:35:00,126.6,126.67,126.56,126.61,11045,2024-04-11
2024-04-11 18:40:00,126.59,126.67,126.55,126.56,10213,2024-04-11
2024-04-11 18:45:00,126.58,126.62,126.55,126.595,15320,2024-04-11
2024-04-11 18:50:00,126.61,126.62,126.55,126.57,9711,2024-04-11
2024-04-11 18:55:00,126.58,126.6,126.54,126.55,19795,2024-04-11
2024-04-11 19:00:00,126.55,126.56,126.37,126.515,28381,2024-04-11
2024-04-11 19:05:00,126.51,126.59,126.49,126.55,14277,2024-04-11
2024-04-11 19:10:00,126.555,126.57,126.44,126.45,14431,2024-04-11
2024-04-11 19:15:00,126.46,126.49,126.375,126.39,17256,2024-04-11
2024-04-11 19:20:00,126.38,126.38,126.251,126.26,8480,2024-04-11
2024-04-11 19:25:00,126.23,126.265,126.17,126.1859,14620,2024-04-11
2024-04-11 19:30:00,126.185,126.29,126.175,126.24,12997,2024-04-11
2024-04-11 19:35:00,126.24,126.3049,126.23,126.275,14045,2024-04-11
2024-04-11 19:40:00,126.29,126.405,126.29,126.35,10783,2024-04-11
2024-04-11 19:45:00,126.36,126.53,126.36,126.5299,7722,2024-04-11
2024-04-11 19:50:00,126.51,126.51,126.37,126.4,15846,2024-04-11
2024-04-11 19:55:00,126.4,126.405,126.3471,126.385,9140,2024-04-11
2024-04-11 20:00:00,126.38,126.45,126.29,126.39,14056,2024-04-11
2024-04-11 20:05:00,126.38,126.52,126.38,126.445,10655,2024-04-11
2024-04-11 20:10:00,126.445,126.52,126.42,126.46,15366,2024-04-11
2024-04-11 20:15:00,126.47,126.48,126.4,126.46,12003,2024-04-11
2024-04-11 20:20:00,126.48,126.57,126.46,126.55,16860,2024-04-11
2024-04-11 20:25:00,126.55,126.61,126.51,126.54,8971,2024-04-11
2024-04-11 20:30:00,126.53,126.62,126.52,126.56,11996,2024-04-11
2024-04-11 20:35:00,126.56,126.56,126.49,126.49,11897,2024-04-11
2024-04-11 20:40:00,126.48,126.55,126.4647,126.55,11968,2024-04-11
2024-04-11 20:45:00,126.49,126.58,126.49,126.565,9213,2024-04-11
2024-04-11 20:50:00,126.56,126.63,126.55,126.62,9587,2024-04-11
2024-04-11 20:55:00,126.635,126.7,126.63,126.66,17592,2024-04-11
2024-04-11 21:00:00,126.67,126.8,126.67,126.8,15129,2024-04-11
2024-04-11 21:05:00,126.78,126.87,126.78,126.845,12852,2024-04-11
2024-04-11 21:10:00,126.83,126.86,126.8,126.81,15088,2024-04-11
2024-04-11 21:15:00,126.81,126.83,126.73,126.74,14108,2024-04-11
2024-04-11 21:20:00,126.74,126.82,126.73,126.82,18897,2024-04-11
2024-04-11 21:25:00,126.8225,126.849,126.81,126.83,12331,2024-04-11
2024-04-11 21:30:00,126.82,126.96,126.81,126.92,11413,2024-04-11
2024-04-11 21:35:00,126.9191,127.04,126.9191,126.93,30357,2024-04-11
2024-04-11 21:40:00,126.94,126.96,126.89,126.9,14449,2024-04-11
2024-04-11 21:45:00,126.9,126.93,126.838,126.838,15926,2024-04-11
2024-04-11 21:50:00,126.81,126.84,126.7,126.76,14652,2024-04-11
2024-04-11 21:55:00,126.73,126.76,126.61,126.61,19958,2024-04-11
2024-04-11 22:00:00,126.62,126.74,126.62,126.65,24954,2024-04-11
2024-04-11 22:05:00,126.66,126.7,126.64,126.7,14501,2024-04-11
2024-04-11 22:10:00,126.68,126.68,126.57,126.6,12098,2024-04-11
2024-04-11 22:15:00,126.56,126.665,126.56,126.65,15326,2024-04-11
2024-04-11 22:20:00,126.63,126.725,126.63,126.68,42149,2024-04-11
2024-04-11 22:25:00,126.67,126.69,126.535,126.55,15799,2024-04-11
2024-04-11 22:30:00,126.54,126.56,126.4801,126.56,24111,2024-04-11
2024-04-11 22:35:00,126.55,126.55,126.17,126.23,27101,2024-04-11
2024-04-11 22:40:00,126.26,126.3,126.16,126.265,47114,2024-04-11
2024-04-11 22:45:00,126.25,126.34,126.14,126.17,40419,2024-04-11
2024-04-11 22:50:00,126.17,126.23,126.145,126.2,70372,2024-04-11
2024-04-11 22:55:00,126.2,126.26,125.96,126.1,177397,2024-04-11
2024-04-11 23:00:00,126.08,126.08,126.08,126.08,4459,2024-04-11
2024-04-11 23:05:00,126.08,126.08,126.08,126.08,1467,2024-04-11
2024-04-12 16:30:00,125.86,126.2345,125.81,126.025,38070,2024-04-12
2024-04-12 16:35:00,125.8913,126.209,125.8913,126.11,7880,2024-04-12
2024-04-12 16:40:00,126.06,126.06,125.67,125.73,19087,2024-04-12
2024-04-12 16:45:00,125.64,125.83,125.64,125.765,14316,2024-04-12
2024-04-12 16:50:00,125.85,125.89,125.54,125.61,23746,2024-04-12
2024-04-12 16:55:00,125.625,125.81,125.5615,125.81,27654,2024-04-12
2024-04-12 17:00:00,125.76,125.76,125.34,125.55,27149,2024-04-12
2024-04-12 17:05:00,125.6,125.65,125.225,125.25,46761,2024-04-12
2024-04-12 17:10:00,125.3,125.43,125.17,125.245,47317,2024-04-12
2024-04-12 17:15:00,125.268,125.75,125.07,125.15,83695,2024-04-12
2024-04-12 17:20:00,125.15,125.335,125.09,125.3,47436,2024-04-12
2024-04-12 17:25:00,125.3,125.34,125.225,125.28,10891,2024-04-12
2024-04-12 17:30:00,125.26,125.26,125.07,125.13,14751,2024-04-12
2024-04-12 17:35:00,125.13,125.215,125.01,125.21,15623,2024-04-12
2024-04-12 17:40:00,125.195,125.225,125.13,125.18,12404,2024-04-12
2024-04-12 17:45:00,125.195,125.25,125.16,125.25,10935,2024-04-12
2024-04-12 17:50:00,125.245,125.32,125.22,125.25,12569,2024-04-12
2024-04-12 17:55:00,125.25,125.28,125.22,125.22,10156,2024-04-12
2024-04-12 18:00:00,125.24,125.33,125.15,125.32,15262,2024-04-12
2024-04-12 18:05:00,125.29,125.29,125.15,125.15,5621,2024-04-12
2024-04-12 18:10:00,125.13,125.16,125.05,125.05,12678,2024-04-12
2024-04-12 18:15:00,125.045,125.0686,124.92,124.93,13685,2024-04-12
2024-04-12 18:20:00,124.89,124.95,124.89,124.94,7180,2024-04-12
2024-04-12 18:25:00,124.91,124.91,124.745,124.76,13699,2024-04-12
2024-04-12 18:30:00,124.77,124.77,124.69,124.71,13025,2024-04-12
2024-04-12 18:35:00,124.685,124.7,124.59,124.6,9064,2024-04-12
2024-04-12 18:40:00,124.62,124.62,124.44,124.46,9759,2024-04-12
2024-04-12 18:45:00,124.465,124.66,124.45,124.66,12843,2024-04-12
2024-04-12 18:50:00,124.68,124.73,124.635,124.73,9943,2024-04-12
2024-04-12 18:55:00,124.77,124.7797,124.6424,124.67,10534,2024-04-12
2024-04-12 19:00:00,124.65,124.75,124.65,124.74,11094,2024-04-12
2024-04-12 19:05:00,124.7393,124.8,124.73,124.78,7498,2024-04-12
2024-04-12 19:10:00,124.78,124.84,124.77,124.78,8081,2024-04-12
2024-04-12 19:15:00,124.78,124.79,124.63,124.63,8628,2024-04-12
2024-04-12 19:20:00,124.6231,124.715,124.62,124.715,6741,2024-04-12
2024-04-12 19:25:00,124.7,124.71,124.585,124.585,6320,2024-04-12
2024-04-12 19:30:00,124.59,124.59,124.35,124.41,13667,2024-04-12
2024-04-12 19:35:00,124.4,124.4,124.25,124.31,8489,2024-04-12
2024-04-12 19:40:00,124.32,124.46,124.32,124.42,10406,2024-04-12
2024-04-12 19:45:00,124.43,124.43,124.31,124.3133,9613,2024-04-12
2024-04-12 19:50:00,124.3,124.3,124.201,124.215,6954,2024-04-12
2024-04-12 19:55:00,124.215,124.215,124.11,124.115,7561,2024-04-12
2024-04-12 20:00:00,124.095,124.175,123.9704,124.115,84196,2024-04-12
2024-04-12 20:05:00,124.12,124.13,123.95,123.97,25047,2024-04-12
2024-04-12 20:10:00,123.98,124.07,123.94,124.06,8823,2024-04-12
2024-04-12 20:15:00,124.06,124.18,124.06,124.11,14387,2024-04-12
2024-04-12 20:20:00,124.08,124.125,123.97,123.985,9494,2024-04-12
2024-04-12 20:25:00,123.985,124.08,123.97,123.97,12052,2024-04-12
2024-04-12 20:30:00,123.96,123.98,123.94,123.98,12156,2024-04-12
2024-04-12 20:35:00,123.99,124.03,123.955,124.025,14069,2024-04-12
2024-04-12 20:40:00,124.03,124.092,124.03,124.07,12922,2024-04-12
2024-04-12 20:45:00,124.07,124.24,124.07,124.24,14946,2024-04-12
2024-04-12 20:50:00,124.25,124.27,124.16,124.25,13152,2024-04-12
2024-04-12 20:55:00,124.255,124.34,124.235,124.264,13352,2024-04-12
2024-04-12 21:00:00,124.245,124.25,124.08,124.163,22047,2024-04-12
2024-04-12 21:05:00,124.18,124.44,124.18,124.35,12939,2024-04-12
2024-04-12 21:10:00,124.3733,124.4,124.23,124.23,15649,2024-04-12
2024-04-12 21:15:00,124.28,124.28,124.19,124.2,10823,2024-04-12
2024-04-12 21:20:00,124.2,124.27,124.1817,124.22,12717,2024-04-12
2024-04-12 21:25:00,124.19,124.235,124.13,124.235,13494,2024-04-12
2024-04-12 21:30:00,124.25,124.295,124.13,124.295,32177,2024-04-12
2024-04-12 21:35:00,124.27,124.3623,124.255,124.32,11195,2024-04-12
2024-04-12 21:40:00,124.32,124.34,124.17,124.175,9294,2024-04-12
2024-04-12 21:45:00,124.18,124.25,124.15,124.18,14268,2024-04-12
2024-04-12 21:50:00,124.17,124.27,124.17,124.27,11164,2024-04-12
2024-04-12 21:55:00,124.27,124.27,124.13,124.14,14222,2024-04-12
2024-04-12 22:00:00,124.12,124.12,124,124.07,12344,2024-04-12
2024-04-12 22:05:00,124.07,124.08,123.93,123.93,14675,2024-04-12
2024-04-12 22:10:00,123.94,123.985,123.89,123.9201,22875,2024-04-12
2024-04-12 22:15:00,123.92,123.9944,123.85,123.985,22294,2024-04-12
2024-04-12 22:20:00,123.98,124,123.89,123.89,15314,2024-04-12
2024-04-12 22:25:00,123.89,124.08,123.89,124,18577,2024-04-12
2024-04-12 22:30:00,124.02,124.115,124,124.1,18084,2024-04-12
2024-04-12 22:35:00,124.11,124.11,123.96,123.98,22173,2024-04-12
2024-04-12 22:40:00,123.98,124.23,123.98,124.2166,23062,2024-04-12
2024-04-12 22:45:00,124.2037,124.21,123.995,124.06,34633,2024-04-12
2024-04-12 22:50:00,124.07,124.1,123.85,123.95,63918,2024-04-12
2024-04-12 22:55:00,123.96,124.01,123.84,123.94,177468,2024-04-12
2024-04-12 23:00:00,123.89,124.07,123.89,123.89,8465,2024-04-12
2024-04-12 23:20:00,123.89,123.89,123.89,123.89,6243,2024-04-12
2024-04-12 23:40:00,123.89,123.89,123.89,123.89,309691,2024-04-12
2024-04-12 23:55:00,123.95,123.95,123.95,123.95,392,2024-04-12
2024-04-13 01:55:00,123.95,123.95,123.95,123.95,500,2024-04-12
2024-04-13 02:40:00,123.92,123.92,123.92,123.92,200,2024-04-12
2024-04-15 16:25:00,124.66,124.66,124.66,124.66,302,2024-04-15
2024-04-15 16:30:00,124.98,125.19,124.87,125.19,31852,2024-04-15
2024-04-15 16:35:00,125.27,125.455,125.16,125.215,11323,2024-04-15
2024-04-15 16:40:00,125.279,125.4,125.23,125.29,8905,2024-04-15
2024-04-15 16:45:00,125.4,125.4,125.1425,125.285,15624,2024-04-15
2024-04-15 16:50:00,125.295,125.34,125.09,125.13,16434,2024-04-15
2024-04-15 16:55:00,125.1532,125.35,125.1532,125.3,18007,2024-04-15
2024-04-15 17:00:00,125.295,125.33,125.025,125.1239,34317,2024-04-15
2024-04-15 17:05:00,125.125,125.16,125,125.03,29105,2024-04-15
2024-04-15 17:10:00,125.02,125.0699,124.83,124.935,34563,2024-04-15
2024-04-15 17:15:00,124.925,125.21,124.8975,125.155,19262,2024-04-15
2024-04-15 17:20:00,125.155,125.26,125.1,125.12,13721,2024-04-15
2024-04-15 17:25:00,125.11,125.11,124.89,124.97,15069,2024-04-15
2024-04-15 17:30:00,124.95,124.96,124.7,124.72,17168,2024-04-15
2024-04-15 17:35:00,124.72,124.82,124.7,124.71,18410,2024-04-15
2024-04-15 17:40:00,124.7275,124.925,124.7,124.86,20870,2024-04-15
2024-04-15 17:45:00,124.86,124.979,124.81,124.94,13523,2024-04-15
2024-04-15 17:50:00,124.92,124.92,124.795,124.795,28398,2024-04-15
2024-04-15 17:55:00,124.805,124.97,124.805,124.955,17471,2024-04-15
2024-04-15 18:00:00,124.96,124.98,124.835,124.835,24181,2024-04-15
2024-04-15 18:05:00,124.81,124.98,124.8,124.95,13085,2024-04-15
2024-04-15 18:10:00,124.95,125.09,124.95,125.07,10543,2024-04-15
2024-04-15 18:15:00,125.075,125.09,124.95,124.97,18983,2024-04-15
2024-04-15 18:20:00,124.9545,124.96,124.875,124.89,8934,2024-04-15
2024-04-15 18:25:00,124.905,125.02,124.9,125.02,9325,2024-04-15
2024-04-15 18:30:00,125.03,125.085,124.945,125.06,13413,2024-04-15
2024-04-15 18:35:00,125.055,125.08,124.96,125,8530,2024-04-15
2024-04-15 18:40:00,125.02,125.14,125.01,125.089,22882,2024-04-15
2024-04-15 18:45:00,125.06,125.36,125.06,125.345,12658,2024-04-15
2024-04-15 18:50:00,125.33,125.435,125.27,125.34,15354,2024-04-15
2024-04-15 18:55:00,125.3673,125.44,125.34,125.4051,7355,2024-04-15
2024-04-15 19:00:00,125.395,125.54,125.395,125.54,9655,2024-04-15
2024-04-15 19:05:00,125.549,125.549,125.46,125.47,8773,2024-04-15
2024-04-15 19:10:00,125.455,125.58,125.425,125.505,17747,2024-04-15
2024-04-15 19:15:00,125.5,125.52,125.42,125.42,20017,2024-04-15
2024-04-15 19:20:00,125.43,125.4499,125.32,125.34,13575,2024-04-15
2024-04-15 19:25:00,125.3166,125.37,125.28,125.31,8645,2024-04-15
2024-04-15 19:30:00,125.31,125.37,125.22,125.37,8581,2024-04-15
2024-04-15 19:35:00,125.4038,125.42,125.35,125.3821,9228,2024-04-15
2024-04-15 19:40:00,125.39,125.43,125.31,125.31,7979,2024-04-15
2024-04-15 19:45:00,125.32,125.42,125.32,125.36,7428,2024-04-15
2024-04-15 19:50:00,125.35,125.55,125.33,125.53,30286,2024-04-15
2024-04-15 19:55:00,125.51,125.57,125.402,125.51,12524,2024-04-15
2024-04-15 20:00:00,125.44,125.44,125.38,125.41,5485,2024-04-15
2024-04-15 20:05:00,125.41,125.47,125.4,125.4,6295,2024-04-15
2024-04-15 20:10:00,125.39,125.39,125.18,125.2,10829,2024-04-15
2024-04-15 20:15:00,125.205,125.21,125.11,125.11,9281,2024-04-15
2024-04-15 20:20:00,125.1,125.13,124.94,124.98,10061,2024-04-15
2024-04-15 20:25:00,124.97,124.9937,124.89,124.89,9636,2024-04-15
2024-04-15 20:30:00,124.91,125.31,124.725,125.18,40918,2024-04-15
2024-04-15 20:35:00,125.22,125.53,125.22,125.43,36302,2024-04-15
2024-04-15 20:40:00,125.45,125.53,125.36,125.39,19700,2024-04-15
2024-04-15 20:45:00,125.4,125.44,125.345,125.345,12213,2024-04-15
2024-04-15 20:50:00,125.36,125.43,125.29,125.36,21021,2024-04-15
2024-04-15 20:55:00,125.34,125.35,125.17,125.35,12509,2024-04-15
2024-04-15 21:00:00,125.32,125.46,125.26,125.46,13841,2024-04-15
2024-04-15 21:05:00,125.43,125.43,125.31,125.34,10881,2024-04-15
2024-04-15 21:10:00,125.315,125.32,125.25,125.26,8943,2024-04-15
2024-04-15 21:15:00,125.26,125.36,125.1901,125.32,13493,2024-04-15
2024-04-15 21:20:00,125.31,125.34,125.23,125.28,20163,2024-04-15
2024-04-15 21:25:00,125.305,125.315,125.25,125.25,13975,2024-04-15
2024-04-15 21:30:00,125.17,125.38,125.16,125.35,21711,2024-04-15
2024-04-15 21:35:00,125.35,125.49,125.29,125.29,13106,2024-04-15
2024-04-15 21:40:00,125.28,125.32,125.23,125.26,10752,2024-04-15
2024-04-15 21:45:00,125.268,125.28,125.09,125.105,11824,2024-04-15
2024-04-15 21:50:00,125.12,125.12,125.03,125.035,14780,2024-04-15
2024-04-15 21:55:00,125.04,125.285,125.04,125.26,20173,2024-04-15
2024-04-15 22:00:00,125.26,125.32,125.19,125.225,16272,2024-04-15
2024-04-15 22:05:00,125.19,125.33,125.19,125.32,17054,2024-04-15
2024-04-15 22:10:00,125.315,125.365,125.27,125.345,22649,2024-04-15
2024-04-15 22:15:00,125.34,125.39,125.15,125.15,20986,2024-04-15
2024-04-15 22:20:00,125.155,125.31,125.09,125.13,25635,2024-04-15
2024-04-15 22:25:00,125.14,125.24,125.14,125.185,21048,2024-04-15
2024-04-15 22:30:00,125.185,125.3,125.162947,125.22,45305,2024-04-15
2024-04-15 22:35:00,125.22,125.3,125.1522,125.175,29631,2024-04-15
2024-04-15 22:40:00,125.15,125.375,125.13,125.375,38818,2024-04-15
2024-04-15 22:45:00,125.375,125.41,125.23,125.38,63129,2024-04-15
2024-04-15 22:50:00,125.37,125.41,125.312,125.37,98534,2024-04-15
2024-04-15 22:55:00,125.37,125.47,125.29,125.43,256945,2024-04-15
2024-04-15 23:00:00,125.4,125.4,125.4,125.4,3425,2024-04-15
2024-04-15 23:05:00,125.4,125.4,125.4,125.4,2009,2024-04-15
2024-04-16 14:35:00,125.93,125.93,125.93,125.93,100,2024-04-16
2024-04-16 16:30:00,125.79,126.17,125.49,125.995,14667,2024-04-16
2024-04-16 16:35:00,126.08,126.08,125.54,125.72,10838,2024-04-16
2024-04-16 16:40:00,125.72,125.72,125.45,125.685,20030,2024-04-16
2024-04-16 16:45:00,125.705,125.94,125.69,125.83,21179,2024-04-16
2024-04-16 16:50:00,125.83,125.88,125.64,125.68,27041,2024-04-16
2024-04-16 16:55:00,125.655,125.71,125.5,125.55,23230,2024-04-16
2024-04-16 17:00:00,125.57,125.57,125.29,125.33,28020,2024-04-16
2024-04-16 17:05:00,125.35,125.46,125.27,125.345,8574,2024-04-16
2024-04-16 17:10:00,125.27,125.49,125.24,125.49,12801,2024-04-16
2024-04-16 17:15:00,125.45,125.49,125.36,125.36,14451,2024-04-16
2024-04-16 17:20:00,125.39,125.42,125.26,125.27,11210,2024-04-16
2024-04-16 17:25:00,125.29,125.4,125.26,125.29,13466,2024-04-16
2024-04-16 17:30:00,125.3,125.42,125.3,125.34,17320,2024-04-16
2024-04-16 17:35:00,125.355,125.355,125.19,125.19,12332,2024-04-16
2024-04-16 17:40:00,125.205,125.29,125.15,125.165,15823,2024-04-16
2024-04-16 17:45:00,125.15,125.18,124.96,125.09,17380,2024-04-16
2024-04-16 17:50:00,125.05,125.09,124.9,124.99,19422,2024-04-16
2024-04-16 17:55:00,124.98,125.145,124.98,125.12,14955,2024-04-16
2024-04-16 18:00:00,125.11,125.115,124.96,125.08,13393,2024-04-16
2024-04-16 18:05:00,125.0958,125.0958,124.9401,125.01,9963,2024-04-16
2024-04-16 18:10:00,125.06,125.115,124.965,125.03,15861,2024-04-16
2024-04-16 18:15:00,125.03,125.11,124.97,124.99,10361,2024-04-16
2024-04-16 18:20:00,124.96,125.08,124.955,125.06,9400,2024-04-16
2024-04-16 18:25:00,125.07,125.16,125.04,125.1496,10981,2024-04-16
2024-04-16 18:30:00,125.17,125.56,125.17,125.56,22991,2024-04-16
2024-04-16 18:35:00,125.52,125.53,125.3,125.32,7287,2024-04-16
2024-04-16 18:40:00,125.31,125.47,125.31,125.44,9520,2024-04-16
2024-04-16 18:45:00,125.43,125.545,125.385,125.48,8509,2024-04-16
2024-04-16 18:50:00,125.5,125.73,125.5,125.725,6916,2024-04-16
2024-04-16 18:55:00,125.74,125.78,125.68,125.775,8745,2024-04-16
2024-04-16 19:00:00,125.76,125.77,125.65,125.66,15152,2024-04-16
2024-04-16 19:05:00,125.66,125.73,125.6,125.725,9276,2024-04-16
2024-04-16 19:10:00,125.77,125.78,125.64,125.675,25972,2024-04-16
2024-04-16 19:15:00,125.675,125.675,125.565,125.61,17918,2024-04-16
2024-04-16 19:20:00,125.64,125.69,125.6209,125.67,11660,2024-04-16
2024-04-16 19:25:00,125.66,125.75,125.6386,125.6386,8634,2024-04-16
2024-04-16 19:30:00,125.63,125.69,125.63,125.634,8036,2024-04-16
2024-04-16 19:35:00,125.62,125.69,125.59,125.69,12411,2024-04-16
2024-04-16 19:40:00,125.72,125.72,125.645,125.685,6851,2024-04-16
2024-04-16 19:45:00,125.68,125.74,125.66,125.72,9338,2024-04-16
2024-04-16 19:50:00,125.705,125.736,125.59,125.615,34378,2024-04-16
2024-04-16 19:55:00,125.62,125.65,125.58,125.63,13577,2024-04-16
2024-04-16 20:00:00,125.65,125.66,125.505,125.57,23124,2024-04-16
2024-04-16 20:05:00,125.555,125.63,125.52,125.61,12418,2024-04-16
2024-04-16 20:10:00,125.61,125.735,125.58,125.67,13379,2024-04-16
2024-04-16 20:15:00,125.68,125.68,125.55,125.58,7295,2024-04-16
2024-04-16 20:20:00,125.59,125.645,125.56,125.62,8326,2024-04-16
2024-04-16 20:25:00,125.62,125.665,125.58,125.64,10973,2024-04-16
2024-04-16 20:30:00,125.62,125.64,125.44,125.56,47500,2024-04-16
2024-04-16 20:35:00,125.64,125.68,125.56,125.63,10337,2024-04-16
2024-04-16 20:40:00,125.67,125.78,125.66,125.715,12315,2024-04-16
2024-04-16 20:45:00,125.74,125.84,125.6,125.625,11144,2024-04-16
2024-04-16 20:50:00,125.6,125.72,125.52,125.67,15551,2024-04-16
2024-04-16 20:55:00,125.62,125.68,125.62,125.625,8150,2024-04-16
2024-04-16 21:00:00,125.62,125.73,125.58,125.73,11579,2024-04-16
2024-04-16 21:05:00,125.7,126.17,125.66,126.1303,18415,2024-04-16
2024-04-16 21:10:00,126.1,126.22,126.01,126.07,34657,2024-04-16
2024-04-16 21:15:00,126.08,126.105,125.64,125.6717,53742,2024-04-16
2024-04-16 21:20:00,125.71,125.84,125.68,125.795,44253,2024-04-16
2024-04-16 21:25:00,125.78,125.95,125.68,125.77,31386,2024-04-16
2024-04-16 21:30:00,125.76,125.9056,125.72,125.9056,26101,2024-04-16
2024-04-16 21:35:00,125.9,125.9,125.67,125.675,11334,2024-04-16
2024-04-16 21:40:00,125.69,125.71,125.59,125.65,33538,2024-04-16
2024-04-16 21:45:00,125.62,125.63,125.54,125.58,12169,2024-04-16
2024-04-16 21:50:00,125.6,125.76,125.6,125.74,32980,2024-04-16
2024-04-16 21:55:00,125.73,125.83,125.73,125.81,21983,2024-04-16
2024-04-16 22:00:00,125.84,125.84,125.58,125.645,32173,2024-04-16
2024-04-16 22:05:00,125.665,125.77,125.66,125.725,15103,2024-04-16
2024-04-16 22:10:00,125.725,125.74,125.66,125.68,18152,2024-04-16
2024-04-16 22:15:00,125.68,125.72,125.625,125.705,22862,2024-04-16
2024-04-16 22:20:00,125.71,125.84,125.685,125.84,20539,2024-04-16
2024-04-16 22:25:00,125.81,125.87,125.77,125.87,14844,2024-04-16
2024-04-16 22:30:00,125.86,125.875,125.58,125.6,39277,2024-04-16
2024-04-16 22:35:00,125.58,125.625,125.5,125.59,44087,2024-04-16
2024-04-16 22:40:00,125.585,125.62,125.44,125.46,257318,2024-04-16
2024-04-16 22:45:00,125.48,125.595,125.43,125.57,42235,2024-04-16
2024-04-16 22:50:00,125.57,125.57,125.32,125.44,64430,2024-04-16
2024-04-16 22:55:00,125.43,125.48,125.1,125.27,270588,2024-04-16
2024-04-16 23:00:00,125.28,125.28,125.28,125.28,15133,2024-04-16
2024-04-16 23:05:00,125.28,125.28,125.28,125.28,1667,2024-04-16
2024-04-17 16:30:00,125.59,125.99,125.34,125.67,47486,2024-04-17
2024-04-17 16:35:00,125.78,126.01,125.71,125.995,29829,2024-04-17
2024-04-17 16:40:00,125.97,126.14,125.85,125.92,23813,2024-04-17
2024-04-17 16:45:00,125.935,126.13,125.92,126.04,14021,2024-04-17
2024-04-17 16:50:00,126.005,126.14,126.005,126.075,9975,2024-04-17
2024-04-17 16:55:00,126.03,126.2,125.95,126,43859,2024-04-17
2024-04-17 17:00:00,126.015,126.015,125.71,125.83,44208,2024-04-17
2024-04-17 17:05:00,125.83,126.03,125.83,125.92,50020,2024-04-17
2024-04-17 17:10:00,125.915,125.98,125.57,125.625,24490,2024-04-17
2024-04-17 17:15:00,125.625,125.74,125.55,125.57,13955,2024-04-17
2024-04-17 17:20:00,125.56,125.68,125.5,125.61,20009,2024-04-17
2024-04-17 17:25:00,125.655,125.655,125.335,125.335,9063,2024-04-17
2024-04-17 17:30:00,125.34,125.57,125.33,125.57,17524,2024-04-17
2024-04-17 17:35:00,125.575,125.64,125.57,125.575,12045,2024-04-17
2024-04-17 17:40:00,125.59,125.59,125.5,125.56,13473,2024-04-17
2024-04-17 17:45:00,125.57,125.65,125.4,125.4,12578,2024-04-17
2024-04-17 17:50:00,125.395,125.42,125.245,125.37,16176,2024-04-17
2024-04-17 17:55:00,125.36,125.36,125.21,125.28,13733,2024-04-17
2024-04-17 18:00:00,125.29,125.32,125.2,125.31,19756,2024-04-17
2024-04-17 18:05:00,125.3,125.33,125.22,125.26,13326,2024-04-17
2024-04-17 18:10:00,125.25,125.33,125.25,125.315,10586,2024-04-17
2024-04-17 18:15:00,125.315,125.39,125.31,125.37,11972,2024-04-17
2024-04-17 18:20:00,125.375,125.43,125.34,125.395,13134,2024-04-17
2024-04-17 18:25:00,125.41,125.42,125.35,125.36,12802,2024-04-17
2024-04-17 18:30:00,125.34,125.41,125.27,125.345,27152,2024-04-17
2024-04-17 18:35:00,125.345,125.42,125.24,125.41,21251,2024-04-17
2024-04-17 18:40:00,125.415,125.58,125.38,125.545,8139,2024-04-17
2024-04-17 18:45:00,125.57,125.57,125.32,125.33,15239,2024-04-17
2024-04-17 18:50:00,125.33,125.38,125.25,125.265,9083,2024-04-17
2024-04-17 18:55:00,125.25,125.28,125.225,125.225,8035,2024-04-17
2024-04-17 19:00:00,125.24,125.27,125.145,125.16,12803,2024-04-17
2024-04-17 19:05:00,125.15,125.33,125.05,125.33,20349,2024-04-17
2024-04-17 19:10:00,125.36,125.44,125.28,125.35,25380,2024-04-17
2024-04-17 19:15:00,125.37,125.4398,125.32,125.42,10315,2024-04-17
2024-04-17 19:20:00,125.43,125.53,125.41,125.48,12573,2024-04-17
2024-04-17 19:25:00,125.5,125.53,125.45,125.475,15650,2024-04-17
2024-04-17 19:30:00,125.475,125.51,125.41,125.49,13612,2024-04-17
2024-04-17 19:35:00,125.49,125.4965,125.37,125.4,19700,2024-04-17
2024-04-17 19:40:00,125.4,125.48,125.37,125.45,19936,2024-04-17
2024-04-17 19:45:00,125.48,125.59,125.47,125.53,22015,2024-04-17
2024-04-17 19:50:00,125.51,125.51,125.4215,125.48,8770,2024-04-17
2024-04-17 19:55:00,125.46,125.52,125.44,125.44,12627,2024-04-17
2024-04-17 20:00:00,125.44,125.48,125.395,125.395,14943,2024-04-17
2024-04-17 20:05:00,125.37,125.43,125.28,125.39,18156,2024-04-17
2024-04-17 20:10:00,125.4,125.41,125.32,125.4,12503,2024-04-17
2024-04-17 20:15:00,125.42,125.54,125.42,125.52,8419,2024-04-17
2024-04-17 20:20:00,125.535,125.68,125.535,125.65,37300,2024-04-17
2024-04-17 20:25:00,125.61,125.67,125.57,125.63,13522,2024-04-17
2024-04-17 20:30:00,125.61,125.62,125.49,125.51,11699,2024-04-17
2024-04-17 20:35:00,125.51,125.51,125.42,125.43,15662,2024-04-17
2024-04-17 20:40:00,125.44,125.4754,125.395,125.43,11113,2024-04-17
2024-04-17 20:45:00,125.435,125.44,125.32,125.32,10435,2024-04-17
2024-04-17 20:50:00,125.315,125.47,125.305,125.47,20732,2024-04-17
2024-04-17 20:55:00,125.45,125.525,125.44,125.44,16224,2024-04-17
2024-04-17 21:00:00,125.43,125.51,125.37,125.505,18417,2024-04-17
2024-04-17 21:05:00,125.495,125.53,125.45,125.47,21920,2024-04-17
2024-04-17 21:10:00,125.48,125.48,125.32,125.32,17970,2024-04-17
2024-04-17 21:15:00,125.32,125.445,125.29,125.445,23649,2024-04-17
2024-04-17 21:20:00,125.445,125.445,125.285,125.36,31227,2024-04-17
2024-04-17 21:25:00,125.37,125.52,125.34,125.47,18305,2024-04-17
2024-04-17 21:30:00,125.49,125.56,125.48,125.55,16491,2024-04-17
2024-04-17 21:35:00,125.55,125.655,125.52,125.655,22974,2024-04-17
2024-04-17 21:40:00,125.65,125.79,125.63,125.73,17930,2024-04-17
2024-04-17 21:45:00,125.71,125.71,125.61,125.61,14716,2024-04-17
2024-04-17 21:50:00,125.64,125.66,125.5,125.53,18982,2024-04-17
2024-04-17 21:55:00,125.533,125.58,125.49,125.54,19351,2024-04-17
2024-04-17 22:00:00,125.53,125.59,125.5,125.56,18914,2024-04-17
2024-04-17 22:05:00,125.56,125.61,125.455,125.52,18459,2024-04-17
2024-04-17 22:10:00,125.51,125.51,125.38,125.46,17158,2024-04-17
2024-04-17 22:15:00,125.48,125.71,125.46,125.685,33336,2024-04-17
2024-04-17 22:20:00,125.695,125.79,125.69,125.79,38572,2024-04-17
2024-04-17 22:25:00,125.79,125.81,125.7,125.72,21563,2024-04-17
2024-04-17 22:30:00,125.73,125.76,125.66,125.66,28617,2024-04-17
2024-04-17 22:35:00,125.65,125.69,125.595,125.65,21045,2024-04-17
2024-04-17 22:40:00,125.64,125.795,125.59,125.78,30619,2024-04-17
2024-04-17 22:45:00,125.775,125.89,125.745,125.85,47491,2024-04-17
2024-04-17 22:50:00,125.86,126.0248,125.74,125.965,82607,2024-04-17
2024-04-17 22:55:00,125.965,126.03,125.89,125.92,234404,2024-04-17
2024-04-17 23:00:00,125.96,125.96,125.96,125.96,9252,2024-04-17
2024-04-17 23:05:00,125.96,125.96,125.96,125.96,849,2024-04-17
2024-04-17 23:20:00,125.96,125.96,125.96,125.96,973,2024-04-17
2024-04-18 16:30:00,126.28,126.5,125.77,126,30567,2024-04-18
2024-04-18 16:35:00,125.965,126.57,125.965,126.5178,7542,2024-04-18
2024-04-18 16:40:00,126.515,126.555,126.235,126.3,14701,2024-04-18
2024-04-18 16:45:00,126.29,126.37,126.2,126.2,25991,2024-04-18
2024-04-18 16:50:00,126.19,126.27,126.125,126.17,11216,2024-04-18
2024-04-18 16:55:00,126.2,126.425,126.2,126.42,11494,2024-04-18
2024-04-18 17:00:00,126.445,126.48,126.36,126.375,16377,2024-04-18
2024-04-18 17:05:00,126.41,126.455,126.35,126.35,14394,2024-04-18
2024-04-18 17:10:00,126.34,126.35,126.165,126.22,11436,2024-04-18
2024-04-18 17:15:00,126.21,126.335,126.18,126.27,10950,2024-04-18
2024-04-18 17:20:00,126.31,126.33,126.17,126.235,8024,2024-04-18
2024-04-18 17:25:00,126.205,126.2103,126.03,126.105,12552,2024-04-18
2024-04-18 17:30:00,126.07,126.07,125.89,126.06,11702,2024-04-18
2024-04-18 17:35:00,126.07,126.07,125.935,126.02,16388,2024-04-18
2024-04-18 17:40:00,126.01,126.08,125.82,125.82,37838,2024-04-18
2024-04-18 17:45:00,125.81,125.935,125.81,125.875,55227,2024-04-18
2024-04-18 17:50:00,125.855,125.98,125.76,125.89,56879,2024-04-18
2024-04-18 17:55:00,125.885,126.07,125.8,125.805,41837,2024-04-18
2024-04-18 18:00:00,125.815,125.8783,125.61,125.61,28522,2024-04-18
2024-04-18 18:05:00,125.63,125.74,125.48,125.48,22242,2024-04-18
2024-04-18 18:10:00,125.495,125.58,125.475,125.53,14755,2024-04-18
2024-04-18 18:15:00,125.55,125.65,125.49,125.49,24018,2024-04-18
2024-04-18 18:20:00,125.49,125.805,125.49,125.78,23419,2024-04-18
2024-04-18 18:25:00,125.72,125.72,125.57,125.57,16262,2024-04-18
2024-04-18 18:30:00,125.58,125.6,125.33,125.395,14452,2024-04-18
2024-04-18 18:35:00,125.36,125.525,125.34,125.525,12431,2024-04-18
2024-04-18 18:40:00,125.53,125.53,125.37,125.37,10746,2024-04-18
2024-04-18 18:45:00,125.31,125.37,125.255,125.305,12144,2024-04-18
2024-04-18 18:50:00,125.3,125.32,125.26,125.3,8044,2024-04-18
2024-04-18 18:55:00,125.31,125.38,125.28,125.31,10588,2024-04-18
2024-04-18 19:00:00,125.305,125.47,125.3,125.42,21267,2024-04-18
2024-04-18 19:05:00,125.41,125.41,125.285,125.3065,9971,2024-04-18
2024-04-18 19:10:00,125.32,125.39,125.26,125.35,11348,2024-04-18
2024-04-18 19:15:00,125.3,125.34,125.24,125.29,8909,2024-04-18
2024-04-18 19:20:00,125.31,125.31,125.245,125.29,13172,2024-04-18
2024-04-18 19:25:00,125.275,125.33,125.25,125.33,11442,2024-04-18
2024-04-18 19:30:00,125.34,125.37,125.17,125.22,14061,2024-04-18
2024-04-18 19:35:00,125.2,125.27,125.11,125.11,15420,2024-04-18
2024-04-18 19:40:00,125.11,125.11,124.97,125.01,17325,2024-04-18
2024-04-18 19:45:00,125.02,125.16,124.965,125.07,20606,2024-04-18
2024-04-18 19:50:00,125.06,125.06,124.95,124.95,14745,2024-04-18
2024-04-18 19:55:00,124.95,125.05,124.925,125,25792,2024-04-18
2024-04-18 20:00:00,124.99,125.15,124.99,125.14,13209,2024-04-18
2024-04-18 20:05:00,125.14,125.25,125.1,125.14,18635,2024-04-18
2024-04-18 20:10:00,125.14,125.22,125.12,125.2,12295,2024-04-18
2024-04-18 20:15:00,125.22,125.23,125.07,125.13,11355,2024-04-18
2024-04-18 20:20:00,125.145,125.25,125.11,125.19,14536,2024-04-18
2024-04-18 20:25:00,125.19,125.32,125.15,125.31,12517,2024-04-18
2024-04-18 20:30:00,125.29,125.34,125.211,125.34,17167,2024-04-18
2024-04-18 20:35:00,125.31,125.35,125.235,125.235,13699,2024-04-18
2024-04-18 20:40:00,125.225,125.31,125.18,125.3,16536,2024-04-18
2024-04-18 20:45:00,125.29,125.37,125.221,125.24,18032,2024-04-18
2024-04-18 20:50:00,125.24,125.24,125.04,125.155,14530,2024-04-18
2024-04-18 20:55:00,125.17,125.2,125.061,125.095,13571,2024-04-18
2024-04-18 21:00:00,125.085,125.12,125.03,125.038,13141,2024-04-18
2024-04-18 21:05:00,125.04,125.11,124.995,125.02,12871,2024-04-18
2024-04-18 21:10:00,125.02,125.19,125.02,125.13,19202,2024-04-18
2024-04-18 21:15:00,125.13,125.39,125.13,125.39,11809,2024-04-18
2024-04-18 21:20:00,125.39,125.5,125.31,125.462,15029,2024-04-18
2024-04-18 21:25:00,125.46,125.51,125.351,125.365,15882,2024-04-18
2024-04-18 21:30:00,125.34,125.46,125.34,125.41,12344,2024-04-18
2024-04-18 21:35:00,125.405,125.51,125.405,125.445,12301,2024-04-18
2024-04-18 21:40:00,125.44,125.54,125.38,125.47,16995,2024-04-18
2024-04-18 21:45:00,125.46,125.5396,125.44,125.53,10219,2024-04-18
2024-04-18 21:50:00,125.52,125.54,125.49,125.52,11023,2024-04-18
2024-04-18 21:55:00,125.515,125.54,125.46,125.5,14444,2024-04-18
2024-04-18 22:00:00,125.49,125.65,125.48,125.6,16932,2024-04-18
2024-04-18 22:05:00,125.612,125.65,125.485,125.515,13044,2024-04-18
2024-04-18 22:10:00,125.51,125.67,125.51,125.6,12657,2024-04-18
2024-04-18 22:15:00,125.6,125.64,125.57,125.57,15335,2024-04-18
2024-04-18 22:20:00,125.59,125.66,125.5306,125.64,18629,2024-04-18
2024-04-18 22:25:00,125.62,125.62,125.51,125.51,24721,2024-04-18
2024-04-18 22:30:00,125.52,125.75,125.52,125.75,36576,2024-04-18
2024-04-18 22:35:00,125.75,125.75,125.56,125.575,31446,2024-04-18
2024-04-18 22:40:00,125.58,125.72,125.58,125.72,37571,2024-04-18
2024-04-18 22:45:00,125.71,125.75,125.64,125.67,46915,2024-04-18
2024-04-18 22:50:00,125.67,125.77,125.63,125.675,73494,2024-04-18
2024-04-18 22:55:00,125.68,125.71,125.43,125.61,165221,2024-04-18
2024-04-18 23:00:00,125.61,125.61,125.61,125.61,9824,2024-04-18
2024-04-18 23:05:00,125.61,125.61,125.61,125.61,598,2024-04-18
2024-04-18 23:20:00,125.61,125.61,125.61,125.61,295,2024-04-18
2024-04-19 16:25:00,124.63,124.63,124.63,124.63,178,2024-04-19
2024-04-19 16:30:00,124.89,125.55,124.46,124.57,181767,2024-04-19
2024-04-19 16:35:00,124.66,125.6,124.66,125.59,30492,2024-04-19
2024-04-19 16:40:00,125.6,125.97,125.6,125.94,23568,2024-04-19
2024-04-19 16:45:00,125.94,125.94,125.59,125.615,26067,2024-04-19
2024-04-19 16:50:00,125.64,125.75,125.45,125.73,29942,2024-04-19
2024-04-19 16:55:00,125.71,125.74,125.375,125.62,25885,2024-04-19
2024-04-19 17:00:00,125.625,125.67,125.265,125.475,51584,2024-04-19
2024-04-19 17:05:00,125.5,125.63,125.45,125.5625,55746,2024-04-19
2024-04-19 17:10:00,125.57,125.65,125.45,125.64,40806,2024-04-19
2024-04-19 17:15:00,125.65,125.695,125.46,125.5,56447,2024-04-19
2024-04-19 17:20:00,125.49,125.595,125.42,125.46,33449,2024-04-19
2024-04-19 17:25:00,125.444,125.845,125.431,125.845,37815,2024-04-19
2024-04-19 17:30:00,125.82,125.93,125.53,125.53,27254,2024-04-19
2024-04-19 17:35:00,125.51,125.75,125.48,125.66,24619,2024-04-19
2024-04-19 17:40:00,125.65,125.745,125.53,125.68,16844,2024-04-19
2024-04-19 17:45:00,125.66,125.71,125.45,125.61,12218,2024-04-19
2024-04-19 17:50:00,125.61,125.63,125.46,125.58,18971,2024-04-19
2024-04-19 17:55:00,125.61,125.61,125.425,125.47,15835,2024-04-19
2024-04-19 18:00:00,125.53,125.53,125.331,125.51,20968,2024-04-19
2024-04-19 18:05:00,125.535,125.695,125.48,125.685,25395,2024-04-19
2024-04-19 18:10:00,125.69,125.69,125.55,125.55,17175,2024-04-19
2024-04-19 18:15:00,125.56,125.67,125.511,125.642,16202,2024-04-19
2024-04-19 18:20:00,125.66,125.81,125.61,125.81,17391,2024-04-19
2024-04-19 18:25:00,125.7975,125.99,125.795,125.99,17161,2024-04-19
2024-04-19 18:30:00,125.98,125.98,125.8,125.855,24414,2024-04-19
2024-04-19 18:35:00,125.855,125.88,125.781,125.85,14318,2024-04-19
2024-04-19 18:40:00,125.85,125.86,125.8,125.82,11973,2024-04-19
2024-04-19 18:45:00,125.815,125.88,125.78,125.88,15924,2024-04-19
2024-04-19 18:50:00,125.9,125.94,125.873,125.94,11449,2024-04-19
2024-04-19 18:55:00,125.93,126.02,125.83,126.02,40101,2024-04-19
2024-04-19 19:00:00,126.01,126.085,125.96,126.075,14179,2024-04-19
2024-04-19 19:05:00,126.09,126.13,125.95,126.01,12760,2024-04-19
2024-04-19 19:10:00,126.05,126.085,125.91,125.93,13621,2024-04-19
2024-04-19 19:15:00,125.94,125.95,125.785,125.785,14271,2024-04-19
2024-04-19 19:20:00,125.78,125.83,125.69,125.78,14138,2024-04-19
2024-04-19 19:25:00,125.8,126.045,125.79,125.935,13680,2024-04-19
2024-04-19 19:30:00,125.92,126.01,125.885,125.99,16772,2024-04-19
2024-04-19 19:35:00,125.981,126.04,125.97,126.02,10878,2024-04-19
2024-04-19 19:40:00,126.02,126.03,125.96,125.965,14033,2024-04-19
2024-04-19 19:45:00,125.98,126.02,125.94,125.98,19978,2024-04-19
2024-04-19 19:50:00,125.995,126.17,125.995,126.03,25471,2024-04-19
2024-04-19 19:55:00,126.03,126.17,126.03,126.14,11307,2024-04-19
2024-04-19 20:00:00,126.16,126.25,126.16,126.18,15037,2024-04-19
2024-04-19 20:05:00,126.17,126.25,126.141,126.22,12221,2024-04-19
2024-04-19 20:10:00,126.22,126.25,126.1,126.1,20756,2024-04-19
2024-04-19 20:15:00,126.12,126.24,126.1,126.24,15186,2024-04-19
2024-04-19 20:20:00,126.25,126.25,126.181,126.25,12033,2024-04-19
2024-04-19 20:25:00,126.235,126.26,126.12,126.14,15744,2024-04-19
2024-04-19 20:30:00,126.15,126.24,126.15,126.2,9148,2024-04-19
2024-04-19 20:35:00,126.19,126.25,126.16,126.24,12228,2024-04-19
2024-04-19 20:40:00,126.239,126.26,126.19,126.23,19264,2024-04-19
2024-04-19 20:45:00,126.24,126.255,126.17,126.212,22259,2024-04-19
2024-04-19 20:50:00,126.23,126.48,126.191,126.46,36828,2024-04-19
2024-04-19 20:55:00,126.465,126.47,126.23,126.35,26791,2024-04-19
2024-04-19 21:00:00,126.33,126.38,126.27,126.36,11579,2024-04-19
2024-04-19 21:05:00,126.36,126.5004,126.36,126.39,14460,2024-04-19
2024-04-19 21:10:00,126.42,126.44,126.385,126.41,7948,2024-04-19
2024-04-19 21:15:00,126.4,126.5,126.38,126.485,12199,2024-04-19
2024-04-19 21:20:00,126.465,126.49,126.425,126.455,13921,2024-04-19
2024-04-19 21:25:00,126.45,126.46,126.354,126.37,18869,2024-04-19
2024-04-19 21:30:00,126.37,126.47,126.37,126.4303,21490,2024-04-19
2024-04-19 21:35:00,126.43,126.485,126.361,126.38,14974,2024-04-19
2024-04-19 21:40:00,126.37,126.44,126.31,126.44,19789,2024-04-19
2024-04-19 21:45:00,126.41,126.64,126.38,126.63,18388,2024-04-19
2024-04-19 21:50:00,126.6229,126.625,126.49,126.52,16199,2024-04-19
2024-04-19 21:55:00,126.53,126.625,126.53,126.56,18053,2024-04-19
2024-04-19 22:00:00,126.59,126.76,126.551,126.73,25324,2024-04-19
2024-04-19 22:05:00,126.7,126.71,126.59,126.595,28848,2024-04-19
2024-04-19 22:10:00,126.58,126.63,126.46,126.59,81699,2024-04-19
2024-04-19 22:15:00,126.58,126.61,126.51,126.58,22422,2024-04-19
2024-04-19 22:20:00,126.575,126.6,126.44,126.45,19133,2024-04-19
2024-04-19 22:25:00,126.47,126.52,126.442,126.47,23030,2024-04-19
2024-04-19 22:30:00,126.45,126.5716,126.443,126.57,31218,2024-04-19
2024-04-19 22:35:00,126.555,126.56,126.44,126.46,28375,2024-04-19
2024-04-19 22:40:00,126.455,126.55,126.35,126.49,65236,2024-04-19
2024-04-19 22:45:00,126.49,126.64,126.44,126.545,54414,2024-04-19
2024-04-19 22:50:00,126.56,126.86,126.445,126.79,101161,2024-04-19
2024-04-19 22:55:00,126.805,126.92,126.72,126.83,358307,2024-04-19
2024-04-19 23:00:00,126.83,126.83,126.83,126.83,8584,2024-04-19
2024-04-19 23:20:00,126.83,126.83,126.83,126.83,103,2024-04-19
2024-04-20 01:05:00,127.05,127.05,127.05,127.05,181,2024-04-19
2024-04-20 02:30:00,129,129,129,129,100,2024-04-19
2024-04-22 14:10:00,127,127,127,127,100,2024-04-22
2024-04-22 14:50:00,126.99,126.99,126.99,126.99,110,2024-04-22
2024-04-22 14:55:00,126.99,126.99,126.99,126.99,277,2024-04-22
2024-04-22 16:30:00,127.51,127.53,127.06,127.355,37464,2024-04-22
2024-04-22 16:35:00,127.4,127.41,126.84,127.32,29182,2024-04-22
2024-04-22 16:40:00,127.28,127.55,127.225,127.45,98299,2024-04-22
2024-04-22 16:45:00,127.4,127.51,127.29,127.47,48519,2024-04-22
2024-04-22 16:50:00,127.48,127.63,127.36,127.63,42568,2024-04-22
2024-04-22 16:55:00,127.635,127.87,127.59,127.715,43907,2024-04-22
2024-04-22 17:00:00,127.73,127.73,127.53,127.585,39582,2024-04-22
2024-04-22 17:05:00,127.575,127.86,127.57,127.83,35180,2024-04-22
2024-04-22 17:10:00,127.83,127.85,127.7,127.72,32431,2024-04-22
2024-04-22 17:15:00,127.76,127.84,127.68,127.75,33662,2024-04-22
2024-04-22 17:20:00,127.72,128.165,127.59,128.12,24632,2024-04-22
2024-04-22 17:25:00,128.1,128.43,128.06,128.33,30425,2024-04-22
2024-04-22 17:30:00,128.29,128.49,128.22,128.4725,38816,2024-04-22
2024-04-22 17:35:00,128.49,128.53,128.24,128.49,33947,2024-04-22
2024-04-22 17:40:00,128.51,128.58,128.33,128.58,27865,2024-04-22
2024-04-22 17:45:00,128.58,128.8,128.58,128.725,24632,2024-04-22
2024-04-22 17:50:00,128.75,128.84,128.63,128.82,31747,2024-04-22
2024-04-22 17:55:00,128.81,128.95,128.72,128.83,30913,2024-04-22
2024-04-22 18:00:00,128.8,128.82,128.66,128.7,18644,2024-04-22
2024-04-22 18:05:00,128.71,128.71,128.52,128.53,18658,2024-04-22
2024-04-22 18:10:00,128.575,128.575,128.39,128.51,38165,2024-04-22
2024-04-22 18:15:00,128.5,128.56,128.28,128.37,33902,2024-04-22
2024-04-22 18:20:00,128.34,128.455,128.31,128.43,24278,2024-04-22
2024-04-22 18:25:00,128.44,128.52,128.43,128.505,26020,2024-04-22
2024-04-22 18:30:00,128.49,128.59,128.175,128.21,33323,2024-04-22
2024-04-22 18:35:00,128.23,128.26,128.1,128.15,10612,2024-04-22
2024-04-22 18:40:00,128.16,128.175,128.055,128.13,15164,2024-04-22
2024-04-22 18:45:00,128.13,128.15,128,128.07,15146,2024-04-22
2024-04-22 18:50:00,128.07,128.19,128.07,128.175,22778,2024-04-22
2024-04-22 18:55:00,128.2,128.27,128.19,128.24,16106,2024-04-22
2024-04-22 19:00:00,128.23,128.25,128.13,128.17,15382,2024-04-22
2024-04-22 19:05:00,128.18,128.3599,128.18,128.34,14515,2024-04-22
2024-04-22 19:10:00,128.36,128.38,128.3,128.31,16300,2024-04-22
2024-04-22 19:15:00,128.34,128.38,128.27,128.32,16050,2024-04-22
2024-04-22 19:20:00,128.31,128.39,128.28,128.34,16989,2024-04-22
2024-04-22 19:25:00,128.335,128.335,128.18,128.29,16662,2024-04-22
2024-04-22 19:30:00,128.32,128.35,128.29,128.32,25153,2024-04-22
2024-04-22 19:35:00,128.35,128.44,128.35,128.4,16087,2024-04-22
2024-04-22 19:40:00,128.4,128.52,128.38,128.47,19028,2024-04-22
2024-04-22 19:45:00,128.49,128.52,128.44,128.48,14207,2024-04-22
2024-04-22 19:50:00,128.49,128.51,128.3,128.3,19315,2024-04-22
2024-04-22 19:55:00,128.31,128.47,128.3,128.46,17733,2024-04-22
2024-04-22 20:00:00,128.45,128.54,128.44,128.48,16417,2024-04-22
2024-04-22 20:05:00,128.46,128.61,128.45,128.51,12765,2024-04-22
2024-04-22 20:10:00,128.51,128.565,128.48,128.51,16288,2024-04-22
2024-04-22 20:15:00,128.525,128.525,128.45,128.47,10182,2024-04-22
2024-04-22 20:20:00,128.46,128.6,128.46,128.56,17181,2024-04-22
2024-04-22 20:25:00,128.565,128.74,128.56,128.73,16242,2024-04-22
2024-04-22 20:30:00,128.7,128.72,128.6,128.65,18408,2024-04-22
2024-04-22 20:35:00,128.65,128.65,128.57,128.63,26338,2024-04-22
2024-04-22 20:40:00,128.64,128.71,128.6,128.7,19210,2024-04-22
2024-04-22 20:45:00,128.6913,128.805,128.67,128.79,18392,2024-04-22
2024-04-22 20:50:00,128.8,128.98,128.8,128.93,20588,2024-04-22
2024-04-22 20:55:00,128.94,128.99,128.93,128.955,12389,2024-04-22
2024-04-22 21:00:00,128.97,128.98,128.83,128.85,13822,2024-04-22
2024-04-22 21:05:00,128.86,128.96,128.84,128.96,21076,2024-04-22
2024-04-22 21:10:00,128.95,129.01,128.87,128.87,21790,2024-04-22
2024-04-22 21:15:00,128.86,128.9,128.83,128.86,15104,2024-04-22
2024-04-22 21:20:00,128.86,128.975,128.86,128.97,14909,2024-04-22
2024-04-22 21:25:00,128.97,129,128.91,128.91,27143,2024-04-22
2024-04-22 21:30:00,128.94,128.96,128.8463,128.86,14948,2024-04-22
2024-04-22 21:35:00,128.855,128.925,128.855,128.88,13024,2024-04-22
2024-04-22 21:40:00,128.895,128.9,128.74,128.78,13404,2024-04-22
2024-04-22 21:45:00,128.76,128.86,128.75,128.8095,11760,2024-04-22
2024-04-22 21:50:00,128.83,128.8775,128.79,128.87,14025,2024-04-22
2024-04-22 21:55:00,128.87,128.94,128.86,128.92,24986,2024-04-22
2024-04-22 22:00:00,128.92,128.96,128.77,128.77,18936,2024-04-22
2024-04-22 22:05:00,128.79,128.79,128.69,128.7,18614,2024-04-22
2024-04-22 22:10:00,128.68,128.88,128.545,128.88,21718,2024-04-22
2024-04-22 22:15:00,128.86,128.91,128.73,128.73,31717,2024-04-22
2024-04-22 22:20:00,128.73,128.73,128.6031,128.691,28592,2024-04-22
2024-04-22 22:25:00,128.7,128.79,128.65,128.77,28054,2024-04-22
2024-04-22 22:30:00,128.775,128.775,128.61,128.61,37746,2024-04-22
2024-04-22 22:35:00,128.61,128.655,128.52,128.655,31557,2024-04-22
2024-04-22 22:40:00,128.67,128.95,128.67,128.871,66911,2024-04-22
2024-04-22 22:45:00,128.87,129,128.86,128.91,49381,2024-04-22
2024-04-22 22:50:00,128.91,129,128.795,128.87,90933,2024-04-22
2024-04-22 22:55:00,128.86,129.04,128.79,128.86,275782,2024-04-22
2024-04-22 23:00:00,128.93,128.93,128.93,128.93,21359,2024-04-22
2024-04-22 23:20:00,128.93,128.93,128.93,128.93,2125,2024-04-22
2024-04-22 23:35:00,128.93,128.93,128.93,128.93,134,2024-04-22
2024-04-23 00:40:00,129.8341,129.8341,129.8341,129.8341,400,2024-04-22
2024-04-23 14:00:00,129.99,130.62,129.99,130.62,1102,2024-04-23
2024-04-23 14:05:00,131.78,132.42,131.78,132.3,3397,2024-04-23
2024-04-23 14:10:00,132.79,134.25,132.74,134,8899,2024-04-23
2024-04-23 14:15:00,134.23,134.23,133.89,134,3252,2024-04-23
2024-04-23 14:20:00,133.98,134.2,133.98,134,1332,2024-04-23
2024-04-23 14:25:00,134.2,134.25,134.2,134.25,239,2024-04-23
2024-04-23 14:30:00,134.74,134.99,134.21,134.21,2117,2024-04-23
2024-04-23 14:35:00,134.25,134.4,134,134.4,1025,2024-04-23
2024-04-23 14:40:00,134.46,134.46,134.46,134.46,275,2024-04-23
2024-04-23 14:45:00,134.33,134.4,134.2,134.2,2106,2024-04-23
2024-04-23 14:50:00,134.19,134.19,133.94,133.99,2121,2024-04-23
2024-04-23 14:55:00,134.34,134.4,134.05,134.05,898,2024-04-23
2024-04-23 15:00:00,132,134.44,132,134.44,10513,2024-04-23
2024-04-23 15:05:00,134.02,134.5,134.02,134.5,2918,2024-04-23
2024-04-23 15:10:00,134.51,135.96,134,135.96,4814,2024-04-23
2024-04-23 15:15:00,135.53,135.53,135.46,135.46,485,2024-04-23
2024-04-23 15:25:00,135.3803,135.48,135.3803,135.48,3072,2024-04-23
2024-04-23 15:30:00,135.38,135.48,135.38,135.38,5887,2024-04-23
2024-04-23 15:35:00,135.39,136.78,135.38,136.05,7832,2024-04-23
2024-04-23 15:40:00,136.05,136.69,135.82,136.69,11392,2024-04-23
2024-04-23 15:45:00,135.82,136.02,135.82,135.97,1400,2024-04-23
2024-04-23 15:50:00,135.66,136,135.38,136,24889,2024-04-23
2024-04-23 15:55:00,135.41,135.57,135.41,135.5,2901,2024-04-23
2024-04-23 16:00:00,135.52,135.52,135.39,135.39,5734,2024-04-23
2024-04-23 16:05:00,135.43,136.1,135.39,136.1,7073,2024-04-23
2024-04-23 16:10:00,136.21,136.21,135.6,135.95,8531,2024-04-23
2024-04-23 16:15:00,135.99,136.27,135.52,136.16,7888,2024-04-23
2024-04-23 16:20:00,135.91,137.79,135.7,137.19,26762,2024-04-23
2024-04-23 16:25:00,137.21,139.05,136.7,138.9,42265,2024-04-23
2024-04-23 16:30:00,138.96,139.75,137.11,138.065,458799,2024-04-23
2024-04-23 16:35:00,137.92,137.999,136.29,136.33,306551,2024-04-23
2024-04-23 16:40:00,136.33,136.42,135.55,135.9,269795,2024-04-23
2024-04-23 16:45:00,135.9,136.67,134.98,136.17,113957,2024-04-23
2024-04-23 16:50:00,136.275,137.07,136.24,136.48,180843,2024-04-23
2024-04-23 16:55:00,136.53,136.9441,135.71,135.71,116455,2024-04-23
2024-04-23 17:00:00,135.72,136.07,135.55,135.815,75400,2024-04-23
2024-04-23 17:05:00,135.93,136.15,135.55,135.7,98368,2024-04-23
2024-04-23 17:10:00,135.725,136.43,135.48,136.43,102483,2024-04-23
2024-04-23 17:15:00,136.39,136.705,136.09,136.27,94045,2024-04-23
2024-04-23 17:20:00,136.27,136.32,135.77,135.885,54814,2024-04-23
2024-04-23 17:25:00,135.94,136,135.48,135.64,53013,2024-04-23
2024-04-23 17:30:00,135.64,136,135.5801,135.815,49377,2024-04-23
2024-04-23 17:35:00,135.815,136.45,135.815,136.05,57570,2024-04-23
2024-04-23 17:40:00,136.1,136.44,136.015,136.31,37154,2024-04-23
2024-04-23 17:45:00,136.32,136.595,136.32,136.54,41955,2024-04-23
2024-04-23 17:50:00,136.53,136.55,136.12,136.12,43565,2024-04-23
2024-04-23 17:55:00,136.17,136.43,135.91,136.36,62770,2024-04-23
2024-04-23 18:00:00,136.33,136.5,135.76,135.96,52628,2024-04-23
2024-04-23 18:05:00,135.91,136.17,135.76,135.865,30904,2024-04-23
2024-04-23 18:10:00,135.86,136.045,135.7,136.035,32202,2024-04-23
2024-04-23 18:15:00,136.035,136.09,135.845,136.005,66896,2024-04-23
2024-04-23 18:20:00,136,136.02,135.28,135.395,57894,2024-04-23
2024-04-23 18:25:00,135.35,135.58,135.29,135.475,63938,2024-04-23
2024-04-23 18:30:00,135.44,135.68,135.31,135.31,74417,2024-04-23
2024-04-23 18:35:00,135.34,135.58,135.295,135.31,47703,2024-04-23
2024-04-23 18:40:00,135.32,135.47,135.15,135.29,32186,2024-04-23
2024-04-23 18:45:00,135.24,135.5,135.17,135.255,26358,2024-04-23
2024-04-23 18:50:00,135.22,135.31,135.03,135.2839,37045,2024-04-23
2024-04-23 18:55:00,135.2528,135.36,135.18,135.205,39936,2024-04-23
2024-04-23 19:00:00,135.23,135.76,135.2101,135.76,32174,2024-04-23
2024-04-23 19:05:00,135.7496,136.03,135.71,135.98,39006,2024-04-23
2024-04-23 19:10:00,136.02,136.095,135.91,136.095,31300,2024-04-23
2024-04-23 19:15:00,136.11,136.4252,136.1,136.36,29974,2024-04-23
2024-04-23 19:20:00,136.34,136.39,136.19,136.335,20509,2024-04-23
2024-04-23 19:25:00,136.32,136.47,136.28,136.355,27549,2024-04-23
2024-04-23 19:30:00,136.355,136.41,135.91,136,28081,2024-04-23
2024-04-23 19:35:00,135.99,136.32,135.96,136.3,41576,2024-04-23
2024-04-23 19:40:00,136.295,136.33,136.1,136.1,35870,2024-04-23
2024-04-23 19:45:00,136.105,136.135,135.94,135.97,50750,2024-04-23
2024-04-23 19:50:00,135.93,136.24,135.93,136.13,28341,2024-04-23
2024-04-23 19:55:00,136.11,136.215,135.9049,135.98,15486,2024-04-23
2024-04-23 20:00:00,135.98,136.02,135.93,136,14553,2024-04-23
2024-04-23 20:05:00,135.98,136.02,135.67,135.77,20824,2024-04-23
2024-04-23 20:10:00,135.76,135.94,135.76,135.94,20490,2024-04-23
2024-04-23 20:15:00,135.96,136.12,135.93,136.12,24930,2024-04-23
2024-04-23 20:20:00,136.11,136.18,136.1,136.18,18601,2024-04-23
2024-04-23 20:25:00,136.2,136.2,135.89,135.9,22479,2024-04-23
2024-04-23 20:30:00,135.9,135.96,135.75,135.76,38731,2024-04-23
2024-04-23 20:35:00,135.73,135.78,135.55,135.78,23083,2024-04-23
2024-04-23 20:40:00,135.8,135.89,135.58,135.67,18800,2024-04-23
2024-04-23 20:45:00,135.665,135.7124,135.58,135.68,22127,2024-04-23
2024-04-23 20:50:00,135.675,135.99,135.675,135.8,34767,2024-04-23
2024-04-23 20:55:00,135.7999,136.14,135.785,135.9601,85100,2024-04-23
2024-04-23 21:00:00,136.02,136.095,136,136.031,21510,2024-04-23
2024-04-23 21:05:00,136.04,136.15,136.0075,136.0075,19258,2024-04-23
2024-04-23 21:10:00,136.03,136.1,136,136.06,19707,2024-04-23
2024-04-23 21:15:00,136.11,136.1561,136,136.06,20664,2024-04-23
2024-04-23 21:20:00,136.04,136.31,136.04,136.29,34893,2024-04-23
2024-04-23 21:25:00,136.24,136.47,136.24,136.44,30378,2024-04-23
2024-04-23 21:30:00,136.46,136.62,136.36,136.36,44929,2024-04-23
2024-04-23 21:35:00,136.33,136.345,136.2,136.29,24483,2024-04-23
2024-04-23 21:40:00,136.3,136.43,136.285,136.43,21393,2024-04-23
2024-04-23 21:45:00,136.43,136.575,136.42,136.575,28652,2024-04-23
2024-04-23 21:50:00,136.575,136.6098,136.47,136.575,40572,2024-04-23
2024-04-23 21:55:00,136.59,136.685,136.48,136.49,41318,2024-04-23
2024-04-23 22:00:00,136.48,136.57,136.43,136.43,41004,2024-04-23
2024-04-23 22:05:00,136.43,136.595,136.38,136.41,47937,2024-04-23
2024-04-23 22:10:00,136.4,136.49,136.2361,136.425,56763,2024-04-23
2024-04-23 22:15:00,136.41,136.42,136.27,136.285,38385,2024-04-23
2024-04-23 22:20:00,136.28,136.395,136.2,136.225,46795,2024-04-23
2024-04-23 22:25:00,136.225,136.24,136.03,136.03,49878,2024-04-23
2024-04-23 22:30:00,136.02,136.24,135.92,136.2325,50508,2024-04-23
2024-04-23 22:35:00,136.235,136.3,136.13,136.232,70621,2024-04-23
2024-04-23 22:40:00,136.24,136.42,136.11,136.12,80213,2024-04-23
2024-04-23 22:45:00,136.11,136.26,136,136.16,107341,2024-04-23
2024-04-23 22:50:00,136.18,136.27,136.08,136.195,183790,2024-04-23
2024-04-23 22:55:00,136.2,136.2,135.8,135.99,404370,2024-04-23
2024-04-23 23:00:00,136.04,136.04,136.04,136.04,27468,2024-04-23
2024-04-23 23:05:00,136.04,136.04,135.6,135.6,6128,2024-04-23
2024-04-23 23:30:00,135.98,135.98,135.98,135.98,268,2024-04-23
2024-04-23 23:45:00,136.04,136.04,136.04,136.04,266,2024-04-23
2024-04-23 23:55:00,135.98,135.98,135.98,135.98,223,2024-04-23
2024-04-24 14:20:00,136.03,136.04,136.03,136.04,466,2024-04-24
2024-04-24 15:00:00,135.85,135.85,135.21,135.21,823,2024-04-24
2024-04-24 15:25:00,135.82,135.82,135.82,135.82,183,2024-04-24
2024-04-24 15:30:00,135.9,135.9,135.9,135.9,625,2024-04-24
2024-04-24 16:10:00,135.42,135.42,135.41,135.41,1741,2024-04-24
2024-04-24 16:20:00,135.79,135.79,135.75,135.75,301,2024-04-24
2024-04-24 16:25:00,135.43,135.43,135.04,135.04,2329,2024-04-24
2024-04-24 16:30:00,135.66,135.66,134.48,135.065,74059,2024-04-24
2024-04-24 16:35:00,134.95,135.01,134.555,134.675,30537,2024-04-24
2024-04-24 16:40:00,134.67,135.52,134.66,135.515,18194,2024-04-24
2024-04-24 16:45:00,135.515,135.64,135.14,135.405,47798,2024-04-24
2024-04-24 16:50:00,135.4,135.65,135.388,135.5,95010,2024-04-24
2024-04-24 16:55:00,135.5,135.7,135.5,135.6,96309,2024-04-24
2024-04-24 17:00:00,135.57,135.62,135.281,135.355,42419,2024-04-24
2024-04-24 17:05:00,135.34,135.37,135.08,135.195,22601,2024-04-24
2024-04-24 17:10:00,135.25,135.25,134.69,134.691,44263,2024-04-24
2024-04-24 17:15:00,134.69,134.72,134.46,134.63,37550,2024-04-24
2024-04-24 17:20:00,134.635,134.83,134.6,134.8046,25275,2024-04-24
2024-04-24 17:25:00,134.83,135.23,134.821,135.22,34748,2024-04-24
2024-04-24 17:30:00,135.24,135.3,135.055,135.21,28240,2024-04-24
2024-04-24 17:35:00,135.23,135.25,135.06,135.22,29420,2024-04-24
2024-04-24 17:40:00,135.24,135.3,135.091,135.1,26738,2024-04-24
2024-04-24 17:45:00,135.06,135.36,135.06,135.33,34337,2024-04-24
2024-04-24 17:50:00,135.32,135.54,135.32,135.535,23396,2024-04-24
2024-04-24 17:55:00,135.6,136.05,135.58,136.05,35028,2024-04-24
2024-04-24 18:00:00,136.06,136.31,136.06,136.295,48764,2024-04-24
2024-04-24 18:05:00,136.27,136.29,136.061,136.1,21328,2024-04-24
2024-04-24 18:10:00,136.12,136.33,136.12,136.33,21949,2024-04-24
2024-04-24 18:15:00,136.34,136.35,136.04,136.071,23715,2024-04-24
2024-04-24 18:20:00,136.1,136.46,136.09,136.45,24455,2024-04-24
2024-04-24 18:25:00,136.45,136.89,136.45,136.875,29512,2024-04-24
2024-04-24 18:30:00,136.86,137.12,136.82,136.93,40018,2024-04-24
2024-04-24 18:35:00,136.925,136.98,136.78,136.975,22419,2024-04-24
2024-04-24 18:40:00,136.99,137.15,136.96,137.12,25208,2024-04-24
2024-04-24 18:45:00,137.11,137.32,137.09,137.25,26743,2024-04-24
2024-04-24 18:50:00,137.27,137.48,137.22,137.38,31909,2024-04-24
2024-04-24 18:55:00,137.32,137.32,137.08,137.17,22540,2024-04-24
2024-04-24 19:00:00,137.18,137.31,137.15,137.18,22483,2024-04-24
2024-04-24 19:05:00,137.161,137.25,137.08,137.135,24004,2024-04-24
2024-04-24 19:10:00,137.16,137.23,137.06,137.18,59321,2024-04-24
2024-04-24 19:15:00,137.15,137.27,137.13,137.16,27894,2024-04-24
2024-04-24 19:20:00,137.16,137.245,137.15,137.21,38252,2024-04-24
2024-04-24 19:25:00,137.245,137.27,137.171,137.171,22988,2024-04-24
2024-04-24 19:30:00,137.16,137.24,137.03,137.24,31157,2024-04-24
2024-04-24 19:35:00,137.26,137.34,137.21,137.32,27414,2024-04-24
2024-04-24 19:40:00,137.331,137.39,137.12,137.29,26771,2024-04-24
2024-04-24 19:45:00,137.29,137.33,137.18,137.21,14789,2024-04-24
2024-04-24 19:50:00,137.2,137.32,137.18,137.262,17561,2024-04-24
2024-04-24 19:55:00,137.2798,137.34,137.191,137.191,24412,2024-04-24
2024-04-24 20:00:00,137.2,137.3,137.18,137.27,22307,2024-04-24
2024-04-24 20:05:00,137.27,137.431,137.25,137.43,19309,2024-04-24
2024-04-24 20:10:00,137.41,137.485,137.401,137.43,17096,2024-04-24
2024-04-24 20:15:00,137.435,137.435,137.29,137.38,18242,2024-04-24
2024-04-24 20:20:00,137.41,137.4747,137.36,137.47,15176,2024-04-24
2024-04-24 20:25:00,137.46,137.48,137.39,137.44,14002,2024-04-24
2024-04-24 20:30:00,137.48,137.58,137.38,137.4,19428,2024-04-24
2024-04-24 20:35:00,137.4056,137.42,137.21,137.36,19376,2024-04-24
2024-04-24 20:40:00,137.385,137.56,137.37,137.48,19147,2024-04-24
2024-04-24 20:45:00,137.485,137.55,137.37,137.375,23107,2024-04-24
2024-04-24 20:50:00,137.4,137.46,137.35,137.37,36519,2024-04-24
2024-04-24 20:55:00,137.375,137.49,137.36,137.445,34657,2024-04-24
2024-04-24 21:00:00,137.455,137.6576,137.445,137.6576,25888,2024-04-24
2024-04-24 21:05:00,137.7,137.8,137.655,137.8,19301,2024-04-24
2024-04-24 21:10:00,137.8,137.81,137.61,137.64,20897,2024-04-24
2024-04-24 21:15:00,137.61,137.6575,137.57,137.595,13818,2024-04-24
2024-04-24 21:20:00,137.6,137.71,137.59,137.67,17429,2024-04-24
2024-04-24 21:25:00,137.66,137.66,137.33,137.47,30426,2024-04-24
2024-04-24 21:30:00,137.47,137.5399,137.43,137.48,23882,2024-04-24
2024-04-24 21:35:00,137.52,137.54,137.48,137.49,22753,2024-04-24
2024-04-24 21:40:00,137.5,137.53,137.41,137.47,28261,2024-04-24
2024-04-24 21:45:00,137.47,137.54,137.45,137.465,29721,2024-04-24
2024-04-24 21:50:00,137.4633,137.61,137.41,137.56,27640,2024-04-24
2024-04-24 21:55:00,137.58,137.7,137.56,137.68,30005,2024-04-24
2024-04-24 22:00:00,137.64,137.65,137.5,137.52,35242,2024-04-24
2024-04-24 22:05:00,137.55,137.59,137.51,137.54,25449,2024-04-24
2024-04-24 22:10:00,137.54,137.61,137.45,137.61,65867,2024-04-24
2024-04-24 22:15:00,137.61,137.7403,137.59,137.72,23590,2024-04-24
2024-04-24 22:20:00,137.72,137.8,137.64,137.79,69084,2024-04-24
2024-04-24 22:25:00,137.78,137.93,137.72,137.795,49398,2024-04-24
2024-04-24 22:30:00,137.8,137.84,137.74,137.74,35295,2024-04-24
2024-04-24 22:35:00,137.74,137.92,137.74,137.89,33372,2024-04-24
2024-04-24 22:40:00,137.885,138.04,137.88,138,54340,2024-04-24
2024-04-24 22:45:00,138,138.09,138,138.05,41402,2024-04-24
2024-04-24 22:50:00,138.055,138.13,137.96,138.05,90996,2024-04-24
2024-04-24 22:55:00,138.055,138.22,137.74,137.77,350209,2024-04-24
2024-04-24 23:00:00,137.78,137.78,137.78,137.78,2483,2024-04-24
2024-04-25 00:25:00,137.79,137.79,137.79,137.79,100,2024-04-24
2024-04-25 15:10:00,136.75,136.75,136.75,136.75,301,2024-04-25
2024-04-25 15:20:00,136.73,136.73,136.73,136.73,154,2024-04-25
2024-04-25 15:50:00,136.66,136.66,136.66,136.66,422,2024-04-25
2024-04-25 16:30:00,137.98,139.355,137.98,138.93,79339,2024-04-25
2024-04-25 16:35:00,138.86,138.96,138.41,138.595,22940,2024-04-25
2024-04-25 16:40:00,138.515,139,138.5,138.7056,53862,2024-04-25
2024-04-25 16:45:00,138.58,138.655,138.05,138.06,39063,2024-04-25
2024-04-25 16:50:00,138.01,138.125,137.62,137.62,37217,2024-04-25
2024-04-25 16:55:00,137.65,137.82,137.52,137.58,28875,2024-04-25
2024-04-25 17:00:00,137.62,137.76,137.2,137.44,26972,2024-04-25
2024-04-25 17:05:00,137.38,137.61,137.345,137.575,25033,2024-04-25
2024-04-25 17:10:00,137.575,137.61,137.37,137.59,105228,2024-04-25
2024-04-25 17:15:00,137.59,137.59,137.14,137.22,80569,2024-04-25
2024-04-25 17:20:00,137.24,137.54,137.24,137.33,19222,2024-04-25
2024-04-25 17:25:00,137.35,137.42,137.155,137.38,42494,2024-04-25
2024-04-25 17:30:00,137.375,137.375,136.93,137.15,28225,2024-04-25
2024-04-25 17:35:00,137.15,137.17,136.92,136.98,17014,2024-04-25
2024-04-25 17:40:00,136.96,137.21,136.89,136.9325,16885,2024-04-25
2024-04-25 17:45:00,136.94,137.175,136.93,137.175,15147,2024-04-25
2024-04-25 17:50:00,137.21,137.24,137.07,137.085,35174,2024-04-25
2024-04-25 17:55:00,137.07,137.285,137.01,137.25,19676,2024-04-25
2024-04-25 18:00:00,137.22,137.22,137.0128,137.21,19075,2024-04-25
2024-04-25 18:05:00,137.19,137.23,136.85,136.94,44971,2024-04-25
2024-04-25 18:10:00,136.94,136.99,136.73,136.84,34429,2024-04-25
2024-04-25 18:15:00,136.82,136.9,136.74,136.88,29933,2024-04-25
2024-04-25 18:20:00,136.86,136.955,136.79,136.955,25552,2024-04-25
2024-04-25 18:25:00,136.96,137.07,136.69,136.83,55428,2024-04-25
2024-04-25 18:30:00,136.85,136.93,136.73,136.73,41932,2024-04-25
2024-04-25 18:35:00,136.725,136.97,136.7,136.92,22630,2024-04-25
2024-04-25 18:40:00,136.95,136.97,136.913,136.935,27056,2024-04-25
2024-04-25 18:45:00,136.92,137.14,136.895,137.14,23394,2024-04-25
2024-04-25 18:50:00,137.13,137.13,136.93,137.11,28762,2024-04-25
2024-04-25 18:55:00,137.11,137.12,136.96,137.025,19371,2024-04-25
2024-04-25 19:00:00,136.98,137,136.77,136.86,23051,2024-04-25
2024-04-25 19:05:00,136.86,136.98,136.8,136.98,15086,2024-04-25
2024-04-25 19:10:00,136.99,137.014,136.91,136.93,11050,2024-04-25
2024-04-25 19:15:00,136.95,137.08,136.88,137.02,17610,2024-04-25
2024-04-25 19:20:00,137.03,137.09,136.94,136.99,17273,2024-04-25
2024-04-25 19:25:00,136.99,136.99,136.805,136.95,15172,2024-04-25
2024-04-25 19:30:00,136.915,137.05,136.915,137.05,10233,2024-04-25
2024-04-25 19:35:00,137.0624,137.16,137.04,137.04,9848,2024-04-25
2024-04-25 19:40:00,137.04,137.1,137.035,137.055,10779,2024-04-25
2024-04-25 19:45:00,137.055,137.1,137.04,137.07,10832,2024-04-25
2024-04-25 19:50:00,137.075,137.13,137.02,137.11,13584,2024-04-25
2024-04-25 19:55:00,137.0905,137.0905,136.995,137.005,11926,2024-04-25
2024-04-25 20:00:00,136.98,136.98,136.91,136.95,10899,2024-04-25
2024-04-25 20:05:00,136.93,136.99,136.85,136.96,14752,2024-04-25
2024-04-25 20:10:00,136.96,137.05,136.941,137.05,10483,2024-04-25
2024-04-25 20:15:00,137.05,137.06,136.92,136.99,19915,2024-04-25
2024-04-25 20:20:00,136.972,137.04,136.895,136.895,12657,2024-04-25
2024-04-25 20:25:00,136.9,136.95,136.75,136.75,14585,2024-04-25
2024-04-25 20:30:00,136.75,136.95,136.75,136.88,19801,2024-04-25
2024-04-25 20:35:00,136.87,136.95,136.81,136.91,21631,2024-04-25
2024-04-25 20:40:00,136.91,136.94,136.84,136.91,19008,2024-04-25
2024-04-25 20:45:00,136.9,136.99,136.81,136.85,21195,2024-04-25
2024-04-25 20:50:00,136.83,136.92,136.75,136.88,19374,2024-04-25
2024-04-25 20:55:00,136.86,136.9927,136.81,136.96,24438,2024-04-25
2024-04-25 21:00:00,136.965,136.97,136.89,136.89,20138,2024-04-25
2024-04-25 21:05:00,136.9,136.95,136.68,136.69,20616,2024-04-25
2024-04-25 21:10:00,136.7,136.71,136.47,136.53,28766,2024-04-25
2024-04-25 21:15:00,136.58,136.61,136.48,136.49,15347,2024-04-25
2024-04-25 21:20:00,136.48,136.535,136.41,136.41,16821,2024-04-25
2024-04-25 21:25:00,136.4,136.46,136.19,136.19,19125,2024-04-25
2024-04-25 21:30:00,136.17,136.34,136.17,136.21,40497,2024-04-25
2024-04-25 21:35:00,136.21,136.27,136.12,136.2,28578,2024-04-25
2024-04-25 21:40:00,136.21,136.325,136.19,136.23,19127,2024-04-25
2024-04-25 21:45:00,136.25,136.25,136.06,136.06,17173,2024-04-25
2024-04-25 21:50:00,136.11,136.17,135.97,136.06,35713,2024-04-25
2024-04-25 21:55:00,136.04,136.18,136,136.14,24144,2024-04-25
2024-04-25 22:00:00,136.18,136.34,136.16,136.32,32095,2024-04-25
2024-04-25 22:05:00,136.29,136.33,136.14,136.18,25450,2024-04-25
2024-04-25 22:10:00,136.2,136.3,136.11,136.13,30758,2024-04-25
2024-04-25 22:15:00,136.13,136.21,136.02,136.145,47044,2024-04-25
2024-04-25 22:20:00,136.15,136.19,135.95,135.97,36638,2024-04-25
2024-04-25 22:25:00,135.96,136.05,135.96,136.02,29703,2024-04-25
2024-04-25 22:30:00,136,136.24,135.99,136.17,33003,2024-04-25
2024-04-25 22:35:00,136.17,136.17,135.99,136.13,47444,2024-04-25
2024-04-25 22:40:00,136.13,136.13,135.85,135.87,42284,2024-04-25
2024-04-25 22:45:00,135.8875,136.08,135.81,136.08,64060,2024-04-25
2024-04-25 22:50:00,136.06,136.17,135.95,136.125,95834,2024-04-25
2024-04-25 22:55:00,136.13,136.45,136.06,136.42,271287,2024-04-25
2024-04-25 23:00:00,136.43,136.43,136.43,136.43,27136,2024-04-25
2024-04-26 00:15:00,136.43,136.43,136.43,136.43,168,2024-04-25
2024-04-26 16:25:00,135.81,135.81,135.66,135.66,851,2024-04-26
2024-04-26 16:30:00,136.25,136.67,136.23,136.59,35739,2024-04-26
2024-04-26 16:35:00,136.59,136.71,136.31,136.45,16056,2024-04-26
2024-04-26 16:40:00,136.42,136.635,136.3,136.635,24131,2024-04-26
2024-04-26 16:45:00,136.59,136.59,136.18,136.45,31951,2024-04-26
2024-04-26 16:50:00,136.455,136.49,136.34,136.42,11232,2024-04-26
2024-04-26 16:55:00,136.39,136.39,135.935,135.935,15775,2024-04-26
2024-04-26 17:00:00,135.89,136.15,135.77,136.13,21275,2024-04-26
2024-04-26 17:05:00,136.115,136.1175,135.75,135.78,14355,2024-04-26
2024-04-26 17:10:00,135.78,135.885,135.72,135.85,15670,2024-04-26
2024-04-26 17:15:00,135.81,135.86,135.66,135.695,27545,2024-04-26
2024-04-26 17:20:00,135.66,135.96,135.66,135.87,14423,2024-04-26
2024-04-26 17:25:00,135.885,136.16,135.885,136.15,8811,2024-04-26
2024-04-26 17:30:00,136.13,136.16,135.915,135.95,14644,2024-04-26
2024-04-26 17:35:00,135.97,135.97,135.73,135.85,13893,2024-04-26
2024-04-26 17:40:00,135.83,135.875,135.55,135.74,25349,2024-04-26
2024-04-26 17:45:00,135.69,135.69,135.395,135.4,11157,2024-04-26
2024-04-26 17:50:00,135.41,135.7,135.3875,135.565,70682,2024-04-26
2024-04-26 17:55:00,135.565,135.65,135.49,135.59,30004,2024-04-26
2024-04-26 18:00:00,135.545,135.7575,135.45,135.685,56670,2024-04-26
2024-04-26 18:05:00,135.66,135.66,135.45,135.45,21494,2024-04-26
2024-04-26 18:10:00,135.46,135.59,135.415,135.49,24824,2024-04-26
2024-04-26 18:15:00,135.47,135.5137,135.255,135.3101,12020,2024-04-26
2024-04-26 18:20:00,135.335,135.46,135.31,135.39,20966,2024-04-26
2024-04-26 18:25:00,135.35,135.56,135.34,135.535,22392,2024-04-26
2024-04-26 18:30:00,135.51,135.54,135.44,135.49,30017,2024-04-26
2024-04-26 18:35:00,135.5,135.675,135.49,135.51,37648,2024-04-26
2024-04-26 18:40:00,135.48,135.49,135.41,135.43,20360,2024-04-26
2024-04-26 18:45:00,135.47,135.6,135.44,135.46,43914,2024-04-26
2024-04-26 18:50:00,135.4937,135.53,135.41,135.5,11142,2024-04-26
2024-04-26 18:55:00,135.5,135.64,135.49,135.62,14327,2024-04-26
2024-04-26 19:00:00,135.635,135.67,135.56,135.57,9387,2024-04-26
2024-04-26 19:05:00,135.565,135.62,135.54,135.605,7432,2024-04-26
2024-04-26 19:10:00,135.65,135.8,135.65,135.77,9849,2024-04-26
2024-04-26 19:15:00,135.78,135.86,135.74,135.83,9766,2024-04-26
2024-04-26 19:20:00,135.82,135.83,135.62,135.62,24852,2024-04-26
2024-04-26 19:25:00,135.6374,135.76,135.63,135.685,12005,2024-04-26
2024-04-26 19:30:00,135.68,135.765,135.68,135.72,8270,2024-04-26
2024-04-26 19:35:00,135.68,135.73,135.66,135.71,11263,2024-04-26
2024-04-26 19:40:00,135.71,135.9,135.71,135.9,13191,2024-04-26
2024-04-26 19:45:00,135.88,135.92,135.84,135.9,9637,2024-04-26
2024-04-26 19:50:00,135.9,135.9,135.81,135.8178,7894,2024-04-26
2024-04-26 19:55:00,135.84,135.865,135.8,135.83,8342,2024-04-26
2024-04-26 20:00:00,135.81,135.85,135.77,135.85,6305,2024-04-26
2024-04-26 20:05:00,135.84,135.88,135.67,135.67,10131,2024-04-26
2024-04-26 20:10:00,135.7,135.8,135.62,135.795,24903,2024-04-26
2024-04-26 20:15:00,135.77,135.78,135.7,135.74,24805,2024-04-26
2024-04-26 20:20:00,135.75,135.82,135.71,135.75,15628,2024-04-26
2024-04-26 20:25:00,135.7699,135.7699,135.645,135.66,5351,2024-04-26
2024-04-26 20:30:00,135.655,135.72,135.6,135.71,10706,2024-04-26
2024-04-26 20:35:00,135.729,135.88,135.729,135.86,12973,2024-04-26
2024-04-26 20:40:00,135.8899,135.8899,135.71,135.739,14046,2024-04-26
2024-04-26 20:45:00,135.73,135.785,135.72,135.76,16829,2024-04-26
2024-04-26 20:50:00,135.81,135.88,135.77,135.88,9232,2024-04-26
2024-04-26 20:55:00,135.84,135.85,135.76,135.76,12615,2024-04-26
2024-04-26 21:00:00,135.74,135.87,135.72,135.87,13063,2024-04-26
2024-04-26 21:05:00,135.87,135.92,135.84,135.87,17451,2024-04-26
2024-04-26 21:10:00,135.86,135.879,135.75,135.75,25445,2024-04-26
2024-04-26 21:15:00,135.72,135.75,135.65,135.69,17347,2024-04-26
2024-04-26 21:20:00,135.7,135.71,135.58,135.59,9213,2024-04-26
2024-04-26 21:25:00,135.6,135.755,135.6,135.72,15407,2024-04-26
2024-04-26 21:30:00,135.71,135.73,135.605,135.64,10831,2024-04-26
2024-04-26 21:35:00,135.63,135.67,135.62,135.62,14640,2024-04-26
2024-04-26 21:40:00,135.62,135.75,135.62,135.74,22245,2024-04-26
2024-04-26 21:45:00,135.73,135.77,135.72,135.73,12402,2024-04-26
2024-04-26 21:50:00,135.735,135.75,135.65,135.68,20416,2024-04-26
2024-04-26 21:55:00,135.68,135.7,135.555,135.65,16184,2024-04-26
2024-04-26 22:00:00,135.65,135.66,135.54,135.57,11463,2024-04-26
2024-04-26 22:05:00,135.55,135.55,135.45,135.47,11852,2024-04-26
2024-04-26 22:10:00,135.46,135.55,135.45,135.52,14893,2024-04-26
2024-04-26 22:15:00,135.52,135.56,135.48,135.54,17758,2024-04-26
2024-04-26 22:20:00,135.53,135.54,135.42,135.43,24273,2024-04-26
2024-04-26 22:25:00,135.425,135.54,135.425,135.54,24612,2024-04-26
2024-04-26 22:30:00,135.54,135.555,135.46,135.53,20207,2024-04-26
2024-04-26 22:35:00,135.52,135.52,135.39,135.41,24805,2024-04-26
2024-04-26 22:40:00,135.4,135.48,135.38,135.405,31810,2024-04-26
2024-04-26 22:45:00,135.39,135.51,135.38,135.39,48622,2024-04-26
2024-04-26 22:50:00,135.38,135.49,135.365,135.42,68313,2024-04-26
2024-04-26 22:55:00,135.4,135.47,135.23,135.23,207076,2024-04-26
2024-04-26 23:00:00,135.24,135.24,135.24,135.24,17431,2024-04-26
2024-04-29 16:30:00,135.24,135.65,134.89,135.12,35837,2024-04-29
2024-04-29 16:35:00,135.21,135.31,135.01,135.15,8136,2024-04-29
2024-04-29 16:40:00,135.08,135.46,135.08,135.32,11674,2024-04-29
2024-04-29 16:45:00,135.345,135.79,135.21,135.365,67102,2024-04-29
2024-04-29 16:50:00,135.315,135.55,135.235,135.265,38278,2024-04-29
2024-04-29 16:55:00,135.24,135.24,134.7,134.785,34339,2024-04-29
2024-04-29 17:00:00,134.79,134.95,134.77,134.8343,18302,2024-04-29
2024-04-29 17:05:00,134.835,134.835,134.59,134.59,31915,2024-04-29
2024-04-29 17:10:00,134.59,134.62,134.365,134.53,42191,2024-04-29
2024-04-29 17:15:00,134.525,134.69,134.42,134.48,54588,2024-04-29
2024-04-29 17:20:00,134.485,134.68,134.38,134.62,37393,2024-04-29
2024-04-29 17:25:00,134.61,134.785,134.6,134.75,19760,2024-04-29
2024-04-29 17:30:00,134.67,134.74,134.51,134.52,19143,2024-04-29
2024-04-29 17:35:00,134.53,134.71,134.48,134.69,16018,2024-04-29
2024-04-29 17:40:00,134.68,134.7,134.41,134.54,20681,2024-04-29
2024-04-29 17:45:00,134.55,134.5997,134.43,134.5719,30939,2024-04-29
2024-04-29 17:50:00,134.58,134.715,134.53,134.715,18789,2024-04-29
2024-04-29 17:55:00,134.73,134.73,134.56,134.725,11064,2024-04-29
2024-04-29 18:00:00,134.73,134.73,134.5975,134.65,13296,2024-04-29
2024-04-29 18:05:00,134.67,134.67,134.46,134.46,13887,2024-04-29
2024-04-29 18:10:00,134.48,134.61,134.48,134.5606,14317,2024-04-29
2024-04-29 18:15:00,134.585,134.68,134.57,134.665,11172,2024-04-29
2024-04-29 18:20:00,134.67,134.72,134.61,134.65,19468,2024-04-29
2024-04-29 18:25:00,134.6,134.62,134.52,134.6,29754,2024-04-29
2024-04-29 18:30:00,134.63,134.84,134.59,134.81,28092,2024-04-29
2024-04-29 18:35:00,134.79,134.91,134.77,134.77,16845,2024-04-29
2024-04-29 18:40:00,134.77,134.81,134.73,134.77,14755,2024-04-29
2024-04-29 18:45:00,134.76,134.82,134.7,134.71,12536,2024-04-29
2024-04-29 18:50:00,134.715,134.79,134.69,134.78,14857,2024-04-29
2024-04-29 18:55:00,134.76,134.87,134.74,134.87,14438,2024-04-29
2024-04-29 19:00:00,134.88,135.13,134.87,135.08,16901,2024-04-29
2024-04-29 19:05:00,135.1,135.15,135.05,135.15,8464,2024-04-29
2024-04-29 19:10:00,135.135,135.23,135.12,135.18,11044,2024-04-29
2024-04-29 19:15:00,135.19,135.26,135.19,135.255,8056,2024-04-29
2024-04-29 19:20:00,135.265,135.265,135.09,135.18,24524,2024-04-29
2024-04-29 19:25:00,135.19,135.23,135.04,135.19,27909,2024-04-29
2024-04-29 19:30:00,135.165,135.26,135.14,135.2,16956,2024-04-29
2024-04-29 19:35:00,135.22,135.24,135.19,135.22,13697,2024-04-29
2024-04-29 19:40:00,135.22,135.23,135.14,135.14,34775,2024-04-29
2024-04-29 19:45:00,135.09,135.13,135.06,135.07,13037,2024-04-29
2024-04-29 19:50:00,135.065,135.07,134.93,134.975,16482,2024-04-29
2024-04-29 19:55:00,134.99,135.1,134.985,135.08,15587,2024-04-29
2024-04-29 20:00:00,135.065,135.25,135.0516,135.2475,11640,2024-04-29
2024-04-29 20:05:00,135.24,135.365,135.21,135.33,14570,2024-04-29
2024-04-29 20:10:00,135.35,135.35,135.197,135.23,14257,2024-04-29
2024-04-29 20:15:00,135.215,135.2722,135.2,135.25,11642,2024-04-29
2024-04-29 20:20:00,135.26,135.31,135.23,135.285,11199,2024-04-29
2024-04-29 20:25:00,135.3,135.31,135.24,135.27,11048,2024-04-29
2024-04-29 20:30:00,135.28,135.33,135.26,135.275,15404,2024-04-29
2024-04-29 20:35:00,135.275,135.32,135.2701,135.32,12596,2024-04-29
2024-04-29 20:40:00,135.31,135.37,135.31,135.35,12700,2024-04-29
2024-04-29 20:45:00,135.36,135.38,135.2985,135.34,17959,2024-04-29
2024-04-29 20:50:00,135.34,135.38,135.33,135.36,15054,2024-04-29
2024-04-29 20:55:00,135.38,135.38,135.21,135.281,18384,2024-04-29
2024-04-29 21:00:00,135.285,135.62,135.285,135.55,28938,2024-04-29
2024-04-29 21:05:00,135.56,135.56,135.425,135.455,9947,2024-04-29
2024-04-29 21:10:00,135.455,135.62,135.455,135.6,24870,2024-04-29
2024-04-29 21:15:00,135.62,135.71,135.6,135.71,9583,2024-04-29
2024-04-29 21:20:00,135.69,135.72,135.58,135.58,19138,2024-04-29
2024-04-29 21:25:00,135.59,135.65,135.59,135.63,10225,2024-04-29
2024-04-29 21:30:00,135.61,135.68,135.515,135.68,17654,2024-04-29
2024-04-29 21:35:00,135.675,135.74,135.66,135.74,9181,2024-04-29
2024-04-29 21:40:00,135.725,135.725,135.58,135.59,17536,2024-04-29
2024-04-29 21:45:00,135.585,135.61,135.56,135.6,16446,2024-04-29
2024-04-29 21:50:00,135.6076,135.62,135.57,135.59,12334,2024-04-29
2024-04-29 21:55:00,135.58,135.63,135.58,135.58,18335,2024-04-29
2024-04-29 22:00:00,135.59,135.6,135.37,135.5,20752,2024-04-29
2024-04-29 22:05:00,135.49,135.52,135.365,135.43,13353,2024-04-29
2024-04-29 22:10:00,135.4,135.41,135.2901,135.3731,17490,2024-04-29
2024-04-29 22:15:00,135.4021,135.42,135.37,135.4,8926,2024-04-29
2024-04-29 22:20:00,135.395,135.49,135.39,135.42,31555,2024-04-29
2024-04-29 22:25:00,135.43,135.435,135.36,135.43,11695,2024-04-29
2024-04-29 22:30:00,135.4199,135.5139,135.375,135.485,13741,2024-04-29
2024-04-29 22:35:00,135.48,135.59,135.47,135.58,12938,2024-04-29
2024-04-29 22:40:00,135.57,135.75,135.55,135.72,23668,2024-04-29
2024-04-29 22:45:00,135.71,135.79,135.63,135.63,27863,2024-04-29
2024-04-29 22:50:00,135.625,135.87,135.54,135.8,58982,2024-04-29
2024-04-29 22:55:00,135.79,135.95,135.66,135.94,147925,2024-04-29
2024-04-29 23:00:00,135.93,135.93,135.93,135.93,9195,2024-04-29
2024-04-29 23:05:00,135.93,135.93,135.93,135.93,1427,2024-04-29
2024-04-30 16:30:00,135.46,135.64,135.0524,135.535,37073,2024-04-30
2024-04-30 16:35:00,135.535,135.725,135.34,135.355,17887,2024-04-30
2024-04-30 16:40:00,135.36,135.49,135.035,135.39,19202,2024-04-30
2024-04-30 16:45:00,135.33,135.71,135.325,135.68,9471,2024-04-30
2024-04-30 16:50:00,135.69,135.69,135.51,135.59,45911,2024-04-30
2024-04-30 16:55:00,135.63,135.7,135.51,135.55,22739,2024-04-30
2024-04-30 17:00:00,135.54,135.75,135.51,135.75,20549,2024-04-30
2024-04-30 17:05:00,135.73,135.81,135.68,135.715,27010,2024-04-30
2024-04-30 17:10:00,135.68,135.77,135.6,135.71,16926,2024-04-30
2024-04-30 17:15:00,135.705,135.81,135.6,135.75,22482,2024-04-30
2024-04-30 17:20:00,135.735,135.79,135.7,135.7699,20453,2024-04-30
2024-04-30 17:25:00,135.72,135.72,135.56,135.5601,18233,2024-04-30
2024-04-30 17:30:00,135.56,135.64,134.17,135.48,34537,2024-04-30
2024-04-30 17:35:00,135.48,135.54,135.45,135.47,29220,2024-04-30
2024-04-30 17:40:00,135.49,135.7,135.47,135.675,18766,2024-04-30
2024-04-30 17:45:00,135.675,135.855,135.67,135.8047,13422,2024-04-30
2024-04-30 17:50:00,135.83,136.12,135.83,136.05,16648,2024-04-30
2024-04-30 17:55:00,136.04,136.1,135.98,136.05,18115,2024-04-30
2024-04-30 18:00:00,136.05,136.05,135.9,135.9424,11162,2024-04-30
2024-04-30 18:05:00,135.91,135.95,135.81,135.84,15784,2024-04-30
2024-04-30 18:10:00,135.83,135.89,135.74,135.835,13476,2024-04-30
2024-04-30 18:15:00,135.82,135.98,135.76,135.965,26802,2024-04-30
2024-04-30 18:20:00,135.94,136.06,135.93,136.06,11621,2024-04-30
2024-04-30 18:25:00,136.09,136.09,136.02,136.0536,13849,2024-04-30
2024-04-30 18:30:00,136.05,136.12,135.985,136.115,13202,2024-04-30
2024-04-30 18:35:00,136.11,136.2,136.11,136.18,11691,2024-04-30
2024-04-30 18:40:00,136.23,136.23,136.17,136.18,7556,2024-04-30
2024-04-30 18:45:00,136.2,136.38,136.19,136.35,10493,2024-04-30
2024-04-30 18:50:00,136.34,136.48,136.34,136.43,10089,2024-04-30
2024-04-30 18:55:00,136.43,136.5,136.41,136.46,12872,2024-04-30
2024-04-30 19:00:00,136.47,136.6,136.45,136.55,13836,2024-04-30
2024-04-30 19:05:00,136.55,136.66,136.44,136.655,9985,2024-04-30
2024-04-30 19:10:00,136.64,136.69,136.59,136.68,12256,2024-04-30
2024-04-30 19:15:00,136.65,136.68,136.6,136.63,6956,2024-04-30
2024-04-30 19:20:00,136.64,136.77,136.64,136.74,8704,2024-04-30
2024-04-30 19:25:00,136.72,136.73,136.61,136.61,7037,2024-04-30
2024-04-30 19:30:00,136.65,136.655,136.39,136.39,7410,2024-04-30
2024-04-30 19:35:00,136.4,136.45,136.33,136.36,5951,2024-04-30
2024-04-30 19:40:00,136.37,136.4,136.32,136.33,6145,2024-04-30
2024-04-30 19:45:00,136.355,136.425,136.355,136.38,7175,2024-04-30
2024-04-30 19:50:00,136.385,136.47,136.385,136.47,5264,2024-04-30
2024-04-30 19:55:00,136.45,136.53,136.42,136.48,9102,2024-04-30
2024-04-30 20:00:00,136.46,136.4972,136.41,136.45,5721,2024-04-30
2024-04-30 20:05:00,136.445,136.53,136.445,136.49,8390,2024-04-30
2024-04-30 20:10:00,136.505,136.59,136.46,136.59,14068,2024-04-30
2024-04-30 20:15:00,136.596,136.67,136.53,136.67,7896,2024-04-30
2024-04-30 20:20:00,136.69,136.72,136.57,136.605,7636,2024-04-30
2024-04-30 20:25:00,136.59,136.78,136.59,136.68,8969,2024-04-30
2024-04-30 20:30:00,136.72,136.739,136.66,136.739,7569,2024-04-30
2024-04-30 20:35:00,136.72,136.79,136.705,136.73,27389,2024-04-30
2024-04-30 20:40:00,136.775,136.89,136.775,136.854,7867,2024-04-30
2024-04-30 20:45:00,136.87,137.03,136.87,137.02,17339,2024-04-30
2024-04-30 20:50:00,137.03,137.08,137.02,137.06,11082,2024-04-30
2024-04-30 20:55:00,137.05,137.05,136.925,136.99,19996,2024-04-30
2024-04-30 21:00:00,136.98,137.01,136.925,136.95,23766,2024-04-30
2024-04-30 21:05:00,136.97,136.97,136.87,136.8992,10935,2024-04-30
2024-04-30 21:10:00,136.89,136.969,136.88,136.945,8489,2024-04-30
2024-04-30 21:15:00,136.94,137,136.94,136.95,15629,2024-04-30
2024-04-30 21:20:00,136.95,136.98,136.89,136.955,16280,2024-04-30
2024-04-30 21:25:00,136.965,136.97,136.83,136.89,20080,2024-04-30
2024-04-30 21:30:00,136.895,137,136.89,136.975,16800,2024-04-30
2024-04-30 21:35:00,136.975,136.9863,136.84,136.875,15294,2024-04-30
2024-04-30 21:40:00,136.86,136.895,136.83,136.89,10416,2024-04-30
2024-04-30 21:45:00,136.88,136.88,136.76,136.78,32954,2024-04-30
2024-04-30 21:50:00,136.78,136.8,136.74,136.785,15368,2024-04-30
2024-04-30 21:55:00,136.785,137,136.75,136.94,25986,2024-04-30
2024-04-30 22:00:00,136.935,137,136.935,137,11454,2024-04-30
2024-04-30 22:05:00,136.9893,137.02,136.93,136.9857,34547,2024-04-30
2024-04-30 22:10:00,137,137.11,136.995,137.05,19358,2024-04-30
2024-04-30 22:15:00,137.05,137.05,136.8,136.8158,17160,2024-04-30
2024-04-30 22:20:00,136.81,136.84,136.67,136.69,16317,2024-04-30
2024-04-30 22:25:00,136.67,136.73,136.67,136.715,13881,2024-04-30
2024-04-30 22:30:00,136.73,136.82,136.68,136.745,22048,2024-04-30
2024-04-30 22:35:00,136.73,136.73,136.55,136.565,21353,2024-04-30
2024-04-30 22:40:00,136.55,136.735,136.55,136.63,29358,2024-04-30
2024-04-30 22:45:00,136.63,136.8,136.61,136.7,40782,2024-04-30
2024-04-30 22:50:00,136.69,136.81,136.62,136.665,70762,2024-04-30
2024-04-30 22:55:00,136.66,136.77,136.43,136.53,247862,2024-04-30
2024-04-30 23:00:00,136.53,136.53,136.53,136.53,70597,2024-04-30
2024-04-30 23:20:00,136.53,136.53,136.53,136.53,1918,2024-04-30
2024-05-01 02:30:00,136,136,136,136,100,2024-04-30
2024-05-01 15:30:00,136.53,136.53,136.53,136.53,21619,2024-05-01
2024-05-01 16:30:00,135.24,137.18,135.24,137.07,50087,2024-05-01
2024-05-01 16:35:00,137.015,137.04,136.38,136.59,21526,2024-05-01
2024-05-01 16:40:00,136.45,136.47,135.822,135.97,27205,2024-05-01
2024-05-01 16:45:00,135.84,136.23,135.61,136.185,22931,2024-05-01
2024-05-01 16:50:00,136.29,136.33,136.01,136.095,16586,2024-05-01
2024-05-01 16:55:00,136.08,136.34,136.055,136.26,64123,2024-05-01
2024-05-01 17:00:00,136.295,136.765,136.1,136.7,32993,2024-05-01
2024-05-01 17:05:00,136.635,136.66,136.2375,136.5,33691,2024-05-01
2024-05-01 17:10:00,136.475,136.6,136.21,136.27,39864,2024-05-01
2024-05-01 17:15:00,136.19,136.21,135.72,135.8,6499,2024-05-01
2024-05-01 17:20:00,135.835,136.19,135.835,136.125,21878,2024-05-01
2024-05-01 17:25:00,136.2275,136.35,136.195,136.26,20954,2024-05-01
2024-05-01 17:30:00,136.24,136.32,136.1,136.1,23030,2024-05-01
2024-05-01 17:35:00,136.12,136.15,135.99,136,8458,2024-05-01
2024-05-01 17:40:00,136.05,136.12,135.98,135.98,9461,2024-05-01
2024-05-01 17:45:00,136,136.16,135.97,136.05,10310,2024-05-01
2024-05-01 17:50:00,136.08,136.195,136.03,136.065,13490,2024-05-01
2024-05-01 17:55:00,136.06,136.27,136.06,136.26,12164,2024-05-01
2024-05-01 18:00:00,136.23,136.54,136.23,136.51,14361,2024-05-01
2024-05-01 18:05:00,136.51,136.52,136.29,136.39,21390,2024-05-01
2024-05-01 18:10:00,136.35,136.5,136.25,136.5,8905,2024-05-01
2024-05-01 18:15:00,136.53,136.67,136.47,136.51,16966,2024-05-01
2024-05-01 18:20:00,136.4201,136.5,136.34,136.35,13939,2024-05-01
2024-05-01 18:25:00,136.385,136.5,136.38,136.5,11096,2024-05-01
2024-05-01 18:30:00,136.52,136.56,136.47,136.54,10850,2024-05-01
2024-05-01 18:35:00,136.54,136.56,136.4796,136.515,10900,2024-05-01
2024-05-01 18:40:00,136.51,136.52,136.46,136.51,6359,2024-05-01
2024-05-01 18:45:00,136.52,136.61,136.52,136.56,9698,2024-05-01
2024-05-01 18:50:00,136.55,136.71,136.54,136.625,10084,2024-05-01
2024-05-01 18:55:00,136.635,136.7,136.58,136.7,10003,2024-05-01
2024-05-01 19:00:00,136.69,136.83,136.69,136.71,8924,2024-05-01
2024-05-01 19:05:00,136.73,136.86,136.72,136.76,8281,2024-05-01
2024-05-01 19:10:00,136.72,136.77,136.7025,136.72,6016,2024-05-01
2024-05-01 19:15:00,136.72,136.82,136.67,136.81,11418,2024-05-01
2024-05-01 19:20:00,136.79,136.95,136.78,136.94,12265,2024-05-01
2024-05-01 19:25:00,136.93,136.94,136.86,136.915,11566,2024-05-01
2024-05-01 19:30:00,136.925,136.93,136.77,136.86,18691,2024-05-01
2024-05-01 19:35:00,136.86,136.89,136.655,136.695,14926,2024-05-01
2024-05-01 19:40:00,136.72,136.94,136.72,136.94,12090,2024-05-01
2024-05-01 19:45:00,136.95,137.03,136.94,137.02,11371,2024-05-01
2024-05-01 19:50:00,137.03,137.08,136.99,137.05,7845,2024-05-01
2024-05-01 19:55:00,137.06,137.06,136.95,137.015,14793,2024-05-01
2024-05-01 20:00:00,137,137.01,136.94,136.94,6799,2024-05-01
2024-05-01 20:05:00,136.96,137,136.95,136.98,5485,2024-05-01
2024-05-01 20:10:00,136.985,137.04,136.97,136.98,10386,2024-05-01
2024-05-01 20:15:00,136.97,137.05,136.94,137.05,12093,2024-05-01
2024-05-01 20:20:00,137.06,137.16,137.02,137.135,7183,2024-05-01
2024-05-01 20:25:00,137.14,137.24,137.14,137.22,6997,2024-05-01
2024-05-01 20:30:00,137.285,137.4199,137.255,137.255,22211,2024-05-01
2024-05-01 20:35:00,137.255,137.28,137.185,137.25,11360,2024-05-01
2024-05-01 20:40:00,137.23,137.32,137.23,137.275,7416,2024-05-01
2024-05-01 20:45:00,137.26,137.34,137.26,137.34,7505,2024-05-01
2024-05-01 20:50:00,137.32,137.34,137.26,137.26,20751,2024-05-01
2024-05-01 20:55:00,137.26,137.27,137.23,137.2691,13513,2024-05-01
2024-05-01 21:00:00,137.27,137.3225,137.0105,137.0105,30325,2024-05-01
2024-05-01 21:05:00,137.045,137.045,136.91,136.97,10288,2024-05-01
2024-05-01 21:10:00,136.94,137.02,136.87,136.935,17697,2024-05-01
2024-05-01 21:15:00,136.94,137.24,136.935,137.12,17095,2024-05-01
2024-05-01 21:20:00,137.155,137.225,137.075,137.225,6461,2024-05-01
2024-05-01 21:25:00,137.22,137.303,137.2,137.27,8498,2024-05-01
2024-05-01 21:30:00,137.25,137.29,137.18,137.28,19673,2024-05-01
2024-05-01 21:35:00,137.24,137.32,137.115,137.315,15311,2024-05-01
2024-05-01 21:40:00,137.32,137.5293,137.28,137.35,17920,2024-05-01
2024-05-01 21:45:00,137.35,137.6076,137.31,137.58,20602,2024-05-01
2024-05-01 21:50:00,137.57,137.6,137.505,137.53,13428,2024-05-01
2024-05-01 21:55:00,137.48,137.48,137.2,137.27,24214,2024-05-01
2024-05-01 22:00:00,137.3,137.3,137.12,137.13,11636,2024-05-01
2024-05-01 22:05:00,137.1,137.18,137.025,137.04,39494,2024-05-01
2024-05-01 22:10:00,137.03,137.11,136.92,136.92,28934,2024-05-01
2024-05-01 22:15:00,136.92,136.97,136.75,136.83,21032,2024-05-01
2024-05-01 22:20:00,136.8,137,136.75,136.93,29667,2024-05-01
2024-05-01 22:25:00,136.935,136.98,136.88,136.92,14118,2024-05-01
2024-05-01 22:30:00,136.91,137.01,136.81,136.82,31331,2024-05-01
2024-05-01 22:35:00,136.8,136.835,136.66,136.75,29254,2024-05-01
2024-05-01 22:40:00,136.75,136.96,136.74,136.9,42994,2024-05-01
2024-05-01 22:45:00,136.88,137.015,136.785,137.015,60013,2024-05-01
2024-05-01 22:50:00,136.98,137.03,136.58,136.59,80564,2024-05-01
2024-05-01 22:55:00,136.61,136.61,136.39,136.47,192244,2024-05-01
2024-05-01 23:00:00,136.47,136.47,136.47,136.47,24815,2024-05-01
2024-05-01 23:05:00,136.47,136.47,136.47,136.47,21692,2024-05-01
2024-05-01 23:30:00,135,135,135,135,600,2024-05-01
2024-05-02 15:00:00,135.0018,135.0018,135.0018,135.0018,105,2024-05-02
2024-05-02 16:30:00,135.89,136.78,135.89,136.33,39594,2024-05-02
2024-05-02 16:35:00,136.295,136.45,135.78,135.985,10649,2024-05-02
2024-05-02 16:40:00,135.985,136.17,135.81,136.17,12637,2024-05-02
2024-05-02 16:45:00,136.51,136.525,136.235,136.525,10315,2024-05-02
2024-05-02 16:50:00,136.44,136.54,136.185,136.31,10207,2024-05-02
2024-05-02 16:55:00,136.2952,136.67,136.275,136.59,11291,2024-05-02
2024-05-02 17:00:00,136.66,136.73,136.44,136.52,18461,2024-05-02
2024-05-02 17:05:00,136.52,136.63,136.31,136.35,19828,2024-05-02
2024-05-02 17:10:00,136.3,136.645,136.3,136.47,26425,2024-05-02
2024-05-02 17:15:00,136.51,136.74,136.405,136.67,12221,2024-05-02
2024-05-02 17:20:00,136.69,136.89,136.595,136.77,17029,2024-05-02
2024-05-02 17:25:00,136.73,136.79,136.465,136.54,17621,2024-05-02
2024-05-02 17:30:00,136.53,136.78,136.53,136.64,11881,2024-05-02
2024-05-02 17:35:00,136.66,136.67,136.29,136.385,18888,2024-05-02
2024-05-02 17:40:00,136.32,136.38,136.2,136.21,21760,2024-05-02
2024-05-02 17:45:00,136.16,136.42,136.16,136.37,23498,2024-05-02
2024-05-02 17:50:00,136.39,136.61,136.33,136.54,26014,2024-05-02
2024-05-02 17:55:00,136.53,136.57,136.31,136.35,21436,2024-05-02
2024-05-02 18:00:00,136.355,136.585,136.31,136.535,19371,2024-05-02
2024-05-02 18:05:00,136.54,136.685,136.52,136.6,14799,2024-05-02
2024-05-02 18:10:00,136.62,136.66,136.53,136.58,18713,2024-05-02
2024-05-02 18:15:00,136.62,136.67,136.54,136.66,11510,2024-05-02
2024-05-02 18:20:00,136.67,136.69,136.545,136.55,12975,2024-05-02
2024-05-02 18:25:00,136.56,136.58,136.39,136.39,17025,2024-05-02
2024-05-02 18:30:00,136.46,136.55,136.435,136.505,9667,2024-05-02
2024-05-02 18:35:00,136.5298,136.59,136.503,136.57,9091,2024-05-02
2024-05-02 18:40:00,136.53,136.66,136.525,136.66,9853,2024-05-02
2024-05-02 18:45:00,136.67,136.67,136.56,136.56,7207,2024-05-02
2024-05-02 18:50:00,136.595,136.72,136.555,136.67,7931,2024-05-02
2024-05-02 18:55:00,136.66,136.6717,136.59,136.59,7114,2024-05-02
2024-05-02 19:00:00,136.63,136.68,136.584,136.66,5894,2024-05-02
2024-05-02 19:05:00,136.67,136.68,136.59,136.68,6878,2024-05-02
2024-05-02 19:10:00,136.7,136.72,136.578,136.59,10405,2024-05-02
2024-05-02 19:15:00,136.58,136.6,136.48,136.52,5472,2024-05-02
2024-05-02 19:20:00,136.495,136.495,136.41,136.42,8157,2024-05-02
2024-05-02 19:25:00,136.435,136.52,136.42,136.4674,9533,2024-05-02
2024-05-02 19:30:00,136.46,136.48,136.45,136.45,6516,2024-05-02
2024-05-02 19:35:00,136.45,136.58,136.45,136.58,9413,2024-05-02
2024-05-02 19:40:00,136.59,136.68,136.57,136.66,8398,2024-05-02
2024-05-02 19:45:00,136.67,136.68,136.64,136.65,6015,2024-05-02
2024-05-02 19:50:00,136.66,136.71,136.54,136.56,9665,2024-05-02
2024-05-02 19:55:00,136.5,136.52,136.44,136.485,16879,2024-05-02
2024-05-02 20:00:00,136.51,136.54,136.48,136.52,8299,2024-05-02
2024-05-02 20:05:00,136.514,136.695,136.514,136.6825,6937,2024-05-02
2024-05-02 20:10:00,136.7,136.8147,136.7,136.78,8061,2024-05-02
2024-05-02 20:15:00,136.79,136.85,136.78,136.79,6469,2024-05-02
2024-05-02 20:20:00,136.79,136.81,136.69,136.72,8832,2024-05-02
2024-05-02 20:25:00,136.72,136.798,136.72,136.79,8253,2024-05-02
2024-05-02 20:30:00,136.81,136.86,136.78,136.78,8857,2024-05-02
2024-05-02 20:35:00,136.78,136.82,136.73,136.815,5834,2024-05-02
2024-05-02 20:40:00,136.85,136.89,136.83,136.87,8730,2024-05-02
2024-05-02 20:45:00,136.88,136.92,136.86,136.875,7429,2024-05-02
2024-05-02 20:50:00,136.88,136.9,136.73,136.8,15028,2024-05-02
2024-05-02 20:55:00,136.81,136.82,136.66,136.69,10800,2024-05-02
2024-05-02 21:00:00,136.7,136.77,136.65,136.77,13377,2024-05-02
2024-05-02 21:05:00,136.77,136.79,136.71,136.74,9313,2024-05-02
2024-05-02 21:10:00,136.7575,136.76,136.65,136.69,13909,2024-05-02
2024-05-02 21:15:00,136.67,136.7,136.63,136.69,13395,2024-05-02
2024-05-02 21:20:00,136.69,136.7,136.65,136.685,10247,2024-05-02
2024-05-02 21:25:00,136.67,136.78,136.67,136.775,8882,2024-05-02
2024-05-02 21:30:00,136.775,136.775,136.702,136.76,10078,2024-05-02
2024-05-02 21:35:00,136.76,136.8445,136.725,136.8333,8712,2024-05-02
2024-05-02 21:40:00,136.85,136.86,136.81,136.84,9372,2024-05-02
2024-05-02 21:45:00,136.85,136.94,136.84,136.87,8178,2024-05-02
2024-05-02 21:50:00,136.885,136.94,136.875,136.89,9854,2024-05-02
2024-05-02 21:55:00,136.9,136.97,136.895,136.92,11658,2024-05-02
2024-05-02 22:00:00,136.9,136.9,136.79,136.79,13565,2024-05-02
2024-05-02 22:05:00,136.81,136.9,136.8,136.84,12341,2024-05-02
2024-05-02 22:10:00,136.845,136.9586,136.845,136.9,10654,2024-05-02
2024-05-02 22:15:00,136.87,136.89,136.8,136.82,10635,2024-05-02
2024-05-02 22:20:00,136.81,136.95,136.8,136.925,13727,2024-05-02
2024-05-02 22:25:00,136.9,136.905,136.7,136.7,16276,2024-05-02
2024-05-02 22:30:00,136.67,136.68,136.55,136.55,19867,2024-05-02
2024-05-02 22:35:00,136.55,136.63,136.54,136.58,20263,2024-05-02
2024-05-02 22:40:00,136.585,136.59,136.43,136.47,37343,2024-05-02
2024-05-02 22:45:00,136.46,136.5,136.37,136.38,45725,2024-05-02
2024-05-02 22:50:00,136.37,136.57,136.3,136.4477,63989,2024-05-02
2024-05-02 22:55:00,136.45,136.58,136.3325,136.56,168129,2024-05-02
2024-05-02 23:00:00,136.5,136.5,136.5,136.5,6343,2024-05-02
2024-05-03 16:25:00,135.71,135.71,135.63,135.63,446,2024-05-03
2024-05-03 16:30:00,135.79,135.95,135.55,135.8675,44057,2024-05-03
2024-05-03 16:35:00,135.78,136.1,135.53,135.976,19736,2024-05-03
2024-05-03 16:40:00,135.995,136.02,135.73,135.86,65644,2024-05-03
2024-05-03 16:45:00,135.885,136.02,135.77,135.92,24894,2024-05-03
2024-05-03 16:50:00,135.92,136.015,135.8,135.9,16818,2024-05-03
2024-05-03 16:55:00,135.895,135.97,135.825,135.83,13502,2024-05-03
2024-05-03 17:00:00,135.9,136.2,135.65,135.67,30029,2024-05-03
2024-05-03 17:05:00,135.66,135.66,135.41,135.415,8608,2024-05-03
2024-05-03 17:10:00,135.4,135.46,135.115,135.18,15634,2024-05-03
2024-05-03 17:15:00,135.25,135.29,135.12,135.24,9746,2024-05-03
2024-05-03 17:20:00,135.31,135.35,135.195,135.195,15229,2024-05-03
2024-05-03 17:25:00,135.16,135.165,135.01,135.06,26737,2024-05-03
2024-05-03 17:30:00,135.04,135.135,134.84,134.91,17424,2024-05-03
2024-05-03 17:35:00,134.92,134.97,134.785,134.91,16577,2024-05-03
2024-05-03 17:40:00,134.895,135.05,134.875,135.05,13515,2024-05-03
2024-05-03 17:45:00,135.095,135.16,135.05,135.14,20137,2024-05-03
2024-05-03 17:50:00,135.155,135.2,135.095,135.155,11067,2024-05-03
2024-05-03 17:55:00,135.1301,135.34,135.1301,135.275,19313,2024-05-03
2024-05-03 18:00:00,135.285,135.505,135.24,135.46,13199,2024-05-03
2024-05-03 18:05:00,135.44,135.44,135.28,135.3,11366,2024-05-03
2024-05-03 18:10:00,135.345,135.42,135.33,135.42,10974,2024-05-03
2024-05-03 18:15:00,135.43,135.49,135.41,135.49,9751,2024-05-03
2024-05-03 18:20:00,135.525,135.68,135.52,135.66,15104,2024-05-03
2024-05-03 18:25:00,135.66,135.8,135.62,135.75,23877,2024-05-03
2024-05-03 18:30:00,135.78,135.78,135.565,135.565,8176,2024-05-03
2024-05-03 18:35:00,135.5569,135.76,135.535,135.65,11671,2024-05-03
2024-05-03 18:40:00,135.675,135.74,135.56,135.57,13274,2024-05-03
2024-05-03 18:45:00,135.55,135.59,135.48,135.59,8245,2024-05-03
2024-05-03 18:50:00,135.58,135.69,135.541,135.665,9486,2024-05-03
2024-05-03 18:55:00,135.7048,135.79,135.68,135.685,13785,2024-05-03
2024-05-03 19:00:00,135.68,135.92,135.68,135.88,7312,2024-05-03
2024-05-03 19:05:00,135.89,135.8975,135.765,135.81,13871,2024-05-03
2024-05-03 19:10:00,135.78,135.85,135.76,135.83,7450,2024-05-03
2024-05-03 19:15:00,135.83,135.9026,135.82,135.87,7785,2024-05-03
2024-05-03 19:20:00,135.875,135.9941,135.875,135.94,15812,2024-05-03
2024-05-03 19:25:00,135.94,136.07,135.94,136.055,15309,2024-05-03
2024-05-03 19:30:00,136.08,136.115,135.965,136.09,13031,2024-05-03
2024-05-03 19:35:00,136.07,136.18,136.03,136.16,18229,2024-05-03
2024-05-03 19:40:00,136.16,136.21,136.12,136.135,21629,2024-05-03
2024-05-03 19:45:00,136.16,136.335,136.16,136.28,12933,2024-05-03
2024-05-03 19:50:00,136.31,136.36,136.3,136.31,8250,2024-05-03
2024-05-03 19:55:00,136.315,136.345,136.23,136.305,16168,2024-05-03
2024-05-03 20:00:00,136.33,136.43,136.26,136.42,14842,2024-05-03
2024-05-03 20:05:00,136.43,136.49,136.4,136.445,11631,2024-05-03
2024-05-03 20:10:00,136.455,136.48,136.39,136.48,19297,2024-05-03
2024-05-03 20:15:00,136.485,136.51,136.415,136.42,20832,2024-05-03
2024-05-03 20:20:00,136.43,136.45,136.28,136.34,16632,2024-05-03
2024-05-03 20:25:00,136.35,136.43,136.27,136.43,13968,2024-05-03
2024-05-03 20:30:00,136.43,136.47,136.305,136.34,16081,2024-05-03
2024-05-03 20:35:00,136.33,136.41,136.315,136.37,13676,2024-05-03
2024-05-03 20:40:00,136.38,136.5,136.33,136.445,18785,2024-05-03
2024-05-03 20:45:00,136.445,136.51,136.38,136.49,13850,2024-05-03
2024-05-03 20:50:00,136.47,136.53,136.45,136.51,13142,2024-05-03
2024-05-03 20:55:00,136.51,136.55,136.49,136.49,19094,2024-05-03
2024-05-03 21:00:00,136.49,136.54,136.41,136.41,13945,2024-05-03
2024-05-03 21:05:00,136.38,136.4,136.27,136.36,19085,2024-05-03
2024-05-03 21:10:00,136.39,136.45,136.345,136.43,16478,2024-05-03
2024-05-03 21:15:00,136.43,136.47,136.4,136.47,13292,2024-05-03
2024-05-03 21:20:00,136.48,136.52,136.46,136.48,25265,2024-05-03
2024-05-03 21:25:00,136.48,136.5,136.405,136.48,27127,2024-05-03
2024-05-03 21:30:00,136.5,136.53,136.36,136.36,24806,2024-05-03
2024-05-03 21:35:00,136.39,136.505,136.385,136.46,20394,2024-05-03
2024-05-03 21:40:00,136.45,136.52,136.41,136.5,7240,2024-05-03
2024-05-03 21:45:00,136.52,136.53,136.35,136.385,10581,2024-05-03
2024-05-03 21:50:00,136.405,136.46,136.38,136.41,15658,2024-05-03
2024-05-03 21:55:00,136.408,136.55,136.39,136.515,12107,2024-05-03
2024-05-03 22:00:00,136.5,136.55,136.49,136.5252,8346,2024-05-03
2024-05-03 22:05:00,136.52,136.64,136.52,136.63,10816,2024-05-03
2024-05-03 22:10:00,136.64,136.65,136.565,136.61,14564,2024-05-03
2024-05-03 22:15:00,136.61,136.66,136.54,136.57,14013,2024-05-03
2024-05-03 22:20:00,136.56,136.63,136.42,136.42,21922,2024-05-03
2024-05-03 22:25:00,136.42,136.56,136.38,136.472,19137,2024-05-03
2024-05-03 22:30:00,136.49,136.5,136.331,136.395,21919,2024-05-03
2024-05-03 22:35:00,136.4,136.5,136.35,136.43,22561,2024-05-03
2024-05-03 22:40:00,136.44,136.445,136.31,136.34,29128,2024-05-03
2024-05-03 22:45:00,136.34,136.38,136.22,136.22,33832,2024-05-03
2024-05-03 22:50:00,136.23,136.535,136.22,136.33,69098,2024-05-03
2024-05-03 22:55:00,136.32,136.32,136.07,136.1,175755,2024-05-03
2024-05-03 23:00:00,136.09,136.09,136.09,136.09,23685,2024-05-03
2024-05-03 23:05:00,136.09,136.09,136.09,136.09,923,2024-05-03
2024-05-03 23:20:00,136.09,136.09,136.09,136.09,460,2024-05-03
2024-05-06 16:30:00,136.02,136.41,136.02,136.22,31031,2024-05-06
2024-05-06 16:35:00,136.035,136.21,135.84,135.95,14310,2024-05-06
2024-05-06 16:40:00,135.95,136.04,135.67,135.67,8959,2024-05-06
2024-05-06 16:45:00,135.71,135.825,135.59,135.705,9588,2024-05-06
2024-05-06 16:50:00,135.63,135.65,135.425,135.46,10109,2024-05-06
2024-05-06 16:55:00,135.46,135.46,135.21,135.26,5499,2024-05-06
2024-05-06 17:00:00,135.225,135.5,135.225,135.5,8175,2024-05-06
2024-05-06 17:05:00,135.495,135.56,135.32,135.32,12486,2024-05-06
2024-05-06 17:10:00,135.35,135.47,135.31,135.375,14882,2024-05-06
2024-05-06 17:15:00,135.42,135.6275,135.42,135.59,24660,2024-05-06
2024-05-06 17:20:00,135.58,135.58,135.32,135.3799,7815,2024-05-06
2024-05-06 17:25:00,135.38,135.405,135.1903,135.1903,6523,2024-05-06
2024-05-06 17:30:00,135.2,135.25,135.17,135.225,6791,2024-05-06
2024-05-06 17:35:00,135.24,135.31,135.23,135.3,13101,2024-05-06
2024-05-06 17:40:00,135.29,135.36,135.25,135.34,9554,2024-05-06
2024-05-06 17:45:00,135.35,135.46,135.26,135.26,9592,2024-05-06
2024-05-06 17:50:00,135.26,135.3,135.17,135.25,15635,2024-05-06
2024-05-06 17:55:00,135.27,135.51,135.26,135.45,9932,2024-05-06
2024-05-06 18:00:00,135.41,135.54,135.261,135.28,9472,2024-05-06
2024-05-06 18:05:00,135.28,135.3,135.215,135.24,8220,2024-05-06
2024-05-06 18:10:00,135.245,135.245,135.155,135.19,8139,2024-05-06
2024-05-06 18:15:00,135.18,135.29,135.145,135.25,10944,2024-05-06
2024-05-06 18:20:00,135.27,135.27,135.205,135.215,7392,2024-05-06
2024-05-06 18:25:00,135.215,135.2701,135.18,135.2,17567,2024-05-06
2024-05-06 18:30:00,135.165,135.165,135.04,135.12,8459,2024-05-06
2024-05-06 18:35:00,135.1,135.13,135.04,135.08,7648,2024-05-06
2024-05-06 18:40:00,135.1,135.12,134.96,135.06,16880,2024-05-06
2024-05-06 18:45:00,135.06,135.15,134.985,135,16994,2024-05-06
2024-05-06 18:50:00,134.98,135.05,134.93,134.9975,38248,2024-05-06
2024-05-06 18:55:00,134.98,135.2,134.98,135.15,30838,2024-05-06
2024-05-06 19:00:00,135.14,135.14,134.94,134.94,8626,2024-05-06
2024-05-06 19:05:00,134.97,134.975,134.77,134.78,12741,2024-05-06
2024-05-06 19:10:00,134.79,134.975,134.785,134.925,12204,2024-05-06
2024-05-06 19:15:00,134.935,135.14,134.915,135.04,9792,2024-05-06
2024-05-06 19:20:00,135.06,135.12,135.01,135.05,10399,2024-05-06
2024-05-06 19:25:00,135.05,135.1125,135.04,135.1,12553,2024-05-06
2024-05-06 19:30:00,135.105,135.21,135.05,135.08,12187,2024-05-06
2024-05-06 19:35:00,135.08,135.12,134.97,135,11932,2024-05-06
2024-05-06 19:40:00,135.005,135.065,134.89,134.91,17601,2024-05-06
2024-05-06 19:45:00,134.95,135.105,134.93,135.05,16813,2024-05-06
2024-05-06 19:50:00,135.025,135.125,135.025,135.07,12585,2024-05-06
2024-05-06 19:55:00,135.05,135.11,134.97,135.1,9876,2024-05-06
2024-05-06 20:00:00,135.11,135.1666,135.09,135.14,9324,2024-05-06
2024-05-06 20:05:00,135.14,135.17,135.11,135.11,10397,2024-05-06
2024-05-06 20:10:00,135.115,135.15,135.05,135.15,15462,2024-05-06
2024-05-06 20:15:00,135.1796,135.27,135.07,135.09,18696,2024-05-06
2024-05-06 20:20:00,135.1,135.2378,135.085,135.23,20265,2024-05-06
2024-05-06 20:25:00,135.23,135.275,135.21,135.23,26351,2024-05-06
2024-05-06 20:30:00,135.23,135.37,135.23,135.34,14855,2024-05-06
2024-05-06 20:35:00,135.33,135.37,135.25,135.25,23811,2024-05-06
2024-05-06 20:40:00,135.26,135.36,135.26,135.305,35810,2024-05-06
2024-05-06 20:45:00,135.345,135.4,135.32,135.37,7256,2024-05-06
2024-05-06 20:50:00,135.37,135.4,135.31,135.33,12518,2024-05-06
2024-05-06 20:55:00,135.34,135.4,135.32,135.36,21823,2024-05-06
2024-05-06 21:00:00,135.37,135.37,135.21,135.21,26628,2024-05-06
2024-05-06 21:05:00,135.21,135.3,135.18,135.3,14673,2024-05-06
2024-05-06 21:10:00,135.3,135.41,135.26,135.37,32284,2024-05-06
2024-05-06 21:15:00,135.41,135.44,135.39,135.41,13864,2024-05-06
2024-05-06 21:20:00,135.4084,135.4084,135.3,135.38,16064,2024-05-06
2024-05-06 21:25:00,135.39,135.49,135.34,135.35,17248,2024-05-06
2024-05-06 21:30:00,135.36,135.44,135.34,135.42,20059,2024-05-06
2024-05-06 21:35:00,135.43,135.43,135.33,135.33,16392,2024-05-06
2024-05-06 21:40:00,135.34,135.45,135.34,135.355,16027,2024-05-06
2024-05-06 21:45:00,135.34,135.4,135.34,135.4,13990,2024-05-06
2024-05-06 21:50:00,135.39,135.45,135.36,135.43,14606,2024-05-06
2024-05-06 21:55:00,135.44,135.64,135.42,135.56,16458,2024-05-06
2024-05-06 22:00:00,135.56,135.58,135.46,135.54,11828,2024-05-06
2024-05-06 22:05:00,135.56,135.57,135.34,135.34,16106,2024-05-06
2024-05-06 22:10:00,135.345,135.5,135.345,135.49,11767,2024-05-06
2024-05-06 22:15:00,135.48,135.5853,135.48,135.54,17421,2024-05-06
2024-05-06 22:20:00,135.54,135.6275,135.45,135.51,30554,2024-05-06
2024-05-06 22:25:00,135.53,135.53,135.43,135.46,19051,2024-05-06
2024-05-06 22:30:00,135.49,135.6,135.49,135.6,22593,2024-05-06
2024-05-06 22:35:00,135.63,135.74,135.591,135.705,25124,2024-05-06
2024-05-06 22:40:00,135.69,135.84,135.68,135.81,27358,2024-05-06
2024-05-06 22:45:00,135.795,135.83,135.72,135.82,55441,2024-05-06
2024-05-06 22:50:00,135.83,135.83,135.65,135.79,74597,2024-05-06
2024-05-06 22:55:00,135.8,136.01,135.78,135.93,155420,2024-05-06
2024-05-06 23:00:00,135.97,135.97,135.97,135.97,3049,2024-05-06
2024-05-06 23:10:00,135.97,135.97,135.97,135.97,1905,2024-05-06
2024-05-07 15:30:00,136.15,136.15,136.15,136.15,100,2024-05-07
2024-05-07 16:25:00,136.7,136.7,136.7,136.7,513,2024-05-07
2024-05-07 16:30:00,136.93,137,136.33,136.63,43559,2024-05-07
2024-05-07 16:35:00,136.585,136.95,136.5623,136.95,11516,2024-05-07
2024-05-07 16:40:00,136.93,137.24,136.77,137.045,19499,2024-05-07
2024-05-07 16:45:00,136.8,137.27,136.8,137.165,19834,2024-05-07
2024-05-07 16:50:00,137.14,137.38,137.05,137.095,13115,2024-05-07
2024-05-07 16:55:00,137.085,137.085,136.84,137.03,20333,2024-05-07
2024-05-07 17:00:00,137.005,137.005,136.7,136.845,21158,2024-05-07
2024-05-07 17:05:00,136.81,137.025,136.81,136.91,15189,2024-05-07
2024-05-07 17:10:00,136.86,137.09,136.84,137.075,17697,2024-05-07
2024-05-07 17:15:00,137.09,137.15,136.97,136.97,14932,2024-05-07
2024-05-07 17:20:00,137.07,137.13,136.95,136.97,23630,2024-05-07
2024-05-07 17:25:00,137,137.01,136.7908,136.96,15181,2024-05-07
2024-05-07 17:30:00,136.955,137,136.88,136.99,9611,2024-05-07
2024-05-07 17:35:00,136.98,136.9822,136.86,136.9,14343,2024-05-07
2024-05-07 17:40:00,136.9,136.91,136.71,136.735,6660,2024-05-07
2024-05-07 17:45:00,136.74,136.74,136.625,136.64,10264,2024-05-07
2024-05-07 17:50:00,136.62,136.64,136.52,136.53,9503,2024-05-07
2024-05-07 17:55:00,136.525,136.58,136.4,136.4,13764,2024-05-07
2024-05-07 18:00:00,136.37,136.4,136.281,136.37,15233,2024-05-07
2024-05-07 18:05:00,136.37,136.41,136.24,136.24,9894,2024-05-07
2024-05-07 18:10:00,136.2628,136.42,136.24,136.38,9937,2024-05-07
2024-05-07 18:15:00,136.39,136.42,136.27,136.27,7306,2024-05-07
2024-05-07 18:20:00,136.24,136.355,136.14,136.16,23388,2024-05-07
2024-05-07 18:25:00,136.1619,136.19,136.11,136.14,16396,2024-05-07
2024-05-07 18:30:00,136.15,136.205,136.14,136.15,8355,2024-05-07
2024-05-07 18:35:00,136.17,136.29,136.0752,136.16,11191,2024-05-07
2024-05-07 18:40:00,136.18,136.18,136.06,136.07,7875,2024-05-07
2024-05-07 18:45:00,136.09,136.12,136.005,136.0341,16465,2024-05-07
2024-05-07 18:50:00,136.04,136.13,136.02,136.08,6564,2024-05-07
2024-05-07 18:55:00,136.07,136.18,136.07,136.1,7869,2024-05-07
2024-05-07 19:00:00,136.07,136.17,136.0542,136.11,10842,2024-05-07
2024-05-07 19:05:00,136.04,136.05,136.03,136.03,2763,2024-05-07
2024-05-07 19:10:00,136.04,136.09,135.94,136.09,11529,2024-05-07
2024-05-07 19:15:00,136.115,136.12,136.033,136.07,7385,2024-05-07
2024-05-07 19:20:00,136.09,136.13,136.09,136.11,7564,2024-05-07
2024-05-07 19:25:00,136.1,136.1,135.95,135.96,15147,2024-05-07
2024-05-07 19:30:00,135.955,136.055,135.955,135.965,10672,2024-05-07
2024-05-07 19:35:00,135.935,135.95,135.9,135.9,8267,2024-05-07
2024-05-07 19:40:00,135.89,135.96,135.875,135.955,7488,2024-05-07
2024-05-07 19:45:00,135.955,136,135.94,135.99,6223,2024-05-07
2024-05-07 19:50:00,135.99,136.05,135.96,136.03,9961,2024-05-07
2024-05-07 19:55:00,136.02,136.06,136.005,136.03,4484,2024-05-07
2024-05-07 20:00:00,136.04,136.04,135.98,135.985,12825,2024-05-07
2024-05-07 20:05:00,135.985,136.02,135.965,136.02,6895,2024-05-07
2024-05-07 20:10:00,136.055,136.06,135.995,136.035,6737,2024-05-07
2024-05-07 20:15:00,136.04,136.06,136.02,136.05,7893,2024-05-07
2024-05-07 20:20:00,136.05,136.09,136.015,136.0799,8343,2024-05-07
2024-05-07 20:25:00,136.05,136.07,135.99,136.02,9714,2024-05-07
2024-05-07 20:30:00,136.03,136.105,135.98,135.995,16004,2024-05-07
2024-05-07 20:35:00,135.995,136.01,135.97,135.97,6136,2024-05-07
2024-05-07 20:40:00,135.97,136.0125,135.95,135.975,10084,2024-05-07
2024-05-07 20:45:00,135.99,136.005,135.9328,135.97,10233,2024-05-07
2024-05-07 20:50:00,135.98,136.04,135.968,135.975,11022,2024-05-07
2024-05-07 20:55:00,135.98,136.03,135.92,135.945,10559,2024-05-07
2024-05-07 21:00:00,135.94,135.98,135.92,135.96,6678,2024-05-07
2024-05-07 21:05:00,135.94,136.01,135.81,135.9001,59675,2024-05-07
2024-05-07 21:10:00,135.9,136,135.9,135.99,11120,2024-05-07
2024-05-07 21:15:00,135.98,136,135.82,135.82,24549,2024-05-07
2024-05-07 21:20:00,135.83,135.855,135.69,135.77,34629,2024-05-07
2024-05-07 21:25:00,135.76,135.84,135.725,135.785,14626,2024-05-07
2024-05-07 21:30:00,135.77,135.78,135.675,135.72,25025,2024-05-07
2024-05-07 21:35:00,135.7,135.8,135.7,135.8,16466,2024-05-07
2024-05-07 21:40:00,135.795,135.82,135.74,135.775,18369,2024-05-07
2024-05-07 21:45:00,135.78,135.82,135.71,135.72,18851,2024-05-07
2024-05-07 21:50:00,135.72,135.82,135.72,135.79,23033,2024-05-07
2024-05-07 21:55:00,135.79,135.95,135.79,135.94,17085,2024-05-07
2024-05-07 22:00:00,135.94,135.94,135.7,135.7,58121,2024-05-07
2024-05-07 22:05:00,135.69,135.76,135.64,135.7,28094,2024-05-07
2024-05-07 22:10:00,135.7,135.74,135.67,135.71,31551,2024-05-07
2024-05-07 22:15:00,135.727,135.94,135.72,135.91,28956,2024-05-07
2024-05-07 22:20:00,135.91,135.91,135.854,135.88,18374,2024-05-07
2024-05-07 22:25:00,135.89,135.96,135.86,135.91,24670,2024-05-07
2024-05-07 22:30:00,135.93,136.04,135.9,135.9,30097,2024-05-07
2024-05-07 22:35:00,135.88,135.94,135.87,135.91,35020,2024-05-07
2024-05-07 22:40:00,135.89,135.89,135.73,135.83,62604,2024-05-07
2024-05-07 22:45:00,135.82,135.86,135.7231,135.8,63152,2024-05-07
2024-05-07 22:50:00,135.76,135.81,135.67,135.76,109205,2024-05-07
2024-05-07 22:55:00,135.75,136.04,135.65,135.95,328885,2024-05-07
2024-05-07 23:00:00,135.98,135.98,135.7935,135.98,147229,2024-05-07
2024-05-08 16:30:00,136.53,136.53,136.19,136.435,24866,2024-05-08
2024-05-08 16:35:00,136.395,136.69,136.34,136.51,11800,2024-05-08
2024-05-08 16:40:00,136.47,136.47,136.31,136.405,14665,2024-05-08
2024-05-08 16:45:00,136.45,136.46,136.2,136.285,68733,2024-05-08
2024-05-08 16:50:00,136.285,136.37,136.03,136.27,42962,2024-05-08
2024-05-08 16:55:00,136.23,136.4,136.135,136.135,25775,2024-05-08
2024-05-08 17:00:00,136.06,136.26,136.03,136.065,19526,2024-05-08
2024-05-08 17:05:00,136.07,136.41,136.0607,136.31,36003,2024-05-08
2024-05-08 17:10:00,136.32,136.65,136.32,136.65,14168,2024-05-08
2024-05-08 17:15:00,136.6575,136.66,136.55,136.55,17419,2024-05-08
2024-05-08 17:20:00,136.525,136.625,136.49,136.57,11824,2024-05-08
2024-05-08 17:25:00,136.55,136.57,136.51,136.51,7496,2024-05-08
2024-05-08 17:30:00,136.5,136.56,136.49,136.54,12972,2024-05-08
2024-05-08 17:35:00,136.53,136.57,136.43,136.46,9415,2024-05-08
2024-05-08 17:40:00,136.46,136.47,135.48,136.21,22008,2024-05-08
2024-05-08 17:45:00,136.1,136.14,136.01,136.1,5736,2024-05-08
2024-05-08 17:50:00,136.1201,136.23,136.115,136.115,9672,2024-05-08
2024-05-08 17:55:00,136.12,136.14,136.02,136.07,5940,2024-05-08
2024-05-08 18:00:00,136.065,136.19,136.065,136.175,7427,2024-05-08
2024-05-08 18:05:00,136.175,136.175,136.1,136.135,10693,2024-05-08
2024-05-08 18:10:00,136.135,136.2799,136.09,136.11,21219,2024-05-08
2024-05-08 18:15:00,136.14,136.14,135.9246,135.9246,8324,2024-05-08
2024-05-08 18:20:00,135.95,136.1,135.83,136.1,9369,2024-05-08
2024-05-08 18:25:00,136.12,136.2,136.09,136.114,8717,2024-05-08
2024-05-08 18:30:00,136.14,136.255,136.13,136.255,13796,2024-05-08
2024-05-08 18:35:00,136.23,136.23,136.04,136.07,7867,2024-05-08
2024-05-08 18:40:00,136.07,136.08,135.98,136,5778,2024-05-08
2024-05-08 18:45:00,136.03,136.04,135.95,135.95,6781,2024-05-08
2024-05-08 18:50:00,135.9589,135.99,135.93,135.935,6462,2024-05-08
2024-05-08 18:55:00,135.935,135.9699,135.834,135.89,8346,2024-05-08
2024-05-08 19:00:00,135.9,135.93,135.88,135.93,5567,2024-05-08
2024-05-08 19:05:00,135.86,136.01,135.82,136,19277,2024-05-08
2024-05-08 19:10:00,136.04,136.07,135.955,135.98,8661,2024-05-08
2024-05-08 19:15:00,136,136,135.89,135.925,9317,2024-05-08
2024-05-08 19:20:00,135.92,135.92,135.89,135.9165,4987,2024-05-08
2024-05-08 19:25:00,135.915,135.9284,135.83,135.83,6819,2024-05-08
2024-05-08 19:30:00,135.83,135.94,135.825,135.84,30282,2024-05-08
2024-05-08 19:35:00,135.84,136.05,135.83,136.03,58558,2024-05-08
2024-05-08 19:40:00,136.025,136.04,135.96,136.01,19880,2024-05-08
2024-05-08 19:45:00,136.0242,136.06,135.94,135.96,15484,2024-05-08
2024-05-08 19:50:00,135.95,135.96,135.92,135.96,10577,2024-05-08
2024-05-08 19:55:00,135.97,135.99,135.94,135.94,14689,2024-05-08
2024-05-08 20:00:00,135.92,136.1,135.89,136.08,14715,2024-05-08
2024-05-08 20:05:00,136.08,136.13,136.06,136.09,7185,2024-05-08
2024-05-08 20:10:00,136.08,136.17,136.07,136.16,4870,2024-05-08
2024-05-08 20:15:00,136.165,136.24,136.16,136.24,7413,2024-05-08
2024-05-08 20:20:00,136.2425,136.2855,136.21,136.23,11799,2024-05-08
2024-05-08 20:25:00,136.24,136.25,136.17,136.17,10153,2024-05-08
2024-05-08 20:30:00,136.18,136.185,136.1,136.12,10271,2024-05-08
2024-05-08 20:35:00,136.1,136.21,136.1,136.15,10959,2024-05-08
2024-05-08 20:40:00,136.16,136.255,136.15,136.25,7178,2024-05-08
2024-05-08 20:45:00,136.24,136.32,136.23,136.24,7800,2024-05-08
2024-05-08 20:50:00,136.25,136.28,136.21,136.21,12749,2024-05-08
2024-05-08 20:55:00,136.21,136.32,136.21,136.29,11297,2024-05-08
2024-05-08 21:00:00,136.3,136.345,136.3,136.345,6370,2024-05-08
2024-05-08 21:05:00,136.33,136.395,136.3,136.39,7293,2024-05-08
2024-05-08 21:10:00,136.37,136.38,136.34,136.38,7314,2024-05-08
2024-05-08 21:15:00,136.36,136.3836,136.29,136.29,12279,2024-05-08
2024-05-08 21:20:00,136.2901,136.33,136.27,136.27,8681,2024-05-08
2024-05-08 21:25:00,136.27,136.27,136.19,136.21,8543,2024-05-08
2024-05-08 21:30:00,136.21,136.24,136.05,136.05,8953,2024-05-08
2024-05-08 21:35:00,136.03,136.05,135.855,135.88,15172,2024-05-08
2024-05-08 21:40:00,135.88,135.98,135.88,135.885,12435,2024-05-08
2024-05-08 21:45:00,135.87,135.94,135.86,135.91,13597,2024-05-08
2024-05-08 21:50:00,135.9,135.91,135.87,135.8831,4237,2024-05-08
2024-05-08 21:55:00,135.87,135.87,135.77,135.78,9505,2024-05-08
2024-05-08 22:00:00,135.77,135.82,135.7,135.805,16587,2024-05-08
2024-05-08 22:05:00,135.8,135.88,135.78,135.88,12041,2024-05-08
2024-05-08 22:10:00,135.885,135.9,135.85,135.87,9165,2024-05-08
2024-05-08 22:15:00,135.87,135.87,135.81,135.82,12970,2024-05-08
2024-05-08 22:20:00,135.83,135.83,135.74,135.8,15526,2024-05-08
2024-05-08 22:25:00,135.8,135.81,135.76,135.76,16448,2024-05-08
2024-05-08 22:30:00,135.76,135.91,135.76,135.89,22080,2024-05-08
2024-05-08 22:35:00,135.89,135.91,135.84,135.9,12541,2024-05-08
2024-05-08 22:40:00,135.92,135.99,135.92,135.94,15909,2024-05-08
2024-05-08 22:45:00,135.94,136.06,135.92,136.05,18718,2024-05-08
2024-05-08 22:50:00,136.09,136.2,136.035,136.06,45714,2024-05-08
2024-05-08 22:55:00,136.08,136.08,135.92,135.935,106895,2024-05-08
2024-05-08 23:00:00,135.93,135.93,135.93,135.93,7935,2024-05-08
2024-05-08 23:20:00,135.93,135.93,135.93,135.93,1190,2024-05-08
2024-05-09 00:05:00,135.93,135.93,135.93,135.93,22540,2024-05-08
2024-05-09 16:30:00,136.13,136.13,135.55,135.555,18019,2024-05-09
2024-05-09 16:35:00,135.585,135.7,135.45,135.595,8843,2024-05-09
2024-05-09 16:40:00,135.615,136.02,135.56,136.015,5756,2024-05-09
2024-05-09 16:45:00,136.045,136.11,135.95,135.985,6072,2024-05-09
2024-05-09 16:50:00,135.965,136.28,135.965,136.28,11957,2024-05-09
2024-05-09 16:55:00,136.26,136.44,136.26,136.345,9243,2024-05-09
2024-05-09 17:00:00,136.365,136.46,136.15,136.15,11076,2024-05-09
2024-05-09 17:05:00,136.25,136.3,136.19,136.22,5908,2024-05-09
2024-05-09 17:10:00,136.295,136.305,136.23,136.3,5167,2024-05-09
2024-05-09 17:15:00,136.3,136.49,136.28,136.465,10823,2024-05-09
2024-05-09 17:20:00,136.42,136.48,136.34,136.455,5493,2024-05-09
2024-05-09 17:25:00,136.475,136.475,136.32,136.32,5664,2024-05-09
2024-05-09 17:30:00,136.32,136.38,136.25,136.26,4711,2024-05-09
2024-05-09 17:35:00,136.2798,136.3,136.11,136.3,8265,2024-05-09
2024-05-09 17:40:00,136.29,136.325,136.235,136.27,4824,2024-05-09
2024-05-09 17:45:00,136.32,136.34,136.29,136.31,6014,2024-05-09
2024-05-09 17:50:00,136.3,136.36,136.3,136.36,5206,2024-05-09
2024-05-09 17:55:00,136.34,136.425,136.29,136.425,6161,2024-05-09
2024-05-09 18:00:00,136.42,136.45,136.335,136.3532,9066,2024-05-09
2024-05-09 18:05:00,136.3,136.35,136.253,136.253,4221,2024-05-09
2024-05-09 18:10:00,136.26,136.26,136.23,136.23,3592,2024-05-09
2024-05-09 18:15:00,136.21,136.28,136.19,136.27,8306,2024-05-09
2024-05-09 18:20:00,136.24,136.27,136.23,136.255,7123,2024-05-09
2024-05-09 18:25:00,136.25,136.28,136.16,136.17,12058,2024-05-09
2024-05-09 18:30:00,136.18,136.245,136.1418,136.2,13348,2024-05-09
2024-05-09 18:35:00,136.21,136.26,136.195,136.24,6149,2024-05-09
2024-05-09 18:40:00,136.24,136.26,136.22,136.25,6586,2024-05-09
2024-05-09 18:45:00,136.22,136.34,136.21,136.33,6318,2024-05-09
2024-05-09 18:50:00,136.33,136.34,136.27,136.3,4557,2024-05-09
2024-05-09 18:55:00,136.3,136.32,136.25,136.3,5606,2024-05-09
2024-05-09 19:00:00,136.29,136.29,136.24,136.25,3815,2024-05-09
2024-05-09 19:05:00,136.25,136.3109,136.23,136.31,4716,2024-05-09
2024-05-09 19:10:00,136.3201,136.4,136.3201,136.395,7356,2024-05-09
2024-05-09 19:15:00,136.41,136.43,136.33,136.33,6690,2024-05-09
2024-05-09 19:20:00,136.34,136.375,136.29,136.32,6029,2024-05-09
2024-05-09 19:25:00,136.32,136.37,136.32,136.34,4311,2024-05-09
2024-05-09 19:30:00,136.35,136.35,136.2988,136.31,5634,2024-05-09
2024-05-09 19:35:00,136.3199,136.35,136.27,136.27,8155,2024-05-09
2024-05-09 19:40:00,136.26,136.3,136.18,136.21,9978,2024-05-09
2024-05-09 19:45:00,136.215,136.29,136.17,136.29,8904,2024-05-09
2024-05-09 19:50:00,136.27,136.31,136.26,136.3,4389,2024-05-09
2024-05-09 19:55:00,136.3,136.33,136.29,136.33,3374,2024-05-09
2024-05-09 20:00:00,136.325,136.365,136.32,136.365,4341,2024-05-09
2024-05-09 20:05:00,136.36,136.38,136.2101,136.2101,4543,2024-05-09
2024-05-09 20:10:00,136.22,136.26,136.22,136.24,4175,2024-05-09
2024-05-09 20:15:00,136.24,136.24,136.12,136.12,6034,2024-05-09
2024-05-09 20:20:00,136.14,136.25,136.14,136.25,9331,2024-05-09
2024-05-09 20:25:00,136.235,136.31,136.235,136.27,6860,2024-05-09
2024-05-09 20:30:00,136.29,136.4,136.29,136.37,3777,2024-05-09
2024-05-09 20:35:00,136.3101,136.345,136.3,136.33,6184,2024-05-09
2024-05-09 20:40:00,136.33,136.34,136.28,136.29,6259,2024-05-09
2024-05-09 20:45:00,136.3,136.33,136.3,136.31,6084,2024-05-09
2024-05-09 20:50:00,136.31,136.35,136.27,136.34,5552,2024-05-09
2024-05-09 20:55:00,136.33,136.33,136.23,136.23,4252,2024-05-09
2024-05-09 21:00:00,136.25,136.335,136.24,136.31,9745,2024-05-09
2024-05-09 21:05:00,136.32,136.36,136.31,136.36,4183,2024-05-09
2024-05-09 21:10:00,136.36,136.36,136.19,136.25,27428,2024-05-09
2024-05-09 21:15:00,136.29,136.33,136.26,136.29,7364,2024-05-09
2024-05-09 21:20:00,136.29,136.34,136.272,136.272,5488,2024-05-09
2024-05-09 21:25:00,136.27,136.31,136.27,136.28,4317,2024-05-09
2024-05-09 21:30:00,136.27,136.35,136.27,136.34,5399,2024-05-09
2024-05-09 21:35:00,136.39,136.425,136.37,136.425,6082,2024-05-09
2024-05-09 21:40:00,136.42,136.42,136.38,136.38,4920,2024-05-09
2024-05-09 21:45:00,136.39,136.415,136.38,136.389,7970,2024-05-09
2024-05-09 21:50:00,136.384,136.4,136.34,136.38,6543,2024-05-09
2024-05-09 21:55:00,136.36,136.39,136.36,136.37,6595,2024-05-09
2024-05-09 22:00:00,136.36,136.36,136.31,136.33,8830,2024-05-09
2024-05-09 22:05:00,136.36,136.3697,136.34,136.345,6834,2024-05-09
2024-05-09 22:10:00,136.35,136.415,136.35,136.4,8699,2024-05-09
2024-05-09 22:15:00,136.4073,136.415,136.351,136.3595,7728,2024-05-09
2024-05-09 22:20:00,136.37,136.38,136.31,136.35,9399,2024-05-09
2024-05-09 22:25:00,136.34,136.42,136.34,136.4,7788,2024-05-09
2024-05-09 22:30:00,136.41,136.54,136.4,136.53,13247,2024-05-09
2024-05-09 22:35:00,136.54,136.58,136.49,136.56,14396,2024-05-09
2024-05-09 22:40:00,136.56,136.64,136.52,136.64,18383,2024-05-09
2024-05-09 22:45:00,136.64,136.695,136.6,136.66,26062,2024-05-09
2024-05-09 22:50:00,136.67,136.85,136.65,136.78,53254,2024-05-09
2024-05-09 22:55:00,136.79,136.83,136.64,136.66,129705,2024-05-09
2024-05-09 23:00:00,136.66,136.66,136.66,136.66,3731,2024-05-09
2024-05-09 23:05:00,136.66,136.66,136.66,136.66,839,2024-05-09
2024-05-10 16:30:00,136.74,136.95,135.98,136.485,26721,2024-05-10
2024-05-10 16:35:00,136.63,136.69,136.585,136.69,2818,2024-05-10
2024-05-10 16:40:00,136.82,136.82,136.705,136.8,2991,2024-05-10
2024-05-10 16:45:00,136.86,136.86,136.75,136.76,3400,2024-05-10
2024-05-10 16:50:00,136.785,136.89,136.785,136.81,3987,2024-05-10
2024-05-10 16:55:00,136.81,136.89,136.8,136.87,4123,2024-05-10
2024-05-10 17:00:00,136.925,136.94,136.66,136.7,13551,2024-05-10
2024-05-10 17:05:00,136.71,136.88,136.68,136.81,4529,2024-05-10
2024-05-10 17:10:00,136.84,136.9131,136.825,136.91,9024,2024-05-10
2024-05-10 17:15:00,136.92,136.925,136.66,136.76,25265,2024-05-10
2024-05-10 17:20:00,136.77,136.85,136.73,136.825,5788,2024-05-10
2024-05-10 17:25:00,136.81,136.96,136.75,136.945,8955,2024-05-10
2024-05-10 17:30:00,136.94,136.9839,136.86,136.92,13108,2024-05-10
2024-05-10 17:35:00,136.92,137.065,136.9,137.05,8472,2024-05-10
2024-05-10 17:40:00,137.05,137.07,137,137,7183,2024-05-10
2024-05-10 17:45:00,137.08,137.08,136.98,136.99,4262,2024-05-10
2024-05-10 17:50:00,136.96,136.96,136.89,136.895,4454,2024-05-10
2024-05-10 17:55:00,136.92,136.92,136.79,136.85,9769,2024-05-10
2024-05-10 18:00:00,136.895,136.965,136.89,136.91,6003,2024-05-10
2024-05-10 18:05:00,136.89,137.06,136.89,137.06,8340,2024-05-10
2024-05-10 18:10:00,137.06,137.1,136.99,137,5448,2024-05-10
2024-05-10 18:15:00,137,137.01,136.83,136.84,8044,2024-05-10
2024-05-10 18:20:00,136.81,136.82,136.76,136.76,4889,2024-05-10
2024-05-10 18:25:00,136.8099,136.85,136.76,136.76,9814,2024-05-10
2024-05-10 18:30:00,136.74,136.82,136.74,136.81,7088,2024-05-10
2024-05-10 18:35:00,136.84,136.88,136.79,136.84,5403,2024-05-10
2024-05-10 18:40:00,136.86,136.91,136.86,136.89,3783,2024-05-10
2024-05-10 18:45:00,136.87,136.91,136.805,136.83,6490,2024-05-10
2024-05-10 18:50:00,136.84,136.91,136.84,136.9063,3764,2024-05-10
2024-05-10 18:55:00,136.94,137,136.93,136.999,9007,2024-05-10
2024-05-10 19:00:00,137.01,137.01,136.89,136.94,6449,2024-05-10
2024-05-10 19:05:00,136.94,136.98,136.93,136.97,4838,2024-05-10
2024-05-10 19:10:00,136.98,137.05,136.965,137.05,6486,2024-05-10
2024-05-10 19:15:00,137.065,137.09,136.99,136.992,4632,2024-05-10
2024-05-10 19:20:00,137.01,137.03,136.97,136.98,5627,2024-05-10
2024-05-10 19:25:00,136.985,137.02,136.96,136.96,9033,2024-05-10
2024-05-10 19:30:00,136.96,137.01,136.96,136.965,3460,2024-05-10
2024-05-10 19:35:00,136.99,136.99,136.98,136.98,1906,2024-05-10
2024-05-10 19:40:00,137.01,137.07,137.01,137.03,7240,2024-05-10
2024-05-10 19:45:00,137.03,137.04,136.96,137.01,6556,2024-05-10
2024-05-10 19:50:00,137.02,137.02,136.923,136.923,7870,2024-05-10
2024-05-10 19:55:00,136.92,136.93,136.854,136.854,4575,2024-05-10
2024-05-10 20:00:00,136.87,136.88,136.82,136.85,5400,2024-05-10
2024-05-10 20:05:00,136.84,136.89,136.81,136.825,5065,2024-05-10
2024-05-10 20:10:00,136.83,136.835,136.79,136.82,4558,2024-05-10
2024-05-10 20:15:00,136.815,136.82,136.73,136.82,10709,2024-05-10
2024-05-10 20:20:00,136.82,136.84,136.74,136.74,6006,2024-05-10
2024-05-10 20:25:00,136.74,136.7607,136.7106,136.7106,6934,2024-05-10
2024-05-10 20:30:00,136.72,136.821,136.72,136.77,12659,2024-05-10
2024-05-10 20:35:00,136.77,136.8,136.75,136.8,4126,2024-05-10
2024-05-10 20:40:00,136.8,136.84,136.78,136.83,5023,2024-05-10
2024-05-10 20:45:00,136.85,136.85,136.8,136.835,5415,2024-05-10
2024-05-10 20:50:00,136.83,136.87,136.82,136.87,6008,2024-05-10
2024-05-10 20:55:00,136.865,136.865,136.79,136.79,5864,2024-05-10
2024-05-10 21:00:00,136.79,136.805,136.77,136.8,11227,2024-05-10
2024-05-10 21:05:00,136.8,136.8,136.73,136.785,6002,2024-05-10
2024-05-10 21:10:00,136.79,136.79,136.75,136.75,6865,2024-05-10
2024-05-10 21:15:00,136.76,136.805,136.755,136.78,7404,2024-05-10
2024-05-10 21:20:00,136.77,136.77,136.725,136.745,8643,2024-05-10
2024-05-10 21:25:00,136.745,136.7601,136.72,136.75,8649,2024-05-10
2024-05-10 21:30:00,136.75,136.79,136.71,136.73,8156,2024-05-10
2024-05-10 21:35:00,136.735,136.75,136.67,136.68,7768,2024-05-10
2024-05-10 21:40:00,136.7078,136.7078,136.67,136.68,4514,2024-05-10
2024-05-10 21:45:00,136.7,136.795,136.7,136.74,8658,2024-05-10
2024-05-10 21:50:00,136.75,136.79,136.74,136.78,5192,2024-05-10
2024-05-10 21:55:00,136.79,136.82,136.76,136.7897,9539,2024-05-10
2024-05-10 22:00:00,136.775,136.8,136.74,136.8,6845,2024-05-10
2024-05-10 22:05:00,136.8,136.8199,136.78,136.8199,6367,2024-05-10
2024-05-10 22:10:00,136.81,136.83,136.785,136.82,8743,2024-05-10
2024-05-10 22:15:00,136.8,136.8,136.77,136.785,6695,2024-05-10
2024-05-10 22:20:00,136.77,136.845,136.765,136.821,11131,2024-05-10
2024-05-10 22:25:00,136.82,136.82,136.75,136.77,8917,2024-05-10
2024-05-10 22:30:00,136.78,136.91,136.74,136.84,13431,2024-05-10
2024-05-10 22:35:00,136.85,136.92,136.85,136.87,11693,2024-05-10
2024-05-10 22:40:00,136.882,136.895,136.855,136.87,15736,2024-05-10
2024-05-10 22:45:00,136.86,136.915,136.85,136.87,22642,2024-05-10
2024-05-10 22:50:00,136.86,136.92,136.79,136.81,33271,2024-05-10
2024-05-10 22:55:00,136.81,136.853,136.61,136.63,88847,2024-05-10
2024-05-10 23:00:00,136.67,136.67,136.67,136.67,1878,2024-05-10
2024-05-13 13:05:00,137.3,137.3,137.3,137.3,124,2024-05-13
2024-05-13 16:30:00,136.7,137.05,136.63,137.05,18374,2024-05-13
2024-05-13 16:35:00,137.05,137.05,136.82,137.04,6155,2024-05-13
2024-05-13 16:40:00,137.07,137.29,137.07,137.29,6235,2024-05-13
2024-05-13 16:45:00,137.36,137.47,137.31,137.31,4269,2024-05-13
2024-05-13 16:50:00,137.305,137.43,137.08,137.16,12355,2024-05-13
2024-05-13 16:55:00,137.16,137.27,136.96,137.02,9161,2024-05-13
2024-05-13 17:00:00,136.935,137.16,136.935,137.03,8682,2024-05-13
2024-05-13 17:05:00,137.03,137.07,136.87,136.9,9304,2024-05-13
2024-05-13 17:10:00,136.91,136.94,136.84,136.84,4091,2024-05-13
2024-05-13 17:15:00,136.74,136.795,136.69,136.79,7267,2024-05-13
2024-05-13 17:20:00,136.825,136.88,136.76,136.76,4280,2024-05-13
2024-05-13 17:25:00,136.76,136.76,136.69,136.695,2761,2024-05-13
2024-05-13 17:30:00,136.71,136.77,136.66,136.67,11445,2024-05-13
2024-05-13 17:35:00,136.65,136.68,136.63,136.659,3721,2024-05-13
2024-05-13 17:40:00,136.71,136.76,136.64,136.69,10573,2024-05-13
2024-05-13 17:45:00,136.725,136.81,136.705,136.705,8144,2024-05-13
2024-05-13 17:50:00,136.7108,136.79,136.68,136.68,7460,2024-05-13
2024-05-13 17:55:00,136.71,136.79,136.69,136.79,14447,2024-05-13
2024-05-13 18:00:00,136.77,136.8,136.62,136.65,10234,2024-05-13
2024-05-13 18:05:00,136.63,136.649,136.51,136.51,9718,2024-05-13
2024-05-13 18:10:00,136.5,136.52,136.4086,136.41,13232,2024-05-13
2024-05-13 18:15:00,136.4,136.55,136.39,136.52,12417,2024-05-13
2024-05-13 18:20:00,136.47,136.56,136.455,136.56,15415,2024-05-13
2024-05-13 18:25:00,136.54,136.59,136.48,136.51,10994,2024-05-13
2024-05-13 18:30:00,136.495,136.53,136.43,136.5,28791,2024-05-13
2024-05-13 18:35:00,136.5,136.53,136.35,136.35,12372,2024-05-13
2024-05-13 18:40:00,136.37,136.37,136.3,136.37,7177,2024-05-13
2024-05-13 18:45:00,136.37,136.4,136.32,136.39,9211,2024-05-13
2024-05-13 18:50:00,136.36,136.38,136.3201,136.36,6871,2024-05-13
2024-05-13 18:55:00,136.38,136.4,136.33,136.33,9448,2024-05-13
2024-05-13 19:00:00,136.35,136.35,136.22,136.24,8093,2024-05-13
2024-05-13 19:05:00,136.24,136.35,136.24,136.35,10755,2024-05-13
2024-05-13 19:10:00,136.355,136.375,136.33,136.356,6006,2024-05-13
2024-05-13 19:15:00,136.355,136.37,136.3,136.32,7293,2024-05-13
2024-05-13 19:20:00,136.3,136.31,136.27,136.31,5966,2024-05-13
2024-05-13 19:25:00,136.31,136.33,136.275,136.32,7470,2024-05-13
2024-05-13 19:30:00,136.32,136.34,136.23,136.2325,6888,2024-05-13
2024-05-13 19:35:00,136.22,136.235,136.14,136.23,11185,2024-05-13
2024-05-13 19:40:00,136.24,136.29,136.23,136.285,5935,2024-05-13
2024-05-13 19:45:00,136.335,136.39,136.335,136.39,4026,2024-05-13
2024-05-13 19:50:00,136.4082,136.4082,136.35,136.35,1177,2024-05-13
2024-05-13 19:55:00,136.35,136.35,136.27,136.275,3828,2024-05-13
2024-05-13 20:00:00,136.25,136.27,136.22,136.24,3475,2024-05-13
2024-05-13 20:05:00,136.22,136.26,136.205,136.21,7519,2024-05-13
2024-05-13 20:10:00,136.16,136.2,136.155,136.2,3655,2024-05-13
2024-05-13 20:15:00,136.18,136.25,136.17,136.25,7095,2024-05-13
2024-05-13 20:20:00,136.24,136.26,136.205,136.21,10351,2024-05-13
2024-05-13 20:25:00,136.21,136.21,136.1,136.1,6445,2024-05-13
2024-05-13 20:30:00,136.105,136.18,136.105,136.15,8776,2024-05-13
2024-05-13 20:35:00,136.16,136.215,136.15,136.215,7055,2024-05-13
2024-05-13 20:40:00,136.21,136.21,136.105,136.14,6710,2024-05-13
2024-05-13 20:45:00,136.16,136.16,136.12,136.15,5628,2024-05-13
2024-05-13 20:50:00,136.16,136.1721,136.08,136.1,4430,2024-05-13
2024-05-13 20:55:00,136.1,136.11,136.05,136.07,8286,2024-05-13
2024-05-13 21:00:00,136.07,136.1,136.07,136.085,6301,2024-05-13
2024-05-13 21:05:00,136.09,136.09,135.99,136,9203,2024-05-13
2024-05-13 21:10:00,136,136.1,135.995,136.09,3363,2024-05-13
2024-05-13 21:15:00,136.08,136.14,136.08,136.115,6157,2024-05-13
2024-05-13 21:20:00,136.11,136.145,136.06,136.06,3982,2024-05-13
2024-05-13 21:25:00,136.05,136.1,136.04,136.0783,7162,2024-05-13
2024-05-13 21:30:00,136.095,136.11,136.06,136.1,6260,2024-05-13
2024-05-13 21:35:00,136.07,136.11,136.07,136.095,5295,2024-05-13
2024-05-13 21:40:00,136.1,136.12,136.08,136.085,5582,2024-05-13
2024-05-13 21:45:00,136.09,136.145,136.06,136.06,9913,2024-05-13
2024-05-13 21:50:00,136.02,136.05,136.01,136.02,5582,2024-05-13
2024-05-13 21:55:00,136.02,136.06,136,136.05,6850,2024-05-13
2024-05-13 22:00:00,136.05,136.1,135.99,136,11597,2024-05-13
2024-05-13 22:05:00,136,136.03,135.93,135.94,9660,2024-05-13
2024-05-13 22:10:00,135.91,136,135.9,135.99,7287,2024-05-13
2024-05-13 22:15:00,136,136.01,135.97,136.01,8258,2024-05-13
2024-05-13 22:20:00,136.01,136.01,135.96,135.99,8215,2024-05-13
2024-05-13 22:25:00,135.99,136.02,135.94,135.99,13463,2024-05-13
2024-05-13 22:30:00,135.99,136.17,135.99,136.165,22267,2024-05-13
2024-05-13 22:35:00,136.17,136.19,136.1,136.1,15627,2024-05-13
2024-05-13 22:40:00,136.11,136.11,136,136.05,18429,2024-05-13
2024-05-13 22:45:00,136.06,136.11,135.98,136.03,31393,2024-05-13
2024-05-13 22:50:00,136.04,136.09,135.94,136.06,51057,2024-05-13
2024-05-13 22:55:00,136.06,136.32,136,136.29,117465,2024-05-13
2024-05-13 23:00:00,136.29,136.29,136.29,136.29,11302,2024-05-13
2024-05-14 16:30:00,136.28,136.84,136.155,136.155,33328,2024-05-14
2024-05-14 16:35:00,136.11,136.12,135.97,136.095,12259,2024-05-14
2024-05-14 16:40:00,136.1,136.25,135.77,135.84,14438,2024-05-14
2024-05-14 16:45:00,135.86,135.9709,135.635,135.97,8540,2024-05-14
2024-05-14 16:50:00,136.03,136.13,135.85,135.85,7325,2024-05-14
2024-05-14 16:55:00,135.79,135.89,135.7441,135.855,12779,2024-05-14
2024-05-14 17:00:00,135.855,136.33,135.82,136.2,15636,2024-05-14
2024-05-14 17:05:00,136.205,136.225,135.99,136.09,33134,2024-05-14
2024-05-14 17:10:00,136.04,136.2,136.04,136.16,10558,2024-05-14
2024-05-14 17:15:00,136.1607,136.18,136.045,136.045,9232,2024-05-14
2024-05-14 17:20:00,136.05,136.05,135.805,135.81,11641,2024-05-14
2024-05-14 17:25:00,135.83,135.88,135.75,135.81,8848,2024-05-14
2024-05-14 17:30:00,135.8057,135.815,135.67,135.78,7486,2024-05-14
2024-05-14 17:35:00,135.7,135.73,135.56,135.615,9400,2024-05-14
2024-05-14 17:40:00,135.57,135.58,135.43,135.52,10519,2024-05-14
2024-05-14 17:45:00,135.54,135.55,135.34,135.37,12875,2024-05-14
2024-05-14 17:50:00,135.37,135.37,135.29,135.32,16073,2024-05-14
2024-05-14 17:55:00,135.35,135.36,135.25,135.27,10073,2024-05-14
2024-05-14 18:00:00,135.27,135.325,135.17,135.2,9801,2024-05-14
2024-05-14 18:05:00,135.16,135.1799,135.025,135.025,5714,2024-05-14
2024-05-14 18:10:00,135.04,135.08,134.878,134.96,13155,2024-05-14
2024-05-14 18:15:00,134.965,135.03,134.92,134.93,10410,2024-05-14
2024-05-14 18:20:00,134.92,134.98,134.87,134.97,10730,2024-05-14
2024-05-14 18:25:00,134.97,134.97,134.83,134.9136,14122,2024-05-14
2024-05-14 18:30:00,134.88,134.91,134.7901,134.8,8956,2024-05-14
2024-05-14 18:35:00,134.78,134.78,134.6004,134.625,10182,2024-05-14
2024-05-14 18:40:00,134.63,134.66,134.56,134.6099,10565,2024-05-14
2024-05-14 18:45:00,134.59,134.64,134.56,134.64,11378,2024-05-14
2024-05-14 18:50:00,134.639,134.66,134.59,134.635,9495,2024-05-14
2024-05-14 18:55:00,134.66,134.68,134.56,134.5718,6946,2024-05-14
2024-05-14 19:00:00,134.56,134.6,134.44,134.52,8230,2024-05-14
2024-05-14 19:05:00,134.51,134.64,134.51,134.64,8310,2024-05-14
2024-05-14 19:10:00,134.64,134.74,134.64,134.73,6320,2024-05-14
2024-05-14 19:15:00,134.74,134.8,134.74,134.775,7163,2024-05-14
2024-05-14 19:20:00,134.72,134.83,134.72,134.73,7488,2024-05-14
2024-05-14 19:25:00,134.74,134.74,134.645,134.6541,4915,2024-05-14
2024-05-14 19:30:00,134.64,134.88,134.64,134.835,11557,2024-05-14
2024-05-14 19:35:00,134.85,134.9,134.73,134.73,7669,2024-05-14
2024-05-14 19:40:00,134.725,134.85,134.725,134.8,9413,2024-05-14
2024-05-14 19:45:00,134.82,134.89,134.8,134.84,8348,2024-05-14
2024-05-14 19:50:00,134.84,134.91,134.84,134.87,8958,2024-05-14
2024-05-14 19:55:00,134.87,134.98,134.87,134.95,9414,2024-05-14
2024-05-14 20:00:00,134.91,134.919,134.84,134.84,4792,2024-05-14
2024-05-14 20:05:00,134.83,134.87,134.78,134.78,4702,2024-05-14
2024-05-14 20:10:00,134.78,134.825,134.78,134.802,6524,2024-05-14
2024-05-14 20:15:00,134.81,134.83,134.76,134.8,6995,2024-05-14
2024-05-14 20:20:00,134.79,134.84,134.79,134.82,6611,2024-05-14
2024-05-14 20:25:00,134.83,134.885,134.805,134.82,7174,2024-05-14
2024-05-14 20:30:00,134.845,134.89,134.84,134.89,6200,2024-05-14
2024-05-14 20:35:00,134.89,134.97,134.89,134.97,7433,2024-05-14
2024-05-14 20:40:00,134.98,135.03,134.98,135.015,6613,2024-05-14
2024-05-14 20:45:00,135.015,135.045,134.98,134.98,9323,2024-05-14
2024-05-14 20:50:00,135,135.01,134.9501,134.965,7636,2024-05-14
2024-05-14 20:55:00,134.965,135,134.965,134.995,7314,2024-05-14
2024-05-14 21:00:00,134.99,135.01,134.985,134.99,3878,2024-05-14
2024-05-14 21:05:00,135,135.07,134.97,135,9789,2024-05-14
2024-05-14 21:10:00,135.01,135.025,134.96,135.025,9052,2024-05-14
2024-05-14 21:15:00,135,135.02,134.945,134.98,8720,2024-05-14
2024-05-14 21:20:00,134.98,135.08,134.98,135.04,9350,2024-05-14
2024-05-14 21:25:00,135.05,135.08,135.02,135.07,12004,2024-05-14
2024-05-14 21:30:00,135.07,135.18,135.07,135.18,11187,2024-05-14
2024-05-14 21:35:00,135.185,135.33,135.1846,135.285,7689,2024-05-14
2024-05-14 21:40:00,135.31,135.41,135.31,135.32,7866,2024-05-14
2024-05-14 21:45:00,135.28,135.28,135.17,135.17,4594,2024-05-14
2024-05-14 21:50:00,135.17,135.22,135.16,135.2,7804,2024-05-14
2024-05-14 21:55:00,135.21,135.2575,135.1901,135.215,9522,2024-05-14
2024-05-14 22:00:00,135.215,135.23,135.08,135.08,13014,2024-05-14
2024-05-14 22:05:00,135.085,135.085,135.0517,135.07,6812,2024-05-14
2024-05-14 22:10:00,135.08,135.09,135.035,135.035,9891,2024-05-14
2024-05-14 22:15:00,135.05,135.17,135.03,135.17,19865,2024-05-14
2024-05-14 22:20:00,135.17,135.33,135.17,135.25,18849,2024-05-14
2024-05-14 22:25:00,135.255,135.26,135.14,135.195,13551,2024-05-14
2024-05-14 22:30:00,135.2,135.2,135.115,135.13,15678,2024-05-14
2024-05-14 22:35:00,135.13,135.28,135.09,135.18,21176,2024-05-14
2024-05-14 22:40:00,135.17,135.29,135.17,135.275,28967,2024-05-14
2024-05-14 22:45:00,135.275,135.28,135,135,34470,2024-05-14
2024-05-14 22:50:00,135,135.33,134.995,135.125,66881,2024-05-14
2024-05-14 22:55:00,135.13,135.28,135.05,135.09,145155,2024-05-14
2024-05-14 23:00:00,135.1,135.1,135.1,135.1,7416,2024-05-14
2024-05-15 16:30:00,135.05,135.115,134.91,135.02,22637,2024-05-15
2024-05-15 16:35:00,134.92,135.1,134.92,135.055,5967,2024-05-15
2024-05-15 16:40:00,135.115,135.115,134.78,134.865,4546,2024-05-15
2024-05-15 16:45:00,134.84,135.1,134.725,135.1,5151,2024-05-15
2024-05-15 16:50:00,135.185,135.185,135.055,135.175,4163,2024-05-15
2024-05-15 16:55:00,135.16,135.16,135,135.11,12147,2024-05-15
2024-05-15 17:00:00,135.14,135.31,135.14,135.27,9176,2024-05-15
2024-05-15 17:05:00,135.24,135.375,135.21,135.375,8770,2024-05-15
2024-05-15 17:10:00,135.45,135.489,135.345,135.345,5215,2024-05-15
2024-05-15 17:15:00,135.355,135.42,135.23,135.245,11234,2024-05-15
2024-05-15 17:20:00,135.22,135.27,135.15,135.15,6812,2024-05-15
2024-05-15 17:25:00,135.16,135.215,135.075,135.11,7264,2024-05-15
2024-05-15 17:30:00,135.11,135.185,135.09,135.1,5621,2024-05-15
2024-05-15 17:35:00,135.11,135.15,134.96,134.995,11499,2024-05-15
2024-05-15 17:40:00,135.01,135.195,134.98,135.14,8672,2024-05-15
2024-05-15 17:45:00,135.155,135.155,135.02,135.03,7202,2024-05-15
2024-05-15 17:50:00,134.99,135.02,134.98,134.995,7310,2024-05-15
2024-05-15 17:55:00,134.98,134.994,134.93,134.95,4133,2024-05-15
2024-05-15 18:00:00,134.97,135.155,134.95,135.14,9106,2024-05-15
2024-05-15 18:05:00,135.14,135.195,135.12,135.15,15813,2024-05-15
2024-05-15 18:10:00,135.1,135.1,134.98,135.02,10324,2024-05-15
2024-05-15 18:15:00,135.025,135.11,135.0034,135.0466,5439,2024-05-15
2024-05-15 18:20:00,135.03,135.09,134.95,135.09,10332,2024-05-15
2024-05-15 18:25:00,135.08,135.085,135.03,135.07,3028,2024-05-15
2024-05-15 18:30:00,135.055,135.055,134.99,135.025,12118,2024-05-15
2024-05-15 18:35:00,135.01,135.01,134.89,134.89,47552,2024-05-15
2024-05-15 18:40:00,134.93,134.99,134.91,134.96,19052,2024-05-15
2024-05-15 18:45:00,134.96,134.985,134.95,134.9645,8214,2024-05-15
2024-05-15 18:50:00,134.97,135,134.96,134.985,8258,2024-05-15
2024-05-15 18:55:00,134.99,135.02,134.95,134.99,7855,2024-05-15
2024-05-15 19:00:00,134.99,135.04,134.96,134.99,11049,2024-05-15
2024-05-15 19:05:00,134.995,134.995,134.86,134.89,8794,2024-05-15
2024-05-15 19:10:00,134.88,134.99,134.88,134.985,7235,2024-05-15
2024-05-15 19:15:00,134.985,134.985,134.85,134.8724,12513,2024-05-15
2024-05-15 19:20:00,134.85,134.91,134.85,134.8734,8826,2024-05-15
2024-05-15 19:25:00,134.89,134.94,134.89,134.91,3922,2024-05-15
2024-05-15 19:30:00,134.915,134.93,134.89,134.9,14839,2024-05-15
2024-05-15 19:35:00,134.91,134.93,134.87,134.9,12202,2024-05-15
2024-05-15 19:40:00,134.905,134.905,134.81,134.9,14566,2024-05-15
2024-05-15 19:45:00,134.92,134.935,134.89,134.925,5756,2024-05-15
2024-05-15 19:50:00,134.98,135.05,134.98,135.02,6596,2024-05-15
2024-05-15 19:55:00,135.02,135.03,134.958,134.97,7539,2024-05-15
2024-05-15 20:00:00,134.975,135.05,134.955,134.955,6646,2024-05-15
2024-05-15 20:05:00,134.9501,134.9501,134.86,134.86,6708,2024-05-15
2024-05-15 20:10:00,134.86,134.88,134.82,134.82,4562,2024-05-15
2024-05-15 20:15:00,134.82,134.84,134.771,134.8,6445,2024-05-15
2024-05-15 20:20:00,134.79,134.81,134.72,134.735,6829,2024-05-15
2024-05-15 20:25:00,134.735,134.735,134.68,134.735,7024,2024-05-15
2024-05-15 20:30:00,134.745,134.745,134.56,134.61,7916,2024-05-15
2024-05-15 20:35:00,134.6,134.65,134.595,134.635,5511,2024-05-15
2024-05-15 20:40:00,134.62,134.62,134.51,134.535,8499,2024-05-15
2024-05-15 20:45:00,134.55,134.56,134.46,134.47,7267,2024-05-15
2024-05-15 20:50:00,134.46,134.53,134.46,134.52,5351,2024-05-15
2024-05-15 20:55:00,134.51,134.53,134.43,134.5,8254,2024-05-15
2024-05-15 21:00:00,134.5,134.51,134.46,134.51,5156,2024-05-15
2024-05-15 21:05:00,134.5018,134.532,134.45,134.46,7808,2024-05-15
2024-05-15 21:10:00,134.45,134.54,134.22,134.54,19268,2024-05-15
2024-05-15 21:15:00,134.52,134.52,134.41,134.45,7223,2024-05-15
2024-05-15 21:20:00,134.44,134.48,134.4,134.46,6402,2024-05-15
2024-05-15 21:25:00,134.462,134.47,134.42,134.44,8460,2024-05-15
2024-05-15 21:30:00,134.45,134.46,134.42,134.45,6602,2024-05-15
2024-05-15 21:35:00,134.42,134.42,134.36,134.38,8824,2024-05-15
2024-05-15 21:40:00,134.4,134.4,134.325,134.345,13963,2024-05-15
2024-05-15 21:45:00,134.36,134.37,134.29,134.3,10729,2024-05-15
2024-05-15 21:50:00,134.31,134.34,134.23,134.23,19213,2024-05-15
2024-05-15 21:55:00,134.24,134.275,134.2289,134.27,19083,2024-05-15
2024-05-15 22:00:00,134.29,134.36,134.255,134.34,15421,2024-05-15
2024-05-15 22:05:00,134.34,134.34,134.26,134.29,15781,2024-05-15
2024-05-15 22:10:00,134.295,134.3,134.25,134.28,15734,2024-05-15
2024-05-15 22:15:00,134.275,134.275,134.185,134.19,14532,2024-05-15
2024-05-15 22:20:00,134.19,134.27,134.1575,134.23,14610,2024-05-15
2024-05-15 22:25:00,134.23,134.269,134.205,134.215,10999,2024-05-15
2024-05-15 22:30:00,134.21,134.26,134.18,134.22,16080,2024-05-15
2024-05-15 22:35:00,134.215,134.29,134.19,134.21,41412,2024-05-15
2024-05-15 22:40:00,134.225,134.23,134.11,134.12,47666,2024-05-15
2024-05-15 22:45:00,134.12,134.14,134.045,134.085,48999,2024-05-15
2024-05-15 22:50:00,134.08,134.11,134.02,134.1,81485,2024-05-15
2024-05-15 22:55:00,134.1,134.32,134.05,134.14,253998,2024-05-15
2024-05-15 23:00:00,134.11,134.11,134.11,134.11,7977,2024-05-15
2024-05-15 23:10:00,134.11,134.11,134.11,134.11,2800,2024-05-15
2024-05-16 02:25:00,134.08,134.08,134.08,134.08,136,2024-05-15
2024-05-16 16:30:00,134.25,134.31,133.91,134.05,25517,2024-05-16
2024-05-16 16:35:00,134.03,134.27,133.86,134.22,27699,2024-05-16
2024-05-16 16:40:00,134.22,134.34,134.12,134.26,12855,2024-05-16
2024-05-16 16:45:00,134.22,134.25,133.94,134.09,10697,2024-05-16
2024-05-16 16:50:00,134.04,134.25,133.93,134.195,10344,2024-05-16
2024-05-16 16:55:00,134.17,134.32,134.17,134.26,6948,2024-05-16
2024-05-16 17:00:00,134.31,134.47,134.285,134.43,24787,2024-05-16
2024-05-16 17:05:00,134.445,134.555,134.41,134.47,23300,2024-05-16
2024-05-16 17:10:00,134.455,134.61,134.445,134.49,28751,2024-05-16
2024-05-16 17:15:00,134.5,134.63,134.46,134.63,11345,2024-05-16
2024-05-16 17:20:00,134.63,134.765,134.63,134.765,14381,2024-05-16
2024-05-16 17:25:00,134.73,134.7825,134.71,134.75,13476,2024-05-16
2024-05-16 17:30:00,134.75,134.77,134.59,134.59,14421,2024-05-16
2024-05-16 17:35:00,134.59,134.63,134.525,134.56,11267,2024-05-16
2024-05-16 17:40:00,134.56,134.56,134.48,134.48,10625,2024-05-16
2024-05-16 17:45:00,134.48,134.52,134.42,134.52,13267,2024-05-16
2024-05-16 17:50:00,134.49,134.625,134.47,134.625,10206,2024-05-16
2024-05-16 17:55:00,134.71,134.72,134.62,134.66,11681,2024-05-16
2024-05-16 18:00:00,134.675,134.69,134.5,134.555,14043,2024-05-16
2024-05-16 18:05:00,134.56,134.58,134.54,134.545,9748,2024-05-16
2024-05-16 18:10:00,134.54,134.64,134.54,134.63,13051,2024-05-16
2024-05-16 18:15:00,134.64,134.68,134.59,134.63,8380,2024-05-16
2024-05-16 18:20:00,134.645,134.74,134.635,134.73,11794,2024-05-16
2024-05-16 18:25:00,134.72,134.8,134.72,134.755,14597,2024-05-16
2024-05-16 18:30:00,134.75,134.76,134.64,134.64,10419,2024-05-16
2024-05-16 18:35:00,134.635,134.7,134.635,134.65,7039,2024-05-16
2024-05-16 18:40:00,134.68,134.8,134.665,134.785,12716,2024-05-16
2024-05-16 18:45:00,134.81,134.81,134.72,134.73,9829,2024-05-16
2024-05-16 18:50:00,134.745,134.76,134.7,134.755,6687,2024-05-16
2024-05-16 18:55:00,134.755,134.77,134.71,134.735,9261,2024-05-16
2024-05-16 19:00:00,134.76,134.89,134.76,134.791,11173,2024-05-16
2024-05-16 19:05:00,134.785,134.785,134.695,134.695,10158,2024-05-16
2024-05-16 19:10:00,134.72,134.73,134.67,134.685,6719,2024-05-16
2024-05-16 19:15:00,134.68,134.75,134.68,134.75,9845,2024-05-16
2024-05-16 19:20:00,134.755,134.8,134.69,134.695,8465,2024-05-16
2024-05-16 19:25:00,134.68,134.69,134.59,134.6,8448,2024-05-16
2024-05-16 19:30:00,134.59,134.605,134.57,134.6,9958,2024-05-16
2024-05-16 19:35:00,134.59,134.64,134.57,134.62,8354,2024-05-16
2024-05-16 19:40:00,134.63,134.65,134.57,134.635,9217,2024-05-16
2024-05-16 19:45:00,134.65,134.735,134.65,134.66,10156,2024-05-16
2024-05-16 19:50:00,134.68,134.82,134.68,134.8,9103,2024-05-16
2024-05-16 19:55:00,134.79,134.8,134.695,134.7,11384,2024-05-16
2024-05-16 20:00:00,134.705,134.785,134.705,134.77,9661,2024-05-16
2024-05-16 20:05:00,134.78,134.85,134.78,134.84,10737,2024-05-16
2024-05-16 20:10:00,134.835,134.85,134.815,134.85,5422,2024-05-16
2024-05-16 20:15:00,134.85,134.85,134.77,134.8,9922,2024-05-16
2024-05-16 20:20:00,134.795,134.84,134.77,134.79,17580,2024-05-16
2024-05-16 20:25:00,134.77,134.805,134.72,134.77,10619,2024-05-16
2024-05-16 20:30:00,134.785,134.835,134.77,134.8,14559,2024-05-16
2024-05-16 20:35:00,134.8,134.805,134.739,134.76,13419,2024-05-16
2024-05-16 20:40:00,134.75,134.82,134.735,134.79,13999,2024-05-16
2024-05-16 20:45:00,134.795,134.85,134.755,134.85,12010,2024-05-16
2024-05-16 20:50:00,134.83,134.95,134.83,134.95,11676,2024-05-16
2024-05-16 20:55:00,134.94,135.01,134.94,134.99,12509,2024-05-16
2024-05-16 21:00:00,134.98,134.98,134.925,134.93,16071,2024-05-16
2024-05-16 21:05:00,134.94,134.98,134.84,134.85,17360,2024-05-16
2024-05-16 21:10:00,134.85,134.87,134.81,134.81,19145,2024-05-16
2024-05-16 21:15:00,134.81,134.875,134.78,134.87,13423,2024-05-16
2024-05-16 21:20:00,134.86,134.87,134.78,134.81,13067,2024-05-16
2024-05-16 21:25:00,134.8,134.87,134.8,134.84,15090,2024-05-16
2024-05-16 21:30:00,134.85,134.9108,134.85,134.91,10969,2024-05-16
2024-05-16 21:35:00,134.9,134.955,134.861,134.905,16765,2024-05-16
2024-05-16 21:40:00,134.89,134.91,134.86,134.89,10854,2024-05-16
2024-05-16 21:45:00,134.89,134.9,134.71,134.71,14896,2024-05-16
2024-05-16 21:50:00,134.69,134.76,134.69,134.71,14288,2024-05-16
2024-05-16 21:55:00,134.73,134.82,134.73,134.79,12935,2024-05-16
2024-05-16 22:00:00,134.8,134.83,134.76,134.76,13128,2024-05-16
2024-05-16 22:05:00,134.76,134.8,134.69,134.69,17840,2024-05-16
2024-05-16 22:10:00,134.68,134.71,134.63,134.68,14193,2024-05-16
2024-05-16 22:15:00,134.6661,134.72,134.65,134.72,14205,2024-05-16
2024-05-16 22:20:00,134.71,134.74,134.69,134.695,15169,2024-05-16
2024-05-16 22:25:00,134.69,134.71,134.66,134.68,13928,2024-05-16
2024-05-16 22:30:00,134.695,134.7499,134.62,134.66,23723,2024-05-16
2024-05-16 22:35:00,134.65,134.665,134.6,134.64,18305,2024-05-16
2024-05-16 22:40:00,134.64,134.65,134.56,134.56,24415,2024-05-16
2024-05-16 22:45:00,134.56,134.71,134.52,134.7,26041,2024-05-16
2024-05-16 22:50:00,134.69,134.84,134.675,134.825,60634,2024-05-16
2024-05-16 22:55:00,134.82,134.82,134.61,134.63,149059,2024-05-16
2024-05-16 23:00:00,134.67,134.67,134.67,134.67,19343,2024-05-16
2024-05-16 23:05:00,134.67,134.67,134.67,134.67,1584,2024-05-16
2024-05-17 16:30:00,134.73,134.73,133.96,134.02,42024,2024-05-17
2024-05-17 16:35:00,134.145,134.145,133.6,133.77,10993,2024-05-17
2024-05-17 16:40:00,133.695,134.05,133.695,133.94,10929,2024-05-17
2024-05-17 16:45:00,133.94,134.09,133.855,134.07,13596,2024-05-17
2024-05-17 16:50:00,134.07,134.32,134.07,134.32,9137,2024-05-17
2024-05-17 16:55:00,134.26,134.36,134.18,134.225,4967,2024-05-17
2024-05-17 17:00:00,134.28,134.28,134.2,134.22,8613,2024-05-17
2024-05-17 17:05:00,134.22,134.29,134.18,134.25,10005,2024-05-17
2024-05-17 17:10:00,134.235,134.36,134.21,134.28,12410,2024-05-17
2024-05-17 17:15:00,134.27,134.36,134.27,134.32,6400,2024-05-17
2024-05-17 17:20:00,134.31,134.315,134.165,134.185,8025,2024-05-17
2024-05-17 17:25:00,134.13,134.16,134.05,134.16,14754,2024-05-17
2024-05-17 17:30:00,134.14,134.165,134.1,134.165,8748,2024-05-17
2024-05-17 17:35:00,134.16,134.2,134.105,134.105,10467,2024-05-17
2024-05-17 17:40:00,134.1,134.1,134.015,134.02,7136,2024-05-17
2024-05-17 17:45:00,134.025,134.025,133.97,133.97,4699,2024-05-17
2024-05-17 17:50:00,133.989,134.09,133.985,134.09,7719,2024-05-17
2024-05-17 17:55:00,134.04,134.1,134.01,134.08,9488,2024-05-17
2024-05-17 18:00:00,134.065,134.1,134.01,134.01,6636,2024-05-17
2024-05-17 18:05:00,134.03,134.1,134,134.05,4723,2024-05-17
2024-05-17 18:10:00,134.03,134.06,133.98,133.99,5793,2024-05-17
2024-05-17 18:15:00,133.98,133.99,133.945,133.98,5805,2024-05-17
2024-05-17 18:20:00,133.93,133.94,133.8305,133.8305,2837,2024-05-17
2024-05-17 18:25:00,133.86,133.9,133.83,133.88,7920,2024-05-17
2024-05-17 18:30:00,133.85,133.91,133.85,133.9,5687,2024-05-17
2024-05-17 18:35:00,133.93,133.96,133.9,133.96,4900,2024-05-17
2024-05-17 18:40:00,133.98,134.02,133.96,134.02,7385,2024-05-17
2024-05-17 18:45:00,134.01,134.088,133.995,133.995,8582,2024-05-17
2024-05-17 18:50:00,134.02,134.03,133.95,133.95,4808,2024-05-17
2024-05-17 18:55:00,133.96,134.015,133.94,133.97,8211,2024-05-17
2024-05-17 19:00:00,133.96,134.03,133.95,134.01,7155,2024-05-17
2024-05-17 19:05:00,134,134.095,133.97,134.095,5703,2024-05-17
2024-05-17 19:10:00,134.1025,134.1025,134.01,134.01,4737,2024-05-17
2024-05-17 19:15:00,134.025,134.03,133.96,133.96,5678,2024-05-17
2024-05-17 19:20:00,133.945,133.945,133.91,133.92,5618,2024-05-17
2024-05-17 19:25:00,133.89,133.975,133.875,133.96,8671,2024-05-17
2024-05-17 19:30:00,133.965,133.97,133.915,133.96,7427,2024-05-17
2024-05-17 19:35:00,133.985,134.0025,133.96,133.96,5556,2024-05-17
2024-05-17 19:40:00,133.96,133.98,133.925,133.925,6976,2024-05-17
2024-05-17 19:45:00,133.92,133.96,133.88,133.96,7183,2024-05-17
2024-05-17 19:50:00,133.97,133.97,133.88,133.93,9148,2024-05-17
2024-05-17 19:55:00,133.93,134.01,133.93,134,5444,2024-05-17
2024-05-17 20:00:00,134.01,134.06,134.01,134.05,9147,2024-05-17
2024-05-17 20:05:00,134.085,134.14,134.06,134.085,7587,2024-05-17
2024-05-17 20:10:00,134.08,134.1,134.05,134.082,4901,2024-05-17
2024-05-17 20:15:00,134.11,134.19,134.11,134.19,10717,2024-05-17
2024-05-17 20:20:00,134.2,134.27,134.18,134.27,13806,2024-05-17
2024-05-17 20:25:00,134.25,134.3,134.2,134.255,10645,2024-05-17
2024-05-17 20:30:00,134.27,134.28,134.22,134.245,12870,2024-05-17
2024-05-17 20:35:00,134.25,134.3025,134.25,134.26,10561,2024-05-17
2024-05-17 20:40:00,134.25,134.26,134.14,134.14,15755,2024-05-17
2024-05-17 20:45:00,134.19,134.19,134.075,134.09,9599,2024-05-17
2024-05-17 20:50:00,134.08,134.12,134.02,134.04,13156,2024-05-17
2024-05-17 20:55:00,134.08,134.12,134.075,134.1,9203,2024-05-17
2024-05-17 21:00:00,134.095,134.13,134.03,134.11,10757,2024-05-17
2024-05-17 21:05:00,134.095,134.12,134.06,134.07,7689,2024-05-17
2024-05-17 21:10:00,134.07,134.08,133.995,133.995,8183,2024-05-17
2024-05-17 21:15:00,133.975,134.0047,133.96,134,9089,2024-05-17
2024-05-17 21:20:00,133.992,134,133.93,133.97,6450,2024-05-17
2024-05-17 21:25:00,133.96,133.97,133.89,133.925,7863,2024-05-17
2024-05-17 21:30:00,133.93,133.985,133.9,133.98,7361,2024-05-17
2024-05-17 21:35:00,133.975,133.989,133.91,133.91,6339,2024-05-17
2024-05-17 21:40:00,133.91,133.91,133.845,133.86,5750,2024-05-17
2024-05-17 21:45:00,133.88,133.935,133.88,133.935,3901,2024-05-17
2024-05-17 21:50:00,133.945,134,133.93,133.98,8455,2024-05-17
2024-05-17 21:55:00,134,134.06,133.98,134.03,6748,2024-05-17
2024-05-17 22:00:00,134.04,134.065,133.98,133.985,9347,2024-05-17
2024-05-17 22:05:00,134.03,134.11,134.01,134.07,7019,2024-05-17
2024-05-17 22:10:00,134.07,134.115,134.06,134.07,8666,2024-05-17
2024-05-17 22:15:00,134.08,134.15,134.08,134.09,7753,2024-05-17
2024-05-17 22:20:00,134.1,134.1043,134.015,134.1043,9250,2024-05-17
2024-05-17 22:25:00,134.09,134.105,134.0605,134.099,9082,2024-05-17
2024-05-17 22:30:00,134.0961,134.14,134.07,134.135,14909,2024-05-17
2024-05-17 22:35:00,134.14,134.31,134.12,134.28,17141,2024-05-17
2024-05-17 22:40:00,134.275,134.29,134.155,134.229,28403,2024-05-17
2024-05-17 22:45:00,134.21,134.21,134.135,134.14,14144,2024-05-17
2024-05-17 22:50:00,134.14,134.21,134.05,134.11,45166,2024-05-17
2024-05-17 22:55:00,134.15,134.32,134.13,134.25,113390,2024-05-17
2024-05-17 23:00:00,134.29,134.29,134.29,134.29,48262,2024-05-17
2024-05-20 16:30:00,134.27,134.29,133.4,133.4,21570,2024-05-20
2024-05-20 16:35:00,133.56,133.75,133.44,133.75,17203,2024-05-20
2024-05-20 16:40:00,133.818,133.96,133.76,133.76,10980,2024-05-20
2024-05-20 16:45:00,133.8,133.94,133.76,133.86,9115,2024-05-20
2024-05-20 16:50:00,133.88,133.89,133.73,133.73,8479,2024-05-20
2024-05-20 16:55:00,133.7,133.83,133.7,133.8,6634,2024-05-20
2024-05-20 17:00:00,133.8,133.81,133.54,133.57,8407,2024-05-20
2024-05-20 17:05:00,133.58,133.6,133.51,133.58,9318,2024-05-20
2024-05-20 17:10:00,133.58,133.68,133.57,133.68,7213,2024-05-20
2024-05-20 17:15:00,133.678,133.8,133.65,133.8,8085,2024-05-20
2024-05-20 17:20:00,133.75,133.755,133.68,133.68,5035,2024-05-20
2024-05-20 17:25:00,133.73,133.77,133.67,133.73,5896,2024-05-20
2024-05-20 17:30:00,133.76,133.81,133.65,133.655,8581,2024-05-20
2024-05-20 17:35:00,133.65,133.66,133.5117,133.5117,8545,2024-05-20
2024-05-20 17:40:00,133.51,133.61,133.5,133.59,10876,2024-05-20
2024-05-20 17:45:00,133.605,133.64,133.58,133.61,4237,2024-05-20
2024-05-20 17:50:00,133.6167,133.68,133.5505,133.59,7811,2024-05-20
2024-05-20 17:55:00,133.575,133.61,133.4,133.49,16262,2024-05-20
2024-05-20 18:00:00,133.52,133.63,133.5,133.59,7620,2024-05-20
2024-05-20 18:05:00,133.6,133.71,133.59,133.59,16806,2024-05-20
2024-05-20 18:10:00,133.62,133.62,133.48,133.55,6062,2024-05-20
2024-05-20 18:15:00,133.57,133.59,133.51,133.54,6388,2024-05-20
2024-05-20 18:20:00,133.52,133.54,133.48,133.52,9107,2024-05-20
2024-05-20 18:25:00,133.51,133.6,133.49,133.59,10079,2024-05-20
2024-05-20 18:30:00,133.6,133.755,133.6,133.755,11105,2024-05-20
2024-05-20 18:35:00,133.74,133.75,133.675,133.6805,9179,2024-05-20
2024-05-20 18:40:00,133.67,133.77,133.65,133.745,8222,2024-05-20
2024-05-20 18:45:00,133.73,133.79,133.72,133.76,11642,2024-05-20
2024-05-20 18:50:00,133.78,133.8,133.73,133.79,15176,2024-05-20
2024-05-20 18:55:00,133.795,133.83,133.76,133.8,21450,2024-05-20
2024-05-20 19:00:00,133.795,133.815,133.7,133.74,22890,2024-05-20
2024-05-20 19:05:00,133.74,133.75,133.71,133.73,26648,2024-05-20
2024-05-20 19:10:00,133.735,133.86,133.69,133.86,20002,2024-05-20
2024-05-20 19:15:00,133.875,133.875,133.795,133.8,4589,2024-05-20
2024-05-20 19:20:00,133.82,133.84,133.78,133.815,9764,2024-05-20
2024-05-20 19:25:00,133.8,133.8,133.61,133.68,21553,2024-05-20
2024-05-20 19:30:00,133.68,133.7221,133.65,133.7,9058,2024-05-20
2024-05-20 19:35:00,133.69,133.78,133.69,133.755,10413,2024-05-20
2024-05-20 19:40:00,133.75,133.75,133.53,133.565,11101,2024-05-20
2024-05-20 19:45:00,133.55,133.63,133.55,133.625,5229,2024-05-20
2024-05-20 19:50:00,133.64,133.67,133.62,133.67,6734,2024-05-20
2024-05-20 19:55:00,133.69,133.69,133.63,133.66,9394,2024-05-20
2024-05-20 20:00:00,133.67,133.71,133.67,133.67,8013,2024-05-20
2024-05-20 20:05:00,133.67,133.795,133.67,133.78,7941,2024-05-20
2024-05-20 20:10:00,133.78,133.8,133.74,133.78,8370,2024-05-20
2024-05-20 20:15:00,133.8,133.84,133.72,133.75,9321,2024-05-20
2024-05-20 20:20:00,133.75,133.775,133.72,133.75,6834,2024-05-20
2024-05-20 20:25:00,133.76,133.785,133.735,133.77,6714,2024-05-20
2024-05-20 20:30:00,133.735,133.75,133.65,133.665,10715,2024-05-20
2024-05-20 20:35:00,133.64,133.69,133.495,133.495,59048,2024-05-20
2024-05-20 20:40:00,133.495,133.755,133.49,133.6,11861,2024-05-20
2024-05-20 20:45:00,133.6,133.66,133.54,133.54,13549,2024-05-20
2024-05-20 20:50:00,133.55,133.64,133.51,133.515,12045,2024-05-20
2024-05-20 20:55:00,133.53,133.55,133.47,133.55,6465,2024-05-20
2024-05-20 21:00:00,133.5,133.6,133.5,133.58,11604,2024-05-20
2024-05-20 21:05:00,133.59,133.6,133.4,133.47,25498,2024-05-20
2024-05-20 21:10:00,133.48,133.57,133.47,133.55,10759,2024-05-20
2024-05-20 21:15:00,133.55,133.62,133.535,133.55,18738,2024-05-20
2024-05-20 21:20:00,133.54,133.59,133.515,133.58,19812,2024-05-20
2024-05-20 21:25:00,133.58,133.66,133.58,133.65,9430,2024-05-20
2024-05-20 21:30:00,133.64,133.67,133.6,133.62,8790,2024-05-20
2024-05-20 21:35:00,133.62,133.665,133.62,133.63,13205,2024-05-20
2024-05-20 21:40:00,133.63,133.64,133.555,133.555,11620,2024-05-20
2024-05-20 21:45:00,133.555,133.575,133.54,133.54,10682,2024-05-20
2024-05-20 21:50:00,133.54,133.56,133.495,133.505,9791,2024-05-20
2024-05-20 21:55:00,133.5,133.54,133.48,133.53,14396,2024-05-20
2024-05-20 22:00:00,133.52,133.53,133.46,133.46,8429,2024-05-20
2024-05-20 22:05:00,133.45,133.47,133.4,133.429,11684,2024-05-20
2024-05-20 22:10:00,133.43,133.485,133.42,133.485,14891,2024-05-20
2024-05-20 22:15:00,133.505,133.569,133.46,133.475,11764,2024-05-20
2024-05-20 22:20:00,133.4778,133.5,133.4275,133.46,14642,2024-05-20
2024-05-20 22:25:00,133.45,133.518,133.42,133.5,15927,2024-05-20
2024-05-20 22:30:00,133.5,133.54,133.48,133.495,19149,2024-05-20
2024-05-20 22:35:00,133.49,133.595,133.46,133.58,23782,2024-05-20
2024-05-20 22:40:00,133.57,133.6,133.41,133.43,36767,2024-05-20
2024-05-20 22:45:00,133.45,133.54,133.4,133.53,48015,2024-05-20
2024-05-20 22:50:00,133.53,133.73,133.46,133.705,65492,2024-05-20
2024-05-20 22:55:00,133.72,133.74,133.49,133.66,171410,2024-05-20
2024-05-20 23:00:00,133.62,133.62,133.62,133.62,11784,2024-05-20
2024-05-21 02:30:00,133.6,133.6,133.6,133.6,100,2024-05-20
2024-05-21 16:30:00,134,134,133.465,133.465,32656,2024-05-21
2024-05-21 16:35:00,133.48,133.98,133.44,133.9,17608,2024-05-21
2024-05-21 16:40:00,134,134.05,133.94,134.01,10939,2024-05-21
2024-05-21 16:45:00,134.01,134.3835,134.01,134.29,15798,2024-05-21
2024-05-21 16:50:00,134.29,134.355,134.245,134.32,11070,2024-05-21
2024-05-21 16:55:00,134.36,134.41,134.255,134.29,24435,2024-05-21
2024-05-21 17:00:00,134.305,134.52,134.27,134.47,14698,2024-05-21
2024-05-21 17:05:00,134.49,134.575,134.41,134.41,7522,2024-05-21
2024-05-21 17:10:00,134.42,134.42,134.3,134.3,12286,2024-05-21
2024-05-21 17:15:00,134.29,134.34,134.25,134.26,12304,2024-05-21
2024-05-21 17:20:00,134.26,134.29,134.17,134.18,14049,2024-05-21
2024-05-21 17:25:00,134.185,134.22,134.12,134.19,17884,2024-05-21
2024-05-21 17:30:00,134.16,134.16,133.95,133.95,14344,2024-05-21
2024-05-21 17:35:00,133.92,134.06,133.83,133.985,20615,2024-05-21
2024-05-21 17:40:00,133.97,134,133.91,133.93,5337,2024-05-21
2024-05-21 17:45:00,133.92,133.95,133.78,133.795,7142,2024-05-21
2024-05-21 17:50:00,133.78,133.78,133.49,133.52,14932,2024-05-21
2024-05-21 17:55:00,133.5,133.55,133.48,133.55,18325,2024-05-21
2024-05-21 18:00:00,133.57,133.58,133.37,133.38,9829,2024-05-21
2024-05-21 18:05:00,133.41,133.64,133.41,133.62,11826,2024-05-21
2024-05-21 18:10:00,133.625,133.74,133.61,133.74,14116,2024-05-21
2024-05-21 18:15:00,133.74,133.82,133.73,133.82,11684,2024-05-21
2024-05-21 18:20:00,133.83,133.83,133.74,133.74,10412,2024-05-21
2024-05-21 18:25:00,133.74,133.74,133.66,133.67,8345,2024-05-21
2024-05-21 18:30:00,133.67,133.75,133.65,133.65,31352,2024-05-21
2024-05-21 18:35:00,133.64,133.67,133.58,133.62,7008,2024-05-21
2024-05-21 18:40:00,133.62,133.63,133.6,133.62,5913,2024-05-21
2024-05-21 18:45:00,133.6,133.6,133.525,133.525,5569,2024-05-21
2024-05-21 18:50:00,133.5101,133.64,133.5101,133.64,22359,2024-05-21
2024-05-21 18:55:00,133.64,133.64,133.54,133.54,7212,2024-05-21
2024-05-21 19:00:00,133.54,133.5443,133.43,133.43,8789,2024-05-21
2024-05-21 19:05:00,133.43,133.47,133.38,133.47,10177,2024-05-21
2024-05-21 19:10:00,133.48,133.48,133.4,133.43,14347,2024-05-21
2024-05-21 19:15:00,133.45,133.45,133.38,133.39,6078,2024-05-21
2024-05-21 19:20:00,133.38,133.42,133.335,133.42,10046,2024-05-21
2024-05-21 19:25:00,133.43,133.445,133.4072,133.42,4351,2024-05-21
2024-05-21 19:30:00,133.42,133.5035,133.42,133.5035,8127,2024-05-21
2024-05-21 19:35:00,133.495,133.5,133.485,133.49,4991,2024-05-21
2024-05-21 19:40:00,133.49,133.51,133.4899,133.5,8179,2024-05-21
2024-05-21 19:45:00,133.52,133.62,133.52,133.62,10243,2024-05-21
2024-05-21 19:50:00,133.62,133.75,133.62,133.73,6585,2024-05-21
2024-05-21 19:55:00,133.74,133.74,133.71,133.72,3174,2024-05-21
2024-05-21 20:00:00,133.72,133.78,133.72,133.78,4480,2024-05-21
2024-05-21 20:05:00,133.8,133.81,133.755,133.78,6672,2024-05-21
2024-05-21 20:10:00,133.79,133.79,133.71,133.73,4407,2024-05-21
2024-05-21 20:15:00,133.74,133.78,133.74,133.74,5361,2024-05-21
2024-05-21 20:20:00,133.73,133.74,133.715,133.715,3538,2024-05-21
2024-05-21 20:25:00,133.73,133.78,133.73,133.77,13306,2024-05-21
2024-05-21 20:30:00,133.775,133.79,133.66,133.66,13108,2024-05-21
2024-05-21 20:35:00,133.665,133.68,133.51,133.56,11892,2024-05-21
2024-05-21 20:40:00,133.6,133.67,133.59,133.63,7625,2024-05-21
2024-05-21 20:45:00,133.63,133.675,133.58,133.58,7436,2024-05-21
2024-05-21 20:50:00,133.6099,133.62,133.58,133.59,6226,2024-05-21
2024-05-21 20:55:00,133.6,133.68,133.6,133.61,9052,2024-05-21
2024-05-21 21:00:00,133.6,133.6,133.5,133.52,7323,2024-05-21
2024-05-21 21:05:00,133.54,133.585,133.53,133.53,7436,2024-05-21
2024-05-21 21:10:00,133.54,133.55,133.49,133.49,8975,2024-05-21
2024-05-21 21:15:00,133.5,133.52,133.46,133.46,7865,2024-05-21
2024-05-21 21:20:00,133.45,133.49,133.43,133.46,8471,2024-05-21
2024-05-21 21:25:00,133.47,133.47,133.45,133.47,6151,2024-05-21
2024-05-21 21:30:00,133.48,133.51,133.45,133.45,7649,2024-05-21
2024-05-21 21:35:00,133.44,133.46,133.4,133.45,14401,2024-05-21
2024-05-21 21:40:00,133.43,133.44,133.4,133.415,22637,2024-05-21
2024-05-21 21:45:00,133.43,133.45,133.4,133.45,11157,2024-05-21
2024-05-21 21:50:00,133.45,133.49,133.45,133.47,5503,2024-05-21
2024-05-21 21:55:00,133.5,133.58,133.5,133.55,8028,2024-05-21
2024-05-21 22:00:00,133.57,133.59,133.52,133.55,9361,2024-05-21
2024-05-21 22:05:00,133.52,133.53,133.49,133.52,11105,2024-05-21
2024-05-21 22:10:00,133.51,133.605,133.51,133.585,11408,2024-05-21
2024-05-21 22:15:00,133.59,133.61,133.57,133.58,9915,2024-05-21
2024-05-21 22:20:00,133.59,133.59,133.5,133.52,11050,2024-05-21
2024-05-21 22:25:00,133.52,133.547,133.48,133.54,12576,2024-05-21
2024-05-21 22:30:00,133.535,133.569,133.52,133.53,18020,2024-05-21
2024-05-21 22:35:00,133.54,133.66,133.54,133.61,18418,2024-05-21
2024-05-21 22:40:00,133.61,133.63,133.525,133.54,17714,2024-05-21
2024-05-21 22:45:00,133.559,133.559,133.45,133.45,26654,2024-05-21
2024-05-21 22:50:00,133.46,133.54,133.4,133.525,43910,2024-05-21
2024-05-21 22:55:00,133.54,133.78,133.54,133.74,147908,2024-05-21
2024-05-21 23:00:00,133.74,133.74,133.74,133.74,40362,2024-05-21
2024-05-21 23:05:00,133.74,133.74,133.74,133.74,1450,2024-05-21
2024-05-21 23:10:00,133.74,133.74,133.74,133.74,3000,2024-05-21
